d	755	1000	1000	4096	64	35956461	1785345398.4579013070	results/experiments/toolchain-environment/20260729T171551Z-toolchain-formal01/boots/repetition-01/lower
d	755	1000	1000	4096	64	35956469	1785345358.4301696390	results/experiments/toolchain-environment/20260729T171551Z-toolchain-formal01/boots/repetition-01/lower/python310
d	755	1000	1000	4096	64	35956471	1785345358.4161693830	results/experiments/toolchain-environment/20260729T171551Z-toolchain-formal01/boots/repetition-01/lower/python310/include
d	755	1000	1000	4096	64	35956473	1785345358.4221694930	results/experiments/toolchain-environment/20260729T171551Z-toolchain-formal01/boots/repetition-01/lower/python310/lib
d	755	1000	1000	4096	64	35956475	1785345358.4241695290	results/experiments/toolchain-environment/20260729T171551Z-toolchain-formal01/boots/repetition-01/lower/python310/lib/python3.10
d	755	1000	1000	4096	64	35956477	1785345382.5886110660	results/experiments/toolchain-environment/20260729T171551Z-toolchain-formal01/boots/repetition-01/lower/python310/lib/python3.10/site-packages
d	755	1000	1000	4096	64	35956481	1785345398.0738942810	results/experiments/toolchain-environment/20260729T171551Z-toolchain-formal01/boots/repetition-01/lower/python310/bin
d	755	1000	1000	4096	64	35956493	1785345366.9823258470	results/experiments/toolchain-environment/20260729T171551Z-toolchain-formal01/boots/repetition-01/lower/python310/lib/python3.10/site-packages/_distutils_hack
d	755	1000	1000	4096	64	35956499	1785345367.0523271250	results/experiments/toolchain-environment/20260729T171551Z-toolchain-formal01/boots/repetition-01/lower/python310/lib/python3.10/site-packages/pkg_resources
d	755	1000	1000	4096	64	35956507	1785345367.0903278190	results/experiments/toolchain-environment/20260729T171551Z-toolchain-formal01/boots/repetition-01/lower/python310/lib/python3.10/site-packages/pkg_resources/tests
d	755	1000	1000	4096	64	35956523	1785345362.4072422730	results/experiments/toolchain-environment/20260729T171551Z-toolchain-formal01/boots/repetition-01/lower/python310/lib/python3.10/site-packages/pkg_resources/tests/data
d	755	1000	1000	4096	64	35956525	1785345367.1323285870	results/experiments/toolchain-environment/20260729T171551Z-toolchain-formal01/boots/repetition-01/lower/python310/lib/python3.10/site-packages/pkg_resources/tests/data/my-test-package-source
d	755	1000	1000	4096	64	35956531	1785345362.3282408300	results/experiments/toolchain-environment/20260729T171551Z-toolchain-formal01/boots/repetition-01/lower/python310/lib/python3.10/site-packages/pkg_resources/tests/data/my-test-package-zip
d	755	1000	1000	4096	64	35956535	1785345362.3402410500	results/experiments/toolchain-environment/20260729T171551Z-toolchain-formal01/boots/repetition-01/lower/python310/lib/python3.10/site-packages/pkg_resources/tests/data/my-test-package_unpacked-egg
d	755	1000	1000	4096	64	35956537	1785345362.3432411040	results/experiments/toolchain-environment/20260729T171551Z-toolchain-formal01/boots/repetition-01/lower/python310/lib/python3.10/site-packages/pkg_resources/tests/data/my-test-package_unpacked-egg/my_test_package-1.0-py3.7.egg
d	755	1000	1000	4096	64	35956539	1785345362.4022421820	results/experiments/toolchain-environment/20260729T171551Z-toolchain-formal01/boots/repetition-01/lower/python310/lib/python3.10/site-packages/pkg_resources/tests/data/my-test-package_unpacked-egg/my_test_package-1.0-py3.7.egg/EGG-INFO
d	755	1000	1000	4096	64	35956551	1785345362.4122423650	results/experiments/toolchain-environment/20260729T171551Z-toolchain-formal01/boots/repetition-01/lower/python310/lib/python3.10/site-packages/pkg_resources/tests/data/my-test-package_zipped-egg
d	755	1000	1000	4096	64	35956555	1785345367.4103336660	results/experiments/toolchain-environment/20260729T171551Z-toolchain-formal01/boots/repetition-01/lower/python310/lib/python3.10/site-packages/setuptools
d	755	1000	1000	4096	64	35956643	1785345367.4713347800	results/experiments/toolchain-environment/20260729T171551Z-toolchain-formal01/boots/repetition-01/lower/python310/lib/python3.10/site-packages/setuptools/_distutils
d	755	1000	1000	4096	64	35956701	1785345367.7253394210	results/experiments/toolchain-environment/20260729T171551Z-toolchain-formal01/boots/repetition-01/lower/python310/lib/python3.10/site-packages/setuptools/_distutils/command
d	755	1000	1000	4096	64	35956743	1785345368.3803513880	results/experiments/toolchain-environment/20260729T171551Z-toolchain-formal01/boots/repetition-01/lower/python310/lib/python3.10/site-packages/setuptools/_distutils/compat
d	755	1000	1000	4096	64	35956751	1785345363.0952548400	results/experiments/toolchain-environment/20260729T171551Z-toolchain-formal01/boots/repetition-01/lower/python310/lib/python3.10/site-packages/setuptools/_distutils/compilers
d	755	1000	1000	4096	64	35956753	1785345368.5033536350	results/experiments/toolchain-environment/20260729T171551Z-toolchain-formal01/boots/repetition-01/lower/python310/lib/python3.10/site-packages/setuptools/_distutils/compilers/C
d	755	1000	1000	4096	64	35956767	1785345368.6603565040	results/experiments/toolchain-environment/20260729T171551Z-toolchain-formal01/boots/repetition-01/lower/python310/lib/python3.10/site-packages/setuptools/_distutils/compilers/C/tests
d	755	1000	1000	4096	64	35956779	1785345369.2693676310	results/experiments/toolchain-environment/20260729T171551Z-toolchain-formal01/boots/repetition-01/lower/python310/lib/python3.10/site-packages/setuptools/_distutils/tests
d	755	1000	1000	4096	64	35956853	1785345369.2973681420	results/experiments/toolchain-environment/20260729T171551Z-toolchain-formal01/boots/repetition-01/lower/python310/lib/python3.10/site-packages/setuptools/_distutils/tests/compat
d	755	1000	1000	4096	64	35956859	1785345373.7994504100	results/experiments/toolchain-environment/20260729T171551Z-toolchain-formal01/boots/repetition-01/lower/python310/lib/python3.10/site-packages/setuptools/_vendor
d	755	1000	1000	4096	64	35956863	1785345370.7173940890	results/experiments/toolchain-environment/20260729T171551Z-toolchain-formal01/boots/repetition-01/lower/python310/lib/python3.10/site-packages/setuptools/_vendor/autocommand
d	755	1000	1000	4096	64	35956877	1785345370.9143976880	results/experiments/toolchain-environment/20260729T171551Z-toolchain-formal01/boots/repetition-01/lower/python310/lib/python3.10/site-packages/setuptools/_vendor/backports
d	755	1000	1000	4096	64	35956881	1785345370.9553984380	results/experiments/toolchain-environment/20260729T171551Z-toolchain-formal01/boots/repetition-01/lower/python310/lib/python3.10/site-packages/setuptools/_vendor/backports/tarfile
d	755	1000	1000	4096	64	35956887	1785345371.0213996440	results/experiments/toolchain-environment/20260729T171551Z-toolchain-formal01/boots/repetition-01/lower/python310/lib/python3.10/site-packages/setuptools/_vendor/backports/tarfile/compat
d	755	1000	1000	4096	64	35956893	1785345371.1124013070	results/experiments/toolchain-environment/20260729T171551Z-toolchain-formal01/boots/repetition-01/lower/python310/lib/python3.10/site-packages/setuptools/_vendor/importlib_metadata
d	755	1000	1000	4096	64	35956915	1785345371.3554057470	results/experiments/toolchain-environment/20260729T171551Z-toolchain-formal01/boots/repetition-01/lower/python310/lib/python3.10/site-packages/setuptools/_vendor/importlib_metadata/compat
d	755	1000	1000	4096	64	35956923	1785345371.5354090360	results/experiments/toolchain-environment/20260729T171551Z-toolchain-formal01/boots/repetition-01/lower/python310/lib/python3.10/site-packages/setuptools/_vendor/inflect
d	755	1000	1000	4096	64	35956929	1785345371.5804098590	results/experiments/toolchain-environment/20260729T171551Z-toolchain-formal01/boots/repetition-01/lower/python310/lib/python3.10/site-packages/setuptools/_vendor/inflect/compat
d	755	1000	1000	4096	64	35956935	1785345371.7894136780	results/experiments/toolchain-environment/20260729T171551Z-toolchain-formal01/boots/repetition-01/lower/python310/lib/python3.10/site-packages/setuptools/_vendor/jaraco
d	755	1000	1000	4096	64	35956939	1785345371.7424128190	results/experiments/toolchain-environment/20260729T171551Z-toolchain-formal01/boots/repetition-01/lower/python310/lib/python3.10/site-packages/setuptools/_vendor/jaraco/collections
d	755	1000	1000	4096	64	35956945	1785345371.8354145190	results/experiments/toolchain-environment/20260729T171551Z-toolchain-formal01/boots/repetition-01/lower/python310/lib/python3.10/site-packages/setuptools/_vendor/jaraco/functools
d	755	1000	1000	4096	64	35956953	1785345371.8944155960	results/experiments/toolchain-environment/20260729T171551Z-toolchain-formal01/boots/repetition-01/lower/python310/lib/python3.10/site-packages/setuptools/_vendor/jaraco/text
d	755	1000	1000	4096	64	35956969	1785345372.1544203480	results/experiments/toolchain-environment/20260729T171551Z-toolchain-formal01/boots/repetition-01/lower/python310/lib/python3.10/site-packages/setuptools/_vendor/more_itertools
d	755	1000	1000	4096	64	35956985	1785345372.3254234730	results/experiments/toolchain-environment/20260729T171551Z-toolchain-formal01/boots/repetition-01/lower/python310/lib/python3.10/site-packages/setuptools/_vendor/packaging
d	755	1000	1000	4096	64	35957017	1785345372.5844282060	results/experiments/toolchain-environment/20260729T171551Z-toolchain-formal01/boots/repetition-01/lower/python310/lib/python3.10/site-packages/setuptools/_vendor/packaging/licenses
d	755	1000	1000	4096	64	35957023	1785345372.9504348940	results/experiments/toolchain-environment/20260729T171551Z-toolchain-formal01/boots/repetition-01/lower/python310/lib/python3.10/site-packages/setuptools/_vendor/platformdirs
d	755	1000	1000	4096	64	35957043	1785345366.6343194880	results/experiments/toolchain-environment/20260729T171551Z-toolchain-formal01/boots/repetition-01/lower/python310/lib/python3.10/site-packages/setuptools/_vendor/platformdirs-4.2.2.dist-info
d	755	1000	1000	4096	64	35957045	1785345364.2792764680	results/experiments/toolchain-environment/20260729T171551Z-toolchain-formal01/boots/repetition-01/lower/python310/lib/python3.10/site-packages/setuptools/_vendor/platformdirs-4.2.2.dist-info/licenses
d	755	1000	1000	4096	64	35957049	1785345373.2234398830	results/experiments/toolchain-environment/20260729T171551Z-toolchain-formal01/boots/repetition-01/lower/python310/lib/python3.10/site-packages/setuptools/_vendor/tomli
d	755	1000	1000	4096	64	35957061	1785345373.3664424960	results/experiments/toolchain-environment/20260729T171551Z-toolchain-formal01/boots/repetition-01/lower/python310/lib/python3.10/site-packages/setuptools/_vendor/typeguard
d	755	1000	1000	4096	64	35957091	1785345373.8444512320	results/experiments/toolchain-environment/20260729T171551Z-toolchain-formal01/boots/repetition-01/lower/python310/lib/python3.10/site-packages/setuptools/_vendor/wheel
d	755	1000	1000	4096	64	35957111	1785345373.9834537720	results/experiments/toolchain-environment/20260729T171551Z-toolchain-formal01/boots/repetition-01/lower/python310/lib/python3.10/site-packages/setuptools/_vendor/wheel/cli
d	755	1000	1000	4096	64	35957123	1785345374.2284582500	results/experiments/toolchain-environment/20260729T171551Z-toolchain-formal01/boots/repetition-01/lower/python310/lib/python3.10/site-packages/setuptools/_vendor/wheel/vendored
d	755	1000	1000	4096	64	35957129	1785345374.2694589990	results/experiments/toolchain-environment/20260729T171551Z-toolchain-formal01/boots/repetition-01/lower/python310/lib/python3.10/site-packages/setuptools/_vendor/wheel/vendored/packaging
d	755	1000	1000	4096	64	35957163	1785345374.7594679550	results/experiments/toolchain-environment/20260729T171551Z-toolchain-formal01/boots/repetition-01/lower/python310/lib/python3.10/site-packages/setuptools/_vendor/zipp
d	755	1000	1000	4096	64	35957169	1785345374.7874684660	results/experiments/toolchain-environment/20260729T171551Z-toolchain-formal01/boots/repetition-01/lower/python310/lib/python3.10/site-packages/setuptools/_vendor/zipp/compat
d	755	1000	1000	4096	64	35957175	1785345374.9214709150	results/experiments/toolchain-environment/20260729T171551Z-toolchain-formal01/boots/repetition-01/lower/python310/lib/python3.10/site-packages/setuptools/command
d	755	1000	1000	4096	64	35957227	1785345375.6494842210	results/experiments/toolchain-environment/20260729T171551Z-toolchain-formal01/boots/repetition-01/lower/python310/lib/python3.10/site-packages/setuptools/compat
d	755	1000	1000	4096	64	35957239	1785345375.7964869080	results/experiments/toolchain-environment/20260729T171551Z-toolchain-formal01/boots/repetition-01/lower/python310/lib/python3.10/site-packages/setuptools/config
d	755	1000	1000	4096	64	35957257	1785345375.8644881500	results/experiments/toolchain-environment/20260729T171551Z-toolchain-formal01/boots/repetition-01/lower/python310/lib/python3.10/site-packages/setuptools/config/_validate_pyproject
d	755	1000	1000	4096	64	35957273	1785345376.6105017860	results/experiments/toolchain-environment/20260729T171551Z-toolchain-formal01/boots/repetition-01/lower/python310/lib/python3.10/site-packages/setuptools/tests
d	755	1000	1000	4096	64	35957371	1785345376.6355022420	results/experiments/toolchain-environment/20260729T171551Z-toolchain-formal01/boots/repetition-01/lower/python310/lib/python3.10/site-packages/setuptools/tests/compat
d	755	1000	1000	4096	64	35957377	1785345376.6885032110	results/experiments/toolchain-environment/20260729T171551Z-toolchain-formal01/boots/repetition-01/lower/python310/lib/python3.10/site-packages/setuptools/tests/config
d	755	1000	1000	4096	64	35957393	1785345376.7185037590	results/experiments/toolchain-environment/20260729T171551Z-toolchain-formal01/boots/repetition-01/lower/python310/lib/python3.10/site-packages/setuptools/tests/config/downloads
d	755	1000	1000	4096	64	35957399	1785345365.8433050380	results/experiments/toolchain-environment/20260729T171551Z-toolchain-formal01/boots/repetition-01/lower/python310/lib/python3.10/site-packages/setuptools/tests/indexes
d	755	1000	1000	4096	64	35957401	1785345365.8573052940	results/experiments/toolchain-environment/20260729T171551Z-toolchain-formal01/boots/repetition-01/lower/python310/lib/python3.10/site-packages/setuptools/tests/indexes/test_links_priority
d	755	1000	1000	4096	64	35957405	1785345365.8603053490	results/experiments/toolchain-environment/20260729T171551Z-toolchain-formal01/boots/repetition-01/lower/python310/lib/python3.10/site-packages/setuptools/tests/indexes/test_links_priority/simple
d	755	1000	1000	4096	64	35957407	1785345365.8663054580	results/experiments/toolchain-environment/20260729T171551Z-toolchain-formal01/boots/repetition-01/lower/python310/lib/python3.10/site-packages/setuptools/tests/indexes/test_links_priority/simple/foobar
d	755	1000	1000	4096	64	35957411	1785345377.0015089320	results/experiments/toolchain-environment/20260729T171551Z-toolchain-formal01/boots/repetition-01/lower/python310/lib/python3.10/site-packages/setuptools/tests/integration
d	755	1000	1000	4096	64	35957419	1785345378.3935343760	results/experiments/toolchain-environment/20260729T171551Z-toolchain-formal01/boots/repetition-01/lower/python310/lib/python3.10/site-packages/setuptools-79.0.1.dist-info
d	755	1000	1000	4096	64	35957421	1785345365.9043061530	results/experiments/toolchain-environment/20260729T171551Z-toolchain-formal01/boots/repetition-01/lower/python310/lib/python3.10/site-packages/setuptools-79.0.1.dist-info/licenses
d	755	1000	1000	4096	64	35957433	1785345365.9793075220	results/experiments/toolchain-environment/20260729T171551Z-toolchain-formal01/boots/repetition-01/lower/python310/lib/python3.10/site-packages/setuptools/_vendor/autocommand-2.2.2.dist-info
d	755	1000	1000	4096	64	35957447	1785345366.0423086730	results/experiments/toolchain-environment/20260729T171551Z-toolchain-formal01/boots/repetition-01/lower/python310/lib/python3.10/site-packages/setuptools/_vendor/backports.tarfile-1.2.0.dist-info
d	755	1000	1000	4096	64	35957463	1785345366.1123099520	results/experiments/toolchain-environment/20260729T171551Z-toolchain-formal01/boots/repetition-01/lower/python310/lib/python3.10/site-packages/setuptools/_vendor/importlib_metadata-8.0.0.dist-info
d	755	1000	1000	4096	64	35957479	1785345366.1793111760	results/experiments/toolchain-environment/20260729T171551Z-toolchain-formal01/boots/repetition-01/lower/python310/lib/python3.10/site-packages/setuptools/_vendor/inflect-7.3.1.dist-info
d	755	1000	1000	4096	64	35957493	1785345366.2493124550	results/experiments/toolchain-environment/20260729T171551Z-toolchain-formal01/boots/repetition-01/lower/python310/lib/python3.10/site-packages/setuptools/_vendor/jaraco.collections-5.1.0.dist-info
d	755	1000	1000	4096	64	35957509	1785345366.3133136240	results/experiments/toolchain-environment/20260729T171551Z-toolchain-formal01/boots/repetition-01/lower/python310/lib/python3.10/site-packages/setuptools/_vendor/jaraco.context-5.3.0.dist-info
d	755	1000	1000	4096	64	35957523	1785345366.3763147750	results/experiments/toolchain-environment/20260729T171551Z-toolchain-formal01/boots/repetition-01/lower/python310/lib/python3.10/site-packages/setuptools/_vendor/jaraco.functools-4.0.1.dist-info
d	755	1000	1000	4096	64	35957537	1785345366.4453160360	results/experiments/toolchain-environment/20260729T171551Z-toolchain-formal01/boots/repetition-01/lower/python310/lib/python3.10/site-packages/setuptools/_vendor/jaraco.text-3.12.1.dist-info
d	755	1000	1000	4096	64	35957553	1785345366.5033170950	results/experiments/toolchain-environment/20260729T171551Z-toolchain-formal01/boots/repetition-01/lower/python310/lib/python3.10/site-packages/setuptools/_vendor/more_itertools-10.3.0.dist-info
d	755	1000	1000	4096	64	35957567	1785345366.5833185570	results/experiments/toolchain-environment/20260729T171551Z-toolchain-formal01/boots/repetition-01/lower/python310/lib/python3.10/site-packages/setuptools/_vendor/packaging-24.2.dist-info
d	755	1000	1000	4096	64	35957595	1785345366.6963206220	results/experiments/toolchain-environment/20260729T171551Z-toolchain-formal01/boots/repetition-01/lower/python310/lib/python3.10/site-packages/setuptools/_vendor/tomli-2.0.1.dist-info
d	755	1000	1000	4096	64	35957609	1785345366.7663219000	results/experiments/toolchain-environment/20260729T171551Z-toolchain-formal01/boots/repetition-01/lower/python310/lib/python3.10/site-packages/setuptools/_vendor/typeguard-4.3.0.dist-info
d	755	1000	1000	4096	64	35957625	1785345366.8173228320	results/experiments/toolchain-environment/20260729T171551Z-toolchain-formal01/boots/repetition-01/lower/python310/lib/python3.10/site-packages/setuptools/_vendor/typing_extensions-4.12.2.dist-info
d	755	1000	1000	4096	64	35957637	1785345366.8863240920	results/experiments/toolchain-environment/20260729T171551Z-toolchain-formal01/boots/repetition-01/lower/python310/lib/python3.10/site-packages/setuptools/_vendor/wheel-0.45.1.dist-info
d	755	1000	1000	4096	64	35957653	1785345366.9573253900	results/experiments/toolchain-environment/20260729T171551Z-toolchain-formal01/boots/repetition-01/lower/python310/lib/python3.10/site-packages/setuptools/_vendor/zipp-3.19.2.dist-info
d	755	1000	1000	4096	64	35957669	1785345382.6396119980	results/experiments/toolchain-environment/20260729T171551Z-toolchain-formal01/boots/repetition-01/lower/python310/lib/python3.10/site-packages/pip
d	755	1000	1000	4096	64	35957671	1785345367.0173264860	results/experiments/toolchain-environment/20260729T171551Z-toolchain-formal01/boots/repetition-01/lower/python310/lib/python3.10/site-packages/_distutils_hack/__pycache__
d	755	1000	1000	4096	64	35957677	1785345367.0673273990	results/experiments/toolchain-environment/20260729T171551Z-toolchain-formal01/boots/repetition-01/lower/python310/lib/python3.10/site-packages/pkg_resources/__pycache__
d	755	1000	1000	4096	64	35957681	1785345367.3783330810	results/experiments/toolchain-environment/20260729T171551Z-toolchain-formal01/boots/repetition-01/lower/python310/lib/python3.10/site-packages/pkg_resources/tests/__pycache__
d	755	1000	1000	4096	64	35957685	1785345367.1483288790	results/experiments/toolchain-environment/20260729T171551Z-toolchain-formal01/boots/repetition-01/lower/python310/lib/python3.10/site-packages/pkg_resources/tests/data/my-test-package-source/__pycache__
d	755	1000	1000	4096	64	35957701	1785345378.3455334990	results/experiments/toolchain-environment/20260729T171551Z-toolchain-formal01/boots/repetition-01/lower/python310/lib/python3.10/site-packages/setuptools/__pycache__
d	755	1000	1000	4096	64	35957707	1785345370.4693895570	results/experiments/toolchain-environment/20260729T171551Z-toolchain-formal01/boots/repetition-01/lower/python310/lib/python3.10/site-packages/setuptools/_distutils/__pycache__
d	755	1000	1000	4096	64	35957725	1785345368.3593510040	results/experiments/toolchain-environment/20260729T171551Z-toolchain-formal01/boots/repetition-01/lower/python310/lib/python3.10/site-packages/setuptools/_distutils/command/__pycache__
d	755	1000	1000	4096	64	35957767	1785345368.4673529780	results/experiments/toolchain-environment/20260729T171551Z-toolchain-formal01/boots/repetition-01/lower/python310/lib/python3.10/site-packages/setuptools/_distutils/compat/__pycache__
d	755	1000	1000	4096	64	35957775	1785345368.8933607610	results/experiments/toolchain-environment/20260729T171551Z-toolchain-formal01/boots/repetition-01/lower/python310/lib/python3.10/site-packages/setuptools/_distutils/compilers/C/__pycache__
d	755	1000	1000	4096	64	35957785	1785345368.8293595920	results/experiments/toolchain-environment/20260729T171551Z-toolchain-formal01/boots/repetition-01/lower/python310/lib/python3.10/site-packages/setuptools/_distutils/compilers/C/tests/__pycache__
d	755	1000	1000	4096	64	35957829	1785345370.3233868890	results/experiments/toolchain-environment/20260729T171551Z-toolchain-formal01/boots/repetition-01/lower/python310/lib/python3.10/site-packages/setuptools/_distutils/tests/__pycache__
d	755	1000	1000	4096	64	35957833	1785345369.3393689100	results/experiments/toolchain-environment/20260729T171551Z-toolchain-formal01/boots/repetition-01/lower/python310/lib/python3.10/site-packages/setuptools/_distutils/tests/compat/__pycache__
d	755	1000	1000	4096	64	35957939	1785345370.8843971410	results/experiments/toolchain-environment/20260729T171551Z-toolchain-formal01/boots/repetition-01/lower/python310/lib/python3.10/site-packages/setuptools/_vendor/autocommand/__pycache__
d	755	1000	1000	4096	64	35957953	1785345370.9243978710	results/experiments/toolchain-environment/20260729T171551Z-toolchain-formal01/boots/repetition-01/lower/python310/lib/python3.10/site-packages/setuptools/_vendor/backports/__pycache__
d	755	1000	1000	4096	64	35957957	1785345371.0003992600	results/experiments/toolchain-environment/20260729T171551Z-toolchain-formal01/boots/repetition-01/lower/python310/lib/python3.10/site-packages/setuptools/_vendor/backports/tarfile/__pycache__
d	755	1000	1000	4096	64	35957963	1785345371.0774006670	results/experiments/toolchain-environment/20260729T171551Z-toolchain-formal01/boots/repetition-01/lower/python310/lib/python3.10/site-packages/setuptools/_vendor/backports/tarfile/compat/__pycache__
d	755	1000	1000	4096	64	35957969	1785345371.4724078850	results/experiments/toolchain-environment/20260729T171551Z-toolchain-formal01/boots/repetition-01/lower/python310/lib/python3.10/site-packages/setuptools/_vendor/importlib_metadata/__pycache__
d	755	1000	1000	4096	64	35957987	1785345371.4344071910	results/experiments/toolchain-environment/20260729T171551Z-toolchain-formal01/boots/repetition-01/lower/python310/lib/python3.10/site-packages/setuptools/_vendor/importlib_metadata/compat/__pycache__
d	755	1000	1000	4096	64	35957997	1785345371.5524093470	results/experiments/toolchain-environment/20260729T171551Z-toolchain-formal01/boots/repetition-01/lower/python310/lib/python3.10/site-packages/setuptools/_vendor/inflect/__pycache__
d	755	1000	1000	4096	64	35958001	1785345371.6364108820	results/experiments/toolchain-environment/20260729T171551Z-toolchain-formal01/boots/repetition-01/lower/python310/lib/python3.10/site-packages/setuptools/_vendor/inflect/compat/__pycache__
d	755	1000	1000	4096	64	35958007	1785345371.7594131300	results/experiments/toolchain-environment/20260729T171551Z-toolchain-formal01/boots/repetition-01/lower/python310/lib/python3.10/site-packages/setuptools/_vendor/jaraco/collections/__pycache__
d	755	1000	1000	4096	64	35958011	1785345371.8044139520	results/experiments/toolchain-environment/20260729T171551Z-toolchain-formal01/boots/repetition-01/lower/python310/lib/python3.10/site-packages/setuptools/_vendor/jaraco/__pycache__
d	755	1000	1000	4096	64	35958015	1785345371.8544148660	results/experiments/toolchain-environment/20260729T171551Z-toolchain-formal01/boots/repetition-01/lower/python310/lib/python3.10/site-packages/setuptools/_vendor/jaraco/functools/__pycache__
d	755	1000	1000	4096	64	35958019	1785345372.1174196720	results/experiments/toolchain-environment/20260729T171551Z-toolchain-formal01/boots/repetition-01/lower/python310/lib/python3.10/site-packages/setuptools/_vendor/jaraco/text/__pycache__
d	755	1000	1000	4096	64	35958033	1785345372.2734225220	results/experiments/toolchain-environment/20260729T171551Z-toolchain-formal01/boots/repetition-01/lower/python310/lib/python3.10/site-packages/setuptools/_vendor/more_itertools/__pycache__
d	755	1000	1000	4096	64	35958041	1785345372.9094341450	results/experiments/toolchain-environment/20260729T171551Z-toolchain-formal01/boots/repetition-01/lower/python310/lib/python3.10/site-packages/setuptools/_vendor/packaging/__pycache__
d	755	1000	1000	4096	64	35958057	1785345372.6414292470	results/experiments/toolchain-environment/20260729T171551Z-toolchain-formal01/boots/repetition-01/lower/python310/lib/python3.10/site-packages/setuptools/_vendor/packaging/licenses/__pycache__
d	755	1000	1000	4096	64	35958077	1785345373.1914392980	results/experiments/toolchain-environment/20260729T171551Z-toolchain-formal01/boots/repetition-01/lower/python310/lib/python3.10/site-packages/setuptools/_vendor/platformdirs/__pycache__
d	755	1000	1000	4096	64	35958095	1785345373.3294418200	results/experiments/toolchain-environment/20260729T171551Z-toolchain-formal01/boots/repetition-01/lower/python310/lib/python3.10/site-packages/setuptools/_vendor/tomli/__pycache__
d	755	1000	1000	4096	64	35958105	1785345373.7594496780	results/experiments/toolchain-environment/20260729T171551Z-toolchain-formal01/boots/repetition-01/lower/python310/lib/python3.10/site-packages/setuptools/_vendor/typeguard/__pycache__
d	755	1000	1000	4096	64	35958133	1785345373.8114506290	results/experiments/toolchain-environment/20260729T171551Z-toolchain-formal01/boots/repetition-01/lower/python310/lib/python3.10/site-packages/setuptools/_vendor/__pycache__
d	755	1000	1000	4096	64	35958137	1785345374.7254673330	results/experiments/toolchain-environment/20260729T171551Z-toolchain-formal01/boots/repetition-01/lower/python310/lib/python3.10/site-packages/setuptools/_vendor/wheel/__pycache__
d	755	1000	1000	4096	64	35958149	1785345374.1214562940	results/experiments/toolchain-environment/20260729T171551Z-toolchain-formal01/boots/repetition-01/lower/python310/lib/python3.10/site-packages/setuptools/_vendor/wheel/cli/__pycache__
d	755	1000	1000	4096	64	35958167	1785345374.2394584510	results/experiments/toolchain-environment/20260729T171551Z-toolchain-formal01/boots/repetition-01/lower/python310/lib/python3.10/site-packages/setuptools/_vendor/wheel/vendored/__pycache__
d	755	1000	1000	4096	64	35958171	1785345374.6934667490	results/experiments/toolchain-environment/20260729T171551Z-toolchain-formal01/boots/repetition-01/lower/python310/lib/python3.10/site-packages/setuptools/_vendor/wheel/vendored/packaging/__pycache__
d	755	1000	1000	4096	64	35958201	1785345374.8564697280	results/experiments/toolchain-environment/20260729T171551Z-toolchain-formal01/boots/repetition-01/lower/python310/lib/python3.10/site-packages/setuptools/_vendor/zipp/__pycache__
d	755	1000	1000	4096	64	35958205	1785345374.8294692340	results/experiments/toolchain-environment/20260729T171551Z-toolchain-formal01/boots/repetition-01/lower/python310/lib/python3.10/site-packages/setuptools/_vendor/zipp/compat/__pycache__
d	755	1000	1000	4096	64	35958217	1785345375.6304838740	results/experiments/toolchain-environment/20260729T171551Z-toolchain-formal01/boots/repetition-01/lower/python310/lib/python3.10/site-packages/setuptools/command/__pycache__
d	755	1000	1000	4096	64	35958267	1785345375.7764865420	results/experiments/toolchain-environment/20260729T171551Z-toolchain-formal01/boots/repetition-01/lower/python310/lib/python3.10/site-packages/setuptools/compat/__pycache__
d	755	1000	1000	4096	64	35958279	1785345376.1894940910	results/experiments/toolchain-environment/20260729T171551Z-toolchain-formal01/boots/repetition-01/lower/python310/lib/python3.10/site-packages/setuptools/config/__pycache__
d	755	1000	1000	4096	64	35958285	1785345376.0884922440	results/experiments/toolchain-environment/20260729T171551Z-toolchain-formal01/boots/repetition-01/lower/python310/lib/python3.10/site-packages/setuptools/config/_validate_pyproject/__pycache__
d	755	1000	1000	4096	64	35958335	1785345378.2405315790	results/experiments/toolchain-environment/20260729T171551Z-toolchain-formal01/boots/repetition-01/lower/python310/lib/python3.10/site-packages/setuptools/tests/__pycache__
d	755	1000	1000	4096	64	35958339	1785345376.6725029190	results/experiments/toolchain-environment/20260729T171551Z-toolchain-formal01/boots/repetition-01/lower/python310/lib/python3.10/site-packages/setuptools/tests/compat/__pycache__
d	755	1000	1000	4096	64	35958345	1785345376.9085072320	results/experiments/toolchain-environment/20260729T171551Z-toolchain-formal01/boots/repetition-01/lower/python310/lib/python3.10/site-packages/setuptools/tests/config/__pycache__
d	755	1000	1000	4096	64	35958349	1785345376.7605045270	results/experiments/toolchain-environment/20260729T171551Z-toolchain-formal01/boots/repetition-01/lower/python310/lib/python3.10/site-packages/setuptools/tests/config/downloads/__pycache__
d	755	1000	1000	4096	64	35958371	1785345377.0665101200	results/experiments/toolchain-environment/20260729T171551Z-toolchain-formal01/boots/repetition-01/lower/python310/lib/python3.10/site-packages/setuptools/tests/integration/__pycache__
d	755	1000	1000	4096	64	35958491	1785345382.7036131680	results/experiments/toolchain-environment/20260729T171551Z-toolchain-formal01/boots/repetition-01/lower/python310/lib/python3.10/site-packages/pip/_internal
d	755	1000	1000	4096	64	35958511	1785345382.7796145580	results/experiments/toolchain-environment/20260729T171551Z-toolchain-formal01/boots/repetition-01/lower/python310/lib/python3.10/site-packages/pip/_internal/cli
d	755	1000	1000	4096	64	35958537	1785345383.1216208110	results/experiments/toolchain-environment/20260729T171551Z-toolchain-formal01/boots/repetition-01/lower/python310/lib/python3.10/site-packages/pip/_internal/commands
d	755	1000	1000	4096	64	35958575	1785345383.8066333350	results/experiments/toolchain-environment/20260729T171551Z-toolchain-formal01/boots/repetition-01/lower/python310/lib/python3.10/site-packages/pip/_internal/distributions
d	755	1000	1000	4096	64	35958587	1785345384.0418218090	results/experiments/toolchain-environment/20260729T171551Z-toolchain-formal01/boots/repetition-01/lower/python310/lib/python3.10/site-packages/pip/_internal/index
d	755	1000	1000	4096	64	35958597	1785345384.1856402650	results/experiments/toolchain-environment/20260729T171551Z-toolchain-formal01/boots/repetition-01/lower/python310/lib/python3.10/site-packages/pip/_internal/locations
d	755	1000	1000	4096	64	35958607	1785345384.3291338120	results/experiments/toolchain-environment/20260729T171551Z-toolchain-formal01/boots/repetition-01/lower/python310/lib/python3.10/site-packages/pip/_internal/metadata
d	755	1000	1000	4096	64	35958617	1785345384.4146444520	results/experiments/toolchain-environment/20260729T171551Z-toolchain-formal01/boots/repetition-01/lower/python310/lib/python3.10/site-packages/pip/_internal/metadata/importlib
d	755	1000	1000	4096	64	35958627	1785345384.5756473960	results/experiments/toolchain-environment/20260729T171551Z-toolchain-formal01/boots/repetition-01/lower/python310/lib/python3.10/site-packages/pip/_internal/models
d	755	1000	1000	4096	64	35958653	1785345384.9126535580	results/experiments/toolchain-environment/20260729T171551Z-toolchain-formal01/boots/repetition-01/lower/python310/lib/python3.10/site-packages/pip/_internal/network
d	755	1000	1000	4096	64	35958671	1785345385.1416577450	results/experiments/toolchain-environment/20260729T171551Z-toolchain-formal01/boots/repetition-01/lower/python310/lib/python3.10/site-packages/pip/_internal/operations
d	755	1000	1000	4096	64	35958681	1785345385.1726583120	results/experiments/toolchain-environment/20260729T171551Z-toolchain-formal01/boots/repetition-01/lower/python310/lib/python3.10/site-packages/pip/_internal/operations/build
d	755	1000	1000	4096	64	35958699	1785345385.4906641270	results/experiments/toolchain-environment/20260729T171551Z-toolchain-formal01/boots/repetition-01/lower/python310/lib/python3.10/site-packages/pip/_internal/operations/install
d	755	1000	1000	4096	64	35958709	1785345385.6956678750	results/experiments/toolchain-environment/20260729T171551Z-toolchain-formal01/boots/repetition-01/lower/python310/lib/python3.10/site-packages/pip/_internal/req
d	755	1000	1000	4096	64	35958723	1785345385.9046716970	results/experiments/toolchain-environment/20260729T171551Z-toolchain-formal01/boots/repetition-01/lower/python310/lib/python3.10/site-packages/pip/_internal/resolution
d	755	1000	1000	4096	64	35958729	1785345385.9726729400	results/experiments/toolchain-environment/20260729T171551Z-toolchain-formal01/boots/repetition-01/lower/python310/lib/python3.10/site-packages/pip/_internal/resolution/legacy
d	755	1000	1000	4096	64	35958735	1785345386.0496743480	results/experiments/toolchain-environment/20260729T171551Z-toolchain-formal01/boots/repetition-01/lower/python310/lib/python3.10/site-packages/pip/_internal/resolution/resolvelib
d	755	1000	1000	4096	64	35958755	1785345386.3646801090	results/experiments/toolchain-environment/20260729T171551Z-toolchain-formal01/boots/repetition-01/lower/python310/lib/python3.10/site-packages/pip/_internal/utils
d	755	1000	1000	4096	64	35958813	1785345387.2426961640	results/experiments/toolchain-environment/20260729T171551Z-toolchain-formal01/boots/repetition-01/lower/python310/lib/python3.10/site-packages/pip/_internal/vcs
d	755	1000	1000	4096	64	35958827	1785345387.4567000780	results/experiments/toolchain-environment/20260729T171551Z-toolchain-formal01/boots/repetition-01/lower/python310/lib/python3.10/site-packages/pip/_vendor
d	755	1000	1000	4096	64	35958837	1785345387.4857006080	results/experiments/toolchain-environment/20260729T171551Z-toolchain-formal01/boots/repetition-01/lower/python310/lib/python3.10/site-packages/pip/_vendor/cachecontrol
d	755	1000	1000	4096	64	35958859	1785345387.6117029120	results/experiments/toolchain-environment/20260729T171551Z-toolchain-formal01/boots/repetition-01/lower/python310/lib/python3.10/site-packages/pip/_vendor/cachecontrol/caches
d	755	1000	1000	4096	64	35958867	1785345387.8977081420	results/experiments/toolchain-environment/20260729T171551Z-toolchain-formal01/boots/repetition-01/lower/python310/lib/python3.10/site-packages/pip/_vendor/certifi
d	755	1000	1000	4096	64	35958877	1785345387.9897098250	results/experiments/toolchain-environment/20260729T171551Z-toolchain-formal01/boots/repetition-01/lower/python310/lib/python3.10/site-packages/pip/_vendor/chardet
d	755	1000	1000	4096	64	35958967	1785345388.2037137390	results/experiments/toolchain-environment/20260729T171551Z-toolchain-formal01/boots/repetition-01/lower/python310/lib/python3.10/site-packages/pip/_vendor/chardet/cli
d	755	1000	1000	4096	64	35958973	1785345389.2937336730	results/experiments/toolchain-environment/20260729T171551Z-toolchain-formal01/boots/repetition-01/lower/python310/lib/python3.10/site-packages/pip/_vendor/chardet/metadata
d	755	1000	1000	4096	64	35958979	1785345389.5847389950	results/experiments/toolchain-environment/20260729T171551Z-toolchain-formal01/boots/repetition-01/lower/python310/lib/python3.10/site-packages/pip/_vendor/colorama
d	755	1000	1000	4096	64	35958993	1785345389.6947410070	results/experiments/toolchain-environment/20260729T171551Z-toolchain-formal01/boots/repetition-01/lower/python310/lib/python3.10/site-packages/pip/_vendor/colorama/tests
d	755	1000	1000	4096	64	35959009	1785345389.9697460360	results/experiments/toolchain-environment/20260729T171551Z-toolchain-formal01/boots/repetition-01/lower/python310/lib/python3.10/site-packages/pip/_vendor/distlib
d	755	1000	1000	4096	64	35959049	1785345390.3857536450	results/experiments/toolchain-environment/20260729T171551Z-toolchain-formal01/boots/repetition-01/lower/python310/lib/python3.10/site-packages/pip/_vendor/distro
d	755	1000	1000	4096	64	35959057	1785345390.4737552540	results/experiments/toolchain-environment/20260729T171551Z-toolchain-formal01/boots/repetition-01/lower/python310/lib/python3.10/site-packages/pip/_vendor/idna
d	755	1000	1000	4096	64	35959075	1785345390.7457602290	results/experiments/toolchain-environment/20260729T171551Z-toolchain-formal01/boots/repetition-01/lower/python310/lib/python3.10/site-packages/pip/_vendor/msgpack
d	755	1000	1000	4096	64	35959085	1785345390.8557622410	results/experiments/toolchain-environment/20260729T171551Z-toolchain-formal01/boots/repetition-01/lower/python310/lib/python3.10/site-packages/pip/_vendor/packaging
d	755	1000	1000	4096	64	35959109	1785345391.1727680390	results/experiments/toolchain-environment/20260729T171551Z-toolchain-formal01/boots/repetition-01/lower/python310/lib/python3.10/site-packages/pip/_vendor/pkg_resources
d	755	1000	1000	4096	64	35959115	1785345391.2317691180	results/experiments/toolchain-environment/20260729T171551Z-toolchain-formal01/boots/repetition-01/lower/python310/lib/python3.10/site-packages/pip/_vendor/platformdirs
d	755	1000	1000	4096	64	35959133	1785345391.4497731060	results/experiments/toolchain-environment/20260729T171551Z-toolchain-formal01/boots/repetition-01/lower/python310/lib/python3.10/site-packages/pip/_vendor/pygments
d	755	1000	1000	4096	64	35959167	1785345391.5897756670	results/experiments/toolchain-environment/20260729T171551Z-toolchain-formal01/boots/repetition-01/lower/python310/lib/python3.10/site-packages/pip/_vendor/pygments/filters
d	755	1000	1000	4096	64	35959171	1785345391.6467767100	results/experiments/toolchain-environment/20260729T171551Z-toolchain-formal01/boots/repetition-01/lower/python310/lib/python3.10/site-packages/pip/_vendor/pygments/formatters
d	755	1000	1000	4096	64	35959201	1785345392.1247854520	results/experiments/toolchain-environment/20260729T171551Z-toolchain-formal01/boots/repetition-01/lower/python310/lib/python3.10/site-packages/pip/_vendor/pygments/lexers
d	755	1000	1000	4096	64	35959209	1785345392.4367911590	results/experiments/toolchain-environment/20260729T171551Z-toolchain-formal01/boots/repetition-01/lower/python310/lib/python3.10/site-packages/pip/_vendor/pygments/styles
d	755	1000	1000	4096	64	35959213	1785345392.5647935010	results/experiments/toolchain-environment/20260729T171551Z-toolchain-formal01/boots/repetition-01/lower/python310/lib/python3.10/site-packages/pip/_vendor/pyparsing
d	755	1000	1000	4096	64	35959235	1785345392.7127962080	results/experiments/toolchain-environment/20260729T171551Z-toolchain-formal01/boots/repetition-01/lower/python310/lib/python3.10/site-packages/pip/_vendor/pyparsing/diagram
d	755	1000	1000	4096	64	35959239	1785345392.9308001950	results/experiments/toolchain-environment/20260729T171551Z-toolchain-formal01/boots/repetition-01/lower/python310/lib/python3.10/site-packages/pip/_vendor/pyproject_hooks
d	755	1000	1000	4096	64	35959247	1785345393.0138017130	results/experiments/toolchain-environment/20260729T171551Z-toolchain-formal01/boots/repetition-01/lower/python310/lib/python3.10/site-packages/pip/_vendor/pyproject_hooks/_in_process
d	755	1000	1000	4096	64	35959253	1785345393.0748028290	results/experiments/toolchain-environment/20260729T171551Z-toolchain-formal01/boots/repetition-01/lower/python310/lib/python3.10/site-packages/pip/_vendor/requests
d	755	1000	1000	4096	64	35959291	1785345393.5788120490	results/experiments/toolchain-environment/20260729T171551Z-toolchain-formal01/boots/repetition-01/lower/python310/lib/python3.10/site-packages/pip/_vendor/resolvelib
d	755	1000	1000	4096	64	35959303	1785345393.6078125790	results/experiments/toolchain-environment/20260729T171551Z-toolchain-formal01/boots/repetition-01/lower/python310/lib/python3.10/site-packages/pip/_vendor/resolvelib/compat
d	755	1000	1000	4096	64	35959309	1785345393.7788157070	results/experiments/toolchain-environment/20260729T171551Z-toolchain-formal01/boots/repetition-01/lower/python310/lib/python3.10/site-packages/pip/_vendor/rich
d	755	1000	1000	4096	64	35959463	1785345396.0118565560	results/experiments/toolchain-environment/20260729T171551Z-toolchain-formal01/boots/repetition-01/lower/python310/lib/python3.10/site-packages/pip/_vendor/tenacity
d	755	1000	1000	4096	64	35959487	1785345396.3408625750	results/experiments/toolchain-environment/20260729T171551Z-toolchain-formal01/boots/repetition-01/lower/python310/lib/python3.10/site-packages/pip/_vendor/tomli
d	755	1000	1000	4096	64	35959497	1785345396.4968654290	results/experiments/toolchain-environment/20260729T171551Z-toolchain-formal01/boots/repetition-01/lower/python310/lib/python3.10/site-packages/pip/_vendor/urllib3
d	755	1000	1000	4096	64	35959521	1785345396.6508682460	results/experiments/toolchain-environment/20260729T171551Z-toolchain-formal01/boots/repetition-01/lower/python310/lib/python3.10/site-packages/pip/_vendor/urllib3/contrib
d	755	1000	1000	4096	64	35959537	1785345396.7168694540	results/experiments/toolchain-environment/20260729T171551Z-toolchain-formal01/boots/repetition-01/lower/python310/lib/python3.10/site-packages/pip/_vendor/urllib3/contrib/_securetransport
d	755	1000	1000	4096	64	35959545	1785345397.0928763330	results/experiments/toolchain-environment/20260729T171551Z-toolchain-formal01/boots/repetition-01/lower/python310/lib/python3.10/site-packages/pip/_vendor/urllib3/packages
d	755	1000	1000	4096	64	35959551	1785345397.1268769550	results/experiments/toolchain-environment/20260729T171551Z-toolchain-formal01/boots/repetition-01/lower/python310/lib/python3.10/site-packages/pip/_vendor/urllib3/packages/backports
d	755	1000	1000	4096	64	35959557	1785345397.3298806690	results/experiments/toolchain-environment/20260729T171551Z-toolchain-formal01/boots/repetition-01/lower/python310/lib/python3.10/site-packages/pip/_vendor/urllib3/util
d	755	1000	1000	4096	64	35959585	1785345397.7668886640	results/experiments/toolchain-environment/20260729T171551Z-toolchain-formal01/boots/repetition-01/lower/python310/lib/python3.10/site-packages/pip/_vendor/webencodings
d	755	1000	1000	4096	64	35959597	1785345397.9748924700	results/experiments/toolchain-environment/20260729T171551Z-toolchain-formal01/boots/repetition-01/lower/python310/lib/python3.10/site-packages/pip-23.0.1.dist-info
d	755	1000	1000	4096	64	35959611	1785345382.6896129120	results/experiments/toolchain-environment/20260729T171551Z-toolchain-formal01/boots/repetition-01/lower/python310/lib/python3.10/site-packages/pip/__pycache__
d	755	1000	1000	4096	64	35959619	1785345387.4396997670	results/experiments/toolchain-environment/20260729T171551Z-toolchain-formal01/boots/repetition-01/lower/python310/lib/python3.10/site-packages/pip/_internal/__pycache__
d	755	1000	1000	4096	64	35959627	1785345383.1016204450	results/experiments/toolchain-environment/20260729T171551Z-toolchain-formal01/boots/repetition-01/lower/python310/lib/python3.10/site-packages/pip/_internal/cli/__pycache__
d	755	1000	1000	4096	64	35959653	1785345383.7456322200	results/experiments/toolchain-environment/20260729T171551Z-toolchain-formal01/boots/repetition-01/lower/python310/lib/python3.10/site-packages/pip/_internal/commands/__pycache__
d	755	1000	1000	4096	64	35959693	1785345383.9806365170	results/experiments/toolchain-environment/20260729T171551Z-toolchain-formal01/boots/repetition-01/lower/python310/lib/python3.10/site-packages/pip/_internal/distributions/__pycache__
d	755	1000	1000	4096	64	35959707	1785345384.1686399540	results/experiments/toolchain-environment/20260729T171551Z-toolchain-formal01/boots/repetition-01/lower/python310/lib/python3.10/site-packages/pip/_internal/index/__pycache__
d	755	1000	1000	4096	64	35959717	1785345384.2876421300	results/experiments/toolchain-environment/20260729T171551Z-toolchain-formal01/boots/repetition-01/lower/python310/lib/python3.10/site-packages/pip/_internal/locations/__pycache__
d	755	1000	1000	4096	64	35959729	1785345384.5576470670	results/experiments/toolchain-environment/20260729T171551Z-toolchain-formal01/boots/repetition-01/lower/python310/lib/python3.10/site-packages/pip/_internal/metadata/__pycache__
d	755	1000	1000	4096	64	35959737	1785345384.5276465180	results/experiments/toolchain-environment/20260729T171551Z-toolchain-formal01/boots/repetition-01/lower/python310/lib/python3.10/site-packages/pip/_internal/metadata/importlib/__pycache__
d	755	1000	1000	4096	64	35959749	1785345384.8956532470	results/experiments/toolchain-environment/20260729T171551Z-toolchain-formal01/boots/repetition-01/lower/python310/lib/python3.10/site-packages/pip/_internal/models/__pycache__
d	755	1000	1000	4096	64	35959775	1785345385.1246574340	results/experiments/toolchain-environment/20260729T171551Z-toolchain-formal01/boots/repetition-01/lower/python310/lib/python3.10/site-packages/pip/_internal/network/__pycache__
d	755	1000	1000	4096	64	35959793	1785345385.6486670160	results/experiments/toolchain-environment/20260729T171551Z-toolchain-formal01/boots/repetition-01/lower/python310/lib/python3.10/site-packages/pip/_internal/operations/__pycache__
d	755	1000	1000	4096	64	35959797	1785345385.4076626090	results/experiments/toolchain-environment/20260729T171551Z-toolchain-formal01/boots/repetition-01/lower/python310/lib/python3.10/site-packages/pip/_internal/operations/build/__pycache__
d	755	1000	1000	4096	64	35959819	1785345385.6136663760	results/experiments/toolchain-environment/20260729T171551Z-toolchain-formal01/boots/repetition-01/lower/python310/lib/python3.10/site-packages/pip/_internal/operations/install/__pycache__
d	755	1000	1000	4096	64	35959833	1785345385.8846713310	results/experiments/toolchain-environment/20260729T171551Z-toolchain-formal01/boots/repetition-01/lower/python310/lib/python3.10/site-packages/pip/_internal/req/__pycache__
d	755	1000	1000	4096	64	35959847	1785345385.9496725200	results/experiments/toolchain-environment/20260729T171551Z-toolchain-formal01/boots/repetition-01/lower/python310/lib/python3.10/site-packages/pip/_internal/resolution/__pycache__
d	755	1000	1000	4096	64	35959853	1785345386.0276739460	results/experiments/toolchain-environment/20260729T171551Z-toolchain-formal01/boots/repetition-01/lower/python310/lib/python3.10/site-packages/pip/_internal/resolution/legacy/__pycache__
d	755	1000	1000	4096	64	35959859	1785345386.3196792860	results/experiments/toolchain-environment/20260729T171551Z-toolchain-formal01/boots/repetition-01/lower/python310/lib/python3.10/site-packages/pip/_internal/resolution/resolvelib/__pycache__
d	755	1000	1000	4096	64	35959881	1785345387.2216957800	results/experiments/toolchain-environment/20260729T171551Z-toolchain-formal01/boots/repetition-01/lower/python310/lib/python3.10/site-packages/pip/_internal/utils/__pycache__
d	755	1000	1000	4096	64	35959939	1785345387.4106992360	results/experiments/toolchain-environment/20260729T171551Z-toolchain-formal01/boots/repetition-01/lower/python310/lib/python3.10/site-packages/pip/_internal/vcs/__pycache__
d	755	1000	1000	4096	64	35959955	1785345396.4778650810	results/experiments/toolchain-environment/20260729T171551Z-toolchain-formal01/boots/repetition-01/lower/python310/lib/python3.10/site-packages/pip/_vendor/__pycache__
d	755	1000	1000	4096	64	35959959	1785345387.8797078130	results/experiments/toolchain-environment/20260729T171551Z-toolchain-formal01/boots/repetition-01/lower/python310/lib/python3.10/site-packages/pip/_vendor/cachecontrol/__pycache__
d	755	1000	1000	4096	64	35959969	1785345387.6937044120	results/experiments/toolchain-environment/20260729T171551Z-toolchain-formal01/boots/repetition-01/lower/python310/lib/python3.10/site-packages/pip/_vendor/cachecontrol/caches/__pycache__
d	755	1000	1000	4096	64	35959989	1785345387.9717094950	results/experiments/toolchain-environment/20260729T171551Z-toolchain-formal01/boots/repetition-01/lower/python310/lib/python3.10/site-packages/pip/_vendor/certifi/__pycache__
d	755	1000	1000	4096	64	35959997	1785345389.5667386660	results/experiments/toolchain-environment/20260729T171551Z-toolchain-formal01/boots/repetition-01/lower/python310/lib/python3.10/site-packages/pip/_vendor/chardet/__pycache__
d	755	1000	1000	4096	64	35960011	1785345388.2477145440	results/experiments/toolchain-environment/20260729T171551Z-toolchain-formal01/boots/repetition-01/lower/python310/lib/python3.10/site-packages/pip/_vendor/chardet/cli/__pycache__
d	755	1000	1000	4096	64	35960077	1785345389.3377344780	results/experiments/toolchain-environment/20260729T171551Z-toolchain-formal01/boots/repetition-01/lower/python310/lib/python3.10/site-packages/pip/_vendor/chardet/metadata/__pycache__
d	755	1000	1000	4096	64	35960099	1785345389.9537457430	results/experiments/toolchain-environment/20260729T171551Z-toolchain-formal01/boots/repetition-01/lower/python310/lib/python3.10/site-packages/pip/_vendor/colorama/__pycache__
d	755	1000	1000	4096	64	35960109	1785345389.8987447380	results/experiments/toolchain-environment/20260729T171551Z-toolchain-formal01/boots/repetition-01/lower/python310/lib/python3.10/site-packages/pip/_vendor/colorama/tests/__pycache__
d	755	1000	1000	4096	64	35960129	1785345390.3687533340	results/experiments/toolchain-environment/20260729T171551Z-toolchain-formal01/boots/repetition-01/lower/python310/lib/python3.10/site-packages/pip/_vendor/distlib/__pycache__
d	755	1000	1000	4096	64	35960157	1785345390.4557549250	results/experiments/toolchain-environment/20260729T171551Z-toolchain-formal01/boots/repetition-01/lower/python310/lib/python3.10/site-packages/pip/_vendor/distro/__pycache__
d	755	1000	1000	4096	64	35960165	1785345390.7277599000	results/experiments/toolchain-environment/20260729T171551Z-toolchain-formal01/boots/repetition-01/lower/python310/lib/python3.10/site-packages/pip/_vendor/idna/__pycache__
d	755	1000	1000	4096	64	35960183	1785345390.8387619300	results/experiments/toolchain-environment/20260729T171551Z-toolchain-formal01/boots/repetition-01/lower/python310/lib/python3.10/site-packages/pip/_vendor/msgpack/__pycache__
d	755	1000	1000	4096	64	35960193	1785345391.1447675270	results/experiments/toolchain-environment/20260729T171551Z-toolchain-formal01/boots/repetition-01/lower/python310/lib/python3.10/site-packages/pip/_vendor/packaging/__pycache__
d	755	1000	1000	4096	64	35960217	1785345391.2127687710	results/experiments/toolchain-environment/20260729T171551Z-toolchain-formal01/boots/repetition-01/lower/python310/lib/python3.10/site-packages/pip/_vendor/pkg_resources/__pycache__
d	755	1000	1000	4096	64	35960223	1785345391.4317727770	results/experiments/toolchain-environment/20260729T171551Z-toolchain-formal01/boots/repetition-01/lower/python310/lib/python3.10/site-packages/pip/_vendor/platformdirs/__pycache__
d	755	1000	1000	4096	64	35960241	1785345392.5457931540	results/experiments/toolchain-environment/20260729T171551Z-toolchain-formal01/boots/repetition-01/lower/python310/lib/python3.10/site-packages/pip/_vendor/pygments/__pycache__
d	755	1000	1000	4096	64	35960253	1785345391.6007758680	results/experiments/toolchain-environment/20260729T171551Z-toolchain-formal01/boots/repetition-01/lower/python310/lib/python3.10/site-packages/pip/_vendor/pygments/filters/__pycache__
d	755	1000	1000	4096	64	35960259	1785345392.0657843730	results/experiments/toolchain-environment/20260729T171551Z-toolchain-formal01/boots/repetition-01/lower/python310/lib/python3.10/site-packages/pip/_vendor/pygments/formatters/__pycache__
d	755	1000	1000	4096	64	35960291	1785345392.2257873000	results/experiments/toolchain-environment/20260729T171551Z-toolchain-formal01/boots/repetition-01/lower/python310/lib/python3.10/site-packages/pip/_vendor/pygments/lexers/__pycache__
d	755	1000	1000	4096	64	35960311	1785345392.4497913970	results/experiments/toolchain-environment/20260729T171551Z-toolchain-formal01/boots/repetition-01/lower/python310/lib/python3.10/site-packages/pip/_vendor/pygments/styles/__pycache__
d	755	1000	1000	4096	64	35960321	1785345392.9137998840	results/experiments/toolchain-environment/20260729T171551Z-toolchain-formal01/boots/repetition-01/lower/python310/lib/python3.10/site-packages/pip/_vendor/pyparsing/__pycache__
d	755	1000	1000	4096	64	35960331	1785345392.7247964270	results/experiments/toolchain-environment/20260729T171551Z-toolchain-formal01/boots/repetition-01/lower/python310/lib/python3.10/site-packages/pip/_vendor/pyparsing/diagram/__pycache__
d	755	1000	1000	4096	64	35960347	1785345392.9948013660	results/experiments/toolchain-environment/20260729T171551Z-toolchain-formal01/boots/repetition-01/lower/python310/lib/python3.10/site-packages/pip/_vendor/pyproject_hooks/__pycache__
d	755	1000	1000	4096	64	35960355	1785345393.0568025000	results/experiments/toolchain-environment/20260729T171551Z-toolchain-formal01/boots/repetition-01/lower/python310/lib/python3.10/site-packages/pip/_vendor/pyproject_hooks/_in_process/__pycache__
d	755	1000	1000	4096	64	35960361	1785345393.5618117380	results/experiments/toolchain-environment/20260729T171551Z-toolchain-formal01/boots/repetition-01/lower/python310/lib/python3.10/site-packages/pip/_vendor/requests/__pycache__
d	755	1000	1000	4096	64	35960399	1785345393.7608153780	results/experiments/toolchain-environment/20260729T171551Z-toolchain-formal01/boots/repetition-01/lower/python310/lib/python3.10/site-packages/pip/_vendor/resolvelib/__pycache__
d	755	1000	1000	4096	64	35960403	1785345393.6498133470	results/experiments/toolchain-environment/20260729T171551Z-toolchain-formal01/boots/repetition-01/lower/python310/lib/python3.10/site-packages/pip/_vendor/resolvelib/compat/__pycache__
d	755	1000	1000	4096	64	35960417	1785345395.9588555860	results/experiments/toolchain-environment/20260729T171551Z-toolchain-formal01/boots/repetition-01/lower/python310/lib/python3.10/site-packages/pip/_vendor/rich/__pycache__
d	755	1000	1000	4096	64	35960573	1785345396.3228622460	results/experiments/toolchain-environment/20260729T171551Z-toolchain-formal01/boots/repetition-01/lower/python310/lib/python3.10/site-packages/pip/_vendor/tenacity/__pycache__
d	755	1000	1000	4096	64	35960597	1785345396.4418644230	results/experiments/toolchain-environment/20260729T171551Z-toolchain-formal01/boots/repetition-01/lower/python310/lib/python3.10/site-packages/pip/_vendor/tomli/__pycache__
d	755	1000	1000	4096	64	35960609	1785345397.3108803210	results/experiments/toolchain-environment/20260729T171551Z-toolchain-formal01/boots/repetition-01/lower/python310/lib/python3.10/site-packages/pip/_vendor/urllib3/__pycache__
d	755	1000	1000	4096	64	35960621	1785345396.9798742660	results/experiments/toolchain-environment/20260729T171551Z-toolchain-formal01/boots/repetition-01/lower/python310/lib/python3.10/site-packages/pip/_vendor/urllib3/contrib/__pycache__
d	755	1000	1000	4096	64	35960627	1785345396.8068711010	results/experiments/toolchain-environment/20260729T171551Z-toolchain-formal01/boots/repetition-01/lower/python310/lib/python3.10/site-packages/pip/_vendor/urllib3/contrib/_securetransport/__pycache__
d	755	1000	1000	4096	64	35960651	1785345397.2188786380	results/experiments/toolchain-environment/20260729T171551Z-toolchain-formal01/boots/repetition-01/lower/python310/lib/python3.10/site-packages/pip/_vendor/urllib3/packages/__pycache__
d	755	1000	1000	4096	64	35960655	1785345397.1778778880	results/experiments/toolchain-environment/20260729T171551Z-toolchain-formal01/boots/repetition-01/lower/python310/lib/python3.10/site-packages/pip/_vendor/urllib3/packages/backports/__pycache__
d	755	1000	1000	4096	64	35960671	1785345397.7468882980	results/experiments/toolchain-environment/20260729T171551Z-toolchain-formal01/boots/repetition-01/lower/python310/lib/python3.10/site-packages/pip/_vendor/urllib3/util/__pycache__
d	755	1000	1000	4096	64	35960699	1785345397.9128913350	results/experiments/toolchain-environment/20260729T171551Z-toolchain-formal01/boots/repetition-01/lower/python310/lib/python3.10/site-packages/pip/_vendor/webencodings/__pycache__
d	755	1000	1000	4096	64	35960733	1785345398.4859018190	results/experiments/toolchain-environment/20260729T171551Z-toolchain-formal01/boots/repetition-01/lower/python312
d	755	1000	1000	4096	64	35960735	1785345398.4709015440	results/experiments/toolchain-environment/20260729T171551Z-toolchain-formal01/boots/repetition-01/lower/python312/include
d	755	1000	1000	4096	64	35960737	1785345398.4709015440	results/experiments/toolchain-environment/20260729T171551Z-toolchain-formal01/boots/repetition-01/lower/python312/include/python3.12
d	755	1000	1000	4096	64	35960739	1785345398.4769016540	results/experiments/toolchain-environment/20260729T171551Z-toolchain-formal01/boots/repetition-01/lower/python312/lib
d	755	1000	1000	4096	64	35960741	1785345398.4789016910	results/experiments/toolchain-environment/20260729T171551Z-toolchain-formal01/boots/repetition-01/lower/python312/lib/python3.12
d	755	1000	1000	4096	64	35960743	1785345402.5609763840	results/experiments/toolchain-environment/20260729T171551Z-toolchain-formal01/boots/repetition-01/lower/python312/lib/python3.12/site-packages
d	755	1000	1000	4096	64	35960747	1785345425.1013890650	results/experiments/toolchain-environment/20260729T171551Z-toolchain-formal01/boots/repetition-01/lower/python312/bin
d	755	1000	1000	4096	64	35960757	1785345425.0093873800	results/experiments/toolchain-environment/20260729T171551Z-toolchain-formal01/boots/repetition-01/lower/python312/lib/python3.12/site-packages/pip-24.0.dist-info
d	755	1000	1000	4096	64	35960773	1785345407.2610624020	results/experiments/toolchain-environment/20260729T171551Z-toolchain-formal01/boots/repetition-01/lower/python312/lib/python3.12/site-packages/pip
d	755	1000	1000	4096	64	35960781	1785345407.3480639940	results/experiments/toolchain-environment/20260729T171551Z-toolchain-formal01/boots/repetition-01/lower/python312/lib/python3.12/site-packages/pip/_internal
d	755	1000	1000	4096	64	35960789	1785345407.4500658610	results/experiments/toolchain-environment/20260729T171551Z-toolchain-formal01/boots/repetition-01/lower/python312/lib/python3.12/site-packages/pip/_internal/cli
d	755	1000	1000	4096	64	35960815	1785345407.8360729260	results/experiments/toolchain-environment/20260729T171551Z-toolchain-formal01/boots/repetition-01/lower/python312/lib/python3.12/site-packages/pip/_internal/commands
d	755	1000	1000	4096	64	35960855	1785345408.4360839090	results/experiments/toolchain-environment/20260729T171551Z-toolchain-formal01/boots/repetition-01/lower/python312/lib/python3.12/site-packages/pip/_internal/distributions
d	755	1000	1000	4096	64	35960869	1785345408.6310874780	results/experiments/toolchain-environment/20260729T171551Z-toolchain-formal01/boots/repetition-01/lower/python312/lib/python3.12/site-packages/pip/_internal/index
d	755	1000	1000	4096	64	35960879	1785345408.7670899670	results/experiments/toolchain-environment/20260729T171551Z-toolchain-formal01/boots/repetition-01/lower/python312/lib/python3.12/site-packages/pip/_internal/locations
d	755	1000	1000	4096	64	35960891	1785345408.9290929330	results/experiments/toolchain-environment/20260729T171551Z-toolchain-formal01/boots/repetition-01/lower/python312/lib/python3.12/site-packages/pip/_internal/metadata
d	755	1000	1000	4096	64	35960899	1785345409.0260947080	results/experiments/toolchain-environment/20260729T171551Z-toolchain-formal01/boots/repetition-01/lower/python312/lib/python3.12/site-packages/pip/_internal/metadata/importlib
d	755	1000	1000	4096	64	35960911	1785345409.1930977650	results/experiments/toolchain-environment/20260729T171551Z-toolchain-formal01/boots/repetition-01/lower/python312/lib/python3.12/site-packages/pip/_internal/models
d	755	1000	1000	4096	64	35960937	1785345409.5971051610	results/experiments/toolchain-environment/20260729T171551Z-toolchain-formal01/boots/repetition-01/lower/python312/lib/python3.12/site-packages/pip/_internal/network
d	755	1000	1000	4096	64	35960955	1785345409.9021107440	results/experiments/toolchain-environment/20260729T171551Z-toolchain-formal01/boots/repetition-01/lower/python312/lib/python3.12/site-packages/pip/_internal/operations
d	755	1000	1000	4096	64	35960959	1785345409.9421114760	results/experiments/toolchain-environment/20260729T171551Z-toolchain-formal01/boots/repetition-01/lower/python312/lib/python3.12/site-packages/pip/_internal/operations/build
d	755	1000	1000	4096	64	35960981	1785345410.2901178470	results/experiments/toolchain-environment/20260729T171551Z-toolchain-formal01/boots/repetition-01/lower/python312/lib/python3.12/site-packages/pip/_internal/operations/install
d	755	1000	1000	4096	64	35960993	1785345410.4571209040	results/experiments/toolchain-environment/20260729T171551Z-toolchain-formal01/boots/repetition-01/lower/python312/lib/python3.12/site-packages/pip/_internal/req
d	755	1000	1000	4096	64	35961007	1785345410.6581245830	results/experiments/toolchain-environment/20260729T171551Z-toolchain-formal01/boots/repetition-01/lower/python312/lib/python3.12/site-packages/pip/_internal/resolution
d	755	1000	1000	4096	64	35961013	1785345410.7221257550	results/experiments/toolchain-environment/20260729T171551Z-toolchain-formal01/boots/repetition-01/lower/python312/lib/python3.12/site-packages/pip/_internal/resolution/legacy
d	755	1000	1000	4096	64	35961019	1785345410.7951270910	results/experiments/toolchain-environment/20260729T171551Z-toolchain-formal01/boots/repetition-01/lower/python312/lib/python3.12/site-packages/pip/_internal/resolution/resolvelib
d	755	1000	1000	4096	64	35961041	1785345411.1431334620	results/experiments/toolchain-environment/20260729T171551Z-toolchain-formal01/boots/repetition-01/lower/python312/lib/python3.12/site-packages/pip/_internal/utils
d	755	1000	1000	4096	64	35961097	1785345411.9681485650	results/experiments/toolchain-environment/20260729T171551Z-toolchain-formal01/boots/repetition-01/lower/python312/lib/python3.12/site-packages/pip/_internal/vcs
d	755	1000	1000	4096	64	35961113	1785345412.1831525010	results/experiments/toolchain-environment/20260729T171551Z-toolchain-formal01/boots/repetition-01/lower/python312/lib/python3.12/site-packages/pip/_vendor
d	755	1000	1000	4096	64	35961117	1785345412.2091529780	results/experiments/toolchain-environment/20260729T171551Z-toolchain-formal01/boots/repetition-01/lower/python312/lib/python3.12/site-packages/pip/_vendor/cachecontrol
d	755	1000	1000	4096	64	35961127	1785345412.3191549910	results/experiments/toolchain-environment/20260729T171551Z-toolchain-formal01/boots/repetition-01/lower/python312/lib/python3.12/site-packages/pip/_vendor/cachecontrol/caches
d	755	1000	1000	4096	64	35961145	1785345412.5611594220	results/experiments/toolchain-environment/20260729T171551Z-toolchain-formal01/boots/repetition-01/lower/python312/lib/python3.12/site-packages/pip/_vendor/certifi
d	755	1000	1000	4096	64	35961155	1785345412.6441609410	results/experiments/toolchain-environment/20260729T171551Z-toolchain-formal01/boots/repetition-01/lower/python312/lib/python3.12/site-packages/pip/_vendor/chardet
d	755	1000	1000	4096	64	35961169	1785345412.8211641820	results/experiments/toolchain-environment/20260729T171551Z-toolchain-formal01/boots/repetition-01/lower/python312/lib/python3.12/site-packages/pip/_vendor/chardet/cli
d	755	1000	1000	4096	64	35961235	1785345414.0421865370	results/experiments/toolchain-environment/20260729T171551Z-toolchain-formal01/boots/repetition-01/lower/python312/lib/python3.12/site-packages/pip/_vendor/chardet/metadata
d	755	1000	1000	4096	64	35961257	1785345414.4521940440	results/experiments/toolchain-environment/20260729T171551Z-toolchain-formal01/boots/repetition-01/lower/python312/lib/python3.12/site-packages/pip/_vendor/colorama
d	755	1000	1000	4096	64	35961267	1785345414.6101969370	results/experiments/toolchain-environment/20260729T171551Z-toolchain-formal01/boots/repetition-01/lower/python312/lib/python3.12/site-packages/pip/_vendor/colorama/tests
d	755	1000	1000	4096	64	35961287	1785345414.9782036740	results/experiments/toolchain-environment/20260729T171551Z-toolchain-formal01/boots/repetition-01/lower/python312/lib/python3.12/site-packages/pip/_vendor/distlib
d	755	1000	1000	4096	64	35961315	1785345415.4452122250	results/experiments/toolchain-environment/20260729T171551Z-toolchain-formal01/boots/repetition-01/lower/python312/lib/python3.12/site-packages/pip/_vendor/distro
d	755	1000	1000	4096	64	35961323	1785345415.5432140200	results/experiments/toolchain-environment/20260729T171551Z-toolchain-formal01/boots/repetition-01/lower/python312/lib/python3.12/site-packages/pip/_vendor/idna
d	755	1000	1000	4096	64	35961341	1785345415.8812202080	results/experiments/toolchain-environment/20260729T171551Z-toolchain-formal01/boots/repetition-01/lower/python312/lib/python3.12/site-packages/pip/_vendor/msgpack
d	755	1000	1000	4096	64	35961351	1785345416.0292229180	results/experiments/toolchain-environment/20260729T171551Z-toolchain-formal01/boots/repetition-01/lower/python312/lib/python3.12/site-packages/pip/_vendor/packaging
d	755	1000	1000	4096	64	35961375	1785345416.4462305540	results/experiments/toolchain-environment/20260729T171551Z-toolchain-formal01/boots/repetition-01/lower/python312/lib/python3.12/site-packages/pip/_vendor/pkg_resources
d	755	1000	1000	4096	64	35961379	1785345416.4872313050	results/experiments/toolchain-environment/20260729T171551Z-toolchain-formal01/boots/repetition-01/lower/python312/lib/python3.12/site-packages/pip/_vendor/platformdirs
d	755	1000	1000	4096	64	35961397	1785345416.7922368900	results/experiments/toolchain-environment/20260729T171551Z-toolchain-formal01/boots/repetition-01/lower/python312/lib/python3.12/site-packages/pip/_vendor/pygments
d	755	1000	1000	4096	64	35961409	1785345416.9992406800	results/experiments/toolchain-environment/20260729T171551Z-toolchain-formal01/boots/repetition-01/lower/python312/lib/python3.12/site-packages/pip/_vendor/pygments/filters
d	755	1000	1000	4096	64	35961415	1785345417.0852422550	results/experiments/toolchain-environment/20260729T171551Z-toolchain-formal01/boots/repetition-01/lower/python312/lib/python3.12/site-packages/pip/_vendor/pygments/formatters
d	755	1000	1000	4096	64	35961447	1785345417.8072554760	results/experiments/toolchain-environment/20260729T171551Z-toolchain-formal01/boots/repetition-01/lower/python312/lib/python3.12/site-packages/pip/_vendor/pygments/lexers
d	755	1000	1000	4096	64	35961467	1785345418.2222630760	results/experiments/toolchain-environment/20260729T171551Z-toolchain-formal01/boots/repetition-01/lower/python312/lib/python3.12/site-packages/pip/_vendor/pygments/styles
d	755	1000	1000	4096	64	35961477	1785345418.4052664270	results/experiments/toolchain-environment/20260729T171551Z-toolchain-formal01/boots/repetition-01/lower/python312/lib/python3.12/site-packages/pip/_vendor/pyparsing
d	755	1000	1000	4096	64	35961487	1785345418.6222704010	results/experiments/toolchain-environment/20260729T171551Z-toolchain-formal01/boots/repetition-01/lower/python312/lib/python3.12/site-packages/pip/_vendor/pyparsing/diagram
d	755	1000	1000	4096	64	35961503	1785345418.9562765170	results/experiments/toolchain-environment/20260729T171551Z-toolchain-formal01/boots/repetition-01/lower/python312/lib/python3.12/site-packages/pip/_vendor/pyproject_hooks
d	755	1000	1000	4096	64	35961511	1785345419.0902789710	results/experiments/toolchain-environment/20260729T171551Z-toolchain-formal01/boots/repetition-01/lower/python312/lib/python3.12/site-packages/pip/_vendor/pyproject_hooks/_in_process
d	755	1000	1000	4096	64	35961517	1785345419.1842806920	results/experiments/toolchain-environment/20260729T171551Z-toolchain-formal01/boots/repetition-01/lower/python312/lib/python3.12/site-packages/pip/_vendor/requests
d	755	1000	1000	4096	64	35961555	1785345419.9382945010	results/experiments/toolchain-environment/20260729T171551Z-toolchain-formal01/boots/repetition-01/lower/python312/lib/python3.12/site-packages/pip/_vendor/resolvelib
d	755	1000	1000	4096	64	35961559	1785345419.9802952700	results/experiments/toolchain-environment/20260729T171551Z-toolchain-formal01/boots/repetition-01/lower/python312/lib/python3.12/site-packages/pip/_vendor/resolvelib/compat
d	755	1000	1000	4096	64	35961573	1785345420.2372999770	results/experiments/toolchain-environment/20260729T171551Z-toolchain-formal01/boots/repetition-01/lower/python312/lib/python3.12/site-packages/pip/_vendor/rich
d	755	1000	1000	4096	64	35961731	1785345422.9533497200	results/experiments/toolchain-environment/20260729T171551Z-toolchain-formal01/boots/repetition-01/lower/python312/lib/python3.12/site-packages/pip/_vendor/tenacity
d	755	1000	1000	4096	64	35961755	1785345423.2663554540	results/experiments/toolchain-environment/20260729T171551Z-toolchain-formal01/boots/repetition-01/lower/python312/lib/python3.12/site-packages/pip/_vendor/tomli
d	755	1000	1000	4096	64	35961765	1785345423.3783575050	results/experiments/toolchain-environment/20260729T171551Z-toolchain-formal01/boots/repetition-01/lower/python312/lib/python3.12/site-packages/pip/_vendor/truststore
d	755	1000	1000	4096	64	35961781	1785345423.5923614250	results/experiments/toolchain-environment/20260729T171551Z-toolchain-formal01/boots/repetition-01/lower/python312/lib/python3.12/site-packages/pip/_vendor/urllib3
d	755	1000	1000	4096	64	35961793	1785345423.7383640990	results/experiments/toolchain-environment/20260729T171551Z-toolchain-formal01/boots/repetition-01/lower/python312/lib/python3.12/site-packages/pip/_vendor/urllib3/contrib
d	755	1000	1000	4096	64	35961799	1785345423.8033652890	results/experiments/toolchain-environment/20260729T171551Z-toolchain-formal01/boots/repetition-01/lower/python312/lib/python3.12/site-packages/pip/_vendor/urllib3/contrib/_securetransport
d	755	1000	1000	4096	64	35961823	1785345424.1533717000	results/experiments/toolchain-environment/20260729T171551Z-toolchain-formal01/boots/repetition-01/lower/python312/lib/python3.12/site-packages/pip/_vendor/urllib3/packages
d	755	1000	1000	4096	64	35961827	1785345424.1843722690	results/experiments/toolchain-environment/20260729T171551Z-toolchain-formal01/boots/repetition-01/lower/python312/lib/python3.12/site-packages/pip/_vendor/urllib3/packages/backports
d	755	1000	1000	4096	64	35961843	1785345424.4153765000	results/experiments/toolchain-environment/20260729T171551Z-toolchain-formal01/boots/repetition-01/lower/python312/lib/python3.12/site-packages/pip/_vendor/urllib3/util
d	755	1000	1000	4096	64	35961873	1785345424.8313841200	results/experiments/toolchain-environment/20260729T171551Z-toolchain-formal01/boots/repetition-01/lower/python312/lib/python3.12/site-packages/pip/_vendor/webencodings
d	755	1000	1000	4096	64	35961887	1785345407.3250635730	results/experiments/toolchain-environment/20260729T171551Z-toolchain-formal01/boots/repetition-01/lower/python312/lib/python3.12/site-packages/pip/__pycache__
d	755	1000	1000	4096	64	35961895	1785345412.1681522270	results/experiments/toolchain-environment/20260729T171551Z-toolchain-formal01/boots/repetition-01/lower/python312/lib/python3.12/site-packages/pip/_internal/__pycache__
d	755	1000	1000	4096	64	35961903	1785345407.8140725230	results/experiments/toolchain-environment/20260729T171551Z-toolchain-formal01/boots/repetition-01/lower/python312/lib/python3.12/site-packages/pip/_internal/cli/__pycache__
d	755	1000	1000	4096	64	35961929	1785345408.3870830120	results/experiments/toolchain-environment/20260729T171551Z-toolchain-formal01/boots/repetition-01/lower/python312/lib/python3.12/site-packages/pip/_internal/commands/__pycache__
d	755	1000	1000	4096	64	35961969	1785345408.5780865080	results/experiments/toolchain-environment/20260729T171551Z-toolchain-formal01/boots/repetition-01/lower/python312/lib/python3.12/site-packages/pip/_internal/distributions/__pycache__
d	755	1000	1000	4096	64	35961983	1785345408.7460895830	results/experiments/toolchain-environment/20260729T171551Z-toolchain-formal01/boots/repetition-01/lower/python312/lib/python3.12/site-packages/pip/_internal/index/__pycache__
d	755	1000	1000	4096	64	35961993	1785345408.8800920360	results/experiments/toolchain-environment/20260729T171551Z-toolchain-formal01/boots/repetition-01/lower/python312/lib/python3.12/site-packages/pip/_internal/locations/__pycache__
d	755	1000	1000	4096	64	35962005	1785345409.1750974360	results/experiments/toolchain-environment/20260729T171551Z-toolchain-formal01/boots/repetition-01/lower/python312/lib/python3.12/site-packages/pip/_internal/metadata/__pycache__
d	755	1000	1000	4096	64	35962013	1785345409.1430968500	results/experiments/toolchain-environment/20260729T171551Z-toolchain-formal01/boots/repetition-01/lower/python312/lib/python3.12/site-packages/pip/_internal/metadata/importlib/__pycache__
d	755	1000	1000	4096	64	35962025	1785345409.5731047220	results/experiments/toolchain-environment/20260729T171551Z-toolchain-formal01/boots/repetition-01/lower/python312/lib/python3.12/site-packages/pip/_internal/models/__pycache__
d	755	1000	1000	4096	64	35962051	1785345409.8801103410	results/experiments/toolchain-environment/20260729T171551Z-toolchain-formal01/boots/repetition-01/lower/python312/lib/python3.12/site-packages/pip/_internal/network/__pycache__
d	755	1000	1000	4096	64	35962069	1785345410.4111200620	results/experiments/toolchain-environment/20260729T171551Z-toolchain-formal01/boots/repetition-01/lower/python312/lib/python3.12/site-packages/pip/_internal/operations/__pycache__
d	755	1000	1000	4096	64	35962073	1785345410.2081163460	results/experiments/toolchain-environment/20260729T171551Z-toolchain-formal01/boots/repetition-01/lower/python312/lib/python3.12/site-packages/pip/_internal/operations/build/__pycache__
d	755	1000	1000	4096	64	35962095	1785345410.3771194390	results/experiments/toolchain-environment/20260729T171551Z-toolchain-formal01/boots/repetition-01/lower/python312/lib/python3.12/site-packages/pip/_internal/operations/install/__pycache__
d	755	1000	1000	4096	64	35962107	1785345410.6401242540	results/experiments/toolchain-environment/20260729T171551Z-toolchain-formal01/boots/repetition-01/lower/python312/lib/python3.12/site-packages/pip/_internal/req/__pycache__
d	755	1000	1000	4096	64	35962121	1785345410.7001253520	results/experiments/toolchain-environment/20260729T171551Z-toolchain-formal01/boots/repetition-01/lower/python312/lib/python3.12/site-packages/pip/_internal/resolution/__pycache__
d	755	1000	1000	4096	64	35962127	1785345410.7721266700	results/experiments/toolchain-environment/20260729T171551Z-toolchain-formal01/boots/repetition-01/lower/python312/lib/python3.12/site-packages/pip/_internal/resolution/legacy/__pycache__
d	755	1000	1000	4096	64	35962133	1785345411.0931325470	results/experiments/toolchain-environment/20260729T171551Z-toolchain-formal01/boots/repetition-01/lower/python312/lib/python3.12/site-packages/pip/_internal/resolution/resolvelib/__pycache__
d	755	1000	1000	4096	64	35962155	1785345411.9491482170	results/experiments/toolchain-environment/20260729T171551Z-toolchain-formal01/boots/repetition-01/lower/python312/lib/python3.12/site-packages/pip/_internal/utils/__pycache__
d	755	1000	1000	4096	64	35962211	1785345412.1421517510	results/experiments/toolchain-environment/20260729T171551Z-toolchain-formal01/boots/repetition-01/lower/python312/lib/python3.12/site-packages/pip/_internal/vcs/__pycache__
d	755	1000	1000	4096	64	35962227	1785345423.5763611310	results/experiments/toolchain-environment/20260729T171551Z-toolchain-formal01/boots/repetition-01/lower/python312/lib/python3.12/site-packages/pip/_vendor/__pycache__
d	755	1000	1000	4096	64	35962231	1785345412.5451591290	results/experiments/toolchain-environment/20260729T171551Z-toolchain-formal01/boots/repetition-01/lower/python312/lib/python3.12/site-packages/pip/_vendor/cachecontrol/__pycache__
d	755	1000	1000	4096	64	35962241	1785345412.4001564740	results/experiments/toolchain-environment/20260729T171551Z-toolchain-formal01/boots/repetition-01/lower/python312/lib/python3.12/site-packages/pip/_vendor/cachecontrol/caches/__pycache__
d	755	1000	1000	4096	64	35962259	1785345412.6271606300	results/experiments/toolchain-environment/20260729T171551Z-toolchain-formal01/boots/repetition-01/lower/python312/lib/python3.12/site-packages/pip/_vendor/certifi/__pycache__
d	755	1000	1000	4096	64	35962267	1785345414.4281936040	results/experiments/toolchain-environment/20260729T171551Z-toolchain-formal01/boots/repetition-01/lower/python312/lib/python3.12/site-packages/pip/_vendor/chardet/__pycache__
d	755	1000	1000	4096	64	35962281	1785345412.8671650240	results/experiments/toolchain-environment/20260729T171551Z-toolchain-formal01/boots/repetition-01/lower/python312/lib/python3.12/site-packages/pip/_vendor/chardet/cli/__pycache__
d	755	1000	1000	4096	64	35962347	1785345414.1031876530	results/experiments/toolchain-environment/20260729T171551Z-toolchain-formal01/boots/repetition-01/lower/python312/lib/python3.12/site-packages/pip/_vendor/chardet/metadata/__pycache__
d	755	1000	1000	4096	64	35962369	1785345414.9552032540	results/experiments/toolchain-environment/20260729T171551Z-toolchain-formal01/boots/repetition-01/lower/python312/lib/python3.12/site-packages/pip/_vendor/colorama/__pycache__
d	755	1000	1000	4096	64	35962379	1785345414.8852019720	results/experiments/toolchain-environment/20260729T171551Z-toolchain-formal01/boots/repetition-01/lower/python312/lib/python3.12/site-packages/pip/_vendor/colorama/tests/__pycache__
d	755	1000	1000	4096	64	35962399	1785345415.4272118950	results/experiments/toolchain-environment/20260729T171551Z-toolchain-formal01/boots/repetition-01/lower/python312/lib/python3.12/site-packages/pip/_vendor/distlib/__pycache__
d	755	1000	1000	4096	64	35962427	1785345415.5232136530	results/experiments/toolchain-environment/20260729T171551Z-toolchain-formal01/boots/repetition-01/lower/python312/lib/python3.12/site-packages/pip/_vendor/distro/__pycache__
d	755	1000	1000	4096	64	35962435	1785345415.8562197510	results/experiments/toolchain-environment/20260729T171551Z-toolchain-formal01/boots/repetition-01/lower/python312/lib/python3.12/site-packages/pip/_vendor/idna/__pycache__
d	755	1000	1000	4096	64	35962453	1785345416.0072225160	results/experiments/toolchain-environment/20260729T171551Z-toolchain-formal01/boots/repetition-01/lower/python312/lib/python3.12/site-packages/pip/_vendor/msgpack/__pycache__
d	755	1000	1000	4096	64	35962463	1785345416.4112299140	results/experiments/toolchain-environment/20260729T171551Z-toolchain-formal01/boots/repetition-01/lower/python312/lib/python3.12/site-packages/pip/_vendor/packaging/__pycache__
d	755	1000	1000	4096	64	35962487	1785345416.4632308650	results/experiments/toolchain-environment/20260729T171551Z-toolchain-formal01/boots/repetition-01/lower/python312/lib/python3.12/site-packages/pip/_vendor/pkg_resources/__pycache__
d	755	1000	1000	4096	64	35962491	1785345416.7682364500	results/experiments/toolchain-environment/20260729T171551Z-toolchain-formal01/boots/repetition-01/lower/python312/lib/python3.12/site-packages/pip/_vendor/platformdirs/__pycache__
d	755	1000	1000	4096	64	35962509	1785345418.3752658780	results/experiments/toolchain-environment/20260729T171551Z-toolchain-formal01/boots/repetition-01/lower/python312/lib/python3.12/site-packages/pip/_vendor/pygments/__pycache__
d	755	1000	1000	4096	64	35962521	1785345417.0162409910	results/experiments/toolchain-environment/20260729T171551Z-toolchain-formal01/boots/repetition-01/lower/python312/lib/python3.12/site-packages/pip/_vendor/pygments/filters/__pycache__
d	755	1000	1000	4096	64	35962527	1785345417.7282540290	results/experiments/toolchain-environment/20260729T171551Z-toolchain-formal01/boots/repetition-01/lower/python312/lib/python3.12/site-packages/pip/_vendor/pygments/formatters/__pycache__
d	755	1000	1000	4096	64	35962559	1785345417.9352578200	results/experiments/toolchain-environment/20260729T171551Z-toolchain-formal01/boots/repetition-01/lower/python312/lib/python3.12/site-packages/pip/_vendor/pygments/lexers/__pycache__
d	755	1000	1000	4096	64	35962579	1785345418.2402634050	results/experiments/toolchain-environment/20260729T171551Z-toolchain-formal01/boots/repetition-01/lower/python312/lib/python3.12/site-packages/pip/_vendor/pygments/styles/__pycache__
d	755	1000	1000	4096	64	35962589	1785345418.9292760230	results/experiments/toolchain-environment/20260729T171551Z-toolchain-formal01/boots/repetition-01/lower/python312/lib/python3.12/site-packages/pip/_vendor/pyparsing/__pycache__
d	755	1000	1000	4096	64	35962599	1785345418.6412707480	results/experiments/toolchain-environment/20260729T171551Z-toolchain-formal01/boots/repetition-01/lower/python312/lib/python3.12/site-packages/pip/_vendor/pyparsing/diagram/__pycache__
d	755	1000	1000	4096	64	35962615	1785345419.0612784400	results/experiments/toolchain-environment/20260729T171551Z-toolchain-formal01/boots/repetition-01/lower/python312/lib/python3.12/site-packages/pip/_vendor/pyproject_hooks/__pycache__
d	755	1000	1000	4096	64	35962623	1785345419.1582802160	results/experiments/toolchain-environment/20260729T171551Z-toolchain-formal01/boots/repetition-01/lower/python312/lib/python3.12/site-packages/pip/_vendor/pyproject_hooks/_in_process/__pycache__
d	755	1000	1000	4096	64	35962629	1785345419.9142940610	results/experiments/toolchain-environment/20260729T171551Z-toolchain-formal01/boots/repetition-01/lower/python312/lib/python3.12/site-packages/pip/_vendor/requests/__pycache__
d	755	1000	1000	4096	64	35962667	1785345420.2082994460	results/experiments/toolchain-environment/20260729T171551Z-toolchain-formal01/boots/repetition-01/lower/python312/lib/python3.12/site-packages/pip/_vendor/resolvelib/__pycache__
d	755	1000	1000	4096	64	35962671	1785345420.0419658250	results/experiments/toolchain-environment/20260729T171551Z-toolchain-formal01/boots/repetition-01/lower/python312/lib/python3.12/site-packages/pip/_vendor/resolvelib/compat/__pycache__
d	755	1000	1000	4096	64	35962685	1785345422.9033488050	results/experiments/toolchain-environment/20260729T171551Z-toolchain-formal01/boots/repetition-01/lower/python312/lib/python3.12/site-packages/pip/_vendor/rich/__pycache__
d	755	1000	1000	4096	64	35962843	1785345423.2493551420	results/experiments/toolchain-environment/20260729T171551Z-toolchain-formal01/boots/repetition-01/lower/python312/lib/python3.12/site-packages/pip/_vendor/tenacity/__pycache__
d	755	1000	1000	4096	64	35962867	1785345423.3623572120	results/experiments/toolchain-environment/20260729T171551Z-toolchain-formal01/boots/repetition-01/lower/python312/lib/python3.12/site-packages/pip/_vendor/tomli/__pycache__
d	755	1000	1000	4096	64	35962877	1785345423.5363603990	results/experiments/toolchain-environment/20260729T171551Z-toolchain-formal01/boots/repetition-01/lower/python312/lib/python3.12/site-packages/pip/_vendor/truststore/__pycache__
d	755	1000	1000	4096	64	35962893	1785345424.3963761520	results/experiments/toolchain-environment/20260729T171551Z-toolchain-formal01/boots/repetition-01/lower/python312/lib/python3.12/site-packages/pip/_vendor/urllib3/__pycache__
d	755	1000	1000	4096	64	35962905	1785345424.0493697950	results/experiments/toolchain-environment/20260729T171551Z-toolchain-formal01/boots/repetition-01/lower/python312/lib/python3.12/site-packages/pip/_vendor/urllib3/contrib/__pycache__
d	755	1000	1000	4096	64	35962911	1785345423.8863668100	results/experiments/toolchain-environment/20260729T171551Z-toolchain-formal01/boots/repetition-01/lower/python312/lib/python3.12/site-packages/pip/_vendor/urllib3/contrib/_securetransport/__pycache__
d	755	1000	1000	4096	64	35962935	1785345424.3043744660	results/experiments/toolchain-environment/20260729T171551Z-toolchain-formal01/boots/repetition-01/lower/python312/lib/python3.12/site-packages/pip/_vendor/urllib3/packages/__pycache__
d	755	1000	1000	4096	64	35962939	1785345424.2683738070	results/experiments/toolchain-environment/20260729T171551Z-toolchain-formal01/boots/repetition-01/lower/python312/lib/python3.12/site-packages/pip/_vendor/urllib3/packages/backports/__pycache__
d	755	1000	1000	4096	64	35962955	1785345424.8113837530	results/experiments/toolchain-environment/20260729T171551Z-toolchain-formal01/boots/repetition-01/lower/python312/lib/python3.12/site-packages/pip/_vendor/urllib3/util/__pycache__
d	755	1000	1000	4096	64	35962983	1785345424.9533863540	results/experiments/toolchain-environment/20260729T171551Z-toolchain-formal01/boots/repetition-01/lower/python312/lib/python3.12/site-packages/pip/_vendor/webencodings/__pycache__
f	644	1000	1000	0	64	35956505	1785345362.2442392960	results/experiments/toolchain-environment/20260729T171551Z-toolchain-formal01/boots/repetition-01/lower/python310/lib/python3.10/site-packages/pkg_resources/py.typed
f	644	1000	1000	0	64	35956509	1785345362.2512394240	results/experiments/toolchain-environment/20260729T171551Z-toolchain-formal01/boots/repetition-01/lower/python310/lib/python3.10/site-packages/pkg_resources/tests/__init__.py
f	644	1000	1000	0	64	35956527	1785345362.3092404830	results/experiments/toolchain-environment/20260729T171551Z-toolchain-formal01/boots/repetition-01/lower/python310/lib/python3.10/site-packages/pkg_resources/tests/data/my-test-package-source/setup.cfg
f	644	1000	1000	0	64	35956849	1785345363.5182625670	results/experiments/toolchain-environment/20260729T171551Z-toolchain-formal01/boots/repetition-01/lower/python310/lib/python3.10/site-packages/setuptools/_distutils/tests/test_versionpredicate.py
f	644	1000	1000	0	64	35956855	1785345363.5372629140	results/experiments/toolchain-environment/20260729T171551Z-toolchain-formal01/boots/repetition-01/lower/python310/lib/python3.10/site-packages/setuptools/_distutils/tests/compat/__init__.py
f	644	1000	1000	0	64	35956889	1785345363.6522650140	results/experiments/toolchain-environment/20260729T171551Z-toolchain-formal01/boots/repetition-01/lower/python310/lib/python3.10/site-packages/setuptools/_vendor/backports/tarfile/compat/__init__.py
f	644	1000	1000	0	64	35956913	1785345363.7522668410	results/experiments/toolchain-environment/20260729T171551Z-toolchain-formal01/boots/repetition-01/lower/python310/lib/python3.10/site-packages/setuptools/_vendor/importlib_metadata/py.typed
f	644	1000	1000	0	64	35956917	1785345363.7622670230	results/experiments/toolchain-environment/20260729T171551Z-toolchain-formal01/boots/repetition-01/lower/python310/lib/python3.10/site-packages/setuptools/_vendor/importlib_metadata/compat/__init__.py
f	644	1000	1000	0	64	35956927	1785345363.8022677540	results/experiments/toolchain-environment/20260729T171551Z-toolchain-formal01/boots/repetition-01/lower/python310/lib/python3.10/site-packages/setuptools/_vendor/inflect/py.typed
f	644	1000	1000	0	64	35956931	1785345363.8122679370	results/experiments/toolchain-environment/20260729T171551Z-toolchain-formal01/boots/repetition-01/lower/python310/lib/python3.10/site-packages/setuptools/_vendor/inflect/compat/__init__.py
f	644	1000	1000	0	64	35956943	1785345363.8532686860	results/experiments/toolchain-environment/20260729T171551Z-toolchain-formal01/boots/repetition-01/lower/python310/lib/python3.10/site-packages/setuptools/_vendor/jaraco/collections/py.typed
f	644	1000	1000	0	64	35956951	1785345363.8832692340	results/experiments/toolchain-environment/20260729T171551Z-toolchain-formal01/boots/repetition-01/lower/python310/lib/python3.10/site-packages/setuptools/_vendor/jaraco/functools/py.typed
f	644	1000	1000	0	64	35956979	1785345364.0032714260	results/experiments/toolchain-environment/20260729T171551Z-toolchain-formal01/boots/repetition-01/lower/python310/lib/python3.10/site-packages/setuptools/_vendor/more_itertools/py.typed
f	644	1000	1000	0	64	35957005	1785345364.1142734530	results/experiments/toolchain-environment/20260729T171551Z-toolchain-formal01/boots/repetition-01/lower/python310/lib/python3.10/site-packages/setuptools/_vendor/packaging/py.typed
f	644	1000	1000	0	64	35957035	1785345364.2342756450	results/experiments/toolchain-environment/20260729T171551Z-toolchain-formal01/boots/repetition-01/lower/python310/lib/python3.10/site-packages/setuptools/_vendor/platformdirs/py.typed
f	644	1000	1000	0	64	35957089	1785345364.4792801210	results/experiments/toolchain-environment/20260729T171551Z-toolchain-formal01/boots/repetition-01/lower/python310/lib/python3.10/site-packages/setuptools/_vendor/typeguard/py.typed
f	644	1000	1000	0	64	35957125	1785345364.6112825320	results/experiments/toolchain-environment/20260729T171551Z-toolchain-formal01/boots/repetition-01/lower/python310/lib/python3.10/site-packages/setuptools/_vendor/wheel/vendored/__init__.py
f	644	1000	1000	0	64	35957137	1785345364.6752837010	results/experiments/toolchain-environment/20260729T171551Z-toolchain-formal01/boots/repetition-01/lower/python310/lib/python3.10/site-packages/setuptools/_vendor/wheel/vendored/packaging/__init__.py
f	644	1000	1000	0	64	35957171	1785345364.8662871910	results/experiments/toolchain-environment/20260729T171551Z-toolchain-formal01/boots/repetition-01/lower/python310/lib/python3.10/site-packages/setuptools/_vendor/zipp/compat/__init__.py
f	644	1000	1000	0	64	35957229	1785345365.0902912820	results/experiments/toolchain-environment/20260729T171551Z-toolchain-formal01/boots/repetition-01/lower/python310/lib/python3.10/site-packages/setuptools/compat/__init__.py
f	644	1000	1000	0	64	35957373	1785345365.7343030470	results/experiments/toolchain-environment/20260729T171551Z-toolchain-formal01/boots/repetition-01/lower/python310/lib/python3.10/site-packages/setuptools/tests/compat/__init__.py
f	644	1000	1000	0	64	35957379	1785345365.7533033940	results/experiments/toolchain-environment/20260729T171551Z-toolchain-formal01/boots/repetition-01/lower/python310/lib/python3.10/site-packages/setuptools/tests/config/__init__.py
f	644	1000	1000	0	64	35957413	1785345365.8753056220	results/experiments/toolchain-environment/20260729T171551Z-toolchain-formal01/boots/repetition-01/lower/python310/lib/python3.10/site-packages/setuptools/tests/integration/__init__.py
f	644	1000	1000	0	64	35957457	1785345366.0253083630	results/experiments/toolchain-environment/20260729T171551Z-toolchain-formal01/boots/repetition-01/lower/python310/lib/python3.10/site-packages/setuptools/_vendor/backports.tarfile-1.2.0.dist-info/REQUESTED
f	644	1000	1000	0	64	35957473	1785345366.0923095870	results/experiments/toolchain-environment/20260729T171551Z-toolchain-formal01/boots/repetition-01/lower/python310/lib/python3.10/site-packages/setuptools/_vendor/importlib_metadata-8.0.0.dist-info/REQUESTED
f	644	1000	1000	0	64	35957503	1785345366.2293120900	results/experiments/toolchain-environment/20260729T171551Z-toolchain-formal01/boots/repetition-01/lower/python310/lib/python3.10/site-packages/setuptools/_vendor/jaraco.collections-5.1.0.dist-info/REQUESTED
f	644	1000	1000	0	64	35957547	1785345366.4253156710	results/experiments/toolchain-environment/20260729T171551Z-toolchain-formal01/boots/repetition-01/lower/python310/lib/python3.10/site-packages/setuptools/_vendor/jaraco.text-3.12.1.dist-info/REQUESTED
f	644	1000	1000	0	64	35957563	1785345366.4943169310	results/experiments/toolchain-environment/20260729T171551Z-toolchain-formal01/boots/repetition-01/lower/python310/lib/python3.10/site-packages/setuptools/_vendor/more_itertools-10.3.0.dist-info/REQUESTED
f	644	1000	1000	0	64	35957581	1785345366.5733183740	results/experiments/toolchain-environment/20260729T171551Z-toolchain-formal01/boots/repetition-01/lower/python310/lib/python3.10/site-packages/setuptools/_vendor/packaging-24.2.dist-info/REQUESTED
f	644	1000	1000	0	64	35957591	1785345366.6243193060	results/experiments/toolchain-environment/20260729T171551Z-toolchain-formal01/boots/repetition-01/lower/python310/lib/python3.10/site-packages/setuptools/_vendor/platformdirs-4.2.2.dist-info/REQUESTED
f	644	1000	1000	0	64	35957605	1785345366.6863204390	results/experiments/toolchain-environment/20260729T171551Z-toolchain-formal01/boots/repetition-01/lower/python310/lib/python3.10/site-packages/setuptools/_vendor/tomli-2.0.1.dist-info/REQUESTED
f	644	1000	1000	0	64	35957647	1785345366.8663237270	results/experiments/toolchain-environment/20260729T171551Z-toolchain-formal01/boots/repetition-01/lower/python310/lib/python3.10/site-packages/setuptools/_vendor/wheel-0.45.1.dist-info/REQUESTED
f	644	1000	1000	0	64	35957663	1785345366.9383250420	results/experiments/toolchain-environment/20260729T171551Z-toolchain-formal01/boots/repetition-01/lower/python310/lib/python3.10/site-packages/setuptools/_vendor/zipp-3.19.2.dist-info/REQUESTED
f	644	1000	1000	0	64	35958479	1785345378.3695339380	results/experiments/toolchain-environment/20260729T171551Z-toolchain-formal01/boots/repetition-01/lower/python310/lib/python3.10/site-packages/setuptools-79.0.1.dist-info/REQUESTED
f	644	1000	1000	0	64	35958673	1785345379.0435462580	results/experiments/toolchain-environment/20260729T171551Z-toolchain-formal01/boots/repetition-01/lower/python310/lib/python3.10/site-packages/pip/_internal/operations/__init__.py
f	644	1000	1000	0	64	35958683	1785345379.0755468430	results/experiments/toolchain-environment/20260729T171551Z-toolchain-formal01/boots/repetition-01/lower/python310/lib/python3.10/site-packages/pip/_internal/operations/build/__init__.py
f	644	1000	1000	0	64	35958725	1785345379.2295496580	results/experiments/toolchain-environment/20260729T171551Z-toolchain-formal01/boots/repetition-01/lower/python310/lib/python3.10/site-packages/pip/_internal/resolution/__init__.py
f	644	1000	1000	0	64	35958731	1785345379.2455499510	results/experiments/toolchain-environment/20260729T171551Z-toolchain-formal01/boots/repetition-01/lower/python310/lib/python3.10/site-packages/pip/_internal/resolution/legacy/__init__.py
f	644	1000	1000	0	64	35958737	1785345379.2635502800	results/experiments/toolchain-environment/20260729T171551Z-toolchain-formal01/boots/repetition-01/lower/python310/lib/python3.10/site-packages/pip/_internal/resolution/resolvelib/__init__.py
f	644	1000	1000	0	64	35958757	1785345379.3405516870	results/experiments/toolchain-environment/20260729T171551Z-toolchain-formal01/boots/repetition-01/lower/python310/lib/python3.10/site-packages/pip/_internal/utils/__init__.py
f	644	1000	1000	0	64	35958969	1785345380.1255660370	results/experiments/toolchain-environment/20260729T171551Z-toolchain-formal01/boots/repetition-01/lower/python310/lib/python3.10/site-packages/pip/_vendor/chardet/cli/__init__.py
f	644	1000	1000	0	64	35958975	1785345380.1425663480	results/experiments/toolchain-environment/20260729T171551Z-toolchain-formal01/boots/repetition-01/lower/python310/lib/python3.10/site-packages/pip/_vendor/chardet/metadata/__init__.py
f	644	1000	1000	0	64	35959305	1785345381.3835890350	results/experiments/toolchain-environment/20260729T171551Z-toolchain-formal01/boots/repetition-01/lower/python310/lib/python3.10/site-packages/pip/_vendor/resolvelib/compat/__init__.py
f	644	1000	1000	0	64	35959523	1785345382.3146060560	results/experiments/toolchain-environment/20260729T171551Z-toolchain-formal01/boots/repetition-01/lower/python310/lib/python3.10/site-packages/pip/_vendor/urllib3/contrib/__init__.py
f	644	1000	1000	0	64	35959539	1785345382.3766071900	results/experiments/toolchain-environment/20260729T171551Z-toolchain-formal01/boots/repetition-01/lower/python310/lib/python3.10/site-packages/pip/_vendor/urllib3/contrib/_securetransport/__init__.py
f	644	1000	1000	0	64	35959547	1785345382.4056077200	results/experiments/toolchain-environment/20260729T171551Z-toolchain-formal01/boots/repetition-01/lower/python310/lib/python3.10/site-packages/pip/_vendor/urllib3/packages/__init__.py
f	644	1000	1000	0	64	35959553	1785345382.4246080670	results/experiments/toolchain-environment/20260729T171551Z-toolchain-formal01/boots/repetition-01/lower/python310/lib/python3.10/site-packages/pip/_vendor/urllib3/packages/backports/__init__.py
f	644	1000	1000	0	64	35960719	1785345397.9468919570	results/experiments/toolchain-environment/20260729T171551Z-toolchain-formal01/boots/repetition-01/lower/python310/lib/python3.10/site-packages/pip-23.0.1.dist-info/REQUESTED
f	644	1000	1000	0	64	35960957	1785345403.4109919380	results/experiments/toolchain-environment/20260729T171551Z-toolchain-formal01/boots/repetition-01/lower/python312/lib/python3.12/site-packages/pip/_internal/operations/__init__.py
f	644	1000	1000	0	64	35960961	1785345403.4219921400	results/experiments/toolchain-environment/20260729T171551Z-toolchain-formal01/boots/repetition-01/lower/python312/lib/python3.12/site-packages/pip/_internal/operations/build/__init__.py
f	644	1000	1000	0	64	35961009	1785345403.6499963120	results/experiments/toolchain-environment/20260729T171551Z-toolchain-formal01/boots/repetition-01/lower/python312/lib/python3.12/site-packages/pip/_internal/resolution/__init__.py
f	644	1000	1000	0	64	35961015	1785345403.6719967150	results/experiments/toolchain-environment/20260729T171551Z-toolchain-formal01/boots/repetition-01/lower/python312/lib/python3.12/site-packages/pip/_internal/resolution/legacy/__init__.py
f	644	1000	1000	0	64	35961021	1785345403.6939971170	results/experiments/toolchain-environment/20260729T171551Z-toolchain-formal01/boots/repetition-01/lower/python312/lib/python3.12/site-packages/pip/_internal/resolution/resolvelib/__init__.py
f	644	1000	1000	0	64	35961043	1785345403.7949989660	results/experiments/toolchain-environment/20260729T171551Z-toolchain-formal01/boots/repetition-01/lower/python312/lib/python3.12/site-packages/pip/_internal/utils/__init__.py
f	644	1000	1000	0	64	35961171	1785345404.3050083000	results/experiments/toolchain-environment/20260729T171551Z-toolchain-formal01/boots/repetition-01/lower/python312/lib/python3.12/site-packages/pip/_vendor/chardet/cli/__init__.py
f	644	1000	1000	0	64	35961237	1785345404.5920135520	results/experiments/toolchain-environment/20260729T171551Z-toolchain-formal01/boots/repetition-01/lower/python312/lib/python3.12/site-packages/pip/_vendor/chardet/metadata/__init__.py
f	644	1000	1000	0	64	35961561	1785345405.8300362100	results/experiments/toolchain-environment/20260729T171551Z-toolchain-formal01/boots/repetition-01/lower/python312/lib/python3.12/site-packages/pip/_vendor/resolvelib/compat/__init__.py
f	644	1000	1000	0	64	35961795	1785345406.8120541830	results/experiments/toolchain-environment/20260729T171551Z-toolchain-formal01/boots/repetition-01/lower/python312/lib/python3.12/site-packages/pip/_vendor/urllib3/contrib/__init__.py
f	644	1000	1000	0	64	35961801	1785345406.8320545490	results/experiments/toolchain-environment/20260729T171551Z-toolchain-formal01/boots/repetition-01/lower/python312/lib/python3.12/site-packages/pip/_vendor/urllib3/contrib/_securetransport/__init__.py
f	644	1000	1000	0	64	35961825	1785345406.9400565260	results/experiments/toolchain-environment/20260729T171551Z-toolchain-formal01/boots/repetition-01/lower/python312/lib/python3.12/site-packages/pip/_vendor/urllib3/packages/__init__.py
f	644	1000	1000	0	64	35961829	1785345406.9530567640	results/experiments/toolchain-environment/20260729T171551Z-toolchain-formal01/boots/repetition-01/lower/python312/lib/python3.12/site-packages/pip/_vendor/urllib3/packages/backports/__init__.py
f	644	1000	1000	0	64	35963003	1785345424.9833869040	results/experiments/toolchain-environment/20260729T171551Z-toolchain-formal01/boots/repetition-01/lower/python312/lib/python3.12/site-packages/pip-24.0.dist-info/REQUESTED
f	644	1000	1000	1	64	35956545	1785345362.3772417250	results/experiments/toolchain-environment/20260729T171551Z-toolchain-formal01/boots/repetition-01/lower/python310/lib/python3.10/site-packages/pkg_resources/tests/data/my-test-package_unpacked-egg/my_test_package-1.0-py3.7.egg/EGG-INFO/dependency_links.txt
f	644	1000	1000	1	64	35956547	1785345362.3911038820	results/experiments/toolchain-environment/20260729T171551Z-toolchain-formal01/boots/repetition-01/lower/python310/lib/python3.10/site-packages/pkg_resources/tests/data/my-test-package_unpacked-egg/my_test_package-1.0-py3.7.egg/EGG-INFO/top_level.txt
f	644	1000	1000	1	64	35956549	1785345362.4034444270	results/experiments/toolchain-environment/20260729T171551Z-toolchain-formal01/boots/repetition-01/lower/python310/lib/python3.10/site-packages/pkg_resources/tests/data/my-test-package_unpacked-egg/my_test_package-1.0-py3.7.egg/EGG-INFO/zip-safe
f	644	1000	1000	10	64	35957461	1785345366.0445123280	results/experiments/toolchain-environment/20260729T171551Z-toolchain-formal01/boots/repetition-01/lower/python310/lib/python3.10/site-packages/setuptools/_vendor/backports.tarfile-1.2.0.dist-info/top_level.txt
f	644	1000	1000	10	64	35957623	1785345366.7676439090	results/experiments/toolchain-environment/20260729T171551Z-toolchain-formal01/boots/repetition-01/lower/python310/lib/python3.10/site-packages/setuptools/_vendor/typeguard-4.3.0.dist-info/top_level.txt
f	644	1000	1000	10003	64	35959579	1785345382.5312910790	results/experiments/toolchain-environment/20260729T171551Z-toolchain-formal01/boots/repetition-01/lower/python310/lib/python3.10/site-packages/pip/_vendor/urllib3/util/timeout.py
f	644	1000	1000	10014	64	35962769	1785345421.7221451120	results/experiments/toolchain-environment/20260729T171551Z-toolchain-formal01/boots/repetition-01/lower/python312/lib/python3.12/site-packages/pip/_vendor/rich/__pycache__/highlighter.cpython-312.pyc
f	644	1000	1000	10019	64	35960511	1785345395.1074225290	results/experiments/toolchain-environment/20260729T171551Z-toolchain-formal01/boots/repetition-01/lower/python310/lib/python3.10/site-packages/pip/_vendor/rich/__pycache__/logging.cpython-310.pyc
f	644	1000	1000	1002	64	35962441	1785345415.6172153750	results/experiments/toolchain-environment/20260729T171551Z-toolchain-formal01/boots/repetition-01/lower/python312/lib/python3.12/site-packages/pip/_vendor/idna/__pycache__/compat.cpython-312.pyc
f	644	1000	1000	10032	64	35958885	1785345379.7905599140	results/experiments/toolchain-environment/20260729T171551Z-toolchain-formal01/boots/repetition-01/lower/python310/lib/python3.10/site-packages/pip/_vendor/chardet/chardistribution.py
f	644	1000	1000	10032	64	35961163	1785345404.2776835430	results/experiments/toolchain-environment/20260729T171551Z-toolchain-formal01/boots/repetition-01/lower/python312/lib/python3.12/site-packages/pip/_vendor/chardet/chardistribution.py
f	644	1000	1000	10035	64	35960909	1785345403.1819877480	results/experiments/toolchain-environment/20260729T171551Z-toolchain-formal01/boots/repetition-01/lower/python312/lib/python3.12/site-packages/pip/_internal/metadata/pkg_resources.py
f	644	1000	1000	100461	64	35958135	1785345373.8084505740	results/experiments/toolchain-environment/20260729T171551Z-toolchain-formal01/boots/repetition-01/lower/python310/lib/python3.10/site-packages/setuptools/_vendor/__pycache__/typing_extensions.cpython-310.pyc
f	644	1000	1000	10048	64	35958085	1785345373.0624369410	results/experiments/toolchain-environment/20260729T171551Z-toolchain-formal01/boots/repetition-01/lower/python310/lib/python3.10/site-packages/setuptools/_vendor/platformdirs/__pycache__/api.cpython-310.pyc
f	644	1000	1000	10065	64	35959643	1785345382.9796182140	results/experiments/toolchain-environment/20260729T171551Z-toolchain-formal01/boots/repetition-01/lower/python310/lib/python3.10/site-packages/pip/_internal/cli/__pycache__/parser.cpython-310.pyc
f	644	1000	1000	10074	64	35958449	1785345378.0386603290	results/experiments/toolchain-environment/20260729T171551Z-toolchain-formal01/boots/repetition-01/lower/python310/lib/python3.10/site-packages/setuptools/tests/__pycache__/test_setuptools.cpython-310.pyc
f	644	1000	1000	10094	64	35962363	1785345414.3491921580	results/experiments/toolchain-environment/20260729T171551Z-toolchain-formal01/boots/repetition-01/lower/python312/lib/python3.12/site-packages/pip/_vendor/chardet/__pycache__/utf1632prober.cpython-312.pyc
f	644	1000	1000	10096	64	35957743	1785345367.9984735890	results/experiments/toolchain-environment/20260729T171551Z-toolchain-formal01/boots/repetition-01/lower/python310/lib/python3.10/site-packages/setuptools/_distutils/command/__pycache__/build_py.cpython-310.pyc
f	644	1000	1000	10096	64	35959315	1785345381.4215897300	results/experiments/toolchain-environment/20260729T171551Z-toolchain-formal01/boots/repetition-01/lower/python310/lib/python3.10/site-packages/pip/_vendor/rich/_cell_widths.py
f	644	1000	1000	10096	64	35961579	1785345405.9054032620	results/experiments/toolchain-environment/20260729T171551Z-toolchain-formal01/boots/repetition-01/lower/python312/lib/python3.12/site-packages/pip/_vendor/rich/_cell_widths.py
f	644	1000	1000	10099	64	35957303	1785345365.4241337250	results/experiments/toolchain-environment/20260729T171551Z-toolchain-formal01/boots/repetition-01/lower/python310/lib/python3.10/site-packages/setuptools/tests/test_build_ext.py
f	644	1000	1000	1011	64	35957927	1785345370.5543911100	results/experiments/toolchain-environment/20260729T171551Z-toolchain-formal01/boots/repetition-01/lower/python310/lib/python3.10/site-packages/setuptools/__pycache__/_itertools.cpython-310.pyc
f	644	1000	1000	10125	64	35957041	1785345364.2661736850	results/experiments/toolchain-environment/20260729T171551Z-toolchain-formal01/boots/repetition-01/lower/python310/lib/python3.10/site-packages/setuptools/_vendor/platformdirs/windows.py
f	644	1000	1000	101363	64	35958933	1785345379.9855634780	results/experiments/toolchain-environment/20260729T171551Z-toolchain-formal01/boots/repetition-01/lower/python310/lib/python3.10/site-packages/pip/_vendor/chardet/langhungarianmodel.py
f	644	1000	1000	101363	64	35961217	1785345404.5100120520	results/experiments/toolchain-environment/20260729T171551Z-toolchain-formal01/boots/repetition-01/lower/python312/lib/python3.12/site-packages/pip/_vendor/chardet/langhungarianmodel.py
f	644	1000	1000	1015	64	35958759	1785345379.3495055240	results/experiments/toolchain-environment/20260729T171551Z-toolchain-formal01/boots/repetition-01/lower/python310/lib/python3.10/site-packages/pip/_internal/utils/_log.py
f	644	1000	1000	1015	64	35961047	1785345403.8139316040	results/experiments/toolchain-environment/20260729T171551Z-toolchain-formal01/boots/repetition-01/lower/python312/lib/python3.12/site-packages/pip/_internal/utils/_log.py
f	644	1000	1000	10168	64	35961865	1785345407.1369608970	results/experiments/toolchain-environment/20260729T171551Z-toolchain-formal01/boots/repetition-01/lower/python312/lib/python3.12/site-packages/pip/_vendor/urllib3/util/timeout.py
f	644	1000	1000	10169	64	35960343	1785345392.8818079970	results/experiments/toolchain-environment/20260729T171551Z-toolchain-formal01/boots/repetition-01/lower/python310/lib/python3.10/site-packages/pip/_vendor/pyparsing/__pycache__/unicode.cpython-310.pyc
f	644	1000	1000	1017	64	35962233	1785345412.2171881730	results/experiments/toolchain-environment/20260729T171551Z-toolchain-formal01/boots/repetition-01/lower/python312/lib/python3.12/site-packages/pip/_vendor/cachecontrol/__pycache__/__init__.cpython-312.pyc
f	644	1000	1000	10174	64	35957133	1785345364.6415964600	results/experiments/toolchain-environment/20260729T171551Z-toolchain-formal01/boots/repetition-01/lower/python310/lib/python3.10/site-packages/setuptools/_vendor/wheel/vendored/packaging/LICENSE.APACHE
f	644	1000	1000	10174	64	35957573	1785345366.5343176620	results/experiments/toolchain-environment/20260729T171551Z-toolchain-formal01/boots/repetition-01/lower/python310/lib/python3.10/site-packages/setuptools/_vendor/packaging-24.2.dist-info/LICENSE.APACHE
f	644	1000	1000	10187	64	35959265	1785345381.2175860000	results/experiments/toolchain-environment/20260729T171551Z-toolchain-formal01/boots/repetition-01/lower/python310/lib/python3.10/site-packages/pip/_vendor/requests/auth.py
f	644	1000	1000	10187	64	35961529	1785345405.7092811990	results/experiments/toolchain-environment/20260729T171551Z-toolchain-formal01/boots/repetition-01/lower/python312/lib/python3.12/site-packages/pip/_vendor/requests/auth.py
f	644	1000	1000	101888	64	35959045	1785345380.4215714490	results/experiments/toolchain-environment/20260729T171551Z-toolchain-formal01/boots/repetition-01/lower/python310/lib/python3.10/site-packages/pip/_vendor/distlib/w64.exe
f	644	1000	1000	102	64	35959457	1785345382.0736016500	results/experiments/toolchain-environment/20260729T171551Z-toolchain-formal01/boots/repetition-01/lower/python310/lib/python3.10/site-packages/pip/_vendor/rich/themes.py
f	644	1000	1000	102	64	35961723	1785345406.5426676170	results/experiments/toolchain-environment/20260729T171551Z-toolchain-formal01/boots/repetition-01/lower/python312/lib/python3.12/site-packages/pip/_vendor/rich/themes.py
f	644	1000	1000	1021	64	35957121	1785345364.6036887770	results/experiments/toolchain-environment/20260729T171551Z-toolchain-formal01/boots/repetition-01/lower/python310/lib/python3.10/site-packages/setuptools/_vendor/wheel/cli/unpack.py
f	644	1000	1000	10216	64	35960327	1785345392.6346939050	results/experiments/toolchain-environment/20260729T171551Z-toolchain-formal01/boots/repetition-01/lower/python310/lib/python3.10/site-packages/pip/_vendor/pyparsing/__pycache__/common.cpython-310.pyc
f	644	1000	1000	1023	64	35957423	1785345365.9056725350	results/experiments/toolchain-environment/20260729T171551Z-toolchain-formal01/boots/repetition-01/lower/python310/lib/python3.10/site-packages/setuptools-79.0.1.dist-info/licenses/LICENSE
f	644	1000	1000	1023	64	35957451	1785345366.0002753300	results/experiments/toolchain-environment/20260729T171551Z-toolchain-formal01/boots/repetition-01/lower/python310/lib/python3.10/site-packages/setuptools/_vendor/backports.tarfile-1.2.0.dist-info/LICENSE
f	644	1000	1000	1023	64	35957483	1785345366.1363103900	results/experiments/toolchain-environment/20260729T171551Z-toolchain-formal01/boots/repetition-01/lower/python310/lib/python3.10/site-packages/setuptools/_vendor/inflect-7.3.1.dist-info/LICENSE
f	644	1000	1000	1023	64	35957497	1785345366.2005295710	results/experiments/toolchain-environment/20260729T171551Z-toolchain-formal01/boots/repetition-01/lower/python310/lib/python3.10/site-packages/setuptools/_vendor/jaraco.collections-5.1.0.dist-info/LICENSE
f	644	1000	1000	1023	64	35957513	1785345366.2713128570	results/experiments/toolchain-environment/20260729T171551Z-toolchain-formal01/boots/repetition-01/lower/python310/lib/python3.10/site-packages/setuptools/_vendor/jaraco.context-5.3.0.dist-info/LICENSE
f	644	1000	1000	1023	64	35957527	1785345366.3363140440	results/experiments/toolchain-environment/20260729T171551Z-toolchain-formal01/boots/repetition-01/lower/python310/lib/python3.10/site-packages/setuptools/_vendor/jaraco.functools-4.0.1.dist-info/LICENSE
f	644	1000	1000	1023	64	35957541	1785345366.3979873830	results/experiments/toolchain-environment/20260729T171551Z-toolchain-formal01/boots/repetition-01/lower/python310/lib/python3.10/site-packages/setuptools/_vendor/jaraco.text-3.12.1.dist-info/LICENSE
f	644	1000	1000	1023	64	35957657	1785345366.9085949350	results/experiments/toolchain-environment/20260729T171551Z-toolchain-formal01/boots/repetition-01/lower/python310/lib/python3.10/site-packages/setuptools/_vendor/zipp-3.19.2.dist-info/LICENSE
f	644	1000	1000	10230	64	35961475	1785345405.5178902170	results/experiments/toolchain-environment/20260729T171551Z-toolchain-formal01/boots/repetition-01/lower/python312/lib/python3.12/site-packages/pip/_vendor/pygments/util.py
f	644	1000	1000	10231	64	35962093	1785345410.2679318460	results/experiments/toolchain-environment/20260729T171551Z-toolchain-formal01/boots/repetition-01/lower/python312/lib/python3.12/site-packages/pip/_internal/operations/__pycache__/freeze.cpython-312.pyc
f	644	1000	1000	10236	64	35956995	1785345364.0701103470	results/experiments/toolchain-environment/20260729T171551Z-toolchain-formal01/boots/repetition-01/lower/python310/lib/python3.10/site-packages/setuptools/_vendor/packaging/_parser.py
f	644	1000	1000	10243	64	35958495	1785345378.4345193040	results/experiments/toolchain-environment/20260729T171551Z-toolchain-formal01/boots/repetition-01/lower/python310/lib/python3.10/site-packages/pip/_internal/build_env.py
f	644	1000	1000	10243	64	35960785	1785345402.5912566240	results/experiments/toolchain-environment/20260729T171551Z-toolchain-formal01/boots/repetition-01/lower/python312/lib/python3.12/site-packages/pip/_internal/build_env.py
f	644	1000	1000	1026	64	35956857	1785345363.5484341050	results/experiments/toolchain-environment/20260729T171551Z-toolchain-formal01/boots/repetition-01/lower/python310/lib/python3.10/site-packages/setuptools/_distutils/tests/compat/py39.py
f	644	1000	1000	1026	64	35960159	1785345390.3945961170	results/experiments/toolchain-environment/20260729T171551Z-toolchain-formal01/boots/repetition-01/lower/python310/lib/python3.10/site-packages/pip/_vendor/distro/__pycache__/__init__.cpython-310.pyc
f	644	1000	1000	10275	64	35961941	1785345408.0108186100	results/experiments/toolchain-environment/20260729T171551Z-toolchain-formal01/boots/repetition-01/lower/python312/lib/python3.12/site-packages/pip/_internal/commands/__pycache__/debug.cpython-312.pyc
f	644	1000	1000	102774	64	35958937	1785345380.0055638430	results/experiments/toolchain-environment/20260729T171551Z-toolchain-formal01/boots/repetition-01/lower/python310/lib/python3.10/site-packages/pip/_vendor/chardet/langthaimodel.py
f	644	1000	1000	102774	64	35961221	1785345404.5320124540	results/experiments/toolchain-environment/20260729T171551Z-toolchain-formal01/boots/repetition-01/lower/python312/lib/python3.12/site-packages/pip/_vendor/chardet/langthaimodel.py
f	644	1000	1000	10279	64	35959747	1785345384.5552815030	results/experiments/toolchain-environment/20260729T171551Z-toolchain-formal01/boots/repetition-01/lower/python310/lib/python3.10/site-packages/pip/_internal/metadata/__pycache__/pkg_resources.cpython-310.pyc
f	644	1000	1000	1029	64	35958023	1785345371.9474165650	results/experiments/toolchain-environment/20260729T171551Z-toolchain-formal01/boots/repetition-01/lower/python310/lib/python3.10/site-packages/setuptools/_vendor/jaraco/text/__pycache__/layouts.cpython-310.pyc
f	644	1000	1000	1030	64	35958637	1785345378.9194223250	results/experiments/toolchain-environment/20260729T171551Z-toolchain-formal01/boots/repetition-01/lower/python310/lib/python3.10/site-packages/pip/_internal/models/index.py
f	644	1000	1000	1030	64	35960921	1785345403.2373864790	results/experiments/toolchain-environment/20260729T171551Z-toolchain-formal01/boots/repetition-01/lower/python312/lib/python3.12/site-packages/pip/_internal/models/index.py
f	644	1000	1000	1033	64	35958865	1785345379.7223346650	results/experiments/toolchain-environment/20260729T171551Z-toolchain-formal01/boots/repetition-01/lower/python310/lib/python3.10/site-packages/pip/_vendor/cachecontrol/caches/redis_cache.py
f	644	1000	1000	10341	64	35960141	1785345390.1359742160	results/experiments/toolchain-environment/20260729T171551Z-toolchain-formal01/boots/repetition-01/lower/python310/lib/python3.10/site-packages/pip/_vendor/distlib/__pycache__/manifest.cpython-310.pyc
f	644	1000	1000	10347	64	35957145	1785345364.7231865040	results/experiments/toolchain-environment/20260729T171551Z-toolchain-formal01/boots/repetition-01/lower/python310/lib/python3.10/site-packages/setuptools/_vendor/wheel/vendored/packaging/_parser.py
f	644	1000	1000	10368	64	35959355	1785345381.6085931490	results/experiments/toolchain-environment/20260729T171551Z-toolchain-formal01/boots/repetition-01/lower/python310/lib/python3.10/site-packages/pip/_vendor/rich/align.py
f	644	1000	1000	10368	64	35961621	1785345406.0924411670	results/experiments/toolchain-environment/20260729T171551Z-toolchain-formal01/boots/repetition-01/lower/python312/lib/python3.12/site-packages/pip/_vendor/rich/align.py
f	644	1000	1000	1037	64	35956865	1785345363.5680470500	results/experiments/toolchain-environment/20260729T171551Z-toolchain-formal01/boots/repetition-01/lower/python310/lib/python3.10/site-packages/setuptools/_vendor/autocommand/__init__.py
f	644	1000	1000	10370	64	35960787	1785345402.5983769090	results/experiments/toolchain-environment/20260729T171551Z-toolchain-formal01/boots/repetition-01/lower/python312/lib/python3.12/site-packages/pip/_internal/cache.py
f	644	1000	1000	103796	64	35956925	1785345363.7942676080	results/experiments/toolchain-environment/20260729T171551Z-toolchain-formal01/boots/repetition-01/lower/python310/lib/python3.10/site-packages/setuptools/_vendor/inflect/__init__.py
f	644	1000	1000	1038	64	35962643	1785345419.4535438710	results/experiments/toolchain-environment/20260729T171551Z-toolchain-formal01/boots/repetition-01/lower/python312/lib/python3.12/site-packages/pip/_vendor/requests/__pycache__/certs.cpython-312.pyc
f	644	1000	1000	10388	64	35960759	1785345402.5250205780	results/experiments/toolchain-environment/20260729T171551Z-toolchain-formal01/boots/repetition-01/lower/python312/lib/python3.12/site-packages/pip-24.0.dist-info/AUTHORS.txt
f	644	1000	1000	1039	64	35957661	1785345366.9293582710	results/experiments/toolchain-environment/20260729T171551Z-toolchain-formal01/boots/repetition-01/lower/python310/lib/python3.10/site-packages/setuptools/_vendor/zipp-3.19.2.dist-info/RECORD
f	644	1000	1000	10393	64	35957073	1785345364.3993786210	results/experiments/toolchain-environment/20260729T171551Z-toolchain-formal01/boots/repetition-01/lower/python310/lib/python3.10/site-packages/setuptools/_vendor/typeguard/_functions.py
f	644	1000	1000	104	64	35957651	1785345366.8882440790	results/experiments/toolchain-environment/20260729T171551Z-toolchain-formal01/boots/repetition-01/lower/python310/lib/python3.10/site-packages/setuptools/_vendor/wheel-0.45.1.dist-info/entry_points.txt
f	644	1000	1000	1040	64	35958319	1785345376.4076686320	results/experiments/toolchain-environment/20260729T171551Z-toolchain-formal01/boots/repetition-01/lower/python310/lib/python3.10/site-packages/setuptools/__pycache__/launch.cpython-310.pyc
f	644	1000	1000	10406	64	35956557	1785345362.4203765660	results/experiments/toolchain-environment/20260729T171551Z-toolchain-formal01/boots/repetition-01/lower/python310/lib/python3.10/site-packages/setuptools/__init__.py
f	644	1000	1000	10407	64	35959681	1785345383.5826292400	results/experiments/toolchain-environment/20260729T171551Z-toolchain-formal01/boots/repetition-01/lower/python310/lib/python3.10/site-packages/pip/_internal/commands/__pycache__/list.cpython-310.pyc
f	644	1000	1000	1042	64	35957261	1785345365.2264094190	results/experiments/toolchain-environment/20260729T171551Z-toolchain-formal01/boots/repetition-01/lower/python310/lib/python3.10/site-packages/setuptools/config/_validate_pyproject/__init__.py
f	644	1000	1000	10420	64	35962689	1785345420.2864954490	results/experiments/toolchain-environment/20260729T171551Z-toolchain-formal01/boots/repetition-01/lower/python312/lib/python3.12/site-packages/pip/_vendor/rich/__pycache__/__main__.cpython-312.pyc
f	644	1000	1000	104562	64	35958927	1785345379.9555629300	results/experiments/toolchain-environment/20260729T171551Z-toolchain-formal01/boots/repetition-01/lower/python310/lib/python3.10/site-packages/pip/_vendor/chardet/langbulgarianmodel.py
f	644	1000	1000	104562	64	35961211	1785345404.4770114480	results/experiments/toolchain-environment/20260729T171551Z-toolchain-formal01/boots/repetition-01/lower/python312/lib/python3.12/site-packages/pip/_vendor/chardet/langbulgarianmodel.py
f	644	1000	1000	10489	64	35962757	1785345421.5223235110	results/experiments/toolchain-environment/20260729T171551Z-toolchain-formal01/boots/repetition-01/lower/python312/lib/python3.12/site-packages/pip/_vendor/rich/__pycache__/default_styles.cpython-312.pyc
f	644	1000	1000	10492	64	35962145	1785345410.9860048800	results/experiments/toolchain-environment/20260729T171551Z-toolchain-formal01/boots/repetition-01/lower/python312/lib/python3.12/site-packages/pip/_internal/resolution/resolvelib/__pycache__/provider.cpython-312.pyc
f	644	1000	1000	105	64	35956529	1785345362.3197502160	results/experiments/toolchain-environment/20260729T171551Z-toolchain-formal01/boots/repetition-01/lower/python310/lib/python3.10/site-packages/pkg_resources/tests/data/my-test-package-source/setup.py
f	644	1000	1000	10505	64	35962799	1785345422.2643371010	results/experiments/toolchain-environment/20260729T171551Z-toolchain-formal01/boots/repetition-01/lower/python312/lib/python3.12/site-packages/pip/_vendor/rich/__pycache__/progress_bar.cpython-312.pyc
f	644	1000	1000	1052	64	35959909	1785345386.7836182280	results/experiments/toolchain-environment/20260729T171551Z-toolchain-formal01/boots/repetition-01/lower/python310/lib/python3.10/site-packages/pip/_internal/utils/__pycache__/filetypes.cpython-310.pyc
f	644	1000	1000	10529	64	35962931	1785345424.1056495360	results/experiments/toolchain-environment/20260729T171551Z-toolchain-formal01/boots/repetition-01/lower/python312/lib/python3.12/site-packages/pip/_vendor/urllib3/__pycache__/fields.cpython-312.pyc
f	644	1000	1000	1053	64	35957557	1785345366.4674079150	results/experiments/toolchain-environment/20260729T171551Z-toolchain-formal01/boots/repetition-01/lower/python310/lib/python3.10/site-packages/setuptools/_vendor/more_itertools-10.3.0.dist-info/LICENSE
f	644	1000	1000	1053	64	35959609	1785345398.0528938970	results/experiments/toolchain-environment/20260729T171551Z-toolchain-formal01/boots/repetition-01/lower/python310/bin/activate.csh
f	644	1000	1000	105366	64	35962331	1785345413.7041803480	results/experiments/toolchain-environment/20260729T171551Z-toolchain-formal01/boots/repetition-01/lower/python312/lib/python3.12/site-packages/pip/_vendor/chardet/__pycache__/langrussianmodel.cpython-312.pyc
f	644	1000	1000	1054	64	35959367	1785345381.6626153450	results/experiments/toolchain-environment/20260729T171551Z-toolchain-formal01/boots/repetition-01/lower/python310/lib/python3.10/site-packages/pip/_vendor/rich/color_triplet.py
f	644	1000	1000	1054	64	35960765	1785345425.0820877060	results/experiments/toolchain-environment/20260729T171551Z-toolchain-formal01/boots/repetition-01/lower/python312/bin/activate.csh
f	644	1000	1000	1054	64	35961633	1785345406.1520421030	results/experiments/toolchain-environment/20260729T171551Z-toolchain-formal01/boots/repetition-01/lower/python312/lib/python3.12/site-packages/pip/_vendor/rich/color_triplet.py
f	644	1000	1000	1055	64	35961971	1785345408.4451447740	results/experiments/toolchain-environment/20260729T171551Z-toolchain-formal01/boots/repetition-01/lower/python312/lib/python3.12/site-packages/pip/_internal/distributions/__pycache__/__init__.cpython-312.pyc
f	644	1000	1000	10561	64	35957001	1785345364.0971449780	results/experiments/toolchain-environment/20260729T171551Z-toolchain-formal01/boots/repetition-01/lower/python310/lib/python3.10/site-packages/setuptools/_vendor/packaging/markers.py
f	644	1000	1000	10569	64	35961909	1785345407.5210788200	results/experiments/toolchain-environment/20260729T171551Z-toolchain-formal01/boots/repetition-01/lower/python312/lib/python3.12/site-packages/pip/_internal/cli/__pycache__/base_command.cpython-312.pyc
f	644	1000	1000	10574	64	35959415	1785345381.8875982500	results/experiments/toolchain-environment/20260729T171551Z-toolchain-formal01/boots/repetition-01/lower/python310/lib/python3.10/site-packages/pip/_vendor/rich/panel.py
f	644	1000	1000	10574	64	35961681	1785345406.3604529000	results/experiments/toolchain-environment/20260729T171551Z-toolchain-formal01/boots/repetition-01/lower/python312/lib/python3.12/site-packages/pip/_vendor/rich/panel.py
f	644	1000	1000	10579	64	35959587	1785345382.5566200790	results/experiments/toolchain-environment/20260729T171551Z-toolchain-formal01/boots/repetition-01/lower/python310/lib/python3.10/site-packages/pip/_vendor/webencodings/__init__.py
f	644	1000	1000	10579	64	35961875	1785345407.1850610100	results/experiments/toolchain-environment/20260729T171551Z-toolchain-formal01/boots/repetition-01/lower/python312/lib/python3.12/site-packages/pip/_vendor/webencodings/__init__.py
f	644	1000	1000	10590	64	35957751	1785345368.1251450840	results/experiments/toolchain-environment/20260729T171551Z-toolchain-formal01/boots/repetition-01/lower/python310/lib/python3.10/site-packages/setuptools/_distutils/command/__pycache__/config.cpython-310.pyc
f	644	1000	1000	10596	64	35958161	1785345374.1501598230	results/experiments/toolchain-environment/20260729T171551Z-toolchain-formal01/boots/repetition-01/lower/python310/lib/python3.10/site-packages/setuptools/_vendor/wheel/__pycache__/macosx_libfile.cpython-310.pyc
f	644	1000	1000	1060	64	35958259	1785345375.5374821740	results/experiments/toolchain-environment/20260729T171551Z-toolchain-formal01/boots/repetition-01/lower/python310/lib/python3.10/site-packages/setuptools/command/__pycache__/saveopts.cpython-310.pyc
f	644	1000	1000	10622	64	35962683	1785345420.2042993730	results/experiments/toolchain-environment/20260729T171551Z-toolchain-formal01/boots/repetition-01/lower/python312/lib/python3.12/site-packages/pip/_vendor/resolvelib/__pycache__/structs.cpython-312.pyc
f	644	1000	1000	1064	64	35959319	1785345381.4425901140	results/experiments/toolchain-environment/20260729T171551Z-toolchain-formal01/boots/repetition-01/lower/python310/lib/python3.10/site-packages/pip/_vendor/rich/_emoji_replace.py
f	644	1000	1000	1064	64	35961583	1785345405.9263713270	results/experiments/toolchain-environment/20260729T171551Z-toolchain-formal01/boots/repetition-01/lower/python312/lib/python3.12/site-packages/pip/_vendor/rich/_emoji_replace.py
f	644	1000	1000	10643	64	35957037	1785345364.2452758470	results/experiments/toolchain-environment/20260729T171551Z-toolchain-formal01/boots/repetition-01/lower/python310/lib/python3.10/site-packages/setuptools/_vendor/platformdirs/unix.py
f	644	1000	1000	10646	64	35961499	1785345405.6077661130	results/experiments/toolchain-environment/20260729T171551Z-toolchain-formal01/boots/repetition-01/lower/python312/lib/python3.12/site-packages/pip/_vendor/pyparsing/unicode.py
f	644	1000	1000	10666	64	35962153	1785345411.1231330960	results/experiments/toolchain-environment/20260729T171551Z-toolchain-formal01/boots/repetition-01/lower/python312/lib/python3.12/site-packages/pip/_internal/__pycache__/self_outdated_check.cpython-312.pyc
f	644	1000	1000	10678	64	35958999	1785345380.2255678650	results/experiments/toolchain-environment/20260729T171551Z-toolchain-formal01/boots/repetition-01/lower/python310/lib/python3.10/site-packages/pip/_vendor/colorama/tests/ansitowin32_test.py
f	644	1000	1000	10678	64	35961273	1785345404.7241396730	results/experiments/toolchain-environment/20260729T171551Z-toolchain-formal01/boots/repetition-01/lower/python312/lib/python3.12/site-packages/pip/_vendor/colorama/tests/ansitowin32_test.py
f	644	1000	1000	10696	64	35960225	1785345391.2396959030	results/experiments/toolchain-environment/20260729T171551Z-toolchain-formal01/boots/repetition-01/lower/python310/lib/python3.10/site-packages/pip/_vendor/platformdirs/__pycache__/__init__.cpython-310.pyc
f	644	1000	1000	107	64	35958619	1785345378.8545428030	results/experiments/toolchain-environment/20260729T171551Z-toolchain-formal01/boots/repetition-01/lower/python310/lib/python3.10/site-packages/pip/_internal/metadata/importlib/__init__.py
f	644	1000	1000	1072	64	35957599	1785345366.6553198720	results/experiments/toolchain-environment/20260729T171551Z-toolchain-formal01/boots/repetition-01/lower/python310/lib/python3.10/site-packages/setuptools/_vendor/tomli-2.0.1.dist-info/LICENSE
f	644	1000	1000	10734	64	35958497	1785345378.4413866150	results/experiments/toolchain-environment/20260729T171551Z-toolchain-formal01/boots/repetition-01/lower/python310/lib/python3.10/site-packages/pip/_internal/cache.py
f	644	1000	1000	1075	64	35958693	1785345379.1225477020	results/experiments/toolchain-environment/20260729T171551Z-toolchain-formal01/boots/repetition-01/lower/python310/lib/python3.10/site-packages/pip/_internal/operations/build/wheel.py
f	644	1000	1000	1075	64	35960971	1785345403.4824769450	results/experiments/toolchain-environment/20260729T171551Z-toolchain-formal01/boots/repetition-01/lower/python312/lib/python3.12/site-packages/pip/_internal/operations/build/wheel.py
f	644	1000	1000	1075	64	35962429	1785345415.4540715670	results/experiments/toolchain-environment/20260729T171551Z-toolchain-formal01/boots/repetition-01/lower/python312/lib/python3.12/site-packages/pip/_vendor/distro/__pycache__/__init__.cpython-312.pyc
f	644	1000	1000	10766	64	35956821	1785345363.3961690600	results/experiments/toolchain-environment/20260729T171551Z-toolchain-formal01/boots/repetition-01/lower/python310/lib/python3.10/site-packages/setuptools/_distutils/tests/test_filelist.py
f	644	1000	1000	10781	64	35960805	1785345402.6642848880	results/experiments/toolchain-environment/20260729T171551Z-toolchain-formal01/boots/repetition-01/lower/python312/lib/python3.12/site-packages/pip/_internal/cli/parser.py
f	644	1000	1000	10787	64	35959231	1785345381.0965837890	results/experiments/toolchain-environment/20260729T171551Z-toolchain-formal01/boots/repetition-01/lower/python310/lib/python3.10/site-packages/pip/_vendor/pyparsing/unicode.py
f	644	1000	1000	1079	64	35959005	1785345380.2515683410	results/experiments/toolchain-environment/20260729T171551Z-toolchain-formal01/boots/repetition-01/lower/python310/lib/python3.10/site-packages/pip/_vendor/colorama/tests/utils.py
f	644	1000	1000	1079	64	35961279	1785345404.7522827340	results/experiments/toolchain-environment/20260729T171551Z-toolchain-formal01/boots/repetition-01/lower/python312/lib/python3.12/site-packages/pip/_vendor/colorama/tests/utils.py
f	644	1000	1000	108032	64	35959035	1785345380.3725705530	results/experiments/toolchain-environment/20260729T171551Z-toolchain-formal01/boots/repetition-01/lower/python310/lib/python3.10/site-packages/pip/_vendor/distlib/t64.exe
f	644	1000	1000	1081	64	35959079	1785345380.5365735510	results/experiments/toolchain-environment/20260729T171551Z-toolchain-formal01/boots/repetition-01/lower/python310/lib/python3.10/site-packages/pip/_vendor/msgpack/exceptions.py
f	644	1000	1000	1081	64	35961345	1785345405.0185144680	results/experiments/toolchain-environment/20260729T171551Z-toolchain-formal01/boots/repetition-01/lower/python312/lib/python3.12/site-packages/pip/_vendor/msgpack/exceptions.py
f	644	1000	1000	1081	64	35962719	1785345420.8716138390	results/experiments/toolchain-environment/20260729T171551Z-toolchain-formal01/boots/repetition-01/lower/python312/lib/python3.12/site-packages/pip/_vendor/rich/__pycache__/_stack.cpython-312.pyc
f	644	1000	1000	10811	64	35959501	1785345382.2366046300	results/experiments/toolchain-environment/20260729T171551Z-toolchain-formal01/boots/repetition-01/lower/python310/lib/python3.10/site-packages/pip/_vendor/urllib3/_collections.py
f	644	1000	1000	10813	64	35960695	1785345397.7133669950	results/experiments/toolchain-environment/20260729T171551Z-toolchain-formal01/boots/repetition-01/lower/python310/lib/python3.10/site-packages/pip/_vendor/urllib3/util/__pycache__/url.cpython-310.pyc
f	644	1000	1000	10817	64	35958527	1785345378.5441784870	results/experiments/toolchain-environment/20260729T171551Z-toolchain-formal01/boots/repetition-01/lower/python310/lib/python3.10/site-packages/pip/_internal/cli/parser.py
f	644	1000	1000	10820	64	35959027	1785345380.3325698220	results/experiments/toolchain-environment/20260729T171551Z-toolchain-formal01/boots/repetition-01/lower/python310/lib/python3.10/site-packages/pip/_vendor/distlib/resources.py
f	644	1000	1000	10820	64	35961305	1785345404.8581759190	results/experiments/toolchain-environment/20260729T171551Z-toolchain-formal01/boots/repetition-01/lower/python312/lib/python3.12/site-packages/pip/_vendor/distlib/resources.py
f	644	1000	1000	10823	64	35960631	1785345396.7660823600	results/experiments/toolchain-environment/20260729T171551Z-toolchain-formal01/boots/repetition-01/lower/python310/lib/python3.10/site-packages/pip/_vendor/urllib3/contrib/_securetransport/__pycache__/bindings.cpython-310.pyc
f	644	1000	1000	108287	64	35959111	1785345380.6505756350	results/experiments/toolchain-environment/20260729T171551Z-toolchain-formal01/boots/repetition-01/lower/python310/lib/python3.10/site-packages/pip/_vendor/pkg_resources/__init__.py
f	644	1000	1000	10834	64	35957841	1785345369.3933698960	results/experiments/toolchain-environment/20260729T171551Z-toolchain-formal01/boots/repetition-01/lower/python310/lib/python3.10/site-packages/setuptools/_distutils/tests/__pycache__/test_archive_util.cpython-310.pyc
f	644	1000	1000	108491	64	35956883	1785345363.6312646300	results/experiments/toolchain-environment/20260729T171551Z-toolchain-formal01/boots/repetition-01/lower/python310/lib/python3.10/site-packages/setuptools/_vendor/backports/tarfile/__init__.py
f	644	1000	1000	10870	64	35958089	1785345373.1291898340	results/experiments/toolchain-environment/20260729T171551Z-toolchain-formal01/boots/repetition-01/lower/python310/lib/python3.10/site-packages/setuptools/_vendor/platformdirs/__pycache__/unix.cpython-310.pyc
f	644	1000	1000	10888	64	35962975	1785345424.7129678740	results/experiments/toolchain-environment/20260729T171551Z-toolchain-formal01/boots/repetition-01/lower/python312/lib/python3.12/site-packages/pip/_vendor/urllib3/util/__pycache__/ssltransport.cpython-312.pyc
f	644	1000	1000	1089	64	35957047	1785345364.2812935530	results/experiments/toolchain-environment/20260729T171551Z-toolchain-formal01/boots/repetition-01/lower/python310/lib/python3.10/site-packages/setuptools/_vendor/platformdirs-4.2.2.dist-info/licenses/LICENSE
f	644	1000	1000	10927	64	35959251	1785345381.1643668080	results/experiments/toolchain-environment/20260729T171551Z-toolchain-formal01/boots/repetition-01/lower/python310/lib/python3.10/site-packages/pip/_vendor/pyproject_hooks/_in_process/_in_process.py
f	644	1000	1000	10927	64	35961515	1785345405.6577280440	results/experiments/toolchain-environment/20260729T171551Z-toolchain-formal01/boots/repetition-01/lower/python312/lib/python3.12/site-packages/pip/_vendor/pyproject_hooks/_in_process/_in_process.py
f	644	1000	1000	1093	64	35959599	1785345382.5926569120	results/experiments/toolchain-environment/20260729T171551Z-toolchain-formal01/boots/repetition-01/lower/python310/lib/python3.10/site-packages/pip-23.0.1.dist-info/LICENSE.txt
f	644	1000	1000	1093	64	35960761	1785345402.5309407580	results/experiments/toolchain-environment/20260729T171551Z-toolchain-formal01/boots/repetition-01/lower/python312/lib/python3.12/site-packages/pip-24.0.dist-info/LICENSE.txt
f	644	1000	1000	109364	64	35961377	1785345405.1360235080	results/experiments/toolchain-environment/20260729T171551Z-toolchain-formal01/boots/repetition-01/lower/python312/lib/python3.12/site-packages/pip/_vendor/pkg_resources/__init__.py
f	644	1000	1000	1097	64	35959915	1785345386.8715926410	results/experiments/toolchain-environment/20260729T171551Z-toolchain-formal01/boots/repetition-01/lower/python310/lib/python3.10/site-packages/pip/_internal/utils/__pycache__/inject_securetransport.cpython-310.pyc
f	644	1000	1000	10974	64	35960613	1785345396.5364174590	results/experiments/toolchain-environment/20260729T171551Z-toolchain-formal01/boots/repetition-01/lower/python310/lib/python3.10/site-packages/pip/_vendor/urllib3/__pycache__/_collections.cpython-310.pyc
f	644	1000	1000	10990	64	35958403	1785345377.4085163720	results/experiments/toolchain-environment/20260729T171551Z-toolchain-formal01/boots/repetition-01/lower/python310/lib/python3.10/site-packages/setuptools/tests/__pycache__/test_build_py.cpython-310.pyc
f	644	1000	1000	11009	64	35957817	1785345369.1193648910	results/experiments/toolchain-environment/20260729T171551Z-toolchain-formal01/boots/repetition-01/lower/python310/lib/python3.10/site-packages/setuptools/_distutils/__pycache__/fancy_getopt.cpython-310.pyc
f	644	1000	1000	11011	64	35957897	1785345370.1851053430	results/experiments/toolchain-environment/20260729T171551Z-toolchain-formal01/boots/repetition-01/lower/python310/lib/python3.10/site-packages/setuptools/_distutils/tests/__pycache__/test_sysconfig.cpython-310.pyc
f	644	1000	1000	1102	64	35956921	1785345363.7833921970	results/experiments/toolchain-environment/20260729T171551Z-toolchain-formal01/boots/repetition-01/lower/python310/lib/python3.10/site-packages/setuptools/_vendor/importlib_metadata/compat/py39.py
f	644	1000	1000	11036	64	35959527	1785345382.3324479030	results/experiments/toolchain-environment/20260729T171551Z-toolchain-formal01/boots/repetition-01/lower/python310/lib/python3.10/site-packages/pip/_vendor/urllib3/contrib/appengine.py
f	644	1000	1000	11036	64	35961807	1785345406.8654257770	results/experiments/toolchain-environment/20260729T171551Z-toolchain-formal01/boots/repetition-01/lower/python312/lib/python3.12/site-packages/pip/_vendor/urllib3/contrib/appengine.py
f	644	1000	1000	11045	64	35962755	1785345421.4894055320	results/experiments/toolchain-environment/20260729T171551Z-toolchain-formal01/boots/repetition-01/lower/python312/lib/python3.12/site-packages/pip/_vendor/rich/__pycache__/control.cpython-312.pyc
f	644	1000	1000	1105	64	35960385	1785345393.3875005130	results/experiments/toolchain-environment/20260729T171551Z-toolchain-formal01/boots/repetition-01/lower/python310/lib/python3.10/site-packages/pip/_vendor/requests/__pycache__/hooks.cpython-310.pyc
f	644	1000	1000	1107	64	35957101	1785345364.5230982800	results/experiments/toolchain-environment/20260729T171551Z-toolchain-formal01/boots/repetition-01/lower/python310/lib/python3.10/site-packages/setuptools/_vendor/wheel/bdist_wheel.py
f	644	1000	1000	1107	64	35957641	1785345366.8380733490	results/experiments/toolchain-environment/20260729T171551Z-toolchain-formal01/boots/repetition-01/lower/python310/lib/python3.10/site-packages/setuptools/_vendor/wheel-0.45.1.dist-info/LICENSE.txt
f	644	1000	1000	11105	64	35960645	1785345397.0107681020	results/experiments/toolchain-environment/20260729T171551Z-toolchain-formal01/boots/repetition-01/lower/python310/lib/python3.10/site-packages/pip/_vendor/urllib3/__pycache__/exceptions.cpython-310.pyc
f	644	1000	1000	111130	64	35961779	1785345406.7610532500	results/experiments/toolchain-environment/20260729T171551Z-toolchain-formal01/boots/repetition-01/lower/python312/lib/python3.12/site-packages/pip/_vendor/typing_extensions.py
f	644	1000	1000	11128	64	35958985	1785345380.1755669520	results/experiments/toolchain-environment/20260729T171551Z-toolchain-formal01/boots/repetition-01/lower/python310/lib/python3.10/site-packages/pip/_vendor/colorama/ansitowin32.py
f	644	1000	1000	11128	64	35961263	1785345404.6891605200	results/experiments/toolchain-environment/20260729T171551Z-toolchain-formal01/boots/repetition-01/lower/python312/lib/python3.12/site-packages/pip/_vendor/colorama/ansitowin32.py
f	644	1000	1000	1113	64	35958431	1785345377.7905059110	results/experiments/toolchain-environment/20260729T171551Z-toolchain-formal01/boots/repetition-01/lower/python310/lib/python3.10/site-packages/setuptools/tests/__pycache__/test_glob.cpython-310.pyc
f	644	1000	1000	11139	64	35959719	1785345384.1926403930	results/experiments/toolchain-environment/20260729T171551Z-toolchain-formal01/boots/repetition-01/lower/python310/lib/python3.10/site-packages/pip/_internal/locations/__pycache__/__init__.cpython-310.pyc
f	644	1000	1000	11147	64	35960147	1785345390.2230514900	results/experiments/toolchain-environment/20260729T171551Z-toolchain-formal01/boots/repetition-01/lower/python310/lib/python3.10/site-packages/pip/_vendor/distlib/__pycache__/resources.cpython-310.pyc
f	644	1000	1000	1115	64	35958773	1785345379.4015528020	results/experiments/toolchain-environment/20260729T171551Z-toolchain-formal01/boots/repetition-01/lower/python310/lib/python3.10/site-packages/pip/_internal/utils/distutils_args.py
f	644	1000	1000	11155	64	35956675	1785345362.7952493600	results/experiments/toolchain-environment/20260729T171551Z-toolchain-formal01/boots/repetition-01/lower/python310/lib/python3.10/site-packages/setuptools/_distutils/extension.py
f	644	1000	1000	11162	64	35962575	1785345418.1452233330	results/experiments/toolchain-environment/20260729T171551Z-toolchain-formal01/boots/repetition-01/lower/python312/lib/python3.12/site-packages/pip/_vendor/pygments/__pycache__/sphinxext.cpython-312.pyc
f	644	1000	1000	11174	64	35959203	1785345380.9895818320	results/experiments/toolchain-environment/20260729T171551Z-toolchain-formal01/boots/repetition-01/lower/python310/lib/python3.10/site-packages/pip/_vendor/pygments/lexers/__init__.py
f	644	1000	1000	11207	64	35957703	1785345367.4183338120	results/experiments/toolchain-environment/20260729T171551Z-toolchain-formal01/boots/repetition-01/lower/python310/lib/python3.10/site-packages/setuptools/__pycache__/__init__.cpython-310.pyc
f	644	1000	1000	1121	64	35957071	1785345364.3872784410	results/experiments/toolchain-environment/20260729T171551Z-toolchain-formal01/boots/repetition-01/lower/python310/lib/python3.10/site-packages/setuptools/_vendor/typeguard/_exceptions.py
f	644	1000	1000	11217	64	35958013	1785345371.8005955640	results/experiments/toolchain-environment/20260729T171551Z-toolchain-formal01/boots/repetition-01/lower/python310/lib/python3.10/site-packages/setuptools/_vendor/jaraco/__pycache__/context.cpython-310.pyc
f	644	1000	1000	11219	64	35962203	1785345411.8599412390	results/experiments/toolchain-environment/20260729T171551Z-toolchain-formal01/boots/repetition-01/lower/python312/lib/python3.12/site-packages/pip/_internal/utils/__pycache__/unpacking.cpython-312.pyc
f	644	1000	1000	11222	64	35958359	1785345376.8482236470	results/experiments/toolchain-environment/20260729T171551Z-toolchain-formal01/boots/repetition-01/lower/python310/lib/python3.10/site-packages/setuptools/tests/config/__pycache__/test_pyprojecttoml.cpython-310.pyc
f	644	1000	1000	11233	64	35957797	1785345368.8588856230	results/experiments/toolchain-environment/20260729T171551Z-toolchain-formal01/boots/repetition-01/lower/python310/lib/python3.10/site-packages/setuptools/_distutils/compilers/C/__pycache__/unix.cpython-310.pyc
f	644	1000	1000	11255	64	35962977	1785345424.7439619620	results/experiments/toolchain-environment/20260729T171551Z-toolchain-formal01/boots/repetition-01/lower/python312/lib/python3.12/site-packages/pip/_vendor/urllib3/util/__pycache__/timeout.cpython-312.pyc
f	644	1000	1000	11260	64	35957795	1785345368.8260793450	results/experiments/toolchain-environment/20260729T171551Z-toolchain-formal01/boots/repetition-01/lower/python310/lib/python3.10/site-packages/setuptools/_distutils/compilers/C/tests/__pycache__/test_unix.cpython-310.pyc
f	644	1000	1000	11294	64	35962021	1785345409.1404633880	results/experiments/toolchain-environment/20260729T171551Z-toolchain-formal01/boots/repetition-01/lower/python312/lib/python3.12/site-packages/pip/_internal/metadata/importlib/__pycache__/_envs.cpython-312.pyc
f	644	1000	1000	1130	64	35957613	1785345366.7172111300	results/experiments/toolchain-environment/20260729T171551Z-toolchain-formal01/boots/repetition-01/lower/python310/lib/python3.10/site-packages/setuptools/_vendor/typeguard-4.3.0.dist-info/LICENSE
f	644	1000	1000	1130	64	35957769	1785345368.3910988720	results/experiments/toolchain-environment/20260729T171551Z-toolchain-formal01/boots/repetition-01/lower/python310/lib/python3.10/site-packages/setuptools/_distutils/compat/__pycache__/__init__.cpython-310.pyc
f	644	1000	1000	1130	64	35961775	1785345406.7433612780	results/experiments/toolchain-environment/20260729T171551Z-toolchain-formal01/boots/repetition-01/lower/python312/lib/python3.12/site-packages/pip/_vendor/truststore/_ssl_constants.py
f	644	1000	1000	11303	64	35959423	1785345381.9255989440	results/experiments/toolchain-environment/20260729T171551Z-toolchain-formal01/boots/repetition-01/lower/python310/lib/python3.10/site-packages/pip/_vendor/rich/prompt.py
f	644	1000	1000	11303	64	35961689	1785345406.3968821860	results/experiments/toolchain-environment/20260729T171551Z-toolchain-formal01/boots/repetition-01/lower/python312/lib/python3.12/site-packages/pip/_vendor/rich/prompt.py
f	644	1000	1000	11313	64	35962031	1785345409.2624168890	results/experiments/toolchain-environment/20260729T171551Z-toolchain-formal01/boots/repetition-01/lower/python312/lib/python3.12/site-packages/pip/_internal/models/__pycache__/direct_url.cpython-312.pyc
f	644	1000	1000	1132	64	35958557	1785345378.6524559650	results/experiments/toolchain-environment/20260729T171551Z-toolchain-formal01/boots/repetition-01/lower/python310/lib/python3.10/site-packages/pip/_internal/commands/help.py
f	644	1000	1000	1132	64	35959077	1785345380.5291606020	results/experiments/toolchain-environment/20260729T171551Z-toolchain-formal01/boots/repetition-01/lower/python310/lib/python3.10/site-packages/pip/_vendor/msgpack/__init__.py
f	644	1000	1000	1132	64	35960835	1785345402.8182422630	results/experiments/toolchain-environment/20260729T171551Z-toolchain-formal01/boots/repetition-01/lower/python312/lib/python3.12/site-packages/pip/_internal/commands/help.py
f	644	1000	1000	1132	64	35961343	1785345405.0095932650	results/experiments/toolchain-environment/20260729T171551Z-toolchain-formal01/boots/repetition-01/lower/python312/lib/python3.12/site-packages/pip/_vendor/msgpack/__init__.py
f	644	1000	1000	11323	64	35959691	1785345383.7786328230	results/experiments/toolchain-environment/20260729T171551Z-toolchain-formal01/boots/repetition-01/lower/python310/lib/python3.10/site-packages/pip/_internal/__pycache__/configuration.cpython-310.pyc
f	644	1000	1000	11343	64	35957893	1785345370.1296692250	results/experiments/toolchain-environment/20260729T171551Z-toolchain-formal01/boots/repetition-01/lower/python310/lib/python3.10/site-packages/setuptools/_distutils/tests/__pycache__/test_sdist.cpython-310.pyc
f	644	1000	1000	11358	64	35957467	1785345366.0636672400	results/experiments/toolchain-environment/20260729T171551Z-toolchain-formal01/boots/repetition-01/lower/python310/lib/python3.10/site-packages/setuptools/_vendor/importlib_metadata-8.0.0.dist-info/LICENSE
f	644	1000	1000	11372	64	35961785	1785345406.7777862980	results/experiments/toolchain-environment/20260729T171551Z-toolchain-formal01/boots/repetition-01/lower/python312/lib/python3.12/site-packages/pip/_vendor/urllib3/_collections.py
f	644	1000	1000	1139	64	35959765	1785345384.7826511810	results/experiments/toolchain-environment/20260729T171551Z-toolchain-formal01/boots/repetition-01/lower/python310/lib/python3.10/site-packages/pip/_internal/models/__pycache__/scheme.cpython-310.pyc
f	644	1000	1000	113909	64	35962749	1785345421.4023213130	results/experiments/toolchain-environment/20260729T171551Z-toolchain-formal01/boots/repetition-01/lower/python312/lib/python3.12/site-packages/pip/_vendor/rich/__pycache__/console.cpython-312.pyc
f	644	1000	1000	11410	64	35960531	1785345395.3954498540	results/experiments/toolchain-environment/20260729T171551Z-toolchain-formal01/boots/repetition-01/lower/python310/lib/python3.10/site-packages/pip/_vendor/rich/__pycache__/prompt.cpython-310.pyc
f	644	1000	1000	11420	64	35960687	1785345397.5808269110	results/experiments/toolchain-environment/20260729T171551Z-toolchain-formal01/boots/repetition-01/lower/python310/lib/python3.10/site-packages/pip/_vendor/urllib3/util/__pycache__/ssl_.cpython-310.pyc
f	644	1000	1000	11429	64	35957587	1785345366.6053189590	results/experiments/toolchain-environment/20260729T171551Z-toolchain-formal01/boots/repetition-01/lower/python310/lib/python3.10/site-packages/setuptools/_vendor/platformdirs-4.2.2.dist-info/METADATA
f	644	1000	1000	11488	64	35959091	1785345380.5776062610	results/experiments/toolchain-environment/20260729T171551Z-toolchain-formal01/boots/repetition-01/lower/python310/lib/python3.10/site-packages/pip/_vendor/packaging/_manylinux.py
f	644	1000	1000	11488	64	35961357	1785345405.0607853140	results/experiments/toolchain-environment/20260729T171551Z-toolchain-formal01/boots/repetition-01/lower/python312/lib/python3.12/site-packages/pip/_vendor/packaging/_manylinux.py
f	644	1000	1000	11500	64	35960353	1785345392.9932730620	results/experiments/toolchain-environment/20260729T171551Z-toolchain-formal01/boots/repetition-01/lower/python310/lib/python3.10/site-packages/pip/_vendor/pyproject_hooks/__pycache__/_impl.cpython-310.pyc
f	644	1000	1000	1153	64	35957945	1785345370.7911411540	results/experiments/toolchain-environment/20260729T171551Z-toolchain-formal01/boots/repetition-01/lower/python310/lib/python3.10/site-packages/setuptools/_vendor/autocommand/__pycache__/autocommand.cpython-310.pyc
f	644	1000	1000	11533	64	35958753	1785345379.3343245640	results/experiments/toolchain-environment/20260729T171551Z-toolchain-formal01/boots/repetition-01/lower/python310/lib/python3.10/site-packages/pip/_internal/resolution/resolvelib/resolver.py
f	644	1000	1000	11543	64	35962149	1785345411.0508667650	results/experiments/toolchain-environment/20260729T171551Z-toolchain-formal01/boots/repetition-01/lower/python312/lib/python3.12/site-packages/pip/_internal/resolution/resolvelib/__pycache__/requirements.cpython-312.pyc
f	644	1000	1000	1155	64	35959559	1785345382.4436084150	results/experiments/toolchain-environment/20260729T171551Z-toolchain-formal01/boots/repetition-01/lower/python310/lib/python3.10/site-packages/pip/_vendor/urllib3/util/__init__.py
f	644	1000	1000	1155	64	35961845	1785345407.0320931500	results/experiments/toolchain-environment/20260729T171551Z-toolchain-formal01/boots/repetition-01/lower/python312/lib/python3.12/site-packages/pip/_vendor/urllib3/util/__init__.py
f	644	1000	1000	11555	64	35962839	1785345422.9006809170	results/experiments/toolchain-environment/20260729T171551Z-toolchain-formal01/boots/repetition-01/lower/python312/lib/python3.12/site-packages/pip/_vendor/rich/__pycache__/tree.cpython-312.pyc
f	644	1000	1000	115811	64	35957679	1785345367.0643273440	results/experiments/toolchain-environment/20260729T171551Z-toolchain-formal01/boots/repetition-01/lower/python310/lib/python3.10/site-packages/pkg_resources/__pycache__/__init__.cpython-310.pyc
f	644	1000	1000	1159	64	35959851	1785345385.9466653880	results/experiments/toolchain-environment/20260729T171551Z-toolchain-formal01/boots/repetition-01/lower/python310/lib/python3.10/site-packages/pip/_internal/resolution/__pycache__/base.cpython-310.pyc
f	644	1000	1000	116	64	35958535	1785345378.5746637810	results/experiments/toolchain-environment/20260729T171551Z-toolchain-formal01/boots/repetition-01/lower/python310/lib/python3.10/site-packages/pip/_internal/cli/status_codes.py
f	644	1000	1000	116	64	35960813	1785345402.7078682960	results/experiments/toolchain-environment/20260729T171551Z-toolchain-formal01/boots/repetition-01/lower/python312/lib/python3.12/site-packages/pip/_internal/cli/status_codes.py
f	644	1000	1000	11603	64	35961075	1785345403.9372744230	results/experiments/toolchain-environment/20260729T171551Z-toolchain-formal01/boots/repetition-01/lower/python312/lib/python3.12/site-packages/pip/_internal/utils/logging.py
f	644	1000	1000	11611	64	35960149	1785345390.2521875310	results/experiments/toolchain-environment/20260729T171551Z-toolchain-formal01/boots/repetition-01/lower/python310/lib/python3.10/site-packages/pip/_vendor/distlib/__pycache__/scripts.cpython-310.pyc
f	644	1000	1000	1162	64	35958475	1785345378.3435334630	results/experiments/toolchain-environment/20260729T171551Z-toolchain-formal01/boots/repetition-01/lower/python310/lib/python3.10/site-packages/setuptools/__pycache__/windows_support.cpython-310.pyc
f	644	1000	1000	11632	64	35958791	1785345379.4691940880	results/experiments/toolchain-environment/20260729T171551Z-toolchain-formal01/boots/repetition-01/lower/python310/lib/python3.10/site-packages/pip/_internal/utils/logging.py
f	644	1000	1000	1164	64	35958585	1785345378.7515409200	results/experiments/toolchain-environment/20260729T171551Z-toolchain-formal01/boots/repetition-01/lower/python310/lib/python3.10/site-packages/pip/_internal/distributions/wheel.py
f	644	1000	1000	11642	64	35956873	1785345363.6021288210	results/experiments/toolchain-environment/20260729T171551Z-toolchain-formal01/boots/repetition-01/lower/python310/lib/python3.10/site-packages/setuptools/_vendor/autocommand/autoparse.py
f	644	1000	1000	1166	64	35958145	1785345373.9366652230	results/experiments/toolchain-environment/20260729T171551Z-toolchain-formal01/boots/repetition-01/lower/python310/lib/python3.10/site-packages/setuptools/_vendor/wheel/__pycache__/_setuptools_logging.cpython-310.pyc
f	644	1000	1000	1167	64	35959899	1785345386.6306849730	results/experiments/toolchain-environment/20260729T171551Z-toolchain-formal01/boots/repetition-01/lower/python310/lib/python3.10/site-packages/pip/_internal/utils/__pycache__/distutils_args.cpython-310.pyc
f	644	1000	1000	1168	64	35962653	1785345419.6671900300	results/experiments/toolchain-environment/20260729T171551Z-toolchain-formal01/boots/repetition-01/lower/python312/lib/python3.12/site-packages/pip/_vendor/requests/__pycache__/hooks.cpython-312.pyc
f	644	1000	1000	11680	64	35962919	1785345423.9152425770	results/experiments/toolchain-environment/20260729T171551Z-toolchain-formal01/boots/repetition-01/lower/python312/lib/python3.12/site-packages/pip/_vendor/urllib3/contrib/__pycache__/appengine.cpython-312.pyc
f	644	1000	1000	1169	64	35957991	1785345371.3904063870	results/experiments/toolchain-environment/20260729T171551Z-toolchain-formal01/boots/repetition-01/lower/python310/lib/python3.10/site-packages/setuptools/_vendor/importlib_metadata/compat/__pycache__/py311.cpython-310.pyc
f	644	1000	1000	1169	64	35958777	1785345379.4165530760	results/experiments/toolchain-environment/20260729T171551Z-toolchain-formal01/boots/repetition-01/lower/python310/lib/python3.10/site-packages/pip/_internal/utils/encoding.py
f	644	1000	1000	1169	64	35961063	1785345403.8858893910	results/experiments/toolchain-environment/20260729T171551Z-toolchain-formal01/boots/repetition-01/lower/python312/lib/python3.12/site-packages/pip/_internal/utils/encoding.py
f	644	1000	1000	11712	64	35960115	1785345389.7713481220	results/experiments/toolchain-environment/20260729T171551Z-toolchain-formal01/boots/repetition-01/lower/python310/lib/python3.10/site-packages/pip/_vendor/colorama/tests/__pycache__/ansitowin32_test.cpython-310.pyc
f	644	1000	1000	11729	64	35958823	1785345379.5835561290	results/experiments/toolchain-environment/20260729T171551Z-toolchain-formal01/boots/repetition-01/lower/python310/lib/python3.10/site-packages/pip/_internal/vcs/subversion.py
f	644	1000	1000	11729	64	35961107	1785345404.0760275130	results/experiments/toolchain-environment/20260729T171551Z-toolchain-formal01/boots/repetition-01/lower/python312/lib/python3.12/site-packages/pip/_internal/vcs/subversion.py
f	644	1000	1000	1173	64	35960131	1785345389.9780602070	results/experiments/toolchain-environment/20260729T171551Z-toolchain-formal01/boots/repetition-01/lower/python310/lib/python3.10/site-packages/pip/_vendor/distlib/__pycache__/__init__.cpython-310.pyc
f	644	1000	1000	11735	64	35960507	1785345395.0521296000	results/experiments/toolchain-environment/20260729T171551Z-toolchain-formal01/boots/repetition-01/lower/python310/lib/python3.10/site-packages/pip/_vendor/rich/__pycache__/live.cpython-310.pyc
f	644	1000	1000	1174	64	35958389	1785345377.2182875130	results/experiments/toolchain-environment/20260729T171551Z-toolchain-formal01/boots/repetition-01/lower/python310/lib/python3.10/site-packages/setuptools/tests/__pycache__/test_bdist_deprecations.cpython-310.pyc
f	644	1000	1000	1175	64	35960679	1785345397.4335673930	results/experiments/toolchain-environment/20260729T171551Z-toolchain-formal01/boots/repetition-01/lower/python310/lib/python3.10/site-packages/pip/_vendor/urllib3/util/__pycache__/queue.cpython-310.pyc
f	644	1000	1000	11753	64	35959199	1785345380.9824371790	results/experiments/toolchain-environment/20260729T171551Z-toolchain-formal01/boots/repetition-01/lower/python310/lib/python3.10/site-packages/pip/_vendor/pygments/formatters/terminal256.py
f	644	1000	1000	11753	64	35961443	1785345405.3954926440	results/experiments/toolchain-environment/20260729T171551Z-toolchain-formal01/boots/repetition-01/lower/python312/lib/python3.12/site-packages/pip/_vendor/pygments/formatters/terminal256.py
f	644	1000	1000	1176	64	35959119	1785345380.6742715540	results/experiments/toolchain-environment/20260729T171551Z-toolchain-formal01/boots/repetition-01/lower/python310/lib/python3.10/site-packages/pip/_vendor/platformdirs/__main__.py
f	644	1000	1000	11776	64	35956583	1785345362.5005809580	results/experiments/toolchain-environment/20260729T171551Z-toolchain-formal01/boots/repetition-01/lower/python310/lib/python3.10/site-packages/setuptools/cli-32.exe
f	644	1000	1000	11776	64	35956589	1785345362.5192443190	results/experiments/toolchain-environment/20260729T171551Z-toolchain-formal01/boots/repetition-01/lower/python310/lib/python3.10/site-packages/setuptools/cli.exe
f	644	1000	1000	11776	64	35956603	1785345362.5643531350	results/experiments/toolchain-environment/20260729T171551Z-toolchain-formal01/boots/repetition-01/lower/python310/lib/python3.10/site-packages/setuptools/gui-32.exe
f	644	1000	1000	11776	64	35956609	1785345362.5832454880	results/experiments/toolchain-environment/20260729T171551Z-toolchain-formal01/boots/repetition-01/lower/python310/lib/python3.10/site-packages/setuptools/gui.exe
f	644	1000	1000	11777	64	35962061	1785345409.7635923600	results/experiments/toolchain-environment/20260729T171551Z-toolchain-formal01/boots/repetition-01/lower/python312/lib/python3.12/site-packages/pip/_internal/network/__pycache__/lazy_wheel.cpython-312.pyc
f	644	1000	1000	11787	64	35956785	1785345363.2402574880	results/experiments/toolchain-environment/20260729T171551Z-toolchain-formal01/boots/repetition-01/lower/python310/lib/python3.10/site-packages/setuptools/_distutils/tests/test_archive_util.py
f	644	1000	1000	11801	64	35961111	1785345404.0938870320	results/experiments/toolchain-environment/20260729T171551Z-toolchain-formal01/boots/repetition-01/lower/python312/lib/python3.12/site-packages/pip/_internal/wheel_builder.py
f	644	1000	1000	11813	64	35957263	1785345365.2372029870	results/experiments/toolchain-environment/20260729T171551Z-toolchain-formal01/boots/repetition-01/lower/python310/lib/python3.10/site-packages/setuptools/config/_validate_pyproject/error_reporting.py
f	644	1000	1000	11844	64	35956757	1785345363.1132737070	results/experiments/toolchain-environment/20260729T171551Z-toolchain-formal01/boots/repetition-01/lower/python310/lib/python3.10/site-packages/setuptools/_distutils/compilers/C/cygwin.py
f	644	1000	1000	11863	64	35962387	1785345414.7575999050	results/experiments/toolchain-environment/20260729T171551Z-toolchain-formal01/boots/repetition-01/lower/python312/lib/python3.12/site-packages/pip/_vendor/colorama/tests/__pycache__/initialise_test.cpython-312.pyc
f	644	1000	1000	119	64	35956965	1785345363.9454830400	results/experiments/toolchain-environment/20260729T171551Z-toolchain-formal01/boots/repetition-01/lower/python310/lib/python3.10/site-packages/setuptools/_vendor/jaraco/text/to-dvorak.py
f	644	1000	1000	119	64	35956967	1785345363.9552705490	results/experiments/toolchain-environment/20260729T171551Z-toolchain-formal01/boots/repetition-01/lower/python310/lib/python3.10/site-packages/setuptools/_vendor/jaraco/text/to-qwerty.py
f	644	1000	1000	11903	64	35959403	1785345381.8375973360	results/experiments/toolchain-environment/20260729T171551Z-toolchain-formal01/boots/repetition-01/lower/python310/lib/python3.10/site-packages/pip/_vendor/rich/logging.py
f	644	1000	1000	11903	64	35961669	1785345406.3085958770	results/experiments/toolchain-environment/20260729T171551Z-toolchain-formal01/boots/repetition-01/lower/python312/lib/python3.12/site-packages/pip/_vendor/rich/logging.py
f	644	1000	1000	11920	64	35959245	1785345381.1425846290	results/experiments/toolchain-environment/20260729T171551Z-toolchain-formal01/boots/repetition-01/lower/python310/lib/python3.10/site-packages/pip/_vendor/pyproject_hooks/_impl.py
f	644	1000	1000	11920	64	35961509	1785345405.6395362030	results/experiments/toolchain-environment/20260729T171551Z-toolchain-formal01/boots/repetition-01/lower/python312/lib/python3.12/site-packages/pip/_vendor/pyproject_hooks/_impl.py
f	644	1000	1000	1193	64	35958795	1785345379.4845543200	results/experiments/toolchain-environment/20260729T171551Z-toolchain-formal01/boots/repetition-01/lower/python310/lib/python3.10/site-packages/pip/_internal/utils/models.py
f	644	1000	1000	1193	64	35961079	1785345403.9559752290	results/experiments/toolchain-environment/20260729T171551Z-toolchain-formal01/boots/repetition-01/lower/python312/lib/python3.12/site-packages/pip/_internal/utils/models.py
f	644	1000	1000	1196	64	35962625	1785345419.1042792280	results/experiments/toolchain-environment/20260729T171551Z-toolchain-formal01/boots/repetition-01/lower/python312/lib/python3.12/site-packages/pip/_vendor/pyproject_hooks/_in_process/__pycache__/__init__.cpython-312.pyc
f	644	1000	1000	11974	64	35962739	1785345421.2220610450	results/experiments/toolchain-environment/20260729T171551Z-toolchain-formal01/boots/repetition-01/lower/python312/lib/python3.12/site-packages/pip/_vendor/rich/__pycache__/box.cpython-312.pyc
f	644	1000	1000	11978	64	35956559	1785345362.4262426200	results/experiments/toolchain-environment/20260729T171551Z-toolchain-formal01/boots/repetition-01/lower/python310/lib/python3.10/site-packages/setuptools/_core_metadata.py
f	644	1000	1000	1198	64	35958485	1785345378.4105346870	results/experiments/toolchain-environment/20260729T171551Z-toolchain-formal01/boots/repetition-01/lower/python310/lib/python3.10/site-packages/pip/__main__.py
f	644	1000	1000	11986	64	35956841	1785345363.4821590970	results/experiments/toolchain-environment/20260729T171551Z-toolchain-formal01/boots/repetition-01/lower/python310/lib/python3.10/site-packages/setuptools/_distutils/tests/test_sysconfig.py
f	644	1000	1000	12	64	35957445	1785345365.9814634030	results/experiments/toolchain-environment/20260729T171551Z-toolchain-formal01/boots/repetition-01/lower/python310/lib/python3.10/site-packages/setuptools/_vendor/autocommand-2.2.2.dist-info/top_level.txt
f	644	1000	1000	1200	64	35956683	1785345362.8252499080	results/experiments/toolchain-environment/20260729T171551Z-toolchain-formal01/boots/repetition-01/lower/python310/lib/python3.10/site-packages/setuptools/_distutils/log.py
f	644	1000	1000	12095	64	35959779	1785345384.9496542340	results/experiments/toolchain-environment/20260729T171551Z-toolchain-formal01/boots/repetition-01/lower/python310/lib/python3.10/site-packages/pip/_internal/network/__pycache__/auth.cpython-310.pyc
f	644	1000	1000	12101	64	35956689	1785345362.8478653590	results/experiments/toolchain-environment/20260729T171551Z-toolchain-formal01/boots/repetition-01/lower/python310/lib/python3.10/site-packages/setuptools/_distutils/text_file.py
f	644	1000	1000	12117	64	35962985	1785345424.8390061780	results/experiments/toolchain-environment/20260729T171551Z-toolchain-formal01/boots/repetition-01/lower/python312/lib/python3.12/site-packages/pip/_vendor/webencodings/__pycache__/__init__.cpython-312.pyc
f	644	1000	1000	12130	64	35961449	1785345405.4145274950	results/experiments/toolchain-environment/20260729T171551Z-toolchain-formal01/boots/repetition-01/lower/python312/lib/python3.12/site-packages/pip/_vendor/pygments/lexers/__init__.py
f	644	1000	1000	1215	64	35962887	1785345423.5045591490	results/experiments/toolchain-environment/20260729T171551Z-toolchain-formal01/boots/repetition-01/lower/python312/lib/python3.12/site-packages/pip/_vendor/truststore/__pycache__/_ssl_constants.cpython-312.pyc
f	644	1000	1000	12159	64	35958289	1785345375.9091305870	results/experiments/toolchain-environment/20260729T171551Z-toolchain-formal01/boots/repetition-01/lower/python310/lib/python3.10/site-packages/setuptools/config/_validate_pyproject/__pycache__/error_reporting.cpython-310.pyc
f	644	1000	1000	12173	64	35960031	1785345388.4918120260	results/experiments/toolchain-environment/20260729T171551Z-toolchain-formal01/boots/repetition-01/lower/python310/lib/python3.10/site-packages/pip/_vendor/chardet/__pycache__/euckrfreq.cpython-310.pyc
f	644	1000	1000	12173	64	35962201	1785345411.8306325570	results/experiments/toolchain-environment/20260729T171551Z-toolchain-formal01/boots/repetition-01/lower/python312/lib/python3.12/site-packages/pip/_internal/utils/__pycache__/temp_dir.cpython-312.pyc
f	644	1000	1000	12176	64	35958901	1785345379.8506935230	results/experiments/toolchain-environment/20260729T171551Z-toolchain-formal01/boots/repetition-01/lower/python310/lib/python3.10/site-packages/pip/_vendor/chardet/escsm.py
f	644	1000	1000	12176	64	35961185	1785345404.3657189730	results/experiments/toolchain-environment/20260729T171551Z-toolchain-formal01/boots/repetition-01/lower/python312/lib/python3.12/site-packages/pip/_vendor/chardet/escsm.py
f	644	1000	1000	12191	64	35962469	1785345416.1162245120	results/experiments/toolchain-environment/20260729T171551Z-toolchain-formal01/boots/repetition-01/lower/python312/lib/python3.12/site-packages/pip/_vendor/packaging/__pycache__/_manylinux.cpython-312.pyc
f	644	1000	1000	12193	64	35962703	1785345420.5595552190	results/experiments/toolchain-environment/20260729T171551Z-toolchain-formal01/boots/repetition-01/lower/python312/lib/python3.12/site-packages/pip/_vendor/rich/__pycache__/_inspect.cpython-312.pyc
f	644	1000	1000	12197	64	35962301	1785345413.1301698400	results/experiments/toolchain-environment/20260729T171551Z-toolchain-formal01/boots/repetition-01/lower/python312/lib/python3.12/site-packages/pip/_vendor/chardet/__pycache__/euckrfreq.cpython-312.pyc
f	644	1000	1000	1220	64	35960583	1785345396.1412996390	results/experiments/toolchain-environment/20260729T171551Z-toolchain-formal01/boots/repetition-01/lower/python310/lib/python3.10/site-packages/pip/_vendor/tenacity/__pycache__/before.cpython-310.pyc
f	644	1000	1000	1220	64	35960673	1785345397.3390786470	results/experiments/toolchain-environment/20260729T171551Z-toolchain-formal01/boots/repetition-01/lower/python310/lib/python3.10/site-packages/pip/_vendor/urllib3/util/__pycache__/__init__.cpython-310.pyc
f	644	1000	1000	12208	64	35960341	1785345392.8513668070	results/experiments/toolchain-environment/20260729T171551Z-toolchain-formal01/boots/repetition-01/lower/python310/lib/python3.10/site-packages/pip/_vendor/pyparsing/__pycache__/testing.cpython-310.pyc
f	644	1000	1000	1221	64	35958579	1785345378.7292634410	results/experiments/toolchain-environment/20260729T171551Z-toolchain-formal01/boots/repetition-01/lower/python310/lib/python3.10/site-packages/pip/_internal/distributions/base.py
f	644	1000	1000	12213	64	35962793	1785345422.1483349760	results/experiments/toolchain-environment/20260729T171551Z-toolchain-formal01/boots/repetition-01/lower/python312/lib/python3.12/site-packages/pip/_vendor/rich/__pycache__/panel.cpython-312.pyc
f	644	1000	1000	122164	64	35962891	1785345423.5733610770	results/experiments/toolchain-environment/20260729T171551Z-toolchain-formal01/boots/repetition-01/lower/python312/lib/python3.12/site-packages/pip/_vendor/__pycache__/typing_extensions.cpython-312.pyc
f	644	1000	1000	123	64	35957367	1785345365.7153051400	results/experiments/toolchain-environment/20260729T171551Z-toolchain-formal01/boots/repetition-01/lower/python310/lib/python3.10/site-packages/setuptools/tests/text.py
f	644	1000	1000	12301	64	35960211	1785345391.0855997360	results/experiments/toolchain-environment/20260729T171551Z-toolchain-formal01/boots/repetition-01/lower/python310/lib/python3.10/site-packages/pip/_vendor/packaging/__pycache__/tags.cpython-310.pyc
f	644	1000	1000	12313	64	35957821	1785345369.1715647110	results/experiments/toolchain-environment/20260729T171551Z-toolchain-formal01/boots/repetition-01/lower/python310/lib/python3.10/site-packages/setuptools/_distutils/__pycache__/filelist.cpython-310.pyc
f	644	1000	1000	12343	64	35958565	1785345378.6836539040	results/experiments/toolchain-environment/20260729T171551Z-toolchain-formal01/boots/repetition-01/lower/python310/lib/python3.10/site-packages/pip/_internal/commands/list.py
f	644	1000	1000	1236	64	35959329	1785345381.4891508100	results/experiments/toolchain-environment/20260729T171551Z-toolchain-formal01/boots/repetition-01/lower/python310/lib/python3.10/site-packages/pip/_vendor/rich/_loop.py
f	644	1000	1000	1236	64	35961595	1785345405.9783496940	results/experiments/toolchain-environment/20260729T171551Z-toolchain-formal01/boots/repetition-01/lower/python312/lib/python3.12/site-packages/pip/_vendor/rich/_loop.py
f	644	1000	1000	12382	64	35960447	1785345394.2015029160	results/experiments/toolchain-environment/20260729T171551Z-toolchain-formal01/boots/repetition-01/lower/python310/lib/python3.10/site-packages/pip/_vendor/rich/__pycache__/_spinners.cpython-310.pyc
f	644	1000	1000	12384	64	35962361	1785345414.3111914620	results/experiments/toolchain-environment/20260729T171551Z-toolchain-formal01/boots/repetition-01/lower/python312/lib/python3.12/site-packages/pip/_vendor/chardet/__pycache__/universaldetector.cpython-312.pyc
f	644	1000	1000	124	64	35959605	1785345382.6086114310	results/experiments/toolchain-environment/20260729T171551Z-toolchain-formal01/boots/repetition-01/lower/python310/lib/python3.10/site-packages/pip-23.0.1.dist-info/entry_points.txt
f	644	1000	1000	1240	64	35956805	1785345363.3272284650	results/experiments/toolchain-environment/20260729T171551Z-toolchain-formal01/boots/repetition-01/lower/python310/lib/python3.10/site-packages/setuptools/_distutils/tests/test_clean.py
f	644	1000	1000	12406	64	35957387	1785345365.7946513340	results/experiments/toolchain-environment/20260729T171551Z-toolchain-formal01/boots/repetition-01/lower/python310/lib/python3.10/site-packages/setuptools/tests/config/test_pyprojecttoml.py
f	644	1000	1000	12438	64	35962733	1785345421.1196531700	results/experiments/toolchain-environment/20260729T171551Z-toolchain-formal01/boots/repetition-01/lower/python312/lib/python3.12/site-packages/pip/_vendor/rich/__pycache__/align.cpython-312.pyc
f	644	1000	1000	12465	64	35962151	1785345411.0893909400	results/experiments/toolchain-environment/20260729T171551Z-toolchain-formal01/boots/repetition-01/lower/python312/lib/python3.12/site-packages/pip/_internal/resolution/resolvelib/__pycache__/resolver.cpython-312.pyc
f	644	1000	1000	12484	64	35959837	1785345385.7396686800	results/experiments/toolchain-environment/20260729T171551Z-toolchain-formal01/boots/repetition-01/lower/python310/lib/python3.10/site-packages/pip/_internal/req/__pycache__/constructors.cpython-310.pyc
f	644	1000	1000	125	64	35960769	1785345402.5545783860	results/experiments/toolchain-environment/20260729T171551Z-toolchain-formal01/boots/repetition-01/lower/python312/lib/python3.12/site-packages/pip-24.0.dist-info/entry_points.txt
f	644	1000	1000	1250	64	35958159	1785345374.1191211570	results/experiments/toolchain-environment/20260729T171551Z-toolchain-formal01/boots/repetition-01/lower/python310/lib/python3.10/site-packages/setuptools/_vendor/wheel/cli/__pycache__/unpack.cpython-310.pyc
f	644	1000	1000	1251	64	35958025	1785345371.9876020570	results/experiments/toolchain-environment/20260729T171551Z-toolchain-formal01/boots/repetition-01/lower/python310/lib/python3.10/site-packages/setuptools/_vendor/jaraco/text/__pycache__/show-newlines.cpython-310.pyc
f	644	1000	1000	12529	64	35959787	1785345385.0656563560	results/experiments/toolchain-environment/20260729T171551Z-toolchain-formal01/boots/repetition-01/lower/python310/lib/python3.10/site-packages/pip/_internal/network/__pycache__/session.cpython-310.pyc
f	644	1000	1000	12529	64	35962865	1785345423.2473551060	results/experiments/toolchain-environment/20260729T171551Z-toolchain-formal01/boots/repetition-01/lower/python312/lib/python3.12/site-packages/pip/_vendor/tenacity/__pycache__/wait.cpython-312.pyc
f	644	1000	1000	12544	64	35957735	1785345367.8713420890	results/experiments/toolchain-environment/20260729T171551Z-toolchain-formal01/boots/repetition-01/lower/python310/lib/python3.10/site-packages/setuptools/_distutils/command/__pycache__/bdist_rpm.cpython-310.pyc
f	644	1000	1000	12547	64	35960843	1785345402.8685281640	results/experiments/toolchain-environment/20260729T171551Z-toolchain-formal01/boots/repetition-01/lower/python312/lib/python3.12/site-packages/pip/_internal/commands/list.py
f	644	1000	1000	12556	64	35962503	1785345416.6833897690	results/experiments/toolchain-environment/20260729T171551Z-toolchain-formal01/boots/repetition-01/lower/python312/lib/python3.12/site-packages/pip/_vendor/platformdirs/__pycache__/unix.cpython-312.pyc
f	644	1000	1000	1258	64	35959445	1785345382.0186006450	results/experiments/toolchain-environment/20260729T171551Z-toolchain-formal01/boots/repetition-01/lower/python310/lib/python3.10/site-packages/pip/_vendor/rich/styled.py
f	644	1000	1000	1258	64	35961711	1785345406.4870270120	results/experiments/toolchain-environment/20260729T171551Z-toolchain-formal01/boots/repetition-01/lower/python312/lib/python3.12/site-packages/pip/_vendor/rich/styled.py
f	644	1000	1000	1259	64	35957561	1785345366.4853167660	results/experiments/toolchain-environment/20260729T171551Z-toolchain-formal01/boots/repetition-01/lower/python310/lib/python3.10/site-packages/setuptools/_vendor/more_itertools-10.3.0.dist-info/RECORD
f	644	1000	1000	12592	64	35961037	1785345403.7798944270	results/experiments/toolchain-environment/20260729T171551Z-toolchain-formal01/boots/repetition-01/lower/python312/lib/python3.12/site-packages/pip/_internal/resolution/resolvelib/resolver.py
f	644	1000	1000	12595	64	35956503	1785345362.2392334070	results/experiments/toolchain-environment/20260729T171551Z-toolchain-formal01/boots/repetition-01/lower/python310/lib/python3.10/site-packages/pkg_resources/api_tests.txt
f	644	1000	1000	12598	64	35962221	1785345412.1054054230	results/experiments/toolchain-environment/20260729T171551Z-toolchain-formal01/boots/repetition-01/lower/python312/lib/python3.12/site-packages/pip/_internal/vcs/__pycache__/subversion.cpython-312.pyc
f	644	1000	1000	1261	64	35956615	1785345362.6022924150	results/experiments/toolchain-environment/20260729T171551Z-toolchain-formal01/boots/repetition-01/lower/python310/lib/python3.10/site-packages/setuptools/logging.py
f	644	1000	1000	12619	64	35956695	1785345362.8692903990	results/experiments/toolchain-environment/20260729T171551Z-toolchain-formal01/boots/repetition-01/lower/python310/lib/python3.10/site-packages/setuptools/_distutils/version.py
f	644	1000	1000	1262	64	35962957	1785345424.4240695700	results/experiments/toolchain-environment/20260729T171551Z-toolchain-formal01/boots/repetition-01/lower/python312/lib/python3.12/site-packages/pip/_vendor/urllib3/util/__pycache__/__init__.cpython-312.pyc
f	644	1000	1000	126203	64	35956501	1785345362.2322390770	results/experiments/toolchain-environment/20260729T171551Z-toolchain-formal01/boots/repetition-01/lower/python310/lib/python3.10/site-packages/pkg_resources/__init__.py
f	644	1000	1000	12634	64	35957115	1785345364.5770346110	results/experiments/toolchain-environment/20260729T171551Z-toolchain-formal01/boots/repetition-01/lower/python310/lib/python3.10/site-packages/setuptools/_vendor/wheel/cli/convert.py
f	644	1000	1000	12655	64	35959945	1785345387.3101701620	results/experiments/toolchain-environment/20260729T171551Z-toolchain-formal01/boots/repetition-01/lower/python310/lib/python3.10/site-packages/pip/_internal/vcs/__pycache__/git.cpython-310.pyc
f	644	1000	1000	1267	64	35960003	1785345388.0867115990	results/experiments/toolchain-environment/20260729T171551Z-toolchain-formal01/boots/repetition-01/lower/python310/lib/python3.10/site-packages/pip/_vendor/chardet/__pycache__/big5prober.cpython-310.pyc
f	644	1000	1000	12718	64	35961991	1785345408.7440918170	results/experiments/toolchain-environment/20260729T171551Z-toolchain-formal01/boots/repetition-01/lower/python312/lib/python3.12/site-packages/pip/_internal/index/__pycache__/sources.cpython-312.pyc
f	644	1000	1000	1272	64	35956735	1785345363.0336458550	results/experiments/toolchain-environment/20260729T171551Z-toolchain-formal01/boots/repetition-01/lower/python310/lib/python3.10/site-packages/setuptools/_distutils/command/install_headers.py
f	644	1000	1000	12724	64	35956727	1785345362.9962530310	results/experiments/toolchain-environment/20260729T171551Z-toolchain-formal01/boots/repetition-01/lower/python310/lib/python3.10/site-packages/setuptools/_distutils/command/config.py
f	644	1000	1000	1274	64	35960021	1785345388.3349809730	results/experiments/toolchain-environment/20260729T171551Z-toolchain-formal01/boots/repetition-01/lower/python310/lib/python3.10/site-packages/pip/_vendor/chardet/__pycache__/cp949prober.cpython-310.pyc
f	644	1000	1000	1274	64	35960049	1785345388.7893134070	results/experiments/toolchain-environment/20260729T171551Z-toolchain-formal01/boots/repetition-01/lower/python310/lib/python3.10/site-packages/pip/_vendor/chardet/__pycache__/johabprober.cpython-310.pyc
f	644	1000	1000	1275	64	35960033	1785345388.5249021800	results/experiments/toolchain-environment/20260729T171551Z-toolchain-formal01/boots/repetition-01/lower/python310/lib/python3.10/site-packages/pip/_vendor/chardet/__pycache__/euckrprober.cpython-310.pyc
f	644	1000	1000	1275	64	35960037	1785345388.5926948070	results/experiments/toolchain-environment/20260729T171551Z-toolchain-formal01/boots/repetition-01/lower/python310/lib/python3.10/site-packages/pip/_vendor/chardet/__pycache__/euctwprober.cpython-310.pyc
f	644	1000	1000	1275	64	35962183	1785345411.5491840050	results/experiments/toolchain-environment/20260729T171551Z-toolchain-formal01/boots/repetition-01/lower/python312/lib/python3.12/site-packages/pip/_internal/utils/__pycache__/filetypes.cpython-312.pyc
f	644	1000	1000	1277	64	35960865	1785345402.9759518120	results/experiments/toolchain-environment/20260729T171551Z-toolchain-formal01/boots/repetition-01/lower/python312/lib/python3.12/site-packages/pip/_internal/distributions/wheel.py
f	644	1000	1000	12779	64	35961901	1785345407.4300552880	results/experiments/toolchain-environment/20260729T171551Z-toolchain-formal01/boots/repetition-01/lower/python312/lib/python3.12/site-packages/pip/_internal/__pycache__/cache.cpython-312.pyc
f	644	1000	1000	128035	64	35958935	1785345379.9955636610	results/experiments/toolchain-environment/20260729T171551Z-toolchain-formal01/boots/repetition-01/lower/python310/lib/python3.10/site-packages/pip/_vendor/chardet/langrussianmodel.py
f	644	1000	1000	128035	64	35961219	1785345404.5210122530	results/experiments/toolchain-environment/20260729T171551Z-toolchain-formal01/boots/repetition-01/lower/python312/lib/python3.12/site-packages/pip/_vendor/chardet/langrussianmodel.py
f	644	1000	1000	12813	64	35961331	1785345404.9596716740	results/experiments/toolchain-environment/20260729T171551Z-toolchain-formal01/boots/repetition-01/lower/python312/lib/python3.12/site-packages/pip/_vendor/idna/core.py
f	644	1000	1000	1282	64	35960985	1785345403.5489662120	results/experiments/toolchain-environment/20260729T171551Z-toolchain-formal01/boots/repetition-01/lower/python312/lib/python3.12/site-packages/pip/_internal/operations/install/editable_legacy.py
f	644	1000	1000	1283	64	35960041	1785345388.6561595100	results/experiments/toolchain-environment/20260729T171551Z-toolchain-formal01/boots/repetition-01/lower/python310/lib/python3.10/site-packages/pip/_vendor/chardet/__pycache__/gb2312prober.cpython-310.pyc
f	644	1000	1000	1283	64	35962041	1785345409.4213734140	results/experiments/toolchain-environment/20260729T171551Z-toolchain-formal01/boots/repetition-01/lower/python312/lib/python3.12/site-packages/pip/_internal/models/__pycache__/scheme.cpython-312.pyc
f	644	1000	1000	1286	64	35959269	1785345381.2351502320	results/experiments/toolchain-environment/20260729T171551Z-toolchain-formal01/boots/repetition-01/lower/python310/lib/python3.10/site-packages/pip/_vendor/requests/compat.py
f	644	1000	1000	1286	64	35961533	1785345405.7252569860	results/experiments/toolchain-environment/20260729T171551Z-toolchain-formal01/boots/repetition-01/lower/python312/lib/python3.12/site-packages/pip/_vendor/requests/compat.py
f	644	1000	1000	1288	64	35959373	1785345381.6945947210	results/experiments/toolchain-environment/20260729T171551Z-toolchain-formal01/boots/repetition-01/lower/python310/lib/python3.10/site-packages/pip/_vendor/rich/constrain.py
f	644	1000	1000	1288	64	35961639	1785345406.1811787760	results/experiments/toolchain-environment/20260729T171551Z-toolchain-formal01/boots/repetition-01/lower/python312/lib/python3.12/site-packages/pip/_vendor/rich/constrain.py
f	644	1000	1000	12936	64	35959117	1785345380.6661505170	results/experiments/toolchain-environment/20260729T171551Z-toolchain-formal01/boots/repetition-01/lower/python310/lib/python3.10/site-packages/pip/_vendor/platformdirs/__init__.py
f	644	1000	1000	12936	64	35959219	1785345381.0405827650	results/experiments/toolchain-environment/20260729T171551Z-toolchain-formal01/boots/repetition-01/lower/python310/lib/python3.10/site-packages/pip/_vendor/pyparsing/common.py
f	644	1000	1000	12950	64	35959065	1785345380.4846125120	results/experiments/toolchain-environment/20260729T171551Z-toolchain-formal01/boots/repetition-01/lower/python310/lib/python3.10/site-packages/pip/_vendor/idna/core.py
f	644	1000	1000	1297	64	35958387	1785345377.1921435360	results/experiments/toolchain-environment/20260729T171551Z-toolchain-formal01/boots/repetition-01/lower/python310/lib/python3.10/site-packages/setuptools/tests/__pycache__/test_archive_util.cpython-310.pyc
f	644	1000	1000	1298	64	35957883	1785345369.9913808230	results/experiments/toolchain-environment/20260729T171551Z-toolchain-formal01/boots/repetition-01/lower/python310/lib/python3.10/site-packages/setuptools/_distutils/tests/__pycache__/test_install_headers.cpython-310.pyc
f	644	1000	1000	1299	64	35962125	1785345410.6978477670	results/experiments/toolchain-environment/20260729T171551Z-toolchain-formal01/boots/repetition-01/lower/python312/lib/python3.12/site-packages/pip/_internal/resolution/__pycache__/base.cpython-312.pyc
f	644	1000	1000	1303	64	35957077	1785345364.4340714830	results/experiments/toolchain-environment/20260729T171551Z-toolchain-formal01/boots/repetition-01/lower/python310/lib/python3.10/site-packages/setuptools/_vendor/typeguard/_memo.py
f	644	1000	1000	1303	64	35960299	1785345392.2574658010	results/experiments/toolchain-environment/20260729T171551Z-toolchain-formal01/boots/repetition-01/lower/python310/lib/python3.10/site-packages/pip/_vendor/pygments/__pycache__/modeline.cpython-310.pyc
f	644	1000	1000	13036	64	35960215	1785345391.1435241810	results/experiments/toolchain-environment/20260729T171551Z-toolchain-formal01/boots/repetition-01/lower/python310/lib/python3.10/site-packages/pip/_vendor/packaging/__pycache__/version.cpython-310.pyc
f	644	1000	1000	1305	64	35959591	1785345382.5716107550	results/experiments/toolchain-environment/20260729T171551Z-toolchain-formal01/boots/repetition-01/lower/python310/lib/python3.10/site-packages/pip/_vendor/webencodings/mklabels.py
f	644	1000	1000	1305	64	35960427	1785345393.9166720420	results/experiments/toolchain-environment/20260729T171551Z-toolchain-formal01/boots/repetition-01/lower/python310/lib/python3.10/site-packages/pip/_vendor/rich/__pycache__/_emoji_replace.cpython-310.pyc
f	644	1000	1000	1305	64	35961879	1785345407.2083678260	results/experiments/toolchain-environment/20260729T171551Z-toolchain-formal01/boots/repetition-01/lower/python312/lib/python3.12/site-packages/pip/_vendor/webencodings/mklabels.py
f	644	1000	1000	13079	64	35958509	1785345378.4823053010	results/experiments/toolchain-environment/20260729T171551Z-toolchain-formal01/boots/repetition-01/lower/python310/lib/python3.10/site-packages/pip/_internal/wheel_builder.py
f	644	1000	1000	1308	64	35957441	1785345365.9642246880	results/experiments/toolchain-environment/20260729T171551Z-toolchain-formal01/boots/repetition-01/lower/python310/lib/python3.10/site-packages/setuptools/_vendor/autocommand-2.2.2.dist-info/RECORD
f	644	1000	1000	1310	64	35960587	1785345396.2003647580	results/experiments/toolchain-environment/20260729T171551Z-toolchain-formal01/boots/repetition-01/lower/python310/lib/python3.10/site-packages/pip/_vendor/tenacity/__pycache__/nap.cpython-310.pyc
f	644	1000	1000	13110	64	35962603	1785345418.6865925210	results/experiments/toolchain-environment/20260729T171551Z-toolchain-formal01/boots/repetition-01/lower/python312/lib/python3.12/site-packages/pip/_vendor/pyparsing/__pycache__/exceptions.cpython-312.pyc
f	644	1000	1000	13114	64	35962507	1785345416.7645969700	results/experiments/toolchain-environment/20260729T171551Z-toolchain-formal01/boots/repetition-01/lower/python312/lib/python3.12/site-packages/pip/_vendor/platformdirs/__pycache__/windows.cpython-312.pyc
f	644	1000	1000	1314	64	35956901	1785345363.6978957480	results/experiments/toolchain-environment/20260729T171551Z-toolchain-formal01/boots/repetition-01/lower/python310/lib/python3.10/site-packages/setuptools/_vendor/importlib_metadata/_compat.py
f	644	1000	1000	132	64	35958513	1785345378.4902491410	results/experiments/toolchain-environment/20260729T171551Z-toolchain-formal01/boots/repetition-01/lower/python310/lib/python3.10/site-packages/pip/_internal/cli/__init__.py
f	644	1000	1000	132	64	35960791	1785345402.6066919200	results/experiments/toolchain-environment/20260729T171551Z-toolchain-formal01/boots/repetition-01/lower/python312/lib/python3.12/site-packages/pip/_internal/cli/__init__.py
f	644	1000	1000	13202	64	35959647	1785345383.0346192200	results/experiments/toolchain-environment/20260729T171551Z-toolchain-formal01/boots/repetition-01/lower/python310/lib/python3.10/site-packages/pip/_internal/cli/__pycache__/req_command.cpython-310.pyc
f	644	1000	1000	1322	64	35957993	1785345371.4304071180	results/experiments/toolchain-environment/20260729T171551Z-toolchain-formal01/boots/repetition-01/lower/python310/lib/python3.10/site-packages/setuptools/_vendor/importlib_metadata/compat/__pycache__/py39.cpython-310.pyc
f	644	1000	1000	1324	64	35958273	1785345375.7154451440	results/experiments/toolchain-environment/20260729T171551Z-toolchain-formal01/boots/repetition-01/lower/python310/lib/python3.10/site-packages/setuptools/compat/__pycache__/py311.cpython-310.pyc
f	644	1000	1000	13295	64	35962717	1785345420.8323108740	results/experiments/toolchain-environment/20260729T171551Z-toolchain-formal01/boots/repetition-01/lower/python312/lib/python3.12/site-packages/pip/_vendor/rich/__pycache__/_spinners.cpython-312.pyc
f	644	1000	1000	13300	64	35962611	1785345418.8802751250	results/experiments/toolchain-environment/20260729T171551Z-toolchain-formal01/boots/repetition-01/lower/python312/lib/python3.12/site-packages/pip/_vendor/pyparsing/__pycache__/unicode.cpython-312.pyc
f	644	1000	1000	13305	64	35958297	1785345376.0854921900	results/experiments/toolchain-environment/20260729T171551Z-toolchain-formal01/boots/repetition-01/lower/python310/lib/python3.10/site-packages/setuptools/config/_validate_pyproject/__pycache__/formats.cpython-310.pyc
f	644	1000	1000	1332	64	35960489	1785345394.8006643100	results/experiments/toolchain-environment/20260729T171551Z-toolchain-formal01/boots/repetition-01/lower/python310/lib/python3.10/site-packages/pip/_vendor/rich/__pycache__/diagnose.cpython-310.pyc
f	644	1000	1000	13326	64	35961939	1785345407.9800836390	results/experiments/toolchain-environment/20260729T171551Z-toolchain-formal01/boots/repetition-01/lower/python312/lib/python3.12/site-packages/pip/_internal/commands/__pycache__/configuration.cpython-312.pyc
f	644	1000	1000	1335	64	35956955	1785345363.8944478330	results/experiments/toolchain-environment/20260729T171551Z-toolchain-formal01/boots/repetition-01/lower/python310/lib/python3.10/site-packages/setuptools/_vendor/jaraco/text/Lorem ipsum.txt
f	644	1000	1000	13359	64	35958459	1785345378.1645301900	results/experiments/toolchain-environment/20260729T171551Z-toolchain-formal01/boots/repetition-01/lower/python310/lib/python3.10/site-packages/setuptools/tests/__pycache__/test_wheel.cpython-310.pyc
f	644	1000	1000	1336	64	35959809	1785345385.3406613840	results/experiments/toolchain-environment/20260729T171551Z-toolchain-formal01/boots/repetition-01/lower/python310/lib/python3.10/site-packages/pip/_internal/operations/build/__pycache__/wheel.cpython-310.pyc
f	644	1000	1000	1338	64	35960579	1785345396.0790075260	results/experiments/toolchain-environment/20260729T171551Z-toolchain-formal01/boots/repetition-01/lower/python310/lib/python3.10/site-packages/pip/_vendor/tenacity/__pycache__/_utils.cpython-310.pyc
f	644	1000	1000	13387	64	35961483	1785345405.5421138270	results/experiments/toolchain-environment/20260729T171551Z-toolchain-formal01/boots/repetition-01/lower/python312/lib/python3.12/site-packages/pip/_vendor/pyparsing/common.py
f	644	1000	1000	1340	64	35959759	1785345384.6966496090	results/experiments/toolchain-environment/20260729T171551Z-toolchain-formal01/boots/repetition-01/lower/python310/lib/python3.10/site-packages/pip/_internal/models/__pycache__/index.cpython-310.pyc
f	644	1000	1000	13402	64	35959229	1785345381.0875836240	results/experiments/toolchain-environment/20260729T171551Z-toolchain-formal01/boots/repetition-01/lower/python310/lib/python3.10/site-packages/pip/_vendor/pyparsing/testing.py
f	644	1000	1000	13412	64	35957165	1785345364.8444299930	results/experiments/toolchain-environment/20260729T171551Z-toolchain-formal01/boots/repetition-01/lower/python310/lib/python3.10/site-packages/setuptools/_vendor/zipp/__init__.py
f	644	1000	1000	1342	64	35960581	1785345396.1094481000	results/experiments/toolchain-environment/20260729T171551Z-toolchain-formal01/boots/repetition-01/lower/python310/lib/python3.10/site-packages/pip/_vendor/tenacity/__pycache__/after.cpython-310.pyc
f	644	1000	1000	1343	64	35957225	1785345365.0833069960	results/experiments/toolchain-environment/20260729T171551Z-toolchain-formal01/boots/repetition-01/lower/python310/lib/python3.10/site-packages/setuptools/command/test.py
f	644	1000	1000	1344	64	35957135	1785345364.6612834460	results/experiments/toolchain-environment/20260729T171551Z-toolchain-formal01/boots/repetition-01/lower/python310/lib/python3.10/site-packages/setuptools/_vendor/wheel/vendored/packaging/LICENSE.BSD
f	644	1000	1000	1344	64	35957575	1785345366.5452974770	results/experiments/toolchain-environment/20260729T171551Z-toolchain-formal01/boots/repetition-01/lower/python310/lib/python3.10/site-packages/setuptools/_vendor/packaging-24.2.dist-info/LICENSE.BSD
f	644	1000	1000	134451	64	35956861	1785345363.5582632970	results/experiments/toolchain-environment/20260729T171551Z-toolchain-formal01/boots/repetition-01/lower/python310/lib/python3.10/site-packages/setuptools/_vendor/typing_extensions.py
f	644	1000	1000	1347	64	35960227	1785345391.2664897520	results/experiments/toolchain-environment/20260729T171551Z-toolchain-formal01/boots/repetition-01/lower/python310/lib/python3.10/site-packages/pip/_vendor/platformdirs/__pycache__/__main__.cpython-310.pyc
f	644	1000	1000	13488	64	35961497	1785345405.5998629290	results/experiments/toolchain-environment/20260729T171551Z-toolchain-formal01/boots/repetition-01/lower/python312/lib/python3.12/site-packages/pip/_vendor/pyparsing/testing.py
f	644	1000	1000	135	64	35957375	1785345365.7449894180	results/experiments/toolchain-environment/20260729T171551Z-toolchain-formal01/boots/repetition-01/lower/python310/lib/python3.10/site-packages/setuptools/tests/compat/py39.py
f	644	1000	1000	135	64	35960901	1785345403.1393794940	results/experiments/toolchain-environment/20260729T171551Z-toolchain-formal01/boots/repetition-01/lower/python312/lib/python3.12/site-packages/pip/_internal/metadata/importlib/__init__.py
f	644	1000	1000	13529	64	35958499	1785345378.4482072050	results/experiments/toolchain-environment/20260729T171551Z-toolchain-formal01/boots/repetition-01/lower/python310/lib/python3.10/site-packages/pip/_internal/configuration.py
f	644	1000	1000	13530	64	35962595	1785345418.4992281900	results/experiments/toolchain-environment/20260729T171551Z-toolchain-formal01/boots/repetition-01/lower/python312/lib/python3.12/site-packages/pip/_vendor/pyparsing/__pycache__/common.cpython-312.pyc
f	644	1000	1000	13539	64	35962019	1785345409.1054827060	results/experiments/toolchain-environment/20260729T171551Z-toolchain-formal01/boots/repetition-01/lower/python312/lib/python3.12/site-packages/pip/_internal/metadata/importlib/__pycache__/_dists.cpython-312.pyc
f	644	1000	1000	1354	64	35957085	1785345364.4656362910	results/experiments/toolchain-environment/20260729T171551Z-toolchain-formal01/boots/repetition-01/lower/python310/lib/python3.10/site-packages/setuptools/_vendor/typeguard/_union_transformer.py
f	644	1000	1000	1354	64	35958703	1785345379.1575483420	results/experiments/toolchain-environment/20260729T171551Z-toolchain-formal01/boots/repetition-01/lower/python310/lib/python3.10/site-packages/pip/_internal/operations/install/editable_legacy.py
f	644	1000	1000	13560	64	35958977	1785345380.1525665310	results/experiments/toolchain-environment/20260729T171551Z-toolchain-formal01/boots/repetition-01/lower/python310/lib/python3.10/site-packages/pip/_vendor/chardet/metadata/languages.py
f	644	1000	1000	13560	64	35961239	1785345404.6031193490	results/experiments/toolchain-environment/20260729T171551Z-toolchain-formal01/boots/repetition-01/lower/python312/lib/python3.12/site-packages/pip/_vendor/chardet/metadata/languages.py
f	644	1000	1000	13564	64	35957271	1785345365.2924055000	results/experiments/toolchain-environment/20260729T171551Z-toolchain-formal01/boots/repetition-01/lower/python310/lib/python3.10/site-packages/setuptools/config/_validate_pyproject/formats.py
f	644	1000	1000	13566	64	35958905	1785345379.8655612850	results/experiments/toolchain-environment/20260729T171551Z-toolchain-formal01/boots/repetition-01/lower/python310/lib/python3.10/site-packages/pip/_vendor/chardet/euckrfreq.py
f	644	1000	1000	13566	64	35961189	1785345404.3814753840	results/experiments/toolchain-environment/20260729T171551Z-toolchain-formal01/boots/repetition-01/lower/python312/lib/python3.12/site-packages/pip/_vendor/chardet/euckrfreq.py
f	644	1000	1000	1360	64	35957455	1785345366.0173082170	results/experiments/toolchain-environment/20260729T171551Z-toolchain-formal01/boots/repetition-01/lower/python310/lib/python3.10/site-packages/setuptools/_vendor/backports.tarfile-1.2.0.dist-info/RECORD
f	644	1000	1000	13609	64	35962929	1785345424.0762592550	results/experiments/toolchain-environment/20260729T171551Z-toolchain-formal01/boots/repetition-01/lower/python312/lib/python3.12/site-packages/pip/_vendor/urllib3/__pycache__/exceptions.cpython-312.pyc
f	644	1000	1000	1365	64	35957351	1785345365.6426148040	results/experiments/toolchain-environment/20260729T171551Z-toolchain-formal01/boots/repetition-01/lower/python310/lib/python3.10/site-packages/setuptools/tests/test_setopt.py
f	644	1000	1000	13668	64	35962189	1785345411.6419899450	results/experiments/toolchain-environment/20260729T171551Z-toolchain-formal01/boots/repetition-01/lower/python312/lib/python3.12/site-packages/pip/_internal/utils/__pycache__/logging.cpython-312.pyc
f	644	1000	1000	13670	64	35962781	1785345421.9415968470	results/experiments/toolchain-environment/20260729T171551Z-toolchain-formal01/boots/repetition-01/lower/python312/lib/python3.12/site-packages/pip/_vendor/rich/__pycache__/logging.cpython-312.pyc
f	644	1000	1000	1371	64	35960073	1785345389.2379826050	results/experiments/toolchain-environment/20260729T171551Z-toolchain-formal01/boots/repetition-01/lower/python310/lib/python3.10/site-packages/pip/_vendor/chardet/__pycache__/mbcsgroupprober.cpython-310.pyc
f	644	1000	1000	13744	64	35959839	1785345385.7762808510	results/experiments/toolchain-environment/20260729T171551Z-toolchain-formal01/boots/repetition-01/lower/python310/lib/python3.10/site-packages/pip/_internal/req/__pycache__/req_file.cpython-310.pyc
f	644	1000	1000	13746	64	35960617	1785345396.5973323720	results/experiments/toolchain-environment/20260729T171551Z-toolchain-formal01/boots/repetition-01/lower/python310/lib/python3.10/site-packages/pip/_vendor/urllib3/__pycache__/connection.cpython-310.pyc
f	644	1000	1000	1375	64	35959699	1785345383.8976349990	results/experiments/toolchain-environment/20260729T171551Z-toolchain-formal01/boots/repetition-01/lower/python310/lib/python3.10/site-packages/pip/_internal/distributions/__pycache__/installed.cpython-310.pyc
f	644	1000	1000	1376	64	35959473	1785345382.1386028380	results/experiments/toolchain-environment/20260729T171551Z-toolchain-formal01/boots/repetition-01/lower/python310/lib/python3.10/site-packages/pip/_vendor/tenacity/before.py
f	644	1000	1000	13763	64	35962225	1785345412.1668807280	results/experiments/toolchain-environment/20260729T171551Z-toolchain-formal01/boots/repetition-01/lower/python312/lib/python3.12/site-packages/pip/_internal/__pycache__/wheel_builder.cpython-312.pyc
f	644	1000	1000	1379	64	35958841	1785345379.6362036630	results/experiments/toolchain-environment/20260729T171551Z-toolchain-formal01/boots/repetition-01/lower/python310/lib/python3.10/site-packages/pip/_vendor/cachecontrol/_cmd.py
f	644	1000	1000	138	64	35956631	1785345362.6534967950	results/experiments/toolchain-environment/20260729T171551Z-toolchain-formal01/boots/repetition-01/lower/python310/lib/python3.10/site-packages/setuptools/script.tmpl
f	644	1000	1000	138	64	35959243	1785345381.1342536630	results/experiments/toolchain-environment/20260729T171551Z-toolchain-formal01/boots/repetition-01/lower/python310/lib/python3.10/site-packages/pip/_vendor/pyproject_hooks/_compat.py
f	644	1000	1000	138	64	35961507	1785345405.6315290930	results/experiments/toolchain-environment/20260729T171551Z-toolchain-formal01/boots/repetition-01/lower/python312/lib/python3.12/site-packages/pip/_vendor/pyproject_hooks/_compat.py
f	644	1000	1000	13824	64	35956587	1785345362.5134237750	results/experiments/toolchain-environment/20260729T171551Z-toolchain-formal01/boots/repetition-01/lower/python310/lib/python3.10/site-packages/setuptools/cli-arm64.exe
f	644	1000	1000	13824	64	35956607	1785345362.5773102620	results/experiments/toolchain-environment/20260729T171551Z-toolchain-formal01/boots/repetition-01/lower/python310/lib/python3.10/site-packages/setuptools/gui-arm64.exe
f	644	1000	1000	1383	64	35959477	1785345382.1566031680	results/experiments/toolchain-environment/20260729T171551Z-toolchain-formal01/boots/repetition-01/lower/python310/lib/python3.10/site-packages/pip/_vendor/tenacity/nap.py
f	644	1000	1000	1383	64	35961745	1785345406.6308981770	results/experiments/toolchain-environment/20260729T171551Z-toolchain-formal01/boots/repetition-01/lower/python312/lib/python3.12/site-packages/pip/_vendor/tenacity/nap.py
f	644	1000	1000	1384	64	35962401	1785345414.9883537970	results/experiments/toolchain-environment/20260729T171551Z-toolchain-formal01/boots/repetition-01/lower/python312/lib/python3.12/site-packages/pip/_vendor/distlib/__pycache__/__init__.cpython-312.pyc
f	644	1000	1000	138418	64	35958037	1785345372.2184215170	results/experiments/toolchain-environment/20260729T171551Z-toolchain-formal01/boots/repetition-01/lower/python310/lib/python3.10/site-packages/setuptools/_vendor/more_itertools/__pycache__/more.cpython-310.pyc
f	644	1000	1000	13859	64	35958225	1785345375.0021903980	results/experiments/toolchain-environment/20260729T171551Z-toolchain-formal01/boots/repetition-01/lower/python310/lib/python3.10/site-packages/setuptools/command/__pycache__/bdist_egg.cpython-310.pyc
f	644	1000	1000	1386	64	35961133	1785345404.1623763890	results/experiments/toolchain-environment/20260729T171551Z-toolchain-formal01/boots/repetition-01/lower/python312/lib/python3.12/site-packages/pip/_vendor/cachecontrol/caches/redis_cache.py
f	644	1000	1000	1387	64	35961597	1785345405.9865322110	results/experiments/toolchain-environment/20260729T171551Z-toolchain-formal01/boots/repetition-01/lower/python312/lib/python3.12/site-packages/pip/_vendor/rich/_null_file.py
f	644	1000	1000	138869	64	35960047	1785345388.7567238520	results/experiments/toolchain-environment/20260729T171551Z-toolchain-formal01/boots/repetition-01/lower/python310/lib/python3.10/site-packages/pip/_vendor/chardet/__pycache__/johabfreq.cpython-310.pyc
f	644	1000	1000	139	64	35956665	1785345362.7609808940	results/experiments/toolchain-environment/20260729T171551Z-toolchain-formal01/boots/repetition-01/lower/python310/lib/python3.10/site-packages/setuptools/_distutils/debug.py
f	644	1000	1000	13909	64	35960275	1785345391.8742572660	results/experiments/toolchain-environment/20260729T171551Z-toolchain-formal01/boots/repetition-01/lower/python310/lib/python3.10/site-packages/pip/_vendor/pygments/formatters/__pycache__/latex.cpython-310.pyc
f	644	1000	1000	1391	64	35959425	1785345381.9343819350	results/experiments/toolchain-environment/20260729T171551Z-toolchain-formal01/boots/repetition-01/lower/python310/lib/python3.10/site-packages/pip/_vendor/rich/protocol.py
f	644	1000	1000	1391	64	35961691	1785345406.4046800900	results/experiments/toolchain-environment/20260729T171551Z-toolchain-formal01/boots/repetition-01/lower/python312/lib/python3.12/site-packages/pip/_vendor/rich/protocol.py
f	644	1000	1000	13922	64	35959543	1785345382.3973980220	results/experiments/toolchain-environment/20260729T171551Z-toolchain-formal01/boots/repetition-01/lower/python310/lib/python3.10/site-packages/pip/_vendor/urllib3/contrib/_securetransport/low_level.py
f	644	1000	1000	13922	64	35961805	1785345406.8552240970	results/experiments/toolchain-environment/20260729T171551Z-toolchain-formal01/boots/repetition-01/lower/python312/lib/python3.12/site-packages/pip/_vendor/urllib3/contrib/_securetransport/low_level.py
f	644	1000	1000	13936	64	35957629	1785345366.7873222840	results/experiments/toolchain-environment/20260729T171551Z-toolchain-formal01/boots/repetition-01/lower/python310/lib/python3.10/site-packages/setuptools/_vendor/typing_extensions-4.12.2.dist-info/LICENSE
f	644	1000	1000	13938	64	35958193	1785345374.6182885600	results/experiments/toolchain-environment/20260729T171551Z-toolchain-formal01/boots/repetition-01/lower/python310/lib/python3.10/site-packages/setuptools/_vendor/wheel/vendored/packaging/__pycache__/tags.cpython-310.pyc
f	644	1000	1000	1396	64	35956787	1785345363.2494744660	results/experiments/toolchain-environment/20260729T171551Z-toolchain-formal01/boots/repetition-01/lower/python310/lib/python3.10/site-packages/setuptools/_distutils/tests/test_bdist.py
f	644	1000	1000	1397	64	35959259	1785345381.1912426600	results/experiments/toolchain-environment/20260729T171551Z-toolchain-formal01/boots/repetition-01/lower/python310/lib/python3.10/site-packages/pip/_vendor/requests/_internal_utils.py
f	644	1000	1000	14006	64	35960853	1785345402.9209829710	results/experiments/toolchain-environment/20260729T171551Z-toolchain-formal01/boots/repetition-01/lower/python312/lib/python3.12/site-packages/pip/_internal/configuration.py
f	644	1000	1000	14007	64	35959397	1785345381.8085968050	results/experiments/toolchain-environment/20260729T171551Z-toolchain-formal01/boots/repetition-01/lower/python310/lib/python3.10/site-packages/pip/_vendor/rich/layout.py
f	644	1000	1000	14007	64	35961663	1785345406.2839184780	results/experiments/toolchain-environment/20260729T171551Z-toolchain-formal01/boots/repetition-01/lower/python312/lib/python3.12/site-packages/pip/_vendor/rich/layout.py
f	644	1000	1000	140235	64	35959317	1785345381.4345899680	results/experiments/toolchain-environment/20260729T171551Z-toolchain-formal01/boots/repetition-01/lower/python310/lib/python3.10/site-packages/pip/_vendor/rich/_emoji_codes.py
f	644	1000	1000	140235	64	35961581	1785345405.9170378020	results/experiments/toolchain-environment/20260729T171551Z-toolchain-formal01/boots/repetition-01/lower/python312/lib/python3.12/site-packages/pip/_vendor/rich/_emoji_codes.py
f	644	1000	1000	1403	64	35960437	1785345394.0582796940	results/experiments/toolchain-environment/20260729T171551Z-toolchain-formal01/boots/repetition-01/lower/python310/lib/python3.10/site-packages/pip/_vendor/rich/__pycache__/_loop.cpython-310.pyc
f	644	1000	1000	14039	64	35962641	1785345419.4064744400	results/experiments/toolchain-environment/20260729T171551Z-toolchain-formal01/boots/repetition-01/lower/python312/lib/python3.12/site-packages/pip/_vendor/requests/__pycache__/auth.cpython-312.pyc
f	644	1000	1000	14082	64	35958441	1785345377.9275258580	results/experiments/toolchain-environment/20260729T171551Z-toolchain-formal01/boots/repetition-01/lower/python310/lib/python3.10/site-packages/setuptools/tests/__pycache__/test_packageindex.cpython-310.pyc
f	644	1000	1000	1409	64	35957781	1785345368.5983553710	results/experiments/toolchain-environment/20260729T171551Z-toolchain-formal01/boots/repetition-01/lower/python310/lib/python3.10/site-packages/setuptools/_distutils/compilers/C/__pycache__/errors.cpython-310.pyc
f	644	1000	1000	14097	64	35962587	1785345418.3712658040	results/experiments/toolchain-environment/20260729T171551Z-toolchain-formal01/boots/repetition-01/lower/python312/lib/python3.12/site-packages/pip/_vendor/pygments/__pycache__/util.cpython-312.pyc
f	644	1000	1000	141	64	35957231	1785345365.1013047060	results/experiments/toolchain-environment/20260729T171551Z-toolchain-formal01/boots/repetition-01/lower/python310/lib/python3.10/site-packages/setuptools/compat/py310.py
f	644	1000	1000	1415	64	35959903	1785345386.6933422270	results/experiments/toolchain-environment/20260729T171551Z-toolchain-formal01/boots/repetition-01/lower/python310/lib/python3.10/site-packages/pip/_internal/utils/__pycache__/encoding.cpython-310.pyc
f	644	1000	1000	14168	64	35961299	1785345404.8323934010	results/experiments/toolchain-environment/20260729T171551Z-toolchain-formal01/boots/repetition-01/lower/python312/lib/python3.12/site-packages/pip/_vendor/distlib/manifest.py
f	644	1000	1000	1417	64	35958695	1785345379.1315478670	results/experiments/toolchain-environment/20260729T171551Z-toolchain-formal01/boots/repetition-01/lower/python310/lib/python3.10/site-packages/pip/_internal/operations/build/wheel_editable.py
f	644	1000	1000	1417	64	35959555	1785345382.4346082500	results/experiments/toolchain-environment/20260729T171551Z-toolchain-formal01/boots/repetition-01/lower/python310/lib/python3.10/site-packages/pip/_vendor/urllib3/packages/backports/makefile.py
f	644	1000	1000	1417	64	35960973	1785345403.4937535630	results/experiments/toolchain-environment/20260729T171551Z-toolchain-formal01/boots/repetition-01/lower/python312/lib/python3.12/site-packages/pip/_internal/operations/build/wheel_editable.py
f	644	1000	1000	1417	64	35961143	1785345404.2016061120	results/experiments/toolchain-environment/20260729T171551Z-toolchain-formal01/boots/repetition-01/lower/python312/lib/python3.12/site-packages/pip/_vendor/cachecontrol/wrapper.py
f	644	1000	1000	1417	64	35961831	1785345406.9650569840	results/experiments/toolchain-environment/20260729T171551Z-toolchain-formal01/boots/repetition-01/lower/python312/lib/python3.12/site-packages/pip/_vendor/urllib3/packages/backports/makefile.py
f	644	1000	1000	14172	64	35959399	1785345381.8186541540	results/experiments/toolchain-environment/20260729T171551Z-toolchain-formal01/boots/repetition-01/lower/python310/lib/python3.10/site-packages/pip/_vendor/rich/live.py
f	644	1000	1000	14173	64	35962475	1785345416.2255104670	results/experiments/toolchain-environment/20260729T171551Z-toolchain-formal01/boots/repetition-01/lower/python312/lib/python3.12/site-packages/pip/_vendor/packaging/__pycache__/markers.cpython-312.pyc
f	644	1000	1000	14186	64	35957307	1785345365.4433193840	results/experiments/toolchain-environment/20260729T171551Z-toolchain-formal01/boots/repetition-01/lower/python310/lib/python3.10/site-packages/setuptools/tests/test_build_py.py
f	644	1000	1000	1419	64	35958321	1785345376.4322680690	results/experiments/toolchain-environment/20260729T171551Z-toolchain-formal01/boots/repetition-01/lower/python310/lib/python3.10/site-packages/setuptools/__pycache__/logging.cpython-310.pyc
f	644	1000	1000	14198	64	35958235	1785345375.1264746620	results/experiments/toolchain-environment/20260729T171551Z-toolchain-formal01/boots/repetition-01/lower/python310/lib/python3.10/site-packages/setuptools/command/__pycache__/build_ext.cpython-310.pyc
f	644	1000	1000	1420	64	35959673	1785345383.4356265520	results/experiments/toolchain-environment/20260729T171551Z-toolchain-formal01/boots/repetition-01/lower/python310/lib/python3.10/site-packages/pip/_internal/commands/__pycache__/help.cpython-310.pyc
f	644	1000	1000	1421	64	35960659	1785345397.1749720160	results/experiments/toolchain-environment/20260729T171551Z-toolchain-formal01/boots/repetition-01/lower/python310/lib/python3.10/site-packages/pip/_vendor/urllib3/packages/backports/__pycache__/makefile.cpython-310.pyc
f	644	1000	1000	1422	64	35958687	1785345379.0945471900	results/experiments/toolchain-environment/20260729T171551Z-toolchain-formal01/boots/repetition-01/lower/python310/lib/python3.10/site-packages/pip/_internal/operations/build/metadata.py
f	644	1000	1000	1422	64	35960965	1785345403.4480536370	results/experiments/toolchain-environment/20260729T171551Z-toolchain-formal01/boots/repetition-01/lower/python312/lib/python3.12/site-packages/pip/_internal/operations/build/metadata.py
f	644	1000	1000	1423	64	35959637	1785345382.8986167340	results/experiments/toolchain-environment/20260729T171551Z-toolchain-formal01/boots/repetition-01/lower/python310/lib/python3.10/site-packages/pip/_internal/cli/__pycache__/command_context.cpython-310.pyc
f	644	1000	1000	1425	64	35960461	1785345394.3996075250	results/experiments/toolchain-environment/20260729T171551Z-toolchain-formal01/boots/repetition-01/lower/python310/lib/python3.10/site-packages/pip/_vendor/rich/__pycache__/abc.cpython-310.pyc
f	644	1000	1000	14273	64	35961665	1785345406.2925169340	results/experiments/toolchain-environment/20260729T171551Z-toolchain-formal01/boots/repetition-01/lower/python312/lib/python3.12/site-packages/pip/_vendor/rich/live.py
f	644	1000	1000	14296	64	35961867	1785345407.1490603510	results/experiments/toolchain-environment/20260729T171551Z-toolchain-formal01/boots/repetition-01/lower/python312/lib/python3.12/site-packages/pip/_vendor/urllib3/util/url.py
f	644	1000	1000	14298	64	35959581	1785345382.5396101700	results/experiments/toolchain-environment/20260729T171551Z-toolchain-formal01/boots/repetition-01/lower/python310/lib/python3.10/site-packages/pip/_vendor/urllib3/util/url.py
f	644	1000	1000	14301	64	35958197	1785345374.6905486390	results/experiments/toolchain-environment/20260729T171551Z-toolchain-formal01/boots/repetition-01/lower/python310/lib/python3.10/site-packages/setuptools/_vendor/wheel/vendored/packaging/__pycache__/version.cpython-310.pyc
f	644	1000	1000	1431	64	35956997	1785345364.0792728140	results/experiments/toolchain-environment/20260729T171551Z-toolchain-formal01/boots/repetition-01/lower/python310/lib/python3.10/site-packages/setuptools/_vendor/packaging/_structures.py
f	644	1000	1000	1431	64	35957147	1785345364.7365922510	results/experiments/toolchain-environment/20260729T171551Z-toolchain-formal01/boots/repetition-01/lower/python310/lib/python3.10/site-packages/setuptools/_vendor/wheel/vendored/packaging/_structures.py
f	644	1000	1000	1431	64	35959095	1785345380.5935066170	results/experiments/toolchain-environment/20260729T171551Z-toolchain-formal01/boots/repetition-01/lower/python310/lib/python3.10/site-packages/pip/_vendor/packaging/_structures.py
f	644	1000	1000	1431	64	35961361	1785345405.0772677140	results/experiments/toolchain-environment/20260729T171551Z-toolchain-formal01/boots/repetition-01/lower/python312/lib/python3.12/site-packages/pip/_vendor/packaging/_structures.py
f	644	1000	1000	14336	64	35956585	1785345362.5069798510	results/experiments/toolchain-environment/20260729T171551Z-toolchain-formal01/boots/repetition-01/lower/python310/lib/python3.10/site-packages/setuptools/cli-64.exe
f	644	1000	1000	14336	64	35956605	1785345362.5702452500	results/experiments/toolchain-environment/20260729T171551Z-toolchain-formal01/boots/repetition-01/lower/python310/lib/python3.10/site-packages/setuptools/gui-64.exe
f	644	1000	1000	1435	64	35957185	1785345364.9295786120	results/experiments/toolchain-environment/20260729T171551Z-toolchain-formal01/boots/repetition-01/lower/python310/lib/python3.10/site-packages/setuptools/command/bdist_rpm.py
f	644	1000	1000	1438	64	35956573	1785345362.4692434060	results/experiments/toolchain-environment/20260729T171551Z-toolchain-formal01/boots/repetition-01/lower/python310/lib/python3.10/site-packages/setuptools/_reqs.py
f	644	1000	1000	14397	64	35962859	1785345423.1626948840	results/experiments/toolchain-environment/20260729T171551Z-toolchain-formal01/boots/repetition-01/lower/python312/lib/python3.12/site-packages/pip/_vendor/tenacity/__pycache__/retry.cpython-312.pyc
f	644	1000	1000	14408	64	35961899	1785345407.3970648910	results/experiments/toolchain-environment/20260729T171551Z-toolchain-formal01/boots/repetition-01/lower/python312/lib/python3.12/site-packages/pip/_internal/__pycache__/build_env.cpython-312.pyc
f	644	1000	1000	1444	64	35958487	1785345378.4163516620	results/experiments/toolchain-environment/20260729T171551Z-toolchain-formal01/boots/repetition-01/lower/python310/lib/python3.10/site-packages/pip/__pip-runner__.py
f	644	1000	1000	1444	64	35960779	1785345402.5770974530	results/experiments/toolchain-environment/20260729T171551Z-toolchain-formal01/boots/repetition-01/lower/python312/lib/python3.12/site-packages/pip/__pip-runner__.py
f	644	1000	1000	14441	64	35957913	1785345370.3953007820	results/experiments/toolchain-environment/20260729T171551Z-toolchain-formal01/boots/repetition-01/lower/python310/lib/python3.10/site-packages/setuptools/_distutils/__pycache__/util.cpython-310.pyc
f	644	1000	1000	1446	64	35957843	1785345369.4203703900	results/experiments/toolchain-environment/20260729T171551Z-toolchain-formal01/boots/repetition-01/lower/python310/lib/python3.10/site-packages/setuptools/_distutils/tests/__pycache__/test_bdist.cpython-310.pyc
f	644	1000	1000	14513	64	35962627	1785345419.1542801430	results/experiments/toolchain-environment/20260729T171551Z-toolchain-formal01/boots/repetition-01/lower/python312/lib/python3.12/site-packages/pip/_vendor/pyproject_hooks/_in_process/__pycache__/_in_process.cpython-312.pyc
f	644	1000	1000	1453	64	35960677	1785345397.4010427250	results/experiments/toolchain-environment/20260729T171551Z-toolchain-formal01/boots/repetition-01/lower/python310/lib/python3.10/site-packages/pip/_vendor/urllib3/util/__pycache__/proxy.cpython-310.pyc
f	644	1000	1000	14537	64	35958917	1785345379.9125621440	results/experiments/toolchain-environment/20260729T171551Z-toolchain-formal01/boots/repetition-01/lower/python310/lib/python3.10/site-packages/pip/_vendor/chardet/hebrewprober.py
f	644	1000	1000	14537	64	35961201	1785345404.4309597560	results/experiments/toolchain-environment/20260729T171551Z-toolchain-formal01/boots/repetition-01/lower/python312/lib/python3.12/site-packages/pip/_vendor/chardet/hebrewprober.py
f	644	1000	1000	1459	64	35957861	1785345369.6743541440	results/experiments/toolchain-environment/20260729T171551Z-toolchain-formal01/boots/repetition-01/lower/python310/lib/python3.10/site-packages/setuptools/_distutils/tests/__pycache__/test_clean.cpython-310.pyc
f	644	1000	1000	1463	64	35960533	1785345395.4235982540	results/experiments/toolchain-environment/20260729T171551Z-toolchain-formal01/boots/repetition-01/lower/python310/lib/python3.10/site-packages/pip/_vendor/rich/__pycache__/protocol.cpython-310.pyc
f	644	1000	1000	14642	64	35956777	1785345363.2136563260	results/experiments/toolchain-environment/20260729T171551Z-toolchain-formal01/boots/repetition-01/lower/python310/lib/python3.10/site-packages/setuptools/_distutils/compilers/C/tests/test_unix.py
f	644	1000	1000	146589	64	35962489	1785345416.4592307920	results/experiments/toolchain-environment/20260729T171551Z-toolchain-formal01/boots/repetition-01/lower/python312/lib/python3.12/site-packages/pip/_vendor/pkg_resources/__pycache__/__init__.cpython-312.pyc
f	644	1000	1000	14665	64	35959107	1785345380.6395754340	results/experiments/toolchain-environment/20260729T171551Z-toolchain-formal01/boots/repetition-01/lower/python310/lib/python3.10/site-packages/pip/_vendor/packaging/version.py
f	644	1000	1000	14665	64	35961373	1785345405.1253315920	results/experiments/toolchain-environment/20260729T171551Z-toolchain-formal01/boots/repetition-01/lower/python312/lib/python3.12/site-packages/pip/_vendor/packaging/version.py
f	644	1000	1000	1468	64	35962963	1785345424.5183783860	results/experiments/toolchain-environment/20260729T171551Z-toolchain-formal01/boots/repetition-01/lower/python312/lib/python3.12/site-packages/pip/_vendor/urllib3/util/__pycache__/queue.cpython-312.pyc
f	644	1000	1000	1474	64	35958689	1785345379.1035747410	results/experiments/toolchain-environment/20260729T171551Z-toolchain-formal01/boots/repetition-01/lower/python310/lib/python3.10/site-packages/pip/_internal/operations/build/metadata_editable.py
f	644	1000	1000	1474	64	35960967	1785345403.4595642510	results/experiments/toolchain-environment/20260729T171551Z-toolchain-formal01/boots/repetition-01/lower/python312/lib/python3.12/site-packages/pip/_internal/operations/build/metadata_editable.py
f	644	1000	1000	14758	64	35960505	1785345395.0232382470	results/experiments/toolchain-environment/20260729T171551Z-toolchain-formal01/boots/repetition-01/lower/python310/lib/python3.10/site-packages/pip/_vendor/rich/__pycache__/layout.cpython-310.pyc
f	644	1000	1000	1476	64	35961383	1785345405.1528369680	results/experiments/toolchain-environment/20260729T171551Z-toolchain-formal01/boots/repetition-01/lower/python312/lib/python3.12/site-packages/pip/_vendor/platformdirs/__main__.py
f	644	1000	1000	14768	64	35962561	1785345417.8202557140	results/experiments/toolchain-environment/20260729T171551Z-toolchain-formal01/boots/repetition-01/lower/python312/lib/python3.12/site-packages/pip/_vendor/pygments/lexers/__pycache__/__init__.cpython-312.pyc
f	644	1000	1000	1481	64	35959639	1785345382.9254909380	results/experiments/toolchain-environment/20260729T171551Z-toolchain-formal01/boots/repetition-01/lower/python310/lib/python3.10/site-packages/pip/_internal/cli/__pycache__/main.cpython-310.pyc
f	644	1000	1000	14811	64	35959021	1785345380.3093153140	results/experiments/toolchain-environment/20260729T171551Z-toolchain-formal01/boots/repetition-01/lower/python310/lib/python3.10/site-packages/pip/_vendor/distlib/manifest.py
f	644	1000	1000	1482	64	35960377	1785345393.2770691480	results/experiments/toolchain-environment/20260729T171551Z-toolchain-formal01/boots/repetition-01/lower/python310/lib/python3.10/site-packages/pip/_vendor/requests/__pycache__/compat.cpython-310.pyc
f	644	1000	1000	148370	64	35956975	1785345363.9852710970	results/experiments/toolchain-environment/20260729T171551Z-toolchain-formal01/boots/repetition-01/lower/python310/lib/python3.10/site-packages/setuptools/_vendor/more_itertools/more.py
f	644	1000	1000	14841	64	35962621	1785345419.0562783480	results/experiments/toolchain-environment/20260729T171551Z-toolchain-formal01/boots/repetition-01/lower/python312/lib/python3.12/site-packages/pip/_vendor/pyproject_hooks/__pycache__/_impl.cpython-312.pyc
f	644	1000	1000	14848	64	35958959	1785345380.0952356940	results/experiments/toolchain-environment/20260729T171551Z-toolchain-formal01/boots/repetition-01/lower/python310/lib/python3.10/site-packages/pip/_vendor/chardet/universaldetector.py
f	644	1000	1000	14848	64	35961249	1785345404.6420594900	results/experiments/toolchain-environment/20260729T171551Z-toolchain-formal01/boots/repetition-01/lower/python312/lib/python3.12/site-packages/pip/_vendor/chardet/universaldetector.py
f	644	1000	1000	1485	64	35956781	1785345363.2230951500	results/experiments/toolchain-environment/20260729T171551Z-toolchain-formal01/boots/repetition-01/lower/python310/lib/python3.10/site-packages/setuptools/_distutils/tests/__init__.py
f	644	1000	1000	14897	64	35962801	1785345422.3005037740	results/experiments/toolchain-environment/20260729T171551Z-toolchain-formal01/boots/repetition-01/lower/python312/lib/python3.12/site-packages/pip/_vendor/rich/__pycache__/prompt.cpython-312.pyc
f	644	1000	1000	149	64	35956971	1785345363.9642707130	results/experiments/toolchain-environment/20260729T171551Z-toolchain-formal01/boots/repetition-01/lower/python310/lib/python3.10/site-packages/setuptools/_vendor/more_itertools/__init__.py
f	644	1000	1000	1490	64	35960625	1785345396.6933315940	results/experiments/toolchain-environment/20260729T171551Z-toolchain-formal01/boots/repetition-01/lower/python310/lib/python3.10/site-packages/pip/_vendor/urllib3/contrib/__pycache__/_appengine_environ.cpython-310.pyc
f	644	1000	1000	14906	64	35956627	1785345362.6411021290	results/experiments/toolchain-environment/20260729T171551Z-toolchain-formal01/boots/repetition-01/lower/python310/lib/python3.10/site-packages/setuptools/sandbox.py
f	644	1000	1000	14917	64	35962917	1785345423.8833141400	results/experiments/toolchain-environment/20260729T171551Z-toolchain-formal01/boots/repetition-01/lower/python312/lib/python3.12/site-packages/pip/_vendor/urllib3/contrib/_securetransport/__pycache__/low_level.cpython-312.pyc
f	644	1000	1000	1493	64	35957027	1785345364.2009739000	results/experiments/toolchain-environment/20260729T171551Z-toolchain-formal01/boots/repetition-01/lower/python310/lib/python3.10/site-packages/setuptools/_vendor/platformdirs/__main__.py
f	644	1000	1000	1495	64	35961523	1785345405.6833855890	results/experiments/toolchain-environment/20260729T171551Z-toolchain-formal01/boots/repetition-01/lower/python312/lib/python3.12/site-packages/pip/_vendor/requests/_internal_utils.py
f	644	1000	1000	1496	64	35956575	1785345362.4752435150	results/experiments/toolchain-environment/20260729T171551Z-toolchain-formal01/boots/repetition-01/lower/python310/lib/python3.10/site-packages/setuptools/_shutil.py
f	644	1000	1000	1496	64	35959471	1785345382.1296114610	results/experiments/toolchain-environment/20260729T171551Z-toolchain-formal01/boots/repetition-01/lower/python310/lib/python3.10/site-packages/pip/_vendor/tenacity/after.py
f	644	1000	1000	14981	64	35957765	1785345368.3564259980	results/experiments/toolchain-environment/20260729T171551Z-toolchain-formal01/boots/repetition-01/lower/python310/lib/python3.10/site-packages/setuptools/_distutils/command/__pycache__/sdist.cpython-310.pyc
f	644	1000	1000	1499	64	35957243	1785345365.1471663850	results/experiments/toolchain-environment/20260729T171551Z-toolchain-formal01/boots/repetition-01/lower/python310/lib/python3.10/site-packages/setuptools/config/__init__.py
f	644	1000	1000	1500	64	35957545	1785345366.4172996170	results/experiments/toolchain-environment/20260729T171551Z-toolchain-formal01/boots/repetition-01/lower/python310/lib/python3.10/site-packages/setuptools/_vendor/jaraco.text-3.12.1.dist-info/RECORD
f	644	1000	1000	15006	64	35957439	1785345365.9552255730	results/experiments/toolchain-environment/20260729T171551Z-toolchain-formal01/boots/repetition-01/lower/python310/lib/python3.10/site-packages/setuptools/_vendor/autocommand-2.2.2.dist-info/METADATA
f	644	1000	1000	1502	64	35962273	1785345412.7132663500	results/experiments/toolchain-environment/20260729T171551Z-toolchain-formal01/boots/repetition-01/lower/python312/lib/python3.12/site-packages/pip/_vendor/chardet/__pycache__/big5prober.cpython-312.pyc
f	644	1000	1000	15020	64	35962613	1785345418.9261646810	results/experiments/toolchain-environment/20260729T171551Z-toolchain-formal01/boots/repetition-01/lower/python312/lib/python3.12/site-packages/pip/_vendor/pyparsing/__pycache__/util.cpython-312.pyc
f	644	1000	1000	1505	64	35962303	1785345413.1623068950	results/experiments/toolchain-environment/20260729T171551Z-toolchain-formal01/boots/repetition-01/lower/python312/lib/python3.12/site-packages/pip/_vendor/chardet/__pycache__/euckrprober.cpython-312.pyc
f	644	1000	1000	1505	64	35962307	1785345413.2258333940	results/experiments/toolchain-environment/20260729T171551Z-toolchain-formal01/boots/repetition-01/lower/python312/lib/python3.12/site-packages/pip/_vendor/chardet/__pycache__/euctwprober.cpython-312.pyc
f	644	1000	1000	15060	64	35959857	1785345386.0236738730	results/experiments/toolchain-environment/20260729T171551Z-toolchain-formal01/boots/repetition-01/lower/python310/lib/python3.10/site-packages/pip/_internal/resolution/legacy/__pycache__/resolver.cpython-310.pyc
f	644	1000	1000	15062	64	35956837	1785345363.4634177020	results/experiments/toolchain-environment/20260729T171551Z-toolchain-formal01/boots/repetition-01/lower/python310/lib/python3.10/site-packages/setuptools/_distutils/tests/test_sdist.py
f	644	1000	1000	1509	64	35958081	1785345372.9955987630	results/experiments/toolchain-environment/20260729T171551Z-toolchain-formal01/boots/repetition-01/lower/python310/lib/python3.10/site-packages/setuptools/_vendor/platformdirs/__pycache__/__main__.cpython-310.pyc
f	644	1000	1000	1509	64	35962319	1785345413.4279476220	results/experiments/toolchain-environment/20260729T171551Z-toolchain-formal01/boots/repetition-01/lower/python312/lib/python3.12/site-packages/pip/_vendor/chardet/__pycache__/johabprober.cpython-312.pyc
f	644	1000	1000	151	64	35956491	1785345362.2062386020	results/experiments/toolchain-environment/20260729T171551Z-toolchain-formal01/boots/repetition-01/lower/python310/lib/python3.10/site-packages/distutils-precedence.pth
f	644	1000	1000	1511	64	35962291	1785345412.9578441830	results/experiments/toolchain-environment/20260729T171551Z-toolchain-formal01/boots/repetition-01/lower/python312/lib/python3.12/site-packages/pip/_vendor/chardet/__pycache__/cp949prober.cpython-312.pyc
f	644	1000	1000	15119	64	35958237	1785345375.1564752100	results/experiments/toolchain-environment/20260729T171551Z-toolchain-formal01/boots/repetition-01/lower/python310/lib/python3.10/site-packages/setuptools/command/__pycache__/build_py.cpython-310.pyc
f	644	1000	1000	15136	64	35961919	1785345407.6840189700	results/experiments/toolchain-environment/20260729T171551Z-toolchain-formal01/boots/repetition-01/lower/python312/lib/python3.12/site-packages/pip/_internal/cli/__pycache__/parser.cpython-312.pyc
f	644	1000	1000	15158	64	35958075	1785345372.9065277340	results/experiments/toolchain-environment/20260729T171551Z-toolchain-formal01/boots/repetition-01/lower/python310/lib/python3.10/site-packages/setuptools/_vendor/packaging/__pycache__/version.cpython-310.pyc
f	644	1000	1000	15165	64	35959829	1785345385.6446669430	results/experiments/toolchain-environment/20260729T171551Z-toolchain-formal01/boots/repetition-01/lower/python310/lib/python3.10/site-packages/pip/_internal/operations/__pycache__/prepare.cpython-310.pyc
f	644	1000	1000	1518	64	35962311	1785345413.2871727140	results/experiments/toolchain-environment/20260729T171551Z-toolchain-formal01/boots/repetition-01/lower/python312/lib/python3.12/site-packages/pip/_vendor/chardet/__pycache__/gb2312prober.cpython-312.pyc
f	644	1000	1000	15219	64	35962971	1785345424.6473807490	results/experiments/toolchain-environment/20260729T171551Z-toolchain-formal01/boots/repetition-01/lower/python312/lib/python3.12/site-packages/pip/_vendor/urllib3/util/__pycache__/ssl_.cpython-312.pyc
f	644	1000	1000	1522	64	35960585	1785345396.1708891840	results/experiments/toolchain-environment/20260729T171551Z-toolchain-formal01/boots/repetition-01/lower/python310/lib/python3.10/site-packages/pip/_vendor/tenacity/__pycache__/before_sleep.cpython-310.pyc
f	644	1000	1000	1523	64	35959753	1785345384.6113974770	results/experiments/toolchain-environment/20260729T171551Z-toolchain-formal01/boots/repetition-01/lower/python310/lib/python3.10/site-packages/pip/_internal/models/__pycache__/candidate.cpython-310.pyc
f	644	1000	1000	15240	64	35962411	1785345415.1792566320	results/experiments/toolchain-environment/20260729T171551Z-toolchain-formal01/boots/repetition-01/lower/python312/lib/python3.12/site-packages/pip/_vendor/distlib/__pycache__/manifest.cpython-312.pyc
f	644	1000	1000	15241	64	35960413	1785345393.7317294560	results/experiments/toolchain-environment/20260729T171551Z-toolchain-formal01/boots/repetition-01/lower/python310/lib/python3.10/site-packages/pip/_vendor/resolvelib/__pycache__/resolvers.cpython-310.pyc
f	644	1000	1000	152509	64	35960181	1785345390.7247598450	results/experiments/toolchain-environment/20260729T171551Z-toolchain-formal01/boots/repetition-01/lower/python310/lib/python3.10/site-packages/pip/_vendor/idna/__pycache__/uts46data.cpython-310.pyc
f	644	1000	1000	15273	64	35962555	1785345417.7232539380	results/experiments/toolchain-environment/20260729T171551Z-toolchain-formal01/boots/repetition-01/lower/python312/lib/python3.12/site-packages/pip/_vendor/pygments/formatters/__pycache__/terminal256.cpython-312.pyc
f	644	1000	1000	1528	64	35962857	1785345423.1331963200	results/experiments/toolchain-environment/20260729T171551Z-toolchain-formal01/boots/repetition-01/lower/python312/lib/python3.12/site-packages/pip/_vendor/tenacity/__pycache__/nap.cpython-312.pyc
f	644	1000	1000	1531	64	35958395	1785345377.2996158590	results/experiments/toolchain-environment/20260729T171551Z-toolchain-formal01/boots/repetition-01/lower/python310/lib/python3.10/site-packages/setuptools/tests/__pycache__/test_build.cpython-310.pyc
f	644	1000	1000	15330	64	35960665	1785345397.2498345470	results/experiments/toolchain-environment/20260729T171551Z-toolchain-formal01/boots/repetition-01/lower/python310/lib/python3.10/site-packages/pip/_vendor/urllib3/__pycache__/poolmanager.cpython-310.pyc
f	644	1000	1000	15335	64	35958071	1785345372.8375801820	results/experiments/toolchain-environment/20260729T171551Z-toolchain-formal01/boots/repetition-01/lower/python310/lib/python3.10/site-packages/setuptools/_vendor/packaging/__pycache__/tags.cpython-310.pyc
f	644	1000	1000	15337	64	35956681	1785345362.8182393580	results/experiments/toolchain-environment/20260729T171551Z-toolchain-formal01/boots/repetition-01/lower/python310/lib/python3.10/site-packages/setuptools/_distutils/filelist.py
f	644	1000	1000	1535	64	35958845	1785345379.6511522080	results/experiments/toolchain-environment/20260729T171551Z-toolchain-formal01/boots/repetition-01/lower/python310/lib/python3.10/site-packages/pip/_vendor/cachecontrol/cache.py
f	644	1000	1000	15360	64	35958143	1785345373.9094524200	results/experiments/toolchain-environment/20260729T171551Z-toolchain-formal01/boots/repetition-01/lower/python310/lib/python3.10/site-packages/setuptools/_vendor/wheel/__pycache__/_bdist_wheel.cpython-310.pyc
f	644	1000	1000	15365	64	35958599	1785345378.7905416330	results/experiments/toolchain-environment/20260729T171551Z-toolchain-formal01/boots/repetition-01/lower/python310/lib/python3.10/site-packages/pip/_internal/locations/__init__.py
f	644	1000	1000	15365	64	35960881	1785345403.0480414060	results/experiments/toolchain-environment/20260729T171551Z-toolchain-formal01/boots/repetition-01/lower/python312/lib/python3.12/site-packages/pip/_internal/locations/__init__.py
f	644	1000	1000	15397	64	35958229	1785345375.0515148050	results/experiments/toolchain-environment/20260729T171551Z-toolchain-formal01/boots/repetition-01/lower/python310/lib/python3.10/site-packages/setuptools/command/__pycache__/bdist_wheel.cpython-310.pyc
f	644	1000	1000	15404	64	35959711	1785345384.0916385460	results/experiments/toolchain-environment/20260729T171551Z-toolchain-formal01/boots/repetition-01/lower/python310/lib/python3.10/site-packages/pip/_internal/index/__pycache__/collector.cpython-310.pyc
f	644	1000	1000	15409	64	35957783	1785345368.6345562320	results/experiments/toolchain-environment/20260729T171551Z-toolchain-formal01/boots/repetition-01/lower/python310/lib/python3.10/site-packages/setuptools/_distutils/compilers/C/__pycache__/msvc.cpython-310.pyc
f	644	1000	1000	15416	64	35957695	1785345367.3053317470	results/experiments/toolchain-environment/20260729T171551Z-toolchain-formal01/boots/repetition-01/lower/python310/lib/python3.10/site-packages/pkg_resources/tests/__pycache__/test_pkg_resources.cpython-310.pyc
f	644	1000	1000	15425	64	35962297	1785345413.0644278050	results/experiments/toolchain-environment/20260729T171551Z-toolchain-formal01/boots/repetition-01/lower/python312/lib/python3.12/site-packages/pip/_vendor/chardet/__pycache__/escsm.cpython-312.pyc
f	644	1000	1000	1546	64	35959803	1785345385.2446596290	results/experiments/toolchain-environment/20260729T171551Z-toolchain-formal01/boots/repetition-01/lower/python310/lib/python3.10/site-packages/pip/_internal/operations/build/__pycache__/metadata.cpython-310.pyc
f	644	1000	1000	1548	64	35960475	1785345394.5970836320	results/experiments/toolchain-environment/20260729T171551Z-toolchain-formal01/boots/repetition-01/lower/python310/lib/python3.10/site-packages/pip/_vendor/rich/__pycache__/color_triplet.cpython-310.pyc
f	644	1000	1000	15539	64	35957195	1785345364.9671455040	results/experiments/toolchain-environment/20260729T171551Z-toolchain-formal01/boots/repetition-01/lower/python310/lib/python3.10/site-packages/setuptools/command/build_py.py
f	644	1000	1000	1556	64	35960185	1785345390.7537464580	results/experiments/toolchain-environment/20260729T171551Z-toolchain-formal01/boots/repetition-01/lower/python310/lib/python3.10/site-packages/pip/_vendor/msgpack/__pycache__/__init__.cpython-310.pyc
f	644	1000	1000	156	64	35959307	1785345381.3956112530	results/experiments/toolchain-environment/20260729T171551Z-toolchain-formal01/boots/repetition-01/lower/python310/lib/python3.10/site-packages/pip/_vendor/resolvelib/compat/collections_abc.py
f	644	1000	1000	156	64	35961563	1785345405.8423885300	results/experiments/toolchain-environment/20260729T171551Z-toolchain-formal01/boots/repetition-01/lower/python312/lib/python3.12/site-packages/pip/_vendor/resolvelib/compat/collections_abc.py
f	644	1000	1000	1560	64	35959811	1785345385.3736619870	results/experiments/toolchain-environment/20260729T171551Z-toolchain-formal01/boots/repetition-01/lower/python310/lib/python3.10/site-packages/pip/_internal/operations/build/__pycache__/wheel_editable.cpython-310.pyc
f	644	1000	1000	1562	64	35959789	1785345385.0936568680	results/experiments/toolchain-environment/20260729T171551Z-toolchain-formal01/boots/repetition-01/lower/python310/lib/python3.10/site-packages/pip/_internal/network/__pycache__/utils.cpython-310.pyc
f	644	1000	1000	1562	64	35961741	1785345406.6138359720	results/experiments/toolchain-environment/20260729T171551Z-toolchain-formal01/boots/repetition-01/lower/python312/lib/python3.12/site-packages/pip/_vendor/tenacity/before.py
f	644	1000	1000	15622	64	35962889	1785345423.5342989880	results/experiments/toolchain-environment/20260729T171551Z-toolchain-formal01/boots/repetition-01/lower/python312/lib/python3.12/site-packages/pip/_vendor/truststore/__pycache__/_windows.cpython-312.pyc
f	644	1000	1000	15642	64	35957853	1785345369.5592348670	results/experiments/toolchain-environment/20260729T171551Z-toolchain-formal01/boots/repetition-01/lower/python310/lib/python3.10/site-packages/setuptools/_distutils/tests/__pycache__/test_build_ext.cpython-310.pyc
f	644	1000	1000	15699	64	35959103	1785345380.6245751600	results/experiments/toolchain-environment/20260729T171551Z-toolchain-formal01/boots/repetition-01/lower/python310/lib/python3.10/site-packages/pip/_vendor/packaging/tags.py
f	644	1000	1000	15699	64	35961369	1785345405.1094127100	results/experiments/toolchain-environment/20260729T171551Z-toolchain-formal01/boots/repetition-01/lower/python312/lib/python3.12/site-packages/pip/_vendor/packaging/tags.py
f	644	1000	1000	15714	64	35960247	1785345391.5139633070	results/experiments/toolchain-environment/20260729T171551Z-toolchain-formal01/boots/repetition-01/lower/python310/lib/python3.10/site-packages/pip/_vendor/pygments/__pycache__/cmdline.cpython-310.pyc
f	644	1000	1000	15770	64	35961957	1785345408.2604844080	results/experiments/toolchain-environment/20260729T171551Z-toolchain-formal01/boots/repetition-01/lower/python312/lib/python3.12/site-packages/pip/_internal/commands/__pycache__/list.cpython-312.pyc
f	644	1000	1000	1580	64	35959805	1785345385.2782616400	results/experiments/toolchain-environment/20260729T171551Z-toolchain-formal01/boots/repetition-01/lower/python310/lib/python3.10/site-packages/pip/_internal/operations/build/__pycache__/metadata_editable.cpython-310.pyc
f	644	1000	1000	1580	64	35962853	1785345423.0761336570	results/experiments/toolchain-environment/20260729T171551Z-toolchain-formal01/boots/repetition-01/lower/python312/lib/python3.12/site-packages/pip/_vendor/tenacity/__pycache__/before.cpython-312.pyc
f	644	1000	1000	1583	64	35959297	1785345381.3566901450	results/experiments/toolchain-environment/20260729T171551Z-toolchain-formal01/boots/repetition-01/lower/python310/lib/python3.10/site-packages/pip/_vendor/resolvelib/reporters.py
f	644	1000	1000	15861	64	35957827	1785345369.2483672470	results/experiments/toolchain-environment/20260729T171551Z-toolchain-formal01/boots/repetition-01/lower/python310/lib/python3.10/site-packages/setuptools/_distutils/__pycache__/sysconfig.cpython-310.pyc
f	644	1000	1000	1587	64	35960519	1785345395.2169712330	results/experiments/toolchain-environment/20260729T171551Z-toolchain-formal01/boots/repetition-01/lower/python310/lib/python3.10/site-packages/pip/_vendor/rich/__pycache__/pager.cpython-310.pyc
f	644	1000	1000	158985	64	35962451	1785345415.8522196780	results/experiments/toolchain-environment/20260729T171551Z-toolchain-formal01/boots/repetition-01/lower/python312/lib/python3.12/site-packages/pip/_vendor/idna/__pycache__/uts46data.cpython-312.pyc
f	644	1000	1000	15904	64	35962023	1785345409.1724897680	results/experiments/toolchain-environment/20260729T171551Z-toolchain-formal01/boots/repetition-01/lower/python312/lib/python3.12/site-packages/pip/_internal/metadata/__pycache__/pkg_resources.cpython-312.pyc
f	644	1000	1000	1591	64	35959435	1785345381.9755998590	results/experiments/toolchain-environment/20260729T171551Z-toolchain-formal01/boots/repetition-01/lower/python310/lib/python3.10/site-packages/pip/_vendor/rich/screen.py
f	644	1000	1000	1591	64	35961701	1785345406.4447579950	results/experiments/toolchain-environment/20260729T171551Z-toolchain-formal01/boots/repetition-01/lower/python312/lib/python3.12/site-packages/pip/_vendor/rich/screen.py
f	644	1000	1000	15911	64	35962979	1785345424.7761799110	results/experiments/toolchain-environment/20260729T171551Z-toolchain-formal01/boots/repetition-01/lower/python312/lib/python3.12/site-packages/pip/_vendor/urllib3/util/__pycache__/url.cpython-312.pyc
f	644	1000	1000	15912	64	35958079	1785345372.9601323130	results/experiments/toolchain-environment/20260729T171551Z-toolchain-formal01/boots/repetition-01/lower/python310/lib/python3.10/site-packages/setuptools/_vendor/platformdirs/__pycache__/__init__.cpython-310.pyc
f	644	1000	1000	15913	64	35962881	1785345423.4155639120	results/experiments/toolchain-environment/20260729T171551Z-toolchain-formal01/boots/repetition-01/lower/python312/lib/python3.12/site-packages/pip/_vendor/truststore/__pycache__/_api.cpython-312.pyc
f	644	1000	1000	15920	64	35960639	1785345396.9077476830	results/experiments/toolchain-environment/20260729T171551Z-toolchain-formal01/boots/repetition-01/lower/python310/lib/python3.10/site-packages/pip/_vendor/urllib3/contrib/__pycache__/pyopenssl.cpython-310.pyc
f	644	1000	1000	1598	64	35957849	1785345369.5019603310	results/experiments/toolchain-environment/20260729T171551Z-toolchain-formal01/boots/repetition-01/lower/python310/lib/python3.10/site-packages/setuptools/_distutils/tests/__pycache__/test_build.cpython-310.pyc
f	644	1000	1000	15993	64	35958407	1785345377.4656635390	results/experiments/toolchain-environment/20260729T171551Z-toolchain-formal01/boots/repetition-01/lower/python310/lib/python3.10/site-packages/setuptools/tests/__pycache__/test_core_metadata.cpython-310.pyc
f	644	1000	1000	16	64	35957127	1785345364.6215129170	results/experiments/toolchain-environment/20260729T171551Z-toolchain-formal01/boots/repetition-01/lower/python310/lib/python3.10/site-packages/setuptools/_vendor/wheel/vendored/vendor.txt
f	644	1000	1000	160	64	35956933	1785345363.8234676920	results/experiments/toolchain-environment/20260729T171551Z-toolchain-formal01/boots/repetition-01/lower/python310/lib/python3.10/site-packages/setuptools/_vendor/inflect/compat/py38.py
f	644	1000	1000	160	64	35959129	1785345380.7125137540	results/experiments/toolchain-environment/20260729T171551Z-toolchain-formal01/boots/repetition-01/lower/python310/lib/python3.10/site-packages/pip/_vendor/platformdirs/version.py
f	644	1000	1000	160	64	35961393	1785345405.1923347970	results/experiments/toolchain-environment/20260729T171551Z-toolchain-formal01/boots/repetition-01/lower/python312/lib/python3.12/site-packages/pip/_vendor/platformdirs/version.py
f	644	1000	1000	1600	64	35956831	1785345363.4388443870	results/experiments/toolchain-environment/20260729T171551Z-toolchain-formal01/boots/repetition-01/lower/python310/lib/python3.10/site-packages/setuptools/_distutils/tests/test_install_scripts.py
f	644	1000	1000	1601	64	35961567	1785345405.8620035540	results/experiments/toolchain-environment/20260729T171551Z-toolchain-formal01/boots/repetition-01/lower/python312/lib/python3.12/site-packages/pip/_vendor/resolvelib/reporters.py
f	644	1000	1000	1603	64	35962759	1785345421.5573241520	results/experiments/toolchain-environment/20260729T171551Z-toolchain-formal01/boots/repetition-01/lower/python312/lib/python3.12/site-packages/pip/_vendor/rich/__pycache__/diagnose.cpython-312.pyc
f	644	1000	1000	16041	64	35957249	1785345365.1764246710	results/experiments/toolchain-environment/20260729T171551Z-toolchain-formal01/boots/repetition-01/lower/python310/lib/python3.10/site-packages/setuptools/config/expand.py
f	644	1000	1000	1605	64	35959563	1785345382.4613508480	results/experiments/toolchain-environment/20260729T171551Z-toolchain-formal01/boots/repetition-01/lower/python310/lib/python3.10/site-packages/pip/_vendor/urllib3/util/proxy.py
f	644	1000	1000	1605	64	35961849	1785345407.0531413710	results/experiments/toolchain-environment/20260729T171551Z-toolchain-formal01/boots/repetition-01/lower/python312/lib/python3.12/site-packages/pip/_vendor/urllib3/util/proxy.py
f	644	1000	1000	16071	64	35957255	1785345365.2042933650	results/experiments/toolchain-environment/20260729T171551Z-toolchain-formal01/boots/repetition-01/lower/python310/lib/python3.10/site-packages/setuptools/config/setuptools.schema.json
f	644	1000	1000	16074	64	35958437	1785345377.8745248890	results/experiments/toolchain-environment/20260729T171551Z-toolchain-formal01/boots/repetition-01/lower/python310/lib/python3.10/site-packages/setuptools/tests/__pycache__/test_manifest.cpython-310.pyc
f	644	1000	1000	1609	64	35956705	1785345362.9010947400	results/experiments/toolchain-environment/20260729T171551Z-toolchain-formal01/boots/repetition-01/lower/python310/lib/python3.10/site-packages/setuptools/_distutils/command/_framework_compat.py
f	644	1000	1000	161	64	35956635	1785345362.6655750820	results/experiments/toolchain-environment/20260729T171551Z-toolchain-formal01/boots/repetition-01/lower/python310/lib/python3.10/site-packages/setuptools/version.py
f	644	1000	1000	1612	64	35957267	1785345365.2572943330	results/experiments/toolchain-environment/20260729T171551Z-toolchain-formal01/boots/repetition-01/lower/python310/lib/python3.10/site-packages/setuptools/config/_validate_pyproject/fastjsonschema_exceptions.py
f	644	1000	1000	16138	64	35962443	1785345415.6552160710	results/experiments/toolchain-environment/20260729T171551Z-toolchain-formal01/boots/repetition-01/lower/python312/lib/python3.12/site-packages/pip/_vendor/idna/__pycache__/core.cpython-312.pyc
f	644	1000	1000	16148	64	35958301	1785345376.1534934320	results/experiments/toolchain-environment/20260729T171551Z-toolchain-formal01/boots/repetition-01/lower/python310/lib/python3.10/site-packages/setuptools/config/__pycache__/pyprojecttoml.cpython-310.pyc
f	644	1000	1000	1616	64	35959387	1785345381.7625959650	results/experiments/toolchain-environment/20260729T171551Z-toolchain-formal01/boots/repetition-01/lower/python310/lib/python3.10/site-packages/pip/_vendor/rich/file_proxy.py
f	644	1000	1000	1618	64	35959889	1785345386.4626819010	results/experiments/toolchain-environment/20260729T171551Z-toolchain-formal01/boots/repetition-01/lower/python310/lib/python3.10/site-packages/pip/_internal/utils/__pycache__/compat.cpython-310.pyc
f	644	1000	1000	1623	64	35962645	1785345419.4962864060	results/experiments/toolchain-environment/20260729T171551Z-toolchain-formal01/boots/repetition-01/lower/python312/lib/python3.12/site-packages/pip/_vendor/requests/__pycache__/compat.cpython-312.pyc
f	644	1000	1000	16234	64	35957161	1785345364.8334860680	results/experiments/toolchain-environment/20260729T171551Z-toolchain-formal01/boots/repetition-01/lower/python310/lib/python3.10/site-packages/setuptools/_vendor/wheel/vendored/packaging/version.py
f	644	1000	1000	16250	64	35956957	1785345363.9044316630	results/experiments/toolchain-environment/20260729T171551Z-toolchain-formal01/boots/repetition-01/lower/python310/lib/python3.10/site-packages/setuptools/_vendor/jaraco/text/__init__.py
f	644	1000	1000	16258	64	35960685	1785345397.5434781000	results/experiments/toolchain-environment/20260729T171551Z-toolchain-formal01/boots/repetition-01/lower/python310/lib/python3.10/site-packages/pip/_vendor/urllib3/util/__pycache__/retry.cpython-310.pyc
f	644	1000	1000	16282	64	35962249	1785345412.4284294820	results/experiments/toolchain-environment/20260729T171551Z-toolchain-formal01/boots/repetition-01/lower/python312/lib/python3.12/site-packages/pip/_vendor/cachecontrol/__pycache__/controller.cpython-312.pyc
f	644	1000	1000	1630	64	35959885	1785345386.4036808220	results/experiments/toolchain-environment/20260729T171551Z-toolchain-formal01/boots/repetition-01/lower/python310/lib/python3.10/site-packages/pip/_internal/utils/__pycache__/_log.cpython-310.pyc
f	644	1000	1000	16324	64	35958203	1785345374.7672461320	results/experiments/toolchain-environment/20260729T171551Z-toolchain-formal01/boots/repetition-01/lower/python310/lib/python3.10/site-packages/setuptools/_vendor/zipp/__pycache__/__init__.cpython-310.pyc
f	644	1000	1000	1637	64	35957831	1785345369.2775432830	results/experiments/toolchain-environment/20260729T171551Z-toolchain-formal01/boots/repetition-01/lower/python310/lib/python3.10/site-packages/setuptools/_distutils/tests/__pycache__/__init__.cpython-310.pyc
f	644	1000	1000	1638	64	35960493	1785345394.8548398350	results/experiments/toolchain-environment/20260729T171551Z-toolchain-formal01/boots/repetition-01/lower/python310/lib/python3.10/site-packages/pip/_vendor/rich/__pycache__/errors.cpython-310.pyc
f	644	1000	1000	1639	64	35958287	1785345375.8741345500	results/experiments/toolchain-environment/20260729T171551Z-toolchain-formal01/boots/repetition-01/lower/python310/lib/python3.10/site-packages/setuptools/config/_validate_pyproject/__pycache__/__init__.cpython-310.pyc
f	644	1000	1000	16416	64	35958849	1785345379.6655576280	results/experiments/toolchain-environment/20260729T171551Z-toolchain-formal01/boots/repetition-01/lower/python310/lib/python3.10/site-packages/pip/_vendor/cachecontrol/controller.py
f	644	1000	1000	1642	64	35957589	1785345366.6156583630	results/experiments/toolchain-environment/20260729T171551Z-toolchain-formal01/boots/repetition-01/lower/python310/lib/python3.10/site-packages/setuptools/_vendor/platformdirs-4.2.2.dist-info/RECORD
f	644	1000	1000	1643	64	35959331	1785345381.4975911190	results/experiments/toolchain-environment/20260729T171551Z-toolchain-formal01/boots/repetition-01/lower/python310/lib/python3.10/site-packages/pip/_vendor/rich/_null_file.py
f	644	1000	1000	16495	64	35958333	1785345376.5885013830	results/experiments/toolchain-environment/20260729T171551Z-toolchain-formal01/boots/repetition-01/lower/python310/lib/python3.10/site-packages/setuptools/__pycache__/sandbox.cpython-310.pyc
f	644	1000	1000	16504	64	35958591	1785345378.7665411950	results/experiments/toolchain-environment/20260729T171551Z-toolchain-formal01/boots/repetition-01/lower/python310/lib/python3.10/site-packages/pip/_internal/index/collector.py
f	644	1000	1000	16507	64	35958657	1785345378.9895452710	results/experiments/toolchain-environment/20260729T171551Z-toolchain-formal01/boots/repetition-01/lower/python310/lib/python3.10/site-packages/pip/_internal/network/auth.py
f	644	1000	1000	1652	64	35956513	1785345362.2662396980	results/experiments/toolchain-environment/20260729T171551Z-toolchain-formal01/boots/repetition-01/lower/python310/lib/python3.10/site-packages/pkg_resources/tests/test_integration_zope_interface.py
f	644	1000	1000	16531	64	35956763	1785345363.1430497380	results/experiments/toolchain-environment/20260729T171551Z-toolchain-formal01/boots/repetition-01/lower/python310/lib/python3.10/site-packages/setuptools/_distutils/compilers/C/unix.py
f	644	1000	1000	16536	64	35962375	1785345414.5416940930	results/experiments/toolchain-environment/20260729T171551Z-toolchain-formal01/boots/repetition-01/lower/python312/lib/python3.12/site-packages/pip/_vendor/colorama/__pycache__/ansitowin32.cpython-312.pyc
f	644	1000	1000	16572	64	35957103	1785345364.5325982590	results/experiments/toolchain-environment/20260729T171551Z-toolchain-formal01/boots/repetition-01/lower/python310/lib/python3.10/site-packages/setuptools/_vendor/wheel/macosx_libfile.py
f	644	1000	1000	1658	64	35959823	1785345385.5346649310	results/experiments/toolchain-environment/20260729T171551Z-toolchain-formal01/boots/repetition-01/lower/python310/lib/python3.10/site-packages/pip/_internal/operations/install/__pycache__/editable_legacy.cpython-310.pyc
f	644	1000	1000	16583	64	35960575	1785345396.0202647410	results/experiments/toolchain-environment/20260729T171551Z-toolchain-formal01/boots/repetition-01/lower/python310/lib/python3.10/site-packages/pip/_vendor/tenacity/__pycache__/__init__.cpython-310.pyc
f	644	1000	1000	16590	64	35960873	1785345403.0089845820	results/experiments/toolchain-environment/20260729T171551Z-toolchain-formal01/boots/repetition-01/lower/python312/lib/python3.12/site-packages/pip/_internal/index/collector.py
f	644	1000	1000	166	64	35959427	1785345381.9424082990	results/experiments/toolchain-environment/20260729T171551Z-toolchain-formal01/boots/repetition-01/lower/python310/lib/python3.10/site-packages/pip/_vendor/rich/region.py
f	644	1000	1000	166	64	35961693	1785345406.4127587140	results/experiments/toolchain-environment/20260729T171551Z-toolchain-formal01/boots/repetition-01/lower/python312/lib/python3.12/site-packages/pip/_vendor/rich/region.py
f	644	1000	1000	16604	64	35962897	1785345423.6300673830	results/experiments/toolchain-environment/20260729T171551Z-toolchain-formal01/boots/repetition-01/lower/python312/lib/python3.12/site-packages/pip/_vendor/urllib3/__pycache__/_collections.cpython-312.pyc
f	644	1000	1000	16611	64	35958713	1785345379.1905489450	results/experiments/toolchain-environment/20260729T171551Z-toolchain-formal01/boots/repetition-01/lower/python310/lib/python3.10/site-packages/pip/_internal/req/constructors.py
f	644	1000	1000	1662	64	35960459	1785345394.3726665660	results/experiments/toolchain-environment/20260729T171551Z-toolchain-formal01/boots/repetition-01/lower/python310/lib/python3.10/site-packages/pip/_vendor/rich/__pycache__/_wrap.cpython-310.pyc
f	644	1000	1000	16642	64	35956947	1785345363.8645046970	results/experiments/toolchain-environment/20260729T171551Z-toolchain-formal01/boots/repetition-01/lower/python310/lib/python3.10/site-packages/setuptools/_vendor/jaraco/functools/__init__.py
f	644	1000	1000	1665	64	35958761	1785345379.3565519800	results/experiments/toolchain-environment/20260729T171551Z-toolchain-formal01/boots/repetition-01/lower/python310/lib/python3.10/site-packages/pip/_internal/utils/appdirs.py
f	644	1000	1000	1665	64	35961049	1785345403.8228501140	results/experiments/toolchain-environment/20260729T171551Z-toolchain-formal01/boots/repetition-01/lower/python312/lib/python3.12/site-packages/pip/_internal/utils/appdirs.py
f	644	1000	1000	16676	64	35957015	1785345364.1612743120	results/experiments/toolchain-environment/20260729T171551Z-toolchain-formal01/boots/repetition-01/lower/python310/lib/python3.10/site-packages/setuptools/_vendor/packaging/version.py
f	644	1000	1000	1668	64	35962961	1785345424.4875962920	results/experiments/toolchain-environment/20260729T171551Z-toolchain-formal01/boots/repetition-01/lower/python312/lib/python3.12/site-packages/pip/_vendor/urllib3/util/__pycache__/proxy.cpython-312.pyc
f	644	1000	1000	16692	64	35960333	1785345392.7229610300	results/experiments/toolchain-environment/20260729T171551Z-toolchain-formal01/boots/repetition-01/lower/python310/lib/python3.10/site-packages/pip/_vendor/pyparsing/diagram/__pycache__/__init__.cpython-310.pyc
f	644	1000	1000	16696	64	35956719	1785345362.9625321700	results/experiments/toolchain-environment/20260729T171551Z-toolchain-formal01/boots/repetition-01/lower/python310/lib/python3.10/site-packages/setuptools/_distutils/command/build_py.py
f	644	1000	1000	167	64	35956747	1785345363.0796384660	results/experiments/toolchain-environment/20260729T171551Z-toolchain-formal01/boots/repetition-01/lower/python310/lib/python3.10/site-packages/setuptools/_distutils/compat/numpy.py
f	644	1000	1000	1676	64	35960367	1785345393.1383388220	results/experiments/toolchain-environment/20260729T171551Z-toolchain-formal01/boots/repetition-01/lower/python310/lib/python3.10/site-packages/pip/_vendor/requests/__pycache__/_internal_utils.cpython-310.pyc
f	644	1000	1000	16778	64	35962883	1785345423.4445618640	results/experiments/toolchain-environment/20260729T171551Z-toolchain-formal01/boots/repetition-01/lower/python312/lib/python3.12/site-packages/pip/_vendor/truststore/__pycache__/_macos.cpython-312.pyc
f	644	1000	1000	1680	64	35959659	1785345383.1972886930	results/experiments/toolchain-environment/20260729T171551Z-toolchain-formal01/boots/repetition-01/lower/python310/lib/python3.10/site-packages/pip/_internal/commands/__pycache__/check.cpython-310.pyc
f	644	1000	1000	1682	64	35961739	1785345406.6054023630	results/experiments/toolchain-environment/20260729T171551Z-toolchain-formal01/boots/repetition-01/lower/python312/lib/python3.12/site-packages/pip/_vendor/tenacity/after.py
f	644	1000	1000	1683	64	35958897	1785345379.8355607360	results/experiments/toolchain-environment/20260729T171551Z-toolchain-formal01/boots/repetition-01/lower/python310/lib/python3.10/site-packages/pip/_vendor/chardet/enums.py
f	644	1000	1000	1683	64	35961181	1785345404.3493096410	results/experiments/toolchain-environment/20260729T171551Z-toolchain-formal01/boots/repetition-01/lower/python312/lib/python3.12/site-packages/pip/_vendor/chardet/enums.py
f	644	1000	1000	1683	64	35961653	1785345406.2408763040	results/experiments/toolchain-environment/20260729T171551Z-toolchain-formal01/boots/repetition-01/lower/python312/lib/python3.12/site-packages/pip/_vendor/rich/file_proxy.py
f	644	1000	1000	1684	64	35962567	1785345417.9732585160	results/experiments/toolchain-environment/20260729T171551Z-toolchain-formal01/boots/repetition-01/lower/python312/lib/python3.12/site-packages/pip/_vendor/pygments/__pycache__/modeline.cpython-312.pyc
f	644	1000	1000	168448	64	35959043	1785345380.4115712660	results/experiments/toolchain-environment/20260729T171551Z-toolchain-formal01/boots/repetition-01/lower/python310/lib/python3.10/site-packages/pip/_vendor/distlib/w64-arm.exe
f	644	1000	1000	1685	64	35958543	1785345378.5975381050	results/experiments/toolchain-environment/20260729T171551Z-toolchain-formal01/boots/repetition-01/lower/python310/lib/python3.10/site-packages/pip/_internal/commands/check.py
f	644	1000	1000	16890	64	35961995	1785345408.7766914370	results/experiments/toolchain-environment/20260729T171551Z-toolchain-formal01/boots/repetition-01/lower/python312/lib/python3.12/site-packages/pip/_internal/locations/__pycache__/__init__.cpython-312.pyc
f	644	1000	1000	16906	64	35957871	1785345369.8201093330	results/experiments/toolchain-environment/20260729T171551Z-toolchain-formal01/boots/repetition-01/lower/python310/lib/python3.10/site-packages/setuptools/_distutils/tests/__pycache__/test_dist.cpython-310.pyc
f	644	1000	1000	1691	64	35959963	1785345387.5261262800	results/experiments/toolchain-environment/20260729T171551Z-toolchain-formal01/boots/repetition-01/lower/python310/lib/python3.10/site-packages/pip/_vendor/cachecontrol/__pycache__/_cmd.cpython-310.pyc
f	644	1000	1000	1695	64	35959933	1785345387.1556945730	results/experiments/toolchain-environment/20260729T171551Z-toolchain-formal01/boots/repetition-01/lower/python310/lib/python3.10/site-packages/pip/_internal/utils/__pycache__/urls.cpython-310.pyc
f	644	1000	1000	1696	64	35957975	1785345371.1799974400	results/experiments/toolchain-environment/20260729T171551Z-toolchain-formal01/boots/repetition-01/lower/python310/lib/python3.10/site-packages/setuptools/_vendor/importlib_metadata/__pycache__/_collections.cpython-310.pyc
f	644	1000	1000	16968	64	35959763	1785345384.7556506870	results/experiments/toolchain-environment/20260729T171551Z-toolchain-formal01/boots/repetition-01/lower/python310/lib/python3.10/site-packages/pip/_internal/models/__pycache__/link.cpython-310.pyc
f	644	1000	1000	1697	64	35959141	1785345380.7515774810	results/experiments/toolchain-environment/20260729T171551Z-toolchain-formal01/boots/repetition-01/lower/python310/lib/python3.10/site-packages/pip/_vendor/pygments/console.py
f	644	1000	1000	1697	64	35961405	1785345405.2360253380	results/experiments/toolchain-environment/20260729T171551Z-toolchain-formal01/boots/repetition-01/lower/python312/lib/python3.12/site-packages/pip/_vendor/pygments/console.py
f	644	1000	1000	16972	64	35957183	1785345364.9224396100	results/experiments/toolchain-environment/20260729T171551Z-toolchain-formal01/boots/repetition-01/lower/python310/lib/python3.10/site-packages/setuptools/command/bdist_egg.py
f	644	1000	1000	17010	64	35960369	1785345393.1685890970	results/experiments/toolchain-environment/20260729T171551Z-toolchain-formal01/boots/repetition-01/lower/python310/lib/python3.10/site-packages/pip/_vendor/requests/__pycache__/adapters.cpython-310.pyc
f	644	1000	1000	1703	64	35958555	1785345378.6445389640	results/experiments/toolchain-environment/20260729T171551Z-toolchain-formal01/boots/repetition-01/lower/python310/lib/python3.10/site-packages/pip/_internal/commands/hash.py
f	644	1000	1000	1703	64	35960833	1785345402.8063544800	results/experiments/toolchain-environment/20260729T171551Z-toolchain-formal01/boots/repetition-01/lower/python312/lib/python3.12/site-packages/pip/_internal/commands/hash.py
f	644	1000	1000	1703	64	35962343	1785345413.9685163120	results/experiments/toolchain-environment/20260729T171551Z-toolchain-formal01/boots/repetition-01/lower/python312/lib/python3.12/site-packages/pip/_vendor/chardet/__pycache__/mbcsgroupprober.cpython-312.pyc
f	644	1000	1000	1704	64	35957691	1785345367.2383305230	results/experiments/toolchain-environment/20260729T171551Z-toolchain-formal01/boots/repetition-01/lower/python310/lib/python3.10/site-packages/pkg_resources/tests/__pycache__/test_integration_zope_interface.cpython-310.pyc
f	644	1000	1000	17081	64	35959531	1785345382.3496066960	results/experiments/toolchain-environment/20260729T171551Z-toolchain-formal01/boots/repetition-01/lower/python310/lib/python3.10/site-packages/pip/_vendor/urllib3/contrib/pyopenssl.py
f	644	1000	1000	17081	64	35961811	1785345406.8845726680	results/experiments/toolchain-environment/20260729T171551Z-toolchain-formal01/boots/repetition-01/lower/python312/lib/python3.12/site-packages/pip/_vendor/urllib3/contrib/pyopenssl.py
f	644	1000	1000	1709	64	35960121	1785345389.8664836620	results/experiments/toolchain-environment/20260729T171551Z-toolchain-formal01/boots/repetition-01/lower/python310/lib/python3.10/site-packages/pip/_vendor/colorama/tests/__pycache__/utils.cpython-310.pyc
f	644	1000	1000	17111	64	35956517	1785345362.2812399720	results/experiments/toolchain-environment/20260729T171551Z-toolchain-formal01/boots/repetition-01/lower/python310/lib/python3.10/site-packages/pkg_resources/tests/test_pkg_resources.py
f	644	1000	1000	17141	64	35957753	1785345368.1583473320	results/experiments/toolchain-environment/20260729T171551Z-toolchain-formal01/boots/repetition-01/lower/python310/lib/python3.10/site-packages/setuptools/_distutils/command/__pycache__/install.cpython-310.pyc
f	644	1000	1000	17177	64	35959573	1785345382.5046095300	results/experiments/toolchain-environment/20260729T171551Z-toolchain-formal01/boots/repetition-01/lower/python310/lib/python3.10/site-packages/pip/_vendor/urllib3/util/ssl_.py
f	644	1000	1000	17177	64	35961859	1785345407.1055777970	results/experiments/toolchain-environment/20260729T171551Z-toolchain-formal01/boots/repetition-01/lower/python312/lib/python3.12/site-packages/pip/_vendor/urllib3/util/ssl_.py
f	644	1000	1000	17180	64	35960601	1785345396.3816763760	results/experiments/toolchain-environment/20260729T171551Z-toolchain-formal01/boots/repetition-01/lower/python310/lib/python3.10/site-packages/pip/_vendor/tomli/__pycache__/_parser.cpython-310.pyc
f	644	1000	1000	17187	64	35958099	1785345373.2662000760	results/experiments/toolchain-environment/20260729T171551Z-toolchain-formal01/boots/repetition-01/lower/python310/lib/python3.10/site-packages/setuptools/_vendor/tomli/__pycache__/_parser.cpython-310.pyc
f	644	1000	1000	1724	64	35962731	1785345421.0826655710	results/experiments/toolchain-environment/20260729T171551Z-toolchain-formal01/boots/repetition-01/lower/python312/lib/python3.12/site-packages/pip/_vendor/rich/__pycache__/abc.cpython-312.pyc
f	644	1000	1000	1728	64	35959887	1785345386.4355856860	results/experiments/toolchain-environment/20260729T171551Z-toolchain-formal01/boots/repetition-01/lower/python310/lib/python3.10/site-packages/pip/_internal/utils/__pycache__/appdirs.cpython-310.pyc
f	644	1000	1000	1730	64	35959975	1785345387.6914931610	results/experiments/toolchain-environment/20260729T171551Z-toolchain-formal01/boots/repetition-01/lower/python310/lib/python3.10/site-packages/pip/_vendor/cachecontrol/caches/__pycache__/redis_cache.cpython-310.pyc
f	644	1000	1000	17304	64	35962609	1785345418.8360580260	results/experiments/toolchain-environment/20260729T171551Z-toolchain-formal01/boots/repetition-01/lower/python312/lib/python3.12/site-packages/pip/_vendor/pyparsing/__pycache__/testing.cpython-312.pyc
f	644	1000	1000	1737	64	35961121	1785345404.1197597230	results/experiments/toolchain-environment/20260729T171551Z-toolchain-formal01/boots/repetition-01/lower/python312/lib/python3.12/site-packages/pip/_vendor/cachecontrol/_cmd.py
f	644	1000	1000	174	64	35957409	1785345365.8681187090	results/experiments/toolchain-environment/20260729T171551Z-toolchain-formal01/boots/repetition-01/lower/python310/lib/python3.10/site-packages/setuptools/tests/indexes/test_links_priority/simple/foobar/index.html
f	644	1000	1000	1740	64	35959617	1785345382.6881727490	results/experiments/toolchain-environment/20260729T171551Z-toolchain-formal01/boots/repetition-01/lower/python310/lib/python3.10/site-packages/pip/__pycache__/__pip-runner__.cpython-310.pyc
f	644	1000	1000	1740	64	35962851	1785345423.0472585970	results/experiments/toolchain-environment/20260729T171551Z-toolchain-formal01/boots/repetition-01/lower/python312/lib/python3.12/site-packages/pip/_vendor/tenacity/__pycache__/after.cpython-312.pyc
f	644	1000	1000	1742	64	35956793	1785345363.2745161630	results/experiments/toolchain-environment/20260729T171551Z-toolchain-formal01/boots/repetition-01/lower/python310/lib/python3.10/site-packages/setuptools/_distutils/tests/test_build.py
f	644	1000	1000	1742	64	35959703	1785345383.9766364440	results/experiments/toolchain-environment/20260729T171551Z-toolchain-formal01/boots/repetition-01/lower/python310/lib/python3.10/site-packages/pip/_internal/distributions/__pycache__/wheel.cpython-310.pyc
f	644	1000	1000	17424	64	35960137	1785345390.0744215370	results/experiments/toolchain-environment/20260729T171551Z-toolchain-formal01/boots/repetition-01/lower/python310/lib/python3.10/site-packages/pip/_vendor/distlib/__pycache__/index.cpython-310.pyc
f	644	1000	1000	1743	64	35960859	1785345402.9435962570	results/experiments/toolchain-environment/20260729T171551Z-toolchain-formal01/boots/repetition-01/lower/python312/lib/python3.12/site-packages/pip/_internal/distributions/base.py
f	644	1000	1000	17440	64	35962417	1785345415.2747406910	results/experiments/toolchain-environment/20260729T171551Z-toolchain-formal01/boots/repetition-01/lower/python312/lib/python3.12/site-packages/pip/_vendor/distlib/__pycache__/resources.cpython-312.pyc
f	644	1000	1000	17468	64	35961777	1785345406.7510530670	results/experiments/toolchain-environment/20260729T171551Z-toolchain-formal01/boots/repetition-01/lower/python312/lib/python3.12/site-packages/pip/_vendor/truststore/_windows.py
f	644	1000	1000	17500	64	35957741	1785345367.9655538100	results/experiments/toolchain-environment/20260729T171551Z-toolchain-formal01/boots/repetition-01/lower/python310/lib/python3.10/site-packages/setuptools/_distutils/command/__pycache__/build_ext.cpython-310.pyc
f	644	1000	1000	1752	64	35958923	1785345379.9375626010	results/experiments/toolchain-environment/20260729T171551Z-toolchain-formal01/boots/repetition-01/lower/python310/lib/python3.10/site-packages/pip/_vendor/chardet/johabprober.py
f	644	1000	1000	1752	64	35961207	1785345404.4573371090	results/experiments/toolchain-environment/20260729T171551Z-toolchain-formal01/boots/repetition-01/lower/python312/lib/python3.12/site-packages/pip/_vendor/chardet/johabprober.py
f	644	1000	1000	1753	64	35958907	1785345379.8735614310	results/experiments/toolchain-environment/20260729T171551Z-toolchain-formal01/boots/repetition-01/lower/python310/lib/python3.10/site-packages/pip/_vendor/chardet/euckrprober.py
f	644	1000	1000	1753	64	35958911	1785345379.8895617230	results/experiments/toolchain-environment/20260729T171551Z-toolchain-formal01/boots/repetition-01/lower/python310/lib/python3.10/site-packages/pip/_vendor/chardet/euctwprober.py
f	644	1000	1000	1753	64	35961191	1785345404.3897787310	results/experiments/toolchain-environment/20260729T171551Z-toolchain-formal01/boots/repetition-01/lower/python312/lib/python3.12/site-packages/pip/_vendor/chardet/euckrprober.py
f	644	1000	1000	1753	64	35961195	1785345404.4064549990	results/experiments/toolchain-environment/20260729T171551Z-toolchain-formal01/boots/repetition-01/lower/python312/lib/python3.12/site-packages/pip/_vendor/chardet/euctwprober.py
f	644	1000	1000	17543	64	35962915	1785345423.8484144400	results/experiments/toolchain-environment/20260729T171551Z-toolchain-formal01/boots/repetition-01/lower/python312/lib/python3.12/site-packages/pip/_vendor/urllib3/contrib/_securetransport/__pycache__/bindings.cpython-312.pyc
f	644	1000	1000	1759	64	35958121	1785345373.5992391780	results/experiments/toolchain-environment/20260729T171551Z-toolchain-formal01/boots/repetition-01/lower/python310/lib/python3.10/site-packages/setuptools/_vendor/typeguard/__pycache__/_memo.cpython-310.pyc
f	644	1000	1000	1759	64	35958281	1785345375.8044870540	results/experiments/toolchain-environment/20260729T171551Z-toolchain-formal01/boots/repetition-01/lower/python310/lib/python3.10/site-packages/setuptools/config/__pycache__/__init__.cpython-310.pyc
f	644	1000	1000	1759	64	35958807	1785345379.5295551420	results/experiments/toolchain-environment/20260729T171551Z-toolchain-formal01/boots/repetition-01/lower/python310/lib/python3.10/site-packages/pip/_internal/utils/urls.py
f	644	1000	1000	1759	64	35958915	1785345379.9051756710	results/experiments/toolchain-environment/20260729T171551Z-toolchain-formal01/boots/repetition-01/lower/python310/lib/python3.10/site-packages/pip/_vendor/chardet/gb2312prober.py
f	644	1000	1000	1759	64	35961091	1785345404.0135937010	results/experiments/toolchain-environment/20260729T171551Z-toolchain-formal01/boots/repetition-01/lower/python312/lib/python3.12/site-packages/pip/_internal/utils/urls.py
f	644	1000	1000	1759	64	35961199	1785345404.4230688970	results/experiments/toolchain-environment/20260729T171551Z-toolchain-formal01/boots/repetition-01/lower/python312/lib/python3.12/site-packages/pip/_vendor/chardet/gb2312prober.py
f	644	1000	1000	17591	64	35957723	1785345367.7023390000	results/experiments/toolchain-environment/20260729T171551Z-toolchain-formal01/boots/repetition-01/lower/python310/lib/python3.10/site-packages/setuptools/_distutils/__pycache__/cmd.cpython-310.pyc
f	644	1000	1000	17592	64	35959299	1785345381.3655887060	results/experiments/toolchain-environment/20260729T171551Z-toolchain-formal01/boots/repetition-01/lower/python310/lib/python3.10/site-packages/pip/_vendor/resolvelib/resolvers.py
f	644	1000	1000	1763	64	35958883	1785345379.7833685890	results/experiments/toolchain-environment/20260729T171551Z-toolchain-formal01/boots/repetition-01/lower/python310/lib/python3.10/site-packages/pip/_vendor/chardet/big5prober.py
f	644	1000	1000	1763	64	35961161	1785345404.2678850570	results/experiments/toolchain-environment/20260729T171551Z-toolchain-formal01/boots/repetition-01/lower/python312/lib/python3.12/site-packages/pip/_vendor/chardet/big5prober.py
f	644	1000	1000	17632	64	35959541	1785345382.3873096130	results/experiments/toolchain-environment/20260729T171551Z-toolchain-formal01/boots/repetition-01/lower/python310/lib/python3.10/site-packages/pip/_vendor/urllib3/contrib/_securetransport/bindings.py
f	644	1000	1000	17632	64	35961803	1785345406.8439618230	results/experiments/toolchain-environment/20260729T171551Z-toolchain-formal01/boots/repetition-01/lower/python312/lib/python3.12/site-packages/pip/_vendor/urllib3/contrib/_securetransport/bindings.py
f	644	1000	1000	17646	64	35958715	1785345379.1986393550	results/experiments/toolchain-environment/20260729T171551Z-toolchain-formal01/boots/repetition-01/lower/python310/lib/python3.10/site-packages/pip/_internal/req/req_file.py
f	644	1000	1000	176567	64	35960329	1785345392.6867957320	results/experiments/toolchain-environment/20260729T171551Z-toolchain-formal01/boots/repetition-01/lower/python310/lib/python3.10/site-packages/pip/_vendor/pyparsing/__pycache__/core.cpython-310.pyc
f	644	1000	1000	17673	64	35960271	1785345391.8123408420	results/experiments/toolchain-environment/20260729T171551Z-toolchain-formal01/boots/repetition-01/lower/python310/lib/python3.10/site-packages/pip/_vendor/pygments/formatters/__pycache__/img.cpython-310.pyc
f	644	1000	1000	17694	64	35961771	1785345406.7266571860	results/experiments/toolchain-environment/20260729T171551Z-toolchain-formal01/boots/repetition-01/lower/python312/lib/python3.12/site-packages/pip/_vendor/truststore/_macos.py
f	644	1000	1000	1770	64	35957933	1785345370.6325593260	results/experiments/toolchain-environment/20260729T171551Z-toolchain-formal01/boots/repetition-01/lower/python310/lib/python3.10/site-packages/setuptools/__pycache__/_reqs.cpython-310.pyc
f	644	1000	1000	17705	64	35960473	1785345394.5688256990	results/experiments/toolchain-environment/20260729T171551Z-toolchain-formal01/boots/repetition-01/lower/python310/lib/python3.10/site-packages/pip/_vendor/rich/__pycache__/color.cpython-310.pyc
f	644	1000	1000	17780	64	35961967	1785345408.4155237690	results/experiments/toolchain-environment/20260729T171551Z-toolchain-formal01/boots/repetition-01/lower/python312/lib/python3.12/site-packages/pip/_internal/__pycache__/configuration.cpython-312.pyc
f	644	1000	1000	17790	64	35960999	1785345403.6095176890	results/experiments/toolchain-environment/20260729T171551Z-toolchain-formal01/boots/repetition-01/lower/python312/lib/python3.12/site-packages/pip/_internal/req/req_file.py
f	644	1000	1000	1781	64	35959911	1785345386.8106882640	results/experiments/toolchain-environment/20260729T171551Z-toolchain-formal01/boots/repetition-01/lower/python310/lib/python3.10/site-packages/pip/_internal/utils/__pycache__/glibc.cpython-310.pyc
f	644	1000	1000	1782	64	35960821	1785345402.7386284490	results/experiments/toolchain-environment/20260729T171551Z-toolchain-formal01/boots/repetition-01/lower/python312/lib/python3.12/site-packages/pip/_internal/commands/check.py
f	644	1000	1000	1787	64	35961949	1785345408.1318008100	results/experiments/toolchain-environment/20260729T171551Z-toolchain-formal01/boots/repetition-01/lower/python312/lib/python3.12/site-packages/pip/_internal/commands/__pycache__/help.cpython-312.pyc
f	644	1000	1000	1789	64	35962257	1785345412.5430483690	results/experiments/toolchain-environment/20260729T171551Z-toolchain-formal01/boots/repetition-01/lower/python312/lib/python3.12/site-packages/pip/_vendor/cachecontrol/__pycache__/wrapper.cpython-312.pyc
f	644	1000	1000	17895	64	35956677	1785345362.8031463390	results/experiments/toolchain-environment/20260729T171551Z-toolchain-formal01/boots/repetition-01/lower/python310/lib/python3.10/site-packages/setuptools/_distutils/fancy_getopt.py
f	644	1000	1000	1791	64	35957947	1785345370.8223960080	results/experiments/toolchain-environment/20260729T171551Z-toolchain-formal01/boots/repetition-01/lower/python310/lib/python3.10/site-packages/setuptools/_vendor/autocommand/__pycache__/automain.cpython-310.pyc
f	644	1000	1000	1791	64	35958669	1785345379.0366798290	results/experiments/toolchain-environment/20260729T171551Z-toolchain-formal01/boots/repetition-01/lower/python310/lib/python3.10/site-packages/pip/_internal/network/xmlrpc.py
f	644	1000	1000	1798	64	35962085	1785345410.1393293150	results/experiments/toolchain-environment/20260729T171551Z-toolchain-formal01/boots/repetition-01/lower/python312/lib/python3.12/site-packages/pip/_internal/operations/build/__pycache__/wheel.cpython-312.pyc
f	644	1000	1000	18	64	35957287	1785345365.3522960690	results/experiments/toolchain-environment/20260729T171551Z-toolchain-formal01/boots/repetition-01/lower/python310/lib/python3.10/site-packages/setuptools/tests/script-with-bom.py
f	644	1000	1000	1801	64	35956907	1785345363.7252454540	results/experiments/toolchain-environment/20260729T171551Z-toolchain-formal01/boots/repetition-01/lower/python310/lib/python3.10/site-packages/setuptools/_vendor/importlib_metadata/_meta.py
f	644	1000	1000	1801	64	35959769	1785345384.8386522050	results/experiments/toolchain-environment/20260729T171551Z-toolchain-formal01/boots/repetition-01/lower/python310/lib/python3.10/site-packages/pip/_internal/models/__pycache__/selection_prefs.cpython-310.pyc
f	644	1000	1000	18015	64	35959365	1785345381.6535939720	results/experiments/toolchain-environment/20260729T171551Z-toolchain-formal01/boots/repetition-01/lower/python310/lib/python3.10/site-packages/pip/_vendor/rich/color.py
f	644	1000	1000	1808	64	35962035	1785345409.3220203330	results/experiments/toolchain-environment/20260729T171551Z-toolchain-formal01/boots/repetition-01/lower/python312/lib/python3.12/site-packages/pip/_internal/models/__pycache__/index.cpython-312.pyc
f	644	1000	1000	1809	64	35956533	1785345362.3300766140	results/experiments/toolchain-environment/20260729T171551Z-toolchain-formal01/boots/repetition-01/lower/python310/lib/python3.10/site-packages/pkg_resources/tests/data/my-test-package-zip/my-test-package.zip
f	644	1000	1000	18094	64	35956693	1785345362.8615798790	results/experiments/toolchain-environment/20260729T171551Z-toolchain-formal01/boots/repetition-01/lower/python310/lib/python3.10/site-packages/setuptools/_distutils/util.py
f	644	1000	1000	18102	64	35959029	1785345380.3405699680	results/experiments/toolchain-environment/20260729T171551Z-toolchain-formal01/boots/repetition-01/lower/python310/lib/python3.10/site-packages/pip/_vendor/distlib/scripts.py
f	644	1000	1000	18116	64	35958819	1785345379.5685558550	results/experiments/toolchain-environment/20260729T171551Z-toolchain-formal01/boots/repetition-01/lower/python310/lib/python3.10/site-packages/pip/_internal/vcs/git.py
f	644	1000	1000	18121	64	35961103	1785345404.0585802880	results/experiments/toolchain-environment/20260729T171551Z-toolchain-formal01/boots/repetition-01/lower/python312/lib/python3.12/site-packages/pip/_internal/vcs/git.py
f	644	1000	1000	18124	64	35958283	1785345375.8384876750	results/experiments/toolchain-environment/20260729T171551Z-toolchain-formal01/boots/repetition-01/lower/python310/lib/python3.10/site-packages/setuptools/config/__pycache__/_apply_pyprojecttoml.cpython-310.pyc
f	644	1000	1000	1814	64	35957823	1785345369.1952809400	results/experiments/toolchain-environment/20260729T171551Z-toolchain-formal01/boots/repetition-01/lower/python310/lib/python3.10/site-packages/setuptools/_distutils/__pycache__/log.cpython-310.pyc
f	644	1000	1000	1814	64	35961975	1785345408.5086672900	results/experiments/toolchain-environment/20260729T171551Z-toolchain-formal01/boots/repetition-01/lower/python312/lib/python3.12/site-packages/pip/_internal/distributions/__pycache__/installed.cpython-312.pyc
f	644	1000	1000	18144	64	35962493	1785345416.4976043240	results/experiments/toolchain-environment/20260729T171551Z-toolchain-formal01/boots/repetition-01/lower/python312/lib/python3.12/site-packages/pip/_vendor/platformdirs/__pycache__/__init__.cpython-312.pyc
f	644	1000	1000	1815	64	35957887	1785345370.0463818280	results/experiments/toolchain-environment/20260729T171551Z-toolchain-formal01/boots/repetition-01/lower/python310/lib/python3.10/site-packages/setuptools/_distutils/tests/__pycache__/test_install_scripts.cpython-310.pyc
f	644	1000	1000	1817	64	35962745	1785345421.3279673570	results/experiments/toolchain-environment/20260729T171551Z-toolchain-formal01/boots/repetition-01/lower/python312/lib/python3.12/site-packages/pip/_vendor/rich/__pycache__/color_triplet.cpython-312.pyc
f	644	1000	1000	18172	64	35958531	1785345378.5595374110	results/experiments/toolchain-environment/20260729T171551Z-toolchain-formal01/boots/repetition-01/lower/python310/lib/python3.10/site-packages/pip/_internal/cli/req_command.py
f	644	1000	1000	18218	64	35962385	1785345414.7115032350	results/experiments/toolchain-environment/20260729T171551Z-toolchain-formal01/boots/repetition-01/lower/python312/lib/python3.12/site-packages/pip/_vendor/colorama/tests/__pycache__/ansitowin32_test.cpython-312.pyc
f	644	1000	1000	18224	64	35961631	1785345406.1433565740	results/experiments/toolchain-environment/20260729T171551Z-toolchain-formal01/boots/repetition-01/lower/python312/lib/python3.12/site-packages/pip/_vendor/rich/color.py
f	644	1000	1000	1827	64	35957395	1785345365.8263047280	results/experiments/toolchain-environment/20260729T171551Z-toolchain-formal01/boots/repetition-01/lower/python310/lib/python3.10/site-packages/setuptools/tests/config/downloads/__init__.py
f	644	1000	1000	182784	64	35959033	1785345380.3625703700	results/experiments/toolchain-environment/20260729T171551Z-toolchain-formal01/boots/repetition-01/lower/python310/lib/python3.10/site-packages/pip/_vendor/distlib/t64-arm.exe
f	644	1000	1000	18315	64	35961307	1785345404.8679715520	results/experiments/toolchain-environment/20260729T171551Z-toolchain-formal01/boots/repetition-01/lower/python312/lib/python3.12/site-packages/pip/_vendor/distlib/scripts.py
f	644	1000	1000	18320	64	35957251	1785345365.1855075750	results/experiments/toolchain-environment/20260729T171551Z-toolchain-formal01/boots/repetition-01/lower/python310/lib/python3.10/site-packages/setuptools/config/pyprojecttoml.py
f	644	1000	1000	18339	64	35958215	1785345374.8994705130	results/experiments/toolchain-environment/20260729T171551Z-toolchain-formal01/boots/repetition-01/lower/python310/lib/python3.10/site-packages/setuptools/__pycache__/build_meta.cpython-310.pyc
f	644	1000	1000	18363	64	35958299	1785345376.1226675000	results/experiments/toolchain-environment/20260729T171551Z-toolchain-formal01/boots/repetition-01/lower/python310/lib/python3.10/site-packages/setuptools/config/__pycache__/expand.cpython-310.pyc
f	644	1000	1000	18364	64	35959465	1785345382.1006021440	results/experiments/toolchain-environment/20260729T171551Z-toolchain-formal01/boots/repetition-01/lower/python310/lib/python3.10/site-packages/pip/_vendor/tenacity/__init__.py
f	644	1000	1000	18369	64	35960809	1785345402.6824520210	results/experiments/toolchain-environment/20260729T171551Z-toolchain-formal01/boots/repetition-01/lower/python312/lib/python3.12/site-packages/pip/_internal/cli/req_command.py
f	644	1000	1000	18377	64	35957193	1785345364.9592888890	results/experiments/toolchain-environment/20260729T171551Z-toolchain-formal01/boots/repetition-01/lower/python310/lib/python3.10/site-packages/setuptools/command/build_ext.py
f	644	1000	1000	1838	64	35960953	1785345403.4015459460	results/experiments/toolchain-environment/20260729T171551Z-toolchain-formal01/boots/repetition-01/lower/python312/lib/python3.12/site-packages/pip/_internal/network/xmlrpc.py
f	644	1000	1000	18384	64	35961135	1785345404.1701347460	results/experiments/toolchain-environment/20260729T171551Z-toolchain-formal01/boots/repetition-01/lower/python312/lib/python3.12/site-packages/pip/_vendor/cachecontrol/controller.py
f	644	1000	1000	1840	64	35959351	1785345381.5922413130	results/experiments/toolchain-environment/20260729T171551Z-toolchain-formal01/boots/repetition-01/lower/python310/lib/python3.10/site-packages/pip/_vendor/rich/_wrap.py
f	644	1000	1000	1840	64	35961617	1785345406.0750331400	results/experiments/toolchain-environment/20260729T171551Z-toolchain-formal01/boots/repetition-01/lower/python312/lib/python3.12/site-packages/pip/_vendor/rich/_wrap.py
f	644	1000	1000	18443	64	35958665	1785345379.0212103860	results/experiments/toolchain-environment/20260729T171551Z-toolchain-formal01/boots/repetition-01/lower/python310/lib/python3.10/site-packages/pip/_internal/network/session.py
f	644	1000	1000	1845	64	35962695	1785345420.4198865400	results/experiments/toolchain-environment/20260729T171551Z-toolchain-formal01/boots/repetition-01/lower/python312/lib/python3.12/site-packages/pip/_vendor/rich/__pycache__/_emoji_replace.cpython-312.pyc
f	644	1000	1000	1850	64	35959761	1785345384.7266501570	results/experiments/toolchain-environment/20260729T171551Z-toolchain-formal01/boots/repetition-01/lower/python310/lib/python3.10/site-packages/pip/_internal/models/__pycache__/installation_report.cpython-310.pyc
f	644	1000	1000	1850	64	35960087	1785345389.4200624860	results/experiments/toolchain-environment/20260729T171551Z-toolchain-formal01/boots/repetition-01/lower/python310/lib/python3.10/site-packages/pip/_vendor/chardet/__pycache__/sbcsgroupprober.cpython-310.pyc
f	644	1000	1000	18560	64	35959271	1785345381.2436760170	results/experiments/toolchain-environment/20260729T171551Z-toolchain-formal01/boots/repetition-01/lower/python310/lib/python3.10/site-packages/pip/_vendor/requests/cookies.py
f	644	1000	1000	18560	64	35961535	1785345405.7335861420	results/experiments/toolchain-environment/20260729T171551Z-toolchain-formal01/boots/repetition-01/lower/python312/lib/python3.12/site-packages/pip/_vendor/requests/cookies.py
f	644	1000	1000	18562	64	35957341	1785345365.5973005440	results/experiments/toolchain-environment/20260729T171551Z-toolchain-formal01/boots/repetition-01/lower/python310/lib/python3.10/site-packages/setuptools/tests/test_manifest.py
f	644	1000	1000	1860	64	35957935	1785345370.6571554350	results/experiments/toolchain-environment/20260729T171551Z-toolchain-formal01/boots/repetition-01/lower/python310/lib/python3.10/site-packages/setuptools/__pycache__/_shutil.cpython-310.pyc
f	644	1000	1000	1860	64	35958895	1785345379.8283713460	results/experiments/toolchain-environment/20260729T171551Z-toolchain-formal01/boots/repetition-01/lower/python310/lib/python3.10/site-packages/pip/_vendor/chardet/cp949prober.py
f	644	1000	1000	1860	64	35961179	1785345404.3402700210	results/experiments/toolchain-environment/20260729T171551Z-toolchain-formal01/boots/repetition-01/lower/python312/lib/python3.12/site-packages/pip/_vendor/chardet/cp949prober.py
f	644	1000	1000	18602	64	35958641	1785345378.9355442840	results/experiments/toolchain-environment/20260729T171551Z-toolchain-formal01/boots/repetition-01/lower/python310/lib/python3.10/site-packages/pip/_internal/models/link.py
f	644	1000	1000	1862	64	35958265	1785345375.6276662650	results/experiments/toolchain-environment/20260729T171551Z-toolchain-formal01/boots/repetition-01/lower/python310/lib/python3.10/site-packages/setuptools/command/__pycache__/test.cpython-310.pyc
f	644	1000	1000	1865	64	35960481	1785345394.6895365190	results/experiments/toolchain-environment/20260729T171551Z-toolchain-formal01/boots/repetition-01/lower/python310/lib/python3.10/site-packages/pip/_vendor/rich/__pycache__/constrain.cpython-310.pyc
f	644	1000	1000	1866	64	35959003	1785345380.2432774440	results/experiments/toolchain-environment/20260729T171551Z-toolchain-formal01/boots/repetition-01/lower/python310/lib/python3.10/site-packages/pip/_vendor/colorama/tests/isatty_test.py
f	644	1000	1000	1866	64	35961277	1785345404.7429270850	results/experiments/toolchain-environment/20260729T171551Z-toolchain-formal01/boots/repetition-01/lower/python312/lib/python3.12/site-packages/pip/_vendor/colorama/tests/isatty_test.py
f	644	1000	1000	18698	64	35960949	1785345403.3799913710	results/experiments/toolchain-environment/20260729T171551Z-toolchain-formal01/boots/repetition-01/lower/python312/lib/python3.12/site-packages/pip/_internal/network/session.py
f	644	1000	1000	187	64	35956541	1785345362.3515032220	results/experiments/toolchain-environment/20260729T171551Z-toolchain-formal01/boots/repetition-01/lower/python310/lib/python3.10/site-packages/pkg_resources/tests/data/my-test-package_unpacked-egg/my_test_package-1.0-py3.7.egg/EGG-INFO/PKG-INFO
f	644	1000	1000	18702	64	35959865	1785345386.1246757200	results/experiments/toolchain-environment/20260729T171551Z-toolchain-formal01/boots/repetition-01/lower/python310/lib/python3.10/site-packages/pip/_internal/resolution/resolvelib/__pycache__/candidates.cpython-310.pyc
f	644	1000	1000	18737	64	35957259	1785345365.2164427900	results/experiments/toolchain-environment/20260729T171551Z-toolchain-formal01/boots/repetition-01/lower/python310/lib/python3.10/site-packages/setuptools/config/_validate_pyproject/NOTICE
f	644	1000	1000	1874	64	35960553	1785345395.7049819200	results/experiments/toolchain-environment/20260729T171551Z-toolchain-formal01/boots/repetition-01/lower/python310/lib/python3.10/site-packages/pip/_vendor/rich/__pycache__/styled.cpython-310.pyc
f	644	1000	1000	1875	64	35960593	1785345396.2906048560	results/experiments/toolchain-environment/20260729T171551Z-toolchain-formal01/boots/repetition-01/lower/python310/lib/python3.10/site-packages/pip/_vendor/tenacity/__pycache__/tornadoweb.cpython-310.pyc
f	644	1000	1000	18793	64	35956815	1785345363.3699539520	results/experiments/toolchain-environment/20260729T171551Z-toolchain-formal01/boots/repetition-01/lower/python310/lib/python3.10/site-packages/setuptools/_distutils/tests/test_dist.py
f	644	1000	1000	18802	64	35960379	1785345393.3060679010	results/experiments/toolchain-environment/20260729T171551Z-toolchain-formal01/boots/repetition-01/lower/python310/lib/python3.10/site-packages/pip/_vendor/requests/__pycache__/cookies.cpython-310.pyc
f	644	1000	1000	1881	64	35959069	1785345380.5005728930	results/experiments/toolchain-environment/20260729T171551Z-toolchain-formal01/boots/repetition-01/lower/python310/lib/python3.10/site-packages/pip/_vendor/idna/intranges.py
f	644	1000	1000	1881	64	35961335	1785345404.9801308370	results/experiments/toolchain-environment/20260729T171551Z-toolchain-formal01/boots/repetition-01/lower/python312/lib/python3.12/site-packages/pip/_vendor/idna/intranges.py
f	644	1000	1000	1882	64	35958621	1785345378.8635848380	results/experiments/toolchain-environment/20260729T171551Z-toolchain-formal01/boots/repetition-01/lower/python310/lib/python3.10/site-packages/pip/_internal/metadata/importlib/_compat.py
f	644	1000	1000	1882	64	35960903	1785345403.1508002870	results/experiments/toolchain-environment/20260729T171551Z-toolchain-formal01/boots/repetition-01/lower/python312/lib/python3.12/site-packages/pip/_internal/metadata/importlib/_compat.py
f	644	1000	1000	1884	64	35958763	1785345379.3643647690	results/experiments/toolchain-environment/20260729T171551Z-toolchain-formal01/boots/repetition-01/lower/python310/lib/python3.10/site-packages/pip/_internal/utils/compat.py
f	644	1000	1000	1884	64	35961051	1785345403.8313369510	results/experiments/toolchain-environment/20260729T171551Z-toolchain-formal01/boots/repetition-01/lower/python312/lib/python3.12/site-packages/pip/_internal/utils/compat.py
f	644	1000	1000	18866	64	35958065	1785345372.7204927120	results/experiments/toolchain-environment/20260729T171551Z-toolchain-formal01/boots/repetition-01/lower/python310/lib/python3.10/site-packages/setuptools/_vendor/packaging/__pycache__/metadata.cpython-310.pyc
f	644	1000	1000	18888	64	35962063	1785345409.8038966500	results/experiments/toolchain-environment/20260729T171551Z-toolchain-formal01/boots/repetition-01/lower/python312/lib/python3.12/site-packages/pip/_internal/network/__pycache__/session.cpython-312.pyc
f	644	1000	1000	1895	64	35961913	1785345407.5922907520	results/experiments/toolchain-environment/20260729T171551Z-toolchain-formal01/boots/repetition-01/lower/python312/lib/python3.12/site-packages/pip/_internal/cli/__pycache__/command_context.cpython-312.pyc
f	644	1000	1000	18950	64	35957157	1785345364.8053944850	results/experiments/toolchain-environment/20260729T171551Z-toolchain-formal01/boots/repetition-01/lower/python310/lib/python3.10/site-packages/setuptools/_vendor/wheel/vendored/packaging/tags.py
f	644	1000	1000	18963	64	35958741	1785345379.2816516410	results/experiments/toolchain-environment/20260729T171551Z-toolchain-formal01/boots/repetition-01/lower/python310/lib/python3.10/site-packages/pip/_internal/resolution/resolvelib/candidates.py
f	644	1000	1000	18966	64	35961923	1785345407.7480495780	results/experiments/toolchain-environment/20260729T171551Z-toolchain-formal01/boots/repetition-01/lower/python312/lib/python3.12/site-packages/pip/_internal/cli/__pycache__/req_command.cpython-312.pyc
f	644	1000	1000	1897	64	35958107	1785345373.3749901180	results/experiments/toolchain-environment/20260729T171551Z-toolchain-formal01/boots/repetition-01/lower/python310/lib/python3.10/site-packages/setuptools/_vendor/typeguard/__pycache__/__init__.cpython-310.pyc
f	644	1000	1000	19	64	35957477	1785345366.1142760840	results/experiments/toolchain-environment/20260729T171551Z-toolchain-formal01/boots/repetition-01/lower/python310/lib/python3.10/site-packages/setuptools/_vendor/importlib_metadata-8.0.0.dist-info/top_level.txt
f	644	1000	1000	1900	64	35956773	1785345363.1884656310	results/experiments/toolchain-environment/20260729T171551Z-toolchain-formal01/boots/repetition-01/lower/python310/lib/python3.10/site-packages/setuptools/_distutils/compilers/C/tests/test_mingw.py
f	644	1000	1000	1900	64	35960455	1785345394.3182202090	results/experiments/toolchain-environment/20260729T171551Z-toolchain-formal01/boots/repetition-01/lower/python310/lib/python3.10/site-packages/pip/_vendor/rich/__pycache__/_windows.cpython-310.pyc
f	644	1000	1000	19018	64	35960997	1785345403.5999953970	results/experiments/toolchain-environment/20260729T171551Z-toolchain-formal01/boots/repetition-01/lower/python312/lib/python3.12/site-packages/pip/_internal/req/constructors.py
f	644	1000	1000	1907	64	35958647	1785345378.9592044600	results/experiments/toolchain-environment/20260729T171551Z-toolchain-formal01/boots/repetition-01/lower/python310/lib/python3.10/site-packages/pip/_internal/models/selection_prefs.py
f	644	1000	1000	1907	64	35960931	1785345403.2949898150	results/experiments/toolchain-environment/20260729T171551Z-toolchain-formal01/boots/repetition-01/lower/python312/lib/python3.12/site-packages/pip/_internal/models/selection_prefs.py
f	644	1000	1000	19071	64	35962481	1785345416.3368376660	results/experiments/toolchain-environment/20260729T171551Z-toolchain-formal01/boots/repetition-01/lower/python312/lib/python3.12/site-packages/pip/_vendor/packaging/__pycache__/tags.cpython-312.pyc
f	644	1000	1000	1908	64	35959475	1785345382.1476030030	results/experiments/toolchain-environment/20260729T171551Z-toolchain-formal01/boots/repetition-01/lower/python310/lib/python3.10/site-packages/pip/_vendor/tenacity/before_sleep.py
f	644	1000	1000	1908	64	35962803	1785345422.3333383650	results/experiments/toolchain-environment/20260729T171551Z-toolchain-formal01/boots/repetition-01/lower/python312/lib/python3.12/site-packages/pip/_vendor/rich/__pycache__/protocol.cpython-312.pyc
f	644	1000	1000	19106	64	35962217	1785345412.0451974050	results/experiments/toolchain-environment/20260729T171551Z-toolchain-formal01/boots/repetition-01/lower/python312/lib/python3.12/site-packages/pip/_internal/vcs/__pycache__/git.cpython-312.pyc
f	644	1000	1000	19118	64	35960453	1785345394.2888322120	results/experiments/toolchain-environment/20260729T171551Z-toolchain-formal01/boots/repetition-01/lower/python310/lib/python3.10/site-packages/pip/_vendor/rich/__pycache__/_win32_console.cpython-310.pyc
f	644	1000	1000	1912	64	35957381	1785345365.7645635390	results/experiments/toolchain-environment/20260729T171551Z-toolchain-formal01/boots/repetition-01/lower/python310/lib/python3.10/site-packages/setuptools/tests/config/setupcfg_examples.txt
f	644	1000	1000	19120	64	35957245	1785345365.1566511700	results/experiments/toolchain-environment/20260729T171551Z-toolchain-formal01/boots/repetition-01/lower/python310/lib/python3.10/site-packages/setuptools/config/_apply_pyprojecttoml.py
f	644	1000	1000	19151	64	35956741	1785345363.0592541830	results/experiments/toolchain-environment/20260729T171551Z-toolchain-formal01/boots/repetition-01/lower/python310/lib/python3.10/site-packages/setuptools/_distutils/command/sdist.py
f	644	1000	1000	19169	64	35959845	1785345385.8806712580	results/experiments/toolchain-environment/20260729T171551Z-toolchain-formal01/boots/repetition-01/lower/python310/lib/python3.10/site-packages/pip/_internal/req/__pycache__/req_uninstall.cpython-310.pyc
f	644	1000	1000	19182	64	35959867	1785345386.1566763050	results/experiments/toolchain-environment/20260729T171551Z-toolchain-formal01/boots/repetition-01/lower/python310/lib/python3.10/site-packages/pip/_internal/resolution/resolvelib/__pycache__/factory.cpython-310.pyc
f	644	1000	1000	1919	64	35960187	1785345390.7800582610	results/experiments/toolchain-environment/20260729T171551Z-toolchain-formal01/boots/repetition-01/lower/python310/lib/python3.10/site-packages/pip/_vendor/msgpack/__pycache__/exceptions.cpython-310.pyc
f	644	1000	1000	19217	64	35960039	1785345388.6263568300	results/experiments/toolchain-environment/20260729T171551Z-toolchain-formal01/boots/repetition-01/lower/python310/lib/python3.10/site-packages/pip/_vendor/chardet/__pycache__/gb2312freq.cpython-310.pyc
f	644	1000	1000	19241	64	35962309	1785345413.2575212230	results/experiments/toolchain-environment/20260729T171551Z-toolchain-formal01/boots/repetition-01/lower/python312/lib/python3.12/site-packages/pip/_vendor/chardet/__pycache__/gb2312freq.cpython-312.pyc
f	644	1000	1000	19259	64	35962777	1785345421.8663684500	results/experiments/toolchain-environment/20260729T171551Z-toolchain-formal01/boots/repetition-01/lower/python312/lib/python3.12/site-packages/pip/_vendor/rich/__pycache__/live.cpython-312.pyc
f	644	1000	1000	1926	64	35959347	1785345381.5745979190	results/experiments/toolchain-environment/20260729T171551Z-toolchain-formal01/boots/repetition-01/lower/python310/lib/python3.10/site-packages/pip/_vendor/rich/_windows.py
f	644	1000	1000	1926	64	35961613	1785345406.0566060990	results/experiments/toolchain-environment/20260729T171551Z-toolchain-formal01/boots/repetition-01/lower/python312/lib/python3.12/site-packages/pip/_vendor/rich/_windows.py
f	644	1000	1000	1931	64	35962099	1785345410.3342226260	results/experiments/toolchain-environment/20260729T171551Z-toolchain-formal01/boots/repetition-01/lower/python312/lib/python3.12/site-packages/pip/_internal/operations/install/__pycache__/editable_legacy.cpython-312.pyc
f	644	1000	1000	1932	64	35958227	1785345375.0260501670	results/experiments/toolchain-environment/20260729T171551Z-toolchain-formal01/boots/repetition-01/lower/python310/lib/python3.10/site-packages/setuptools/command/__pycache__/bdist_rpm.cpython-310.pyc
f	644	1000	1000	19351	64	35959187	1785345380.9333373040	results/experiments/toolchain-environment/20260729T171551Z-toolchain-formal01/boots/repetition-01/lower/python310/lib/python3.10/site-packages/pip/_vendor/pygments/formatters/latex.py
f	644	1000	1000	19351	64	35961431	1785345405.3410282350	results/experiments/toolchain-environment/20260729T171551Z-toolchain-formal01/boots/repetition-01/lower/python312/lib/python3.12/site-packages/pip/_vendor/pygments/formatters/latex.py
f	644	1000	1000	1936	64	35962789	1785345422.0760883560	results/experiments/toolchain-environment/20260729T171551Z-toolchain-formal01/boots/repetition-01/lower/python312/lib/python3.12/site-packages/pip/_vendor/rich/__pycache__/pager.cpython-312.pyc
f	644	1000	1000	19370	64	35957363	1785345365.6963023520	results/experiments/toolchain-environment/20260729T171551Z-toolchain-formal01/boots/repetition-01/lower/python310/lib/python3.10/site-packages/setuptools/tests/test_wheel.py
f	644	1000	1000	19374	64	35958017	1785345371.8494147740	results/experiments/toolchain-environment/20260729T171551Z-toolchain-formal01/boots/repetition-01/lower/python310/lib/python3.10/site-packages/setuptools/_vendor/jaraco/functools/__pycache__/__init__.cpython-310.pyc
f	644	1000	1000	1938	64	35959143	1785345380.7595776280	results/experiments/toolchain-environment/20260729T171551Z-toolchain-formal01/boots/repetition-01/lower/python310/lib/python3.10/site-packages/pip/_vendor/pygments/filter.py
f	644	1000	1000	1938	64	35961407	1785345405.2456338910	results/experiments/toolchain-environment/20260729T171551Z-toolchain-formal01/boots/repetition-01/lower/python312/lib/python3.12/site-packages/pip/_vendor/pygments/filter.py
f	644	1000	1000	1941	64	35962943	1785345424.2282270520	results/experiments/toolchain-environment/20260729T171551Z-toolchain-formal01/boots/repetition-01/lower/python312/lib/python3.12/site-packages/pip/_vendor/urllib3/packages/backports/__pycache__/makefile.cpython-312.pyc
f	644	1000	1000	1944	64	35959469	1785345382.1206025090	results/experiments/toolchain-environment/20260729T171551Z-toolchain-formal01/boots/repetition-01/lower/python310/lib/python3.10/site-packages/pip/_vendor/tenacity/_utils.py
f	644	1000	1000	1946	64	35962455	1785345415.8922204100	results/experiments/toolchain-environment/20260729T171551Z-toolchain-formal01/boots/repetition-01/lower/python312/lib/python3.12/site-packages/pip/_vendor/msgpack/__pycache__/__init__.cpython-312.pyc
f	644	1000	1000	1952	64	35961125	1785345404.1358963200	results/experiments/toolchain-environment/20260729T171551Z-toolchain-formal01/boots/repetition-01/lower/python312/lib/python3.12/site-packages/pip/_vendor/cachecontrol/cache.py
f	644	1000	1000	1957	64	35957295	1785345365.3875644050	results/experiments/toolchain-environment/20260729T171551Z-toolchain-formal01/boots/repetition-01/lower/python310/lib/python3.10/site-packages/setuptools/tests/test_bdist_egg.py
f	644	1000	1000	1961	64	35962763	1785345421.6214663550	results/experiments/toolchain-environment/20260729T171551Z-toolchain-formal01/boots/repetition-01/lower/python312/lib/python3.12/site-packages/pip/_vendor/rich/__pycache__/errors.cpython-312.pyc
f	644	1000	1000	1964	64	35956749	1785345363.0889142130	results/experiments/toolchain-environment/20260729T171551Z-toolchain-formal01/boots/repetition-01/lower/python310/lib/python3.10/site-packages/setuptools/_distutils/compat/py39.py
f	644	1000	1000	1964	64	35962909	1785345423.7783648320	results/experiments/toolchain-environment/20260729T171551Z-toolchain-formal01/boots/repetition-01/lower/python312/lib/python3.12/site-packages/pip/_vendor/urllib3/contrib/__pycache__/_appengine_environ.cpython-312.pyc
f	644	1000	1000	1965	64	35962045	1785345409.4950930920	results/experiments/toolchain-environment/20260729T171551Z-toolchain-formal01/boots/repetition-01/lower/python312/lib/python3.12/site-packages/pip/_internal/models/__pycache__/selection_prefs.cpython-312.pyc
f	644	1000	1000	1968	64	35958529	1785345378.5515372650	results/experiments/toolchain-environment/20260729T171551Z-toolchain-formal01/boots/repetition-01/lower/python310/lib/python3.10/site-packages/pip/_internal/cli/progress_bars.py
f	644	1000	1000	1968	64	35960807	1785345402.6728896640	results/experiments/toolchain-environment/20260729T171551Z-toolchain-formal01/boots/repetition-01/lower/python312/lib/python3.12/site-packages/pip/_internal/cli/progress_bars.py
f	644	1000	1000	19685	64	35960391	1785345393.4743554740	results/experiments/toolchain-environment/20260729T171551Z-toolchain-formal01/boots/repetition-01/lower/python310/lib/python3.10/site-packages/pip/_vendor/requests/__pycache__/sessions.cpython-310.pyc
f	644	1000	1000	19695	64	35962419	1785345415.3084396560	results/experiments/toolchain-environment/20260729T171551Z-toolchain-formal01/boots/repetition-01/lower/python312/lib/python3.12/site-packages/pip/_vendor/distlib/__pycache__/scripts.cpython-312.pyc
f	644	1000	1000	19697	64	35961525	1785345405.6919716530	results/experiments/toolchain-environment/20260729T171551Z-toolchain-formal01/boots/repetition-01/lower/python312/lib/python3.12/site-packages/pip/_vendor/requests/adapters.py
f	644	1000	1000	197	64	35957131	1785345364.6315492470	results/experiments/toolchain-environment/20260729T171551Z-toolchain-formal01/boots/repetition-01/lower/python310/lib/python3.10/site-packages/setuptools/_vendor/wheel/vendored/packaging/LICENSE
f	644	1000	1000	197	64	35957571	1785345366.5251004000	results/experiments/toolchain-environment/20260729T171551Z-toolchain-formal01/boots/repetition-01/lower/python310/lib/python3.10/site-packages/setuptools/_vendor/packaging-24.2.dist-info/LICENSE
f	644	1000	1000	1972	64	35956511	1785345362.2591957310	results/experiments/toolchain-environment/20260729T171551Z-toolchain-formal01/boots/repetition-01/lower/python310/lib/python3.10/site-packages/pkg_resources/tests/test_find_distributions.py
f	644	1000	1000	19728	64	35956687	1785345362.8401152170	results/experiments/toolchain-environment/20260729T171551Z-toolchain-formal01/boots/repetition-01/lower/python310/lib/python3.10/site-packages/setuptools/_distutils/sysconfig.py
f	644	1000	1000	19736	64	35960567	1785345395.9218369410	results/experiments/toolchain-environment/20260729T171551Z-toolchain-formal01/boots/repetition-01/lower/python310/lib/python3.10/site-packages/pip/_vendor/rich/__pycache__/traceback.cpython-310.pyc
f	644	1000	1000	1977	64	35962161	1785345411.2131801830	results/experiments/toolchain-environment/20260729T171551Z-toolchain-formal01/boots/repetition-01/lower/python312/lib/python3.12/site-packages/pip/_internal/utils/__pycache__/_log.cpython-312.pyc
f	644	1000	1000	19786	64	35959515	1785345382.2906056170	results/experiments/toolchain-environment/20260729T171551Z-toolchain-formal01/boots/repetition-01/lower/python310/lib/python3.10/site-packages/pip/_vendor/urllib3/poolmanager.py
f	644	1000	1000	1990	64	35960543	1785345395.5608630080	results/experiments/toolchain-environment/20260729T171551Z-toolchain-formal01/boots/repetition-01/lower/python310/lib/python3.10/site-packages/pip/_vendor/rich/__pycache__/screen.cpython-310.pyc
f	644	1000	1000	19919	64	35959339	1785345381.5355918140	results/experiments/toolchain-environment/20260729T171551Z-toolchain-formal01/boots/repetition-01/lower/python310/lib/python3.10/site-packages/pip/_vendor/rich/_spinners.py
f	644	1000	1000	19919	64	35961605	1785345406.0197588960	results/experiments/toolchain-environment/20260729T171551Z-toolchain-formal01/boots/repetition-01/lower/python312/lib/python3.12/site-packages/pip/_vendor/rich/_spinners.py
f	644	1000	1000	1994	64	35960249	1785345391.5408845580	results/experiments/toolchain-environment/20260729T171551Z-toolchain-formal01/boots/repetition-01/lower/python310/lib/python3.10/site-packages/pip/_vendor/pygments/__pycache__/console.cpython-310.pyc
f	644	1000	1000	1994	64	35962079	1785345410.0360858250	results/experiments/toolchain-environment/20260729T171551Z-toolchain-formal01/boots/repetition-01/lower/python312/lib/python3.12/site-packages/pip/_internal/operations/build/__pycache__/metadata.cpython-312.pyc
f	644	1000	1000	19943	64	35958109	1785345373.4085560200	results/experiments/toolchain-environment/20260729T171551Z-toolchain-formal01/boots/repetition-01/lower/python310/lib/python3.10/site-packages/setuptools/_vendor/typeguard/__pycache__/_checkers.cpython-310.pyc
f	644	1000	1000	19968	64	35956581	1785345362.4940939710	results/experiments/toolchain-environment/20260729T171551Z-toolchain-formal01/boots/repetition-01/lower/python310/lib/python3.10/site-packages/setuptools/build_meta.py
f	644	1000	1000	1998	64	35957881	1785345369.9650792660	results/experiments/toolchain-environment/20260729T171551Z-toolchain-formal01/boots/repetition-01/lower/python310/lib/python3.10/site-packages/setuptools/_distutils/tests/__pycache__/test_install_data.cpython-310.pyc
f	644	1000	1000	1998	64	35959697	1785345383.8566342490	results/experiments/toolchain-environment/20260729T171551Z-toolchain-formal01/boots/repetition-01/lower/python310/lib/python3.10/site-packages/pip/_internal/distributions/__pycache__/base.cpython-310.pyc
f	644	1000	1000	2	64	35957569	1785345366.5155030260	results/experiments/toolchain-environment/20260729T171551Z-toolchain-formal01/boots/repetition-01/lower/python310/lib/python3.10/site-packages/setuptools/_vendor/packaging-24.2.dist-info/INSTALLER
f	644	1000	1000	2001	64	35962707	1785345420.6373073020	results/experiments/toolchain-environment/20260729T171551Z-toolchain-formal01/boots/repetition-01/lower/python312/lib/python3.12/site-packages/pip/_vendor/rich/__pycache__/_loop.cpython-312.pyc
f	644	1000	1000	2002	64	35956739	1785345363.0509838420	results/experiments/toolchain-environment/20260729T171551Z-toolchain-formal01/boots/repetition-01/lower/python310/lib/python3.10/site-packages/setuptools/_distutils/command/install_scripts.py
f	644	1000	1000	20054	64	35962485	1785345416.4081496010	results/experiments/toolchain-environment/20260729T171551Z-toolchain-formal01/boots/repetition-01/lower/python312/lib/python3.12/site-packages/pip/_vendor/packaging/__pycache__/version.cpython-312.pyc
f	644	1000	1000	2007	64	35957759	1785345368.2424927560	results/experiments/toolchain-environment/20260729T171551Z-toolchain-formal01/boots/repetition-01/lower/python310/lib/python3.10/site-packages/setuptools/_distutils/command/__pycache__/install_headers.cpython-310.pyc
f	644	1000	1000	2007	64	35959645	1785345383.0064343680	results/experiments/toolchain-environment/20260729T171551Z-toolchain-formal01/boots/repetition-01/lower/python310/lib/python3.10/site-packages/pip/_internal/cli/__pycache__/progress_bars.cpython-310.pyc
f	644	1000	1000	20070	64	35959505	1785345382.2516049050	results/experiments/toolchain-environment/20260729T171551Z-toolchain-formal01/boots/repetition-01/lower/python310/lib/python3.10/site-packages/pip/_vendor/urllib3/connection.py
f	644	1000	1000	20070	64	35962543	1785345417.4392487380	results/experiments/toolchain-environment/20260729T171551Z-toolchain-formal01/boots/repetition-01/lower/python312/lib/python3.12/site-packages/pip/_vendor/pygments/formatters/__pycache__/latex.cpython-312.pyc
f	644	1000	1000	2009	64	35957579	1785345366.5639760230	results/experiments/toolchain-environment/20260729T171551Z-toolchain-formal01/boots/repetition-01/lower/python310/lib/python3.10/site-packages/setuptools/_vendor/packaging-24.2.dist-info/RECORD
f	644	1000	1000	20155	64	35961381	1785345405.1448664600	results/experiments/toolchain-environment/20260729T171551Z-toolchain-formal01/boots/repetition-01/lower/python312/lib/python3.12/site-packages/pip/_vendor/platformdirs/__init__.py
f	644	1000	1000	2019	64	35962029	1785345409.2317391610	results/experiments/toolchain-environment/20260729T171551Z-toolchain-formal01/boots/repetition-01/lower/python312/lib/python3.12/site-packages/pip/_internal/models/__pycache__/candidate.cpython-312.pyc
f	644	1000	1000	2020	64	35957453	1785345366.0091140220	results/experiments/toolchain-environment/20260729T171551Z-toolchain-formal01/boots/repetition-01/lower/python310/lib/python3.10/site-packages/setuptools/_vendor/backports.tarfile-1.2.0.dist-info/METADATA
f	644	1000	1000	20260	64	35960153	1785345390.3258223790	results/experiments/toolchain-environment/20260729T171551Z-toolchain-formal01/boots/repetition-01/lower/python310/lib/python3.10/site-packages/pip/_vendor/distlib/__pycache__/version.cpython-310.pyc
f	644	1000	1000	2028	64	35957977	1785345371.2106928070	results/experiments/toolchain-environment/20260729T171551Z-toolchain-formal01/boots/repetition-01/lower/python310/lib/python3.10/site-packages/setuptools/_vendor/importlib_metadata/__pycache__/_compat.cpython-310.pyc
f	644	1000	1000	2028	64	35962081	1785345410.0710581840	results/experiments/toolchain-environment/20260729T171551Z-toolchain-formal01/boots/repetition-01/lower/python312/lib/python3.12/site-packages/pip/_internal/operations/build/__pycache__/metadata_editable.cpython-312.pyc
f	644	1000	1000	20300	64	35961789	1785345406.7944760000	results/experiments/toolchain-environment/20260729T171551Z-toolchain-formal01/boots/repetition-01/lower/python312/lib/python3.12/site-packages/pip/_vendor/urllib3/connection.py
f	644	1000	1000	20325	64	35959679	1785345383.5466285810	results/experiments/toolchain-environment/20260729T171551Z-toolchain-formal01/boots/repetition-01/lower/python310/lib/python3.10/site-packages/pip/_internal/commands/__pycache__/install.cpython-310.pyc
f	644	1000	1000	20336	64	35962775	1785345421.8263290780	results/experiments/toolchain-environment/20260729T171551Z-toolchain-formal01/boots/repetition-01/lower/python312/lib/python3.12/site-packages/pip/_vendor/rich/__pycache__/layout.cpython-312.pyc
f	644	1000	1000	2034	64	35957729	1785345367.7670031960	results/experiments/toolchain-environment/20260729T171551Z-toolchain-formal01/boots/repetition-01/lower/python310/lib/python3.10/site-packages/setuptools/_distutils/command/__pycache__/_framework_compat.cpython-310.pyc
f	644	1000	1000	2035	64	35958129	1785345373.7244490390	results/experiments/toolchain-environment/20260729T171551Z-toolchain-formal01/boots/repetition-01/lower/python310/lib/python3.10/site-packages/setuptools/_vendor/typeguard/__pycache__/_union_transformer.cpython-310.pyc
f	644	1000	1000	2035	64	35959995	1785345387.9707343260	results/experiments/toolchain-environment/20260729T171551Z-toolchain-formal01/boots/repetition-01/lower/python310/lib/python3.10/site-packages/pip/_vendor/certifi/__pycache__/core.cpython-310.pyc
f	644	1000	1000	2047	64	35958447	1785345378.0115244980	results/experiments/toolchain-environment/20260729T171551Z-toolchain-formal01/boots/repetition-01/lower/python310/lib/python3.10/site-packages/setuptools/tests/__pycache__/test_setopt.cpython-310.pyc
f	644	1000	1000	2049	64	35957773	1785345368.4650508710	results/experiments/toolchain-environment/20260729T171551Z-toolchain-formal01/boots/repetition-01/lower/python310/lib/python3.10/site-packages/setuptools/_distutils/compat/__pycache__/py39.cpython-310.pyc
f	644	1000	1000	20493	64	35961733	1785345406.5781794060	results/experiments/toolchain-environment/20260729T171551Z-toolchain-formal01/boots/repetition-01/lower/python312/lib/python3.12/site-packages/pip/_vendor/tenacity/__init__.py
f	644	1000	1000	20511	64	35961569	1785345405.8705402660	results/experiments/toolchain-environment/20260729T171551Z-toolchain-formal01/boots/repetition-01/lower/python312/lib/python3.12/site-packages/pip/_vendor/resolvelib/resolvers.py
f	644	1000	1000	2052	64	35960705	1785345397.8415050560	results/experiments/toolchain-environment/20260729T171551Z-toolchain-formal01/boots/repetition-01/lower/python310/lib/python3.10/site-packages/pip/_vendor/webencodings/__pycache__/mklabels.cpython-310.pyc
f	644	1000	1000	20523	64	35962901	1785345423.6860805550	results/experiments/toolchain-environment/20260729T171551Z-toolchain-formal01/boots/repetition-01/lower/python312/lib/python3.12/site-packages/pip/_vendor/urllib3/__pycache__/connection.cpython-312.pyc
f	644	1000	1000	20541	64	35960941	1785345403.3396841180	results/experiments/toolchain-environment/20260729T171551Z-toolchain-formal01/boots/repetition-01/lower/python312/lib/python3.12/site-packages/pip/_internal/network/auth.py
f	644	1000	1000	20593	64	35958021	1785345371.9064158160	results/experiments/toolchain-environment/20260729T171551Z-toolchain-formal01/boots/repetition-01/lower/python310/lib/python3.10/site-packages/setuptools/_vendor/jaraco/text/__pycache__/__init__.cpython-310.pyc
f	644	1000	1000	206092	64	35962693	1785345420.3843026690	results/experiments/toolchain-environment/20260729T171551Z-toolchain-formal01/boots/repetition-01/lower/python312/lib/python3.12/site-packages/pip/_vendor/rich/__pycache__/_emoji_codes.cpython-312.pyc
f	644	1000	1000	2061	64	35962495	1785345416.5318378050	results/experiments/toolchain-environment/20260729T171551Z-toolchain-formal01/boots/repetition-01/lower/python312/lib/python3.12/site-packages/pip/_vendor/platformdirs/__pycache__/__main__.cpython-312.pyc
f	644	1000	1000	206539	64	35959073	1785345380.5205732580	results/experiments/toolchain-environment/20260729T171551Z-toolchain-formal01/boots/repetition-01/lower/python310/lib/python3.10/site-packages/pip/_vendor/idna/uts46data.py
f	644	1000	1000	206539	64	35961339	1785345405.0000210190	results/experiments/toolchain-environment/20260729T171551Z-toolchain-formal01/boots/repetition-01/lower/python312/lib/python3.12/site-packages/pip/_vendor/idna/uts46data.py
f	644	1000	1000	20674	64	35958405	1785345377.4375169010	results/experiments/toolchain-environment/20260729T171551Z-toolchain-formal01/boots/repetition-01/lower/python310/lib/python3.10/site-packages/setuptools/tests/__pycache__/test_config_discovery.cpython-310.pyc
f	644	1000	1000	2068	64	35956905	1785345363.7156710520	results/experiments/toolchain-environment/20260729T171551Z-toolchain-formal01/boots/repetition-01/lower/python310/lib/python3.10/site-packages/setuptools/_vendor/importlib_metadata/_itertools.py
f	644	1000	1000	2071	64	35957063	1785345364.3410167180	results/experiments/toolchain-environment/20260729T171551Z-toolchain-formal01/boots/repetition-01/lower/python310/lib/python3.10/site-packages/setuptools/_vendor/typeguard/__init__.py
f	644	1000	1000	20735	64	35958913	1785345379.8975618690	results/experiments/toolchain-environment/20260729T171551Z-toolchain-formal01/boots/repetition-01/lower/python310/lib/python3.10/site-packages/pip/_vendor/chardet/gb2312freq.py
f	644	1000	1000	20735	64	35961197	1785345404.4148068500	results/experiments/toolchain-environment/20260729T171551Z-toolchain-formal01/boots/repetition-01/lower/python312/lib/python3.12/site-packages/pip/_vendor/chardet/gb2312freq.py
f	644	1000	1000	2075	64	35957209	1785345365.0166435560	results/experiments/toolchain-environment/20260729T171551Z-toolchain-formal01/boots/repetition-01/lower/python310/lib/python3.10/site-packages/setuptools/command/install_egg_info.py
f	644	1000	1000	2076	64	35956871	1785345363.5932997600	results/experiments/toolchain-environment/20260729T171551Z-toolchain-formal01/boots/repetition-01/lower/python310/lib/python3.10/site-packages/setuptools/_vendor/autocommand/automain.py
f	644	1000	1000	20777	64	35960925	1785345403.2582731320	results/experiments/toolchain-environment/20260729T171551Z-toolchain-formal01/boots/repetition-01/lower/python312/lib/python3.12/site-packages/pip/_internal/models/link.py
f	644	1000	1000	20797	64	35961295	1785345404.8146696100	results/experiments/toolchain-environment/20260729T171551Z-toolchain-formal01/boots/repetition-01/lower/python312/lib/python3.12/site-packages/pip/_vendor/distlib/index.py
f	644	1000	1000	208	64	35956543	1785345362.3650077640	results/experiments/toolchain-environment/20260729T171551Z-toolchain-formal01/boots/repetition-01/lower/python310/lib/python3.10/site-packages/pkg_resources/tests/data/my-test-package_unpacked-egg/my_test_package-1.0-py3.7.egg/EGG-INFO/SOURCES.txt
f	644	1000	1000	20834	64	35959017	1785345380.2926526600	results/experiments/toolchain-environment/20260729T171551Z-toolchain-formal01/boots/repetition-01/lower/python310/lib/python3.10/site-packages/pip/_vendor/distlib/index.py
f	644	1000	1000	20868	64	35960545	1785345395.5912710800	results/experiments/toolchain-environment/20260729T171551Z-toolchain-formal01/boots/repetition-01/lower/python310/lib/python3.10/site-packages/pip/_vendor/rich/__pycache__/segment.cpython-310.pyc
f	644	1000	1000	20881	64	35957311	1785345365.4624758090	results/experiments/toolchain-environment/20260729T171551Z-toolchain-formal01/boots/repetition-01/lower/python310/lib/python3.10/site-packages/setuptools/tests/test_core_metadata.py
f	644	1000	1000	20916	64	35962949	1785345424.3323749790	results/experiments/toolchain-environment/20260729T171551Z-toolchain-formal01/boots/repetition-01/lower/python312/lib/python3.12/site-packages/pip/_vendor/urllib3/__pycache__/poolmanager.cpython-312.pyc
f	644	1000	1000	20943	64	35961837	1785345407.0012788550	results/experiments/toolchain-environment/20260729T171551Z-toolchain-formal01/boots/repetition-01/lower/python312/lib/python3.12/site-packages/pip/_vendor/urllib3/poolmanager.py
f	644	1000	1000	2095	64	35960177	1785345390.6220533090	results/experiments/toolchain-environment/20260729T171551Z-toolchain-formal01/boots/repetition-01/lower/python310/lib/python3.10/site-packages/pip/_vendor/idna/__pycache__/intranges.cpython-310.pyc
f	644	1000	1000	20953	64	35960551	1785345395.6760801850	results/experiments/toolchain-environment/20260729T171551Z-toolchain-formal01/boots/repetition-01/lower/python310/lib/python3.10/site-packages/pip/_vendor/rich/__pycache__/style.cpython-310.pyc
f	644	1000	1000	2098	64	35959921	1785345386.9644820960	results/experiments/toolchain-environment/20260729T171551Z-toolchain-formal01/boots/repetition-01/lower/python310/lib/python3.10/site-packages/pip/_internal/utils/__pycache__/models.cpython-310.pyc
f	644	1000	1000	2099	64	35957339	1785345365.5891590230	results/experiments/toolchain-environment/20260729T171551Z-toolchain-formal01/boots/repetition-01/lower/python310/lib/python3.10/site-packages/setuptools/tests/test_logging.py
f	644	1000	1000	21	64	35959071	1785345380.5085730390	results/experiments/toolchain-environment/20260729T171551Z-toolchain-formal01/boots/repetition-01/lower/python310/lib/python3.10/site-packages/pip/_vendor/idna/package_data.py
f	644	1000	1000	21	64	35961337	1785345404.9884349270	results/experiments/toolchain-environment/20260729T171551Z-toolchain-formal01/boots/repetition-01/lower/python312/lib/python3.12/site-packages/pip/_vendor/idna/package_data.py
f	644	1000	1000	2100	64	35961585	1785345405.9354887170	results/experiments/toolchain-environment/20260729T171551Z-toolchain-formal01/boots/repetition-01/lower/python312/lib/python3.12/site-packages/pip/_vendor/rich/_export_format.py
f	644	1000	1000	21014	64	35957011	1785345364.1434776720	results/experiments/toolchain-environment/20260729T171551Z-toolchain-formal01/boots/repetition-01/lower/python310/lib/python3.10/site-packages/setuptools/_vendor/packaging/tags.py
f	644	1000	1000	21046	64	35960075	1785345389.2708695650	results/experiments/toolchain-environment/20260729T171551Z-toolchain-formal01/boots/repetition-01/lower/python310/lib/python3.10/site-packages/pip/_vendor/chardet/__pycache__/mbcssm.cpython-310.pyc
f	644	1000	1000	21052	64	35961025	1785345403.7175586510	results/experiments/toolchain-environment/20260729T171551Z-toolchain-formal01/boots/repetition-01/lower/python312/lib/python3.12/site-packages/pip/_internal/resolution/resolvelib/candidates.py
f	644	1000	1000	21079	64	35957485	1785345366.1483106100	results/experiments/toolchain-environment/20260729T171551Z-toolchain-formal01/boots/repetition-01/lower/python310/lib/python3.10/site-packages/setuptools/_vendor/inflect-7.3.1.dist-info/METADATA
f	644	1000	1000	2108	64	35958797	1785345379.4922092440	results/experiments/toolchain-environment/20260729T171551Z-toolchain-formal01/boots/repetition-01/lower/python310/lib/python3.10/site-packages/pip/_internal/utils/packaging.py
f	644	1000	1000	2108	64	35961081	1785345403.9664750920	results/experiments/toolchain-environment/20260729T171551Z-toolchain-formal01/boots/repetition-01/lower/python312/lib/python3.12/site-packages/pip/_internal/utils/packaging.py
f	644	1000	1000	2114	64	35959321	1785345381.4515902790	results/experiments/toolchain-environment/20260729T171551Z-toolchain-formal01/boots/repetition-01/lower/python310/lib/python3.10/site-packages/pip/_vendor/rich/_export_format.py
f	644	1000	1000	2118	64	35958775	1785345379.4093720280	results/experiments/toolchain-environment/20260729T171551Z-toolchain-formal01/boots/repetition-01/lower/python310/lib/python3.10/site-packages/pip/_internal/utils/egg_link.py
f	644	1000	1000	212	64	35956691	1785345362.8546896790	results/experiments/toolchain-environment/20260729T171551Z-toolchain-formal01/boots/repetition-01/lower/python310/lib/python3.10/site-packages/setuptools/_distutils/unixccompiler.py
f	644	1000	1000	21254	64	35959951	1785345387.4091218590	results/experiments/toolchain-environment/20260729T171551Z-toolchain-formal01/boots/repetition-01/lower/python310/lib/python3.10/site-packages/pip/_internal/vcs/__pycache__/versioncontrol.cpython-310.pyc
f	644	1000	1000	21257	64	35959827	1785345385.6106663210	results/experiments/toolchain-environment/20260729T171551Z-toolchain-formal01/boots/repetition-01/lower/python310/lib/python3.10/site-packages/pip/_internal/operations/install/__pycache__/wheel.cpython-310.pyc
f	644	1000	1000	21258	64	35956593	1785345362.5324165170	results/experiments/toolchain-environment/20260729T171551Z-toolchain-formal01/boots/repetition-01/lower/python310/lib/python3.10/site-packages/setuptools/discovery.py
f	644	1000	1000	2127	64	35960727	1785345398.0756893440	results/experiments/toolchain-environment/20260729T171551Z-toolchain-formal01/boots/repetition-01/lower/python310/bin/activate
f	644	1000	1000	2131	64	35958947	1785345380.0475646120	results/experiments/toolchain-environment/20260729T171551Z-toolchain-formal01/boots/repetition-01/lower/python310/lib/python3.10/site-packages/pip/_vendor/chardet/mbcsgroupprober.py
f	644	1000	1000	2131	64	35961231	1785345404.5763486140	results/experiments/toolchain-environment/20260729T171551Z-toolchain-formal01/boots/repetition-01/lower/python312/lib/python3.12/site-packages/pip/_vendor/chardet/mbcsgroupprober.py
f	644	1000	1000	21316	64	35958307	1785345376.2406670950	results/experiments/toolchain-environment/20260729T171551Z-toolchain-formal01/boots/repetition-01/lower/python310/lib/python3.10/site-packages/setuptools/__pycache__/discovery.cpython-310.pyc
f	644	1000	1000	213344	64	35959221	1785345381.0535830020	results/experiments/toolchain-environment/20260729T171551Z-toolchain-formal01/boots/repetition-01/lower/python310/lib/python3.10/site-packages/pip/_vendor/pyparsing/core.py
f	644	1000	1000	2139	64	35962087	1785345410.1727340150	results/experiments/toolchain-environment/20260729T171551Z-toolchain-formal01/boots/repetition-01/lower/python312/lib/python3.12/site-packages/pip/_internal/operations/build/__pycache__/wheel_editable.cpython-312.pyc
f	644	1000	1000	21396	64	35962637	1785345419.3185587100	results/experiments/toolchain-environment/20260729T171551Z-toolchain-formal01/boots/repetition-01/lower/python312/lib/python3.12/site-packages/pip/_vendor/requests/__pycache__/adapters.cpython-312.pyc
f	644	1000	1000	2140	64	35962457	1785345415.9292210880	results/experiments/toolchain-environment/20260729T171551Z-toolchain-formal01/boots/repetition-01/lower/python312/lib/python3.12/site-packages/pip/_vendor/msgpack/__pycache__/exceptions.cpython-312.pyc
f	644	1000	1000	2140	64	35962635	1785345419.2765114150	results/experiments/toolchain-environment/20260729T171551Z-toolchain-formal01/boots/repetition-01/lower/python312/lib/python3.12/site-packages/pip/_vendor/requests/__pycache__/_internal_utils.cpython-312.pyc
f	644	1000	1000	21404	64	35956761	1785345363.1322555160	results/experiments/toolchain-environment/20260729T171551Z-toolchain-formal01/boots/repetition-01/lower/python310/lib/python3.10/site-packages/setuptools/_distutils/compilers/C/msvc.py
f	644	1000	1000	2142	64	35961751	1785345406.6559216210	results/experiments/toolchain-environment/20260729T171551Z-toolchain-formal01/boots/repetition-01/lower/python312/lib/python3.12/site-packages/pip/_vendor/tenacity/tornadoweb.py
f	644	1000	1000	21443	64	35959261	1785345381.1995856720	results/experiments/toolchain-environment/20260729T171551Z-toolchain-formal01/boots/repetition-01/lower/python310/lib/python3.10/site-packages/pip/_vendor/requests/adapters.py
f	644	1000	1000	2145	64	35958659	1785345378.9983783300	results/experiments/toolchain-environment/20260729T171551Z-toolchain-formal01/boots/repetition-01/lower/python310/lib/python3.10/site-packages/pip/_internal/network/cache.py
f	644	1000	1000	2145	64	35959483	1785345382.1834248110	results/experiments/toolchain-environment/20260729T171551Z-toolchain-formal01/boots/repetition-01/lower/python310/lib/python3.10/site-packages/pip/_vendor/tenacity/tornadoweb.py
f	644	1000	1000	21484	64	35956977	1785345363.9952894450	results/experiments/toolchain-environment/20260729T171551Z-toolchain-formal01/boots/repetition-01/lower/python310/lib/python3.10/site-packages/setuptools/_vendor/more_itertools/more.pyi
f	644	1000	1000	2154	64	35960457	1785345394.3456739140	results/experiments/toolchain-environment/20260729T171551Z-toolchain-formal01/boots/repetition-01/lower/python310/lib/python3.10/site-packages/pip/_vendor/rich/__pycache__/_windows_renderer.cpython-310.pyc
f	644	1000	1000	21575	64	35962113	1785345410.5357679580	results/experiments/toolchain-environment/20260729T171551Z-toolchain-formal01/boots/repetition-01/lower/python312/lib/python3.12/site-packages/pip/_internal/req/__pycache__/req_file.cpython-312.pyc
f	644	1000	1000	21638	64	35960209	1785345391.0559777660	results/experiments/toolchain-environment/20260729T171551Z-toolchain-formal01/boots/repetition-01/lower/python310/lib/python3.10/site-packages/pip/_vendor/packaging/__pycache__/specifiers.cpython-310.pyc
f	644	1000	1000	2166	64	35956909	1785345363.7351218490	results/experiments/toolchain-environment/20260729T171551Z-toolchain-formal01/boots/repetition-01/lower/python310/lib/python3.10/site-packages/setuptools/_vendor/importlib_metadata/_text.py
f	644	1000	1000	2167	64	35957981	1785345371.2716324880	results/experiments/toolchain-environment/20260729T171551Z-toolchain-formal01/boots/repetition-01/lower/python310/lib/python3.10/site-packages/setuptools/_vendor/importlib_metadata/__pycache__/_itertools.cpython-310.pyc
f	644	1000	1000	21694	64	35957097	1785345364.5036818150	results/experiments/toolchain-environment/20260729T171551Z-toolchain-formal01/boots/repetition-01/lower/python310/lib/python3.10/site-packages/setuptools/_vendor/wheel/_bdist_wheel.py
f	644	1000	1000	21696	64	35962111	1785345410.5011179410	results/experiments/toolchain-environment/20260729T171551Z-toolchain-formal01/boots/repetition-01/lower/python312/lib/python3.12/site-packages/pip/_internal/req/__pycache__/constructors.cpython-312.pyc
f	644	1000	1000	2172	64	35959791	1785345385.1216573800	results/experiments/toolchain-environment/20260729T171551Z-toolchain-formal01/boots/repetition-01/lower/python310/lib/python3.10/site-packages/pip/_internal/network/__pycache__/xmlrpc.cpython-310.pyc
f	644	1000	1000	21785	64	35956711	1785345362.9264843700	results/experiments/toolchain-environment/20260729T171551Z-toolchain-formal01/boots/repetition-01/lower/python310/lib/python3.10/site-packages/setuptools/_distutils/command/bdist_rpm.py
f	644	1000	1000	2179	64	35961737	1785345406.5967609810	results/experiments/toolchain-environment/20260729T171551Z-toolchain-formal01/boots/repetition-01/lower/python312/lib/python3.12/site-packages/pip/_vendor/tenacity/_utils.py
f	644	1000	1000	218	64	35956629	1785345362.6475958760	results/experiments/toolchain-environment/20260729T171551Z-toolchain-formal01/boots/repetition-01/lower/python310/lib/python3.10/site-packages/setuptools/script (dev).tmpl
f	644	1000	1000	21834	64	35962969	1785345424.6139703750	results/experiments/toolchain-environment/20260729T171551Z-toolchain-formal01/boots/repetition-01/lower/python312/lib/python3.12/site-packages/pip/_vendor/urllib3/util/__pycache__/retry.cpython-312.pyc
f	644	1000	1000	2185	64	35958435	1785345377.8445243410	results/experiments/toolchain-environment/20260729T171551Z-toolchain-formal01/boots/repetition-01/lower/python310/lib/python3.10/site-packages/setuptools/tests/__pycache__/test_logging.cpython-310.pyc
f	644	1000	1000	2187	64	35957217	1785345365.0472904970	results/experiments/toolchain-environment/20260729T171551Z-toolchain-formal01/boots/repetition-01/lower/python310/lib/python3.10/site-packages/setuptools/command/rotate.py
f	644	1000	1000	219	64	35957173	1785345364.8800860130	results/experiments/toolchain-environment/20260729T171551Z-toolchain-formal01/boots/repetition-01/lower/python310/lib/python3.10/site-packages/setuptools/_vendor/zipp/compat/py310.py
f	644	1000	1000	2190	64	35959923	1785345386.9956916470	results/experiments/toolchain-environment/20260729T171551Z-toolchain-formal01/boots/repetition-01/lower/python310/lib/python3.10/site-packages/pip/_internal/utils/__pycache__/packaging.cpython-310.pyc
f	644	1000	1000	2193	64	35959897	1785345386.5956868060	results/experiments/toolchain-environment/20260729T171551Z-toolchain-formal01/boots/repetition-01/lower/python310/lib/python3.10/site-packages/pip/_internal/utils/__pycache__/direct_url_helpers.cpython-310.pyc
f	644	1000	1000	21938	64	35959183	1785345380.9155804800	results/experiments/toolchain-environment/20260729T171551Z-toolchain-formal01/boots/repetition-01/lower/python310/lib/python3.10/site-packages/pip/_vendor/pygments/formatters/img.py
f	644	1000	1000	21938	64	35961427	1785345405.3210437630	results/experiments/toolchain-environment/20260729T171551Z-toolchain-formal01/boots/repetition-01/lower/python312/lib/python3.12/site-packages/pip/_vendor/pygments/formatters/img.py
f	644	1000	1000	2198	64	35958691	1785345379.1135475380	results/experiments/toolchain-environment/20260729T171551Z-toolchain-formal01/boots/repetition-01/lower/python310/lib/python3.10/site-packages/pip/_internal/operations/build/metadata_legacy.py
f	644	1000	1000	2198	64	35960969	1785345403.4712528360	results/experiments/toolchain-environment/20260729T171551Z-toolchain-formal01/boots/repetition-01/lower/python312/lib/python3.12/site-packages/pip/_internal/operations/build/metadata_legacy.py
f	644	1000	1000	22	64	35957283	1785345365.3362886050	results/experiments/toolchain-environment/20260729T171551Z-toolchain-formal01/boots/repetition-01/lower/python310/lib/python3.10/site-packages/setuptools/tests/mod_with_constant.py
f	644	1000	1000	22000	64	35961987	1785345408.6751671310	results/experiments/toolchain-environment/20260729T171551Z-toolchain-formal01/boots/repetition-01/lower/python312/lib/python3.12/site-packages/pip/_internal/index/__pycache__/collector.cpython-312.pyc
f	644	1000	1000	22003	64	35959571	1785345382.4956093660	results/experiments/toolchain-environment/20260729T171551Z-toolchain-formal01/boots/repetition-01/lower/python310/lib/python3.10/site-packages/pip/_vendor/urllib3/util/retry.py
f	644	1000	1000	2204	64	35961935	1785345407.9105835000	results/experiments/toolchain-environment/20260729T171551Z-toolchain-formal01/boots/repetition-01/lower/python312/lib/python3.12/site-packages/pip/_internal/commands/__pycache__/check.cpython-312.pyc
f	644	1000	1000	22050	64	35961857	1785345407.0942661000	results/experiments/toolchain-environment/20260729T171551Z-toolchain-formal01/boots/repetition-01/lower/python312/lib/python3.12/site-packages/pip/_vendor/urllib3/util/retry.py
f	644	1000	1000	22052	64	35960641	1785345396.9441434730	results/experiments/toolchain-environment/20260729T171551Z-toolchain-formal01/boots/repetition-01/lower/python310/lib/python3.10/site-packages/pip/_vendor/urllib3/contrib/__pycache__/securetransport.cpython-310.pyc
f	644	1000	1000	22110	64	35962055	1785345409.6491061130	results/experiments/toolchain-environment/20260729T171551Z-toolchain-formal01/boots/repetition-01/lower/python312/lib/python3.12/site-packages/pip/_internal/network/__pycache__/auth.cpython-312.pyc
f	644	1000	1000	2212	64	35959191	1785345380.9505811200	results/experiments/toolchain-environment/20260729T171551Z-toolchain-formal01/boots/repetition-01/lower/python310/lib/python3.10/site-packages/pip/_vendor/pygments/formatters/pangomarkup.py
f	644	1000	1000	2212	64	35961435	1785345405.3592185550	results/experiments/toolchain-environment/20260729T171551Z-toolchain-formal01/boots/repetition-01/lower/python312/lib/python3.12/site-packages/pip/_vendor/pygments/formatters/pangomarkup.py
f	644	1000	1000	2214	64	35957923	1785345370.5095128520	results/experiments/toolchain-environment/20260729T171551Z-toolchain-formal01/boots/repetition-01/lower/python310/lib/python3.10/site-packages/setuptools/__pycache__/_imp.cpython-310.pyc
f	644	1000	1000	2215	64	35960279	1785345391.9349690170	results/experiments/toolchain-environment/20260729T171551Z-toolchain-formal01/boots/repetition-01/lower/python310/lib/python3.10/site-packages/pip/_vendor/pygments/formatters/__pycache__/pangomarkup.cpython-310.pyc
f	644	1000	1000	22186	64	35956659	1785345362.7392483380	results/experiments/toolchain-environment/20260729T171551Z-toolchain-formal01/boots/repetition-01/lower/python310/lib/python3.10/site-packages/setuptools/_distutils/cmd.py
f	644	1000	1000	2219	64	35960095	1785345389.5369687880	results/experiments/toolchain-environment/20260729T171551Z-toolchain-formal01/boots/repetition-01/lower/python310/lib/python3.10/site-packages/pip/_vendor/chardet/__pycache__/utf8prober.cpython-310.pyc
f	644	1000	1000	22225	64	35957025	1785345364.1919190960	results/experiments/toolchain-environment/20260729T171551Z-toolchain-formal01/boots/repetition-01/lower/python310/lib/python3.10/site-packages/setuptools/_vendor/platformdirs/__init__.py
f	644	1000	1000	22245	64	35960045	1785345388.7208502110	results/experiments/toolchain-environment/20260729T171551Z-toolchain-formal01/boots/repetition-01/lower/python310/lib/python3.10/site-packages/pip/_vendor/chardet/__pycache__/jisfreq.cpython-310.pyc
f	644	1000	1000	22246	64	35957187	1785345364.9369866920	results/experiments/toolchain-environment/20260729T171551Z-toolchain-formal01/boots/repetition-01/lower/python310/lib/python3.10/site-packages/setuptools/command/bdist_wheel.py
f	644	1000	1000	22253	64	35958793	1785345379.4765541740	results/experiments/toolchain-environment/20260729T171551Z-toolchain-formal01/boots/repetition-01/lower/python310/lib/python3.10/site-packages/pip/_internal/utils/misc.py
f	644	1000	1000	22270	64	35962315	1785345413.3532065120	results/experiments/toolchain-environment/20260729T171551Z-toolchain-formal01/boots/repetition-01/lower/python312/lib/python3.12/site-packages/pip/_vendor/chardet/__pycache__/jisfreq.cpython-312.pyc
f	644	1000	1000	223	64	35956565	1785345362.4455841750	results/experiments/toolchain-environment/20260729T171551Z-toolchain-formal01/boots/repetition-01/lower/python310/lib/python3.10/site-packages/setuptools/_importlib.py
f	644	1000	1000	22364	64	35959919	1785345386.9366905690	results/experiments/toolchain-environment/20260729T171551Z-toolchain-formal01/boots/repetition-01/lower/python310/lib/python3.10/site-packages/pip/_internal/utils/__pycache__/misc.cpython-310.pyc
f	644	1000	1000	2242	64	35957845	1785345369.4473708830	results/experiments/toolchain-environment/20260729T171551Z-toolchain-formal01/boots/repetition-01/lower/python310/lib/python3.10/site-packages/setuptools/_distutils/tests/__pycache__/test_bdist_dumb.cpython-310.pyc
f	644	1000	1000	22421	64	35958247	1785345375.3364785000	results/experiments/toolchain-environment/20260729T171551Z-toolchain-formal01/boots/repetition-01/lower/python310/lib/python3.10/site-packages/setuptools/command/__pycache__/egg_info.cpython-310.pyc
f	644	1000	1000	2243	64	35958367	1785345376.9545080730	results/experiments/toolchain-environment/20260729T171551Z-toolchain-formal01/boots/repetition-01/lower/python310/lib/python3.10/site-packages/setuptools/tests/__pycache__/environment.cpython-310.pyc
f	644	1000	1000	224445	64	35961485	1785345405.5550311770	results/experiments/toolchain-environment/20260729T171551Z-toolchain-formal01/boots/repetition-01/lower/python312/lib/python3.12/site-packages/pip/_vendor/pyparsing/core.py
f	644	1000	1000	2247	64	35956789	1785345363.2572577990	results/experiments/toolchain-environment/20260729T171551Z-toolchain-formal01/boots/repetition-01/lower/python310/lib/python3.10/site-packages/setuptools/_distutils/tests/test_bdist_dumb.py
f	644	1000	1000	22545	64	35956797	1785345363.2912584200	results/experiments/toolchain-environment/20260729T171551Z-toolchain-formal01/boots/repetition-01/lower/python310/lib/python3.10/site-packages/setuptools/_distutils/tests/test_build_ext.py
f	644	1000	1000	2255	64	35962823	1785345422.6523687220	results/experiments/toolchain-environment/20260729T171551Z-toolchain-formal01/boots/repetition-01/lower/python312/lib/python3.12/site-packages/pip/_vendor/rich/__pycache__/styled.cpython-312.pyc
f	644	1000	1000	22553	64	35962131	1785345410.7681265980	results/experiments/toolchain-environment/20260729T171551Z-toolchain-formal01/boots/repetition-01/lower/python312/lib/python3.12/site-packages/pip/_internal/resolution/legacy/__pycache__/resolver.cpython-312.pyc
f	644	1000	1000	22580	64	35957309	1785345365.4525502750	results/experiments/toolchain-environment/20260729T171551Z-toolchain-formal01/boots/repetition-01/lower/python310/lib/python3.10/site-packages/setuptools/tests/test_config_discovery.py
f	644	1000	1000	2259	64	35959671	1785345383.3976258570	results/experiments/toolchain-environment/20260729T171551Z-toolchain-formal01/boots/repetition-01/lower/python310/lib/python3.10/site-packages/pip/_internal/commands/__pycache__/hash.cpython-310.pyc
f	644	1000	1000	22611	64	35960669	1785345397.3088037090	results/experiments/toolchain-environment/20260729T171551Z-toolchain-formal01/boots/repetition-01/lower/python310/lib/python3.10/site-packages/pip/_vendor/urllib3/__pycache__/response.cpython-310.pyc
f	644	1000	1000	22633	64	35957053	1785345364.3022768880	results/experiments/toolchain-environment/20260729T171551Z-toolchain-formal01/boots/repetition-01/lower/python310/lib/python3.10/site-packages/setuptools/_vendor/tomli/_parser.py
f	644	1000	1000	22633	64	35959491	1785345382.2066040820	results/experiments/toolchain-environment/20260729T171551Z-toolchain-formal01/boots/repetition-01/lower/python310/lib/python3.10/site-packages/pip/_vendor/tomli/_parser.py
f	644	1000	1000	22633	64	35961759	1785345406.6822348250	results/experiments/toolchain-environment/20260729T171551Z-toolchain-formal01/boots/repetition-01/lower/python312/lib/python3.12/site-packages/pip/_vendor/tomli/_parser.py
f	644	1000	1000	2266	64	35957081	1785345364.4494888930	results/experiments/toolchain-environment/20260729T171551Z-toolchain-formal01/boots/repetition-01/lower/python310/lib/python3.10/site-packages/setuptools/_vendor/typeguard/_suppression.py
f	644	1000	1000	2269	64	35962177	1785345411.4601301910	results/experiments/toolchain-environment/20260729T171551Z-toolchain-formal01/boots/repetition-01/lower/python312/lib/python3.12/site-packages/pip/_internal/utils/__pycache__/encoding.cpython-312.pyc
f	644	1000	1000	2273	64	35959901	1785345386.6656856130	results/experiments/toolchain-environment/20260729T171551Z-toolchain-formal01/boots/repetition-01/lower/python310/lib/python3.10/site-packages/pip/_internal/utils/__pycache__/egg_link.cpython-310.pyc
f	644	1000	1000	22787	64	35961109	1785345404.0848099040	results/experiments/toolchain-environment/20260729T171551Z-toolchain-formal01/boots/repetition-01/lower/python312/lib/python3.12/site-packages/pip/_internal/vcs/versioncontrol.py
f	644	1000	1000	22811	64	35958825	1785345379.5915913920	results/experiments/toolchain-environment/20260729T171551Z-toolchain-formal01/boots/repetition-01/lower/python310/lib/python3.10/site-packages/pip/_internal/vcs/versioncontrol.py
f	644	1000	1000	22820	64	35959345	1785345381.5645923440	results/experiments/toolchain-environment/20260729T171551Z-toolchain-formal01/boots/repetition-01/lower/python310/lib/python3.10/site-packages/pip/_vendor/rich/_win32_console.py
f	644	1000	1000	22820	64	35961611	1785345406.0473116120	results/experiments/toolchain-environment/20260729T171551Z-toolchain-formal01/boots/repetition-01/lower/python312/lib/python3.12/site-packages/pip/_vendor/rich/_win32_console.py
f	644	1000	1000	2290	64	35958115	1785345373.5013042830	results/experiments/toolchain-environment/20260729T171551Z-toolchain-formal01/boots/repetition-01/lower/python310/lib/python3.10/site-packages/setuptools/_vendor/typeguard/__pycache__/_exceptions.cpython-310.pyc
f	644	1000	1000	2294	64	35963011	1785345425.1024872560	results/experiments/toolchain-environment/20260729T171551Z-toolchain-formal01/boots/repetition-01/lower/python312/bin/activate
f	644	1000	1000	2296	64	35958351	1785345376.7274834230	results/experiments/toolchain-environment/20260729T171551Z-toolchain-formal01/boots/repetition-01/lower/python310/lib/python3.10/site-packages/setuptools/tests/config/downloads/__pycache__/__init__.cpython-310.pyc
f	644	1000	1000	2297	64	35959733	1785345384.3636435200	results/experiments/toolchain-environment/20260729T171551Z-toolchain-formal01/boots/repetition-01/lower/python310/lib/python3.10/site-packages/pip/_internal/metadata/__pycache__/_json.cpython-310.pyc
f	644	1000	1000	2305	64	35957899	1785345370.2124064080	results/experiments/toolchain-environment/20260729T171551Z-toolchain-formal01/boots/repetition-01/lower/python310/lib/python3.10/site-packages/setuptools/_distutils/tests/__pycache__/test_text_file.cpython-310.pyc
f	644	1000	1000	23083	64	35957297	1785345365.3965971430	results/experiments/toolchain-environment/20260729T171551Z-toolchain-formal01/boots/repetition-01/lower/python310/lib/python3.10/site-packages/setuptools/tests/test_bdist_wheel.py
f	644	1000	1000	2310	64	35956561	1785345362.4333378320	results/experiments/toolchain-environment/20260729T171551Z-toolchain-formal01/boots/repetition-01/lower/python310/lib/python3.10/site-packages/setuptools/_entry_points.py
f	644	1000	1000	2313	64	35957643	1785345366.8483233980	results/experiments/toolchain-environment/20260729T171551Z-toolchain-formal01/boots/repetition-01/lower/python310/lib/python3.10/site-packages/setuptools/_vendor/wheel-0.45.1.dist-info/METADATA
f	644	1000	1000	23142	64	35959635	1785345382.8716884250	results/experiments/toolchain-environment/20260729T171551Z-toolchain-formal01/boots/repetition-01/lower/python310/lib/python3.10/site-packages/pip/_internal/cli/__pycache__/cmdoptions.cpython-310.pyc
f	644	1000	1000	2317	64	35956897	1785345363.6809743100	results/experiments/toolchain-environment/20260729T171551Z-toolchain-formal01/boots/repetition-01/lower/python310/lib/python3.10/site-packages/setuptools/_vendor/importlib_metadata/_adapters.py
f	644	1000	1000	2318	64	35961893	1785345407.3220635180	results/experiments/toolchain-environment/20260729T171551Z-toolchain-formal01/boots/repetition-01/lower/python312/lib/python3.12/site-packages/pip/__pycache__/__pip-runner__.cpython-312.pyc
f	644	1000	1000	23218	64	35958393	1785345377.2735139040	results/experiments/toolchain-environment/20260729T171551Z-toolchain-formal01/boots/repetition-01/lower/python310/lib/python3.10/site-packages/setuptools/tests/__pycache__/test_bdist_wheel.cpython-310.pyc
f	644	1000	1000	2324	64	35961773	1785345406.7351162900	results/experiments/toolchain-environment/20260729T171551Z-toolchain-formal01/boots/repetition-01/lower/python312/lib/python3.12/site-packages/pip/_vendor/truststore/_openssl.py
f	644	1000	1000	2324	64	35962165	1785345411.2768716180	results/experiments/toolchain-environment/20260729T171551Z-toolchain-formal01/boots/repetition-01/lower/python312/lib/python3.12/site-packages/pip/_internal/utils/__pycache__/compat.cpython-312.pyc
f	644	1000	1000	2329	64	35960723	1785345398.0601912400	results/experiments/toolchain-environment/20260729T171551Z-toolchain-formal01/boots/repetition-01/lower/python310/bin/activate.fish
f	644	1000	1000	2329	64	35963007	1785345425.0883407050	results/experiments/toolchain-environment/20260729T171551Z-toolchain-formal01/boots/repetition-01/lower/python312/bin/activate.fish
f	644	1000	1000	2331	64	35962885	1785345423.4764122220	results/experiments/toolchain-environment/20260729T171551Z-toolchain-formal01/boots/repetition-01/lower/python312/lib/python3.12/site-packages/pip/_vendor/truststore/__pycache__/_openssl.cpython-312.pyc
f	644	1000	1000	2335	64	35957749	1785345368.0943169690	results/experiments/toolchain-environment/20260729T171551Z-toolchain-formal01/boots/repetition-01/lower/python310/lib/python3.10/site-packages/setuptools/_distutils/command/__pycache__/clean.cpython-310.pyc
f	644	1000	1000	23513	64	35959039	1785345380.3902532640	results/experiments/toolchain-environment/20260729T171551Z-toolchain-formal01/boots/repetition-01/lower/python310/lib/python3.10/site-packages/pip/_vendor/distlib/version.py
f	644	1000	1000	2362	64	35961979	1785345408.5761451120	results/experiments/toolchain-environment/20260729T171551Z-toolchain-formal01/boots/repetition-01/lower/python312/lib/python3.12/site-packages/pip/_internal/distributions/__pycache__/wheel.cpython-312.pyc
f	644	1000	1000	23623	64	35961077	1785345403.9464262830	results/experiments/toolchain-environment/20260729T171551Z-toolchain-formal01/boots/repetition-01/lower/python312/lib/python3.12/site-packages/pip/_internal/utils/misc.py
f	644	1000	1000	23634	64	35960867	1785345402.9855506310	results/experiments/toolchain-environment/20260729T171551Z-toolchain-formal01/boots/repetition-01/lower/python312/lib/python3.12/site-packages/pip/_internal/exceptions.py
f	644	1000	1000	2367	64	35962065	1785345409.8374473740	results/experiments/toolchain-environment/20260729T171551Z-toolchain-formal01/boots/repetition-01/lower/python312/lib/python3.12/site-packages/pip/_internal/network/__pycache__/utils.cpython-312.pyc
f	644	1000	1000	23685	64	35959139	1785345380.7435773350	results/experiments/toolchain-environment/20260729T171551Z-toolchain-formal01/boots/repetition-01/lower/python310/lib/python3.10/site-packages/pip/_vendor/pygments/cmdline.py
f	644	1000	1000	23685	64	35959237	1785345381.1175841720	results/experiments/toolchain-environment/20260729T171551Z-toolchain-formal01/boots/repetition-01/lower/python310/lib/python3.10/site-packages/pip/_vendor/pyparsing/diagram/__init__.py
f	644	1000	1000	23685	64	35961403	1785345405.2270573370	results/experiments/toolchain-environment/20260729T171551Z-toolchain-formal01/boots/repetition-01/lower/python312/lib/python3.12/site-packages/pip/_vendor/pygments/cmdline.py
f	644	1000	1000	2371	64	35960495	1785345394.8829665500	results/experiments/toolchain-environment/20260729T171551Z-toolchain-formal01/boots/repetition-01/lower/python310/lib/python3.10/site-packages/pip/_vendor/rich/__pycache__/file_proxy.cpython-310.pyc
f	644	1000	1000	2372	64	35960107	1785345389.6756755310	results/experiments/toolchain-environment/20260729T171551Z-toolchain-formal01/boots/repetition-01/lower/python310/lib/python3.10/site-packages/pip/_vendor/colorama/__pycache__/initialise.cpython-310.pyc
f	644	1000	1000	2372	64	35961743	1785345406.6223379730	results/experiments/toolchain-environment/20260729T171551Z-toolchain-formal01/boots/repetition-01/lower/python312/lib/python3.12/site-packages/pip/_vendor/tenacity/before_sleep.py
f	644	1000	1000	2374	64	35962751	1785345421.4313218440	results/experiments/toolchain-environment/20260729T171551Z-toolchain-formal01/boots/repetition-01/lower/python312/lib/python3.12/site-packages/pip/_vendor/rich/__pycache__/constrain.cpython-312.pyc
f	644	1000	1000	23747	64	35961311	1785345404.8876708280	results/experiments/toolchain-environment/20260729T171551Z-toolchain-formal01/boots/repetition-01/lower/python312/lib/python3.12/site-packages/pip/_vendor/distlib/version.py
f	644	1000	1000	2380	64	35957181	1785345364.9153983950	results/experiments/toolchain-environment/20260729T171551Z-toolchain-formal01/boots/repetition-01/lower/python310/lib/python3.10/site-packages/setuptools/command/alias.py
f	644	1000	1000	2386	64	35962037	1785345409.3518808400	results/experiments/toolchain-environment/20260729T171551Z-toolchain-formal01/boots/repetition-01/lower/python312/lib/python3.12/site-packages/pip/_internal/models/__pycache__/installation_report.cpython-312.pyc
f	644	1000	1000	239	64	35956649	1785345362.7053976140	results/experiments/toolchain-environment/20260729T171551Z-toolchain-formal01/boots/repetition-01/lower/python310/lib/python3.10/site-packages/setuptools/_distutils/_macos_compat.py
f	644	1000	1000	2397	64	35957289	1785345365.3612851160	results/experiments/toolchain-environment/20260729T171551Z-toolchain-formal01/boots/repetition-01/lower/python310/lib/python3.10/site-packages/setuptools/tests/server.py
f	644	1000	1000	2401	64	35960113	1785345389.7373000060	results/experiments/toolchain-environment/20260729T171551Z-toolchain-formal01/boots/repetition-01/lower/python310/lib/python3.10/site-packages/pip/_vendor/colorama/tests/__pycache__/ansi_test.cpython-310.pyc
f	644	1000	1000	2402	64	35957617	1785345366.7361018210	results/experiments/toolchain-environment/20260729T171551Z-toolchain-formal01/boots/repetition-01/lower/python310/lib/python3.10/site-packages/setuptools/_vendor/typeguard-4.3.0.dist-info/RECORD
f	644	1000	1000	24025	64	35961017	1785345403.6843203860	results/experiments/toolchain-environment/20260729T171551Z-toolchain-formal01/boots/repetition-01/lower/python312/lib/python3.12/site-packages/pip/_internal/resolution/legacy/resolver.py
f	644	1000	1000	2404	64	35957333	1785345365.5632999230	results/experiments/toolchain-environment/20260729T171551Z-toolchain-formal01/boots/repetition-01/lower/python310/lib/python3.10/site-packages/setuptools/tests/test_find_py_modules.py
f	644	1000	1000	2404	64	35958397	1785345377.3256861300	results/experiments/toolchain-environment/20260729T171551Z-toolchain-formal01/boots/repetition-01/lower/python310/lib/python3.10/site-packages/setuptools/tests/__pycache__/test_build_clib.cpython-310.pyc
f	644	1000	1000	24045	64	35958721	1785345379.2225495300	results/experiments/toolchain-environment/20260729T171551Z-toolchain-formal01/boots/repetition-01/lower/python310/lib/python3.10/site-packages/pip/_internal/req/req_uninstall.py
f	644	1000	1000	241	64	35956515	1785345362.2742229170	results/experiments/toolchain-environment/20260729T171551Z-toolchain-formal01/boots/repetition-01/lower/python310/lib/python3.10/site-packages/pkg_resources/tests/test_markers.py
f	644	1000	1000	2412	64	35961915	1785345407.6245336270	results/experiments/toolchain-environment/20260729T171551Z-toolchain-formal01/boots/repetition-01/lower/python312/lib/python3.12/site-packages/pip/_internal/cli/__pycache__/main.cpython-312.pyc
f	644	1000	1000	24129	64	35958733	1785345379.2555501330	results/experiments/toolchain-environment/20260729T171551Z-toolchain-formal01/boots/repetition-01/lower/python310/lib/python3.10/site-packages/pip/_internal/resolution/legacy/resolver.py
f	644	1000	1000	2418	64	35962855	1785345423.1040713780	results/experiments/toolchain-environment/20260729T171551Z-toolchain-formal01/boots/repetition-01/lower/python312/lib/python3.12/site-packages/pip/_vendor/tenacity/__pycache__/before_sleep.cpython-312.pyc
f	644	1000	1000	242	64	35958767	1785345379.3793440260	results/experiments/toolchain-environment/20260729T171551Z-toolchain-formal01/boots/repetition-01/lower/python310/lib/python3.10/site-packages/pip/_internal/utils/datetime.py
f	644	1000	1000	242	64	35958861	1785345379.7045583410	results/experiments/toolchain-environment/20260729T171551Z-toolchain-formal01/boots/repetition-01/lower/python310/lib/python3.10/site-packages/pip/_vendor/cachecontrol/caches/__init__.py
f	644	1000	1000	242	64	35961055	1785345403.8501522250	results/experiments/toolchain-environment/20260729T171551Z-toolchain-formal01/boots/repetition-01/lower/python312/lib/python3.12/site-packages/pip/_internal/utils/datetime.py
f	644	1000	1000	24215	64	35961489	1785345405.5657626840	results/experiments/toolchain-environment/20260729T171551Z-toolchain-formal01/boots/repetition-01/lower/python312/lib/python3.12/site-packages/pip/_vendor/pyparsing/diagram/__init__.py
f	644	1000	1000	2422	64	35960429	1785345393.9445116700	results/experiments/toolchain-environment/20260729T171551Z-toolchain-formal01/boots/repetition-01/lower/python310/lib/python3.10/site-packages/pip/_vendor/rich/__pycache__/_export_format.cpython-310.pyc
f	644	1000	1000	24224	64	35959437	1785345381.9846000230	results/experiments/toolchain-environment/20260729T171551Z-toolchain-formal01/boots/repetition-01/lower/python310/lib/python3.10/site-packages/pip/_vendor/rich/segment.py
f	644	1000	1000	2423	64	35960071	1785345389.2062945230	results/experiments/toolchain-environment/20260729T171551Z-toolchain-formal01/boots/repetition-01/lower/python310/lib/python3.10/site-packages/pip/_vendor/chardet/__pycache__/mbcharsetprober.cpython-310.pyc
f	644	1000	1000	24244	64	35958501	1785345378.4545354910	results/experiments/toolchain-environment/20260729T171551Z-toolchain-formal01/boots/repetition-01/lower/python310/lib/python3.10/site-packages/pip/_internal/exceptions.py
f	644	1000	1000	24247	64	35961703	1785345406.4528353860	results/experiments/toolchain-environment/20260729T171551Z-toolchain-formal01/boots/repetition-01/lower/python312/lib/python3.12/site-packages/pip/_vendor/rich/segment.py
f	644	1000	1000	2427	64	35957763	1785345368.3195031210	results/experiments/toolchain-environment/20260729T171551Z-toolchain-formal01/boots/repetition-01/lower/python310/lib/python3.10/site-packages/setuptools/_distutils/command/__pycache__/install_scripts.cpython-310.pyc
f	644	1000	1000	2431	64	35962849	1785345423.0181793680	results/experiments/toolchain-environment/20260729T171551Z-toolchain-formal01/boots/repetition-01/lower/python312/lib/python3.12/site-packages/pip/_vendor/tenacity/__pycache__/_utils.cpython-312.pyc
f	644	1000	1000	24323	64	35958303	1785345376.1866223290	results/experiments/toolchain-environment/20260729T171551Z-toolchain-formal01/boots/repetition-01/lower/python310/lib/python3.10/site-packages/setuptools/config/__pycache__/setupcfg.cpython-310.pyc
f	644	1000	1000	2435	64	35956563	1785345362.4395333310	results/experiments/toolchain-environment/20260729T171551Z-toolchain-formal01/boots/repetition-01/lower/python310/lib/python3.10/site-packages/setuptools/_imp.py
f	644	1000	1000	2437	64	35962697	1785345420.4534166630	results/experiments/toolchain-environment/20260729T171551Z-toolchain-formal01/boots/repetition-01/lower/python312/lib/python3.12/site-packages/pip/_vendor/rich/__pycache__/_export_format.cpython-312.pyc
f	644	1000	1000	24377	64	35960387	1785345393.4172887980	results/experiments/toolchain-environment/20260729T171551Z-toolchain-formal01/boots/repetition-01/lower/python310/lib/python3.10/site-packages/pip/_vendor/requests/__pycache__/models.cpython-310.pyc
f	644	1000	1000	244	64	35958965	1785345380.1181497630	results/experiments/toolchain-environment/20260729T171551Z-toolchain-formal01/boots/repetition-01/lower/python310/lib/python3.10/site-packages/pip/_vendor/chardet/version.py
f	644	1000	1000	244	64	35961255	1785345404.6653272090	results/experiments/toolchain-environment/20260729T171551Z-toolchain-formal01/boots/repetition-01/lower/python312/lib/python3.12/site-packages/pip/_vendor/chardet/version.py
f	644	1000	1000	2440	64	35959513	1785345382.2833788700	results/experiments/toolchain-environment/20260729T171551Z-toolchain-formal01/boots/repetition-01/lower/python310/lib/python3.10/site-packages/pip/_vendor/urllib3/filepost.py
f	644	1000	1000	2440	64	35961821	1785345406.9310563610	results/experiments/toolchain-environment/20260729T171551Z-toolchain-formal01/boots/repetition-01/lower/python312/lib/python3.12/site-packages/pip/_vendor/urllib3/filepost.py
f	644	1000	1000	24447	64	35960397	1785345393.5600715820	results/experiments/toolchain-environment/20260729T171551Z-toolchain-formal01/boots/repetition-01/lower/python310/lib/python3.10/site-packages/pip/_vendor/requests/__pycache__/utils.cpython-310.pyc
f	644	1000	1000	24481	64	35962407	1785345415.1062060180	results/experiments/toolchain-environment/20260729T171551Z-toolchain-formal01/boots/repetition-01/lower/python312/lib/python3.12/site-packages/pip/_vendor/distlib/__pycache__/index.cpython-312.pyc
f	644	1000	1000	24482	64	35960289	1785345392.0961645360	results/experiments/toolchain-environment/20260729T171551Z-toolchain-formal01/boots/repetition-01/lower/python310/lib/python3.10/site-packages/pip/_vendor/pygments/__pycache__/lexer.cpython-310.pyc
f	644	1000	1000	2449	64	35957429	1785345365.9241768960	results/experiments/toolchain-environment/20260729T171551Z-toolchain-formal01/boots/repetition-01/lower/python310/lib/python3.10/site-packages/setuptools-79.0.1.dist-info/entry_points.txt
f	644	1000	1000	24501	64	35959841	1785345385.8116699970	results/experiments/toolchain-environment/20260729T171551Z-toolchain-formal01/boots/repetition-01/lower/python310/lib/python3.10/site-packages/pip/_internal/req/__pycache__/req_install.cpython-310.pyc
f	644	1000	1000	2453	64	35962185	1785345411.5792787700	results/experiments/toolchain-environment/20260729T171551Z-toolchain-formal01/boots/repetition-01/lower/python312/lib/python3.12/site-packages/pip/_internal/utils/__pycache__/glibc.cpython-312.pyc
f	644	1000	1000	24551	64	35961005	1785345403.6403618930	results/experiments/toolchain-environment/20260729T171551Z-toolchain-formal01/boots/repetition-01/lower/python312/lib/python3.12/site-packages/pip/_internal/req/req_uninstall.py
f	644	1000	1000	24566	64	35962923	1785345423.9816230890	results/experiments/toolchain-environment/20260729T171551Z-toolchain-formal01/boots/repetition-01/lower/python312/lib/python3.12/site-packages/pip/_vendor/urllib3/contrib/__pycache__/pyopenssl.cpython-312.pyc
f	644	1000	1000	2463	64	35961061	1785345403.8772920050	results/experiments/toolchain-environment/20260729T171551Z-toolchain-formal01/boots/repetition-01/lower/python312/lib/python3.12/site-packages/pip/_internal/utils/egg_link.py
f	644	1000	1000	2464	64	35956825	1785345363.4134895830	results/experiments/toolchain-environment/20260729T171551Z-toolchain-formal01/boots/repetition-01/lower/python310/lib/python3.10/site-packages/setuptools/_distutils/tests/test_install_data.py
f	644	1000	1000	2468	64	35960683	1785345397.5049112580	results/experiments/toolchain-environment/20260729T171551Z-toolchain-formal01/boots/repetition-01/lower/python310/lib/python3.10/site-packages/pip/_vendor/urllib3/util/__pycache__/response.cpython-310.pyc
f	644	1000	1000	2472	64	35958523	1785345378.5291827570	results/experiments/toolchain-environment/20260729T171551Z-toolchain-formal01/boots/repetition-01/lower/python310/lib/python3.10/site-packages/pip/_internal/cli/main.py
f	644	1000	1000	2472	64	35962357	1785345414.2303376300	results/experiments/toolchain-environment/20260729T171551Z-toolchain-formal01/boots/repetition-01/lower/python312/lib/python3.12/site-packages/pip/_vendor/chardet/__pycache__/sbcsgroupprober.cpython-312.pyc
f	644	1000	1000	2476	64	35962729	1785345421.0483148290	results/experiments/toolchain-environment/20260729T171551Z-toolchain-formal01/boots/repetition-01/lower/python312/lib/python3.12/site-packages/pip/_vendor/rich/__pycache__/_wrap.cpython-312.pyc
f	644	1000	1000	2485	64	35959807	1785345385.3086607990	results/experiments/toolchain-environment/20260729T171551Z-toolchain-formal01/boots/repetition-01/lower/python310/lib/python3.10/site-packages/pip/_internal/operations/build/__pycache__/metadata_legacy.cpython-310.pyc
f	644	1000	1000	2486	64	35960919	1785345403.2268941560	results/experiments/toolchain-environment/20260729T171551Z-toolchain-formal01/boots/repetition-01/lower/python312/lib/python3.12/site-packages/pip/_internal/models/format_control.py
f	644	1000	1000	24892	64	35960339	1785345392.8197019350	results/experiments/toolchain-environment/20260729T171551Z-toolchain-formal01/boots/repetition-01/lower/python310/lib/python3.10/site-packages/pip/_vendor/pyparsing/__pycache__/results.cpython-310.pyc
f	644	1000	1000	2494	64	35958291	1785345375.9434895940	results/experiments/toolchain-environment/20260729T171551Z-toolchain-formal01/boots/repetition-01/lower/python310/lib/python3.10/site-packages/setuptools/config/_validate_pyproject/__pycache__/extra_validations.cpython-310.pyc
f	644	1000	1000	2501	64	35959383	1785345381.7434860520	results/experiments/toolchain-environment/20260729T171551Z-toolchain-formal01/boots/repetition-01/lower/python310/lib/python3.10/site-packages/pip/_vendor/rich/emoji.py
f	644	1000	1000	2501	64	35961649	1785345406.2240869590	results/experiments/toolchain-environment/20260729T171551Z-toolchain-formal01/boots/repetition-01/lower/python312/lib/python3.12/site-packages/pip/_vendor/rich/emoji.py
f	644	1000	1000	2503	64	35957689	1785345367.2075979330	results/experiments/toolchain-environment/20260729T171551Z-toolchain-formal01/boots/repetition-01/lower/python310/lib/python3.10/site-packages/pkg_resources/tests/__pycache__/test_find_distributions.cpython-310.pyc
f	644	1000	1000	2505	64	35956869	1785345363.5846957070	results/experiments/toolchain-environment/20260729T171551Z-toolchain-formal01/boots/repetition-01/lower/python310/lib/python3.10/site-packages/setuptools/_vendor/autocommand/autocommand.py
f	644	1000	1000	2507	64	35959725	1785345384.2851890230	results/experiments/toolchain-environment/20260729T171551Z-toolchain-formal01/boots/repetition-01/lower/python310/lib/python3.10/site-packages/pip/_internal/locations/__pycache__/base.cpython-310.pyc
f	644	1000	1000	2508	64	35958391	1785345377.2441562830	results/experiments/toolchain-environment/20260729T171551Z-toolchain-formal01/boots/repetition-01/lower/python310/lib/python3.10/site-packages/setuptools/tests/__pycache__/test_bdist_egg.cpython-310.pyc
f	644	1000	1000	2508	64	35959389	1785345381.7715961290	results/experiments/toolchain-environment/20260729T171551Z-toolchain-formal01/boots/repetition-01/lower/python310/lib/python3.10/site-packages/pip/_vendor/rich/filesize.py
f	644	1000	1000	2508	64	35961655	1785345406.2495807230	results/experiments/toolchain-environment/20260729T171551Z-toolchain-formal01/boots/repetition-01/lower/python312/lib/python3.12/site-packages/pip/_vendor/rich/filesize.py
f	644	1000	1000	25091	64	35958679	1785345379.0675466960	results/experiments/toolchain-environment/20260729T171551Z-toolchain-formal01/boots/repetition-01/lower/python310/lib/python3.10/site-packages/pip/_internal/operations/prepare.py
f	644	1000	1000	2512	64	35958223	1785345374.9766669430	results/experiments/toolchain-environment/20260729T171551Z-toolchain-formal01/boots/repetition-01/lower/python310/lib/python3.10/site-packages/setuptools/command/__pycache__/alias.cpython-310.pyc
f	644	1000	1000	2516	64	35962205	1785345411.8876041100	results/experiments/toolchain-environment/20260729T171551Z-toolchain-formal01/boots/repetition-01/lower/python312/lib/python3.12/site-packages/pip/_internal/utils/__pycache__/urls.cpython-312.pyc
f	644	1000	1000	2518	64	35957471	1785345366.0833094220	results/experiments/toolchain-environment/20260729T171551Z-toolchain-formal01/boots/repetition-01/lower/python310/lib/python3.10/site-packages/setuptools/_vendor/importlib_metadata-8.0.0.dist-info/RECORD
f	644	1000	1000	2520	64	35958635	1785345378.9115438450	results/experiments/toolchain-environment/20260729T171551Z-toolchain-formal01/boots/repetition-01/lower/python310/lib/python3.10/site-packages/pip/_internal/models/format_control.py
f	644	1000	1000	2521	64	35962163	1785345411.2447170370	results/experiments/toolchain-environment/20260729T171551Z-toolchain-formal01/boots/repetition-01/lower/python312/lib/python3.12/site-packages/pip/_internal/utils/__pycache__/appdirs.cpython-312.pyc
f	644	1000	1000	2522	64	35957415	1785345365.8853058060	results/experiments/toolchain-environment/20260729T171551Z-toolchain-formal01/boots/repetition-01/lower/python310/lib/python3.10/site-packages/setuptools/tests/integration/helpers.py
f	644	1000	1000	2522	64	35958251	1785345375.4054561400	results/experiments/toolchain-environment/20260729T171551Z-toolchain-formal01/boots/repetition-01/lower/python310/lib/python3.10/site-packages/setuptools/command/__pycache__/install_egg_info.cpython-310.pyc
f	644	1000	1000	2522	64	35958983	1785345380.1681799330	results/experiments/toolchain-environment/20260729T171551Z-toolchain-formal01/boots/repetition-01/lower/python310/lib/python3.10/site-packages/pip/_vendor/colorama/ansi.py
f	644	1000	1000	2522	64	35961261	1785345404.6813644090	results/experiments/toolchain-environment/20260729T171551Z-toolchain-formal01/boots/repetition-01/lower/python312/lib/python3.12/site-packages/pip/_vendor/colorama/ansi.py
f	644	1000	1000	2526	64	35958749	1785345379.3171908310	results/experiments/toolchain-environment/20260729T171551Z-toolchain-formal01/boots/repetition-01/lower/python310/lib/python3.10/site-packages/pip/_internal/resolution/resolvelib/reporter.py
f	644	1000	1000	25277	64	35958613	1785345378.8365424740	results/experiments/toolchain-environment/20260729T171551Z-toolchain-formal01/boots/repetition-01/lower/python310/lib/python3.10/site-packages/pip/_internal/metadata/base.py
f	644	1000	1000	2534	64	35960007	1785345388.1525351730	results/experiments/toolchain-environment/20260729T171551Z-toolchain-formal01/boots/repetition-01/lower/python310/lib/python3.10/site-packages/pip/_vendor/chardet/__pycache__/charsetgroupprober.cpython-310.pyc
f	644	1000	1000	25341	64	35959227	1785345381.0775834410	results/experiments/toolchain-environment/20260729T171551Z-toolchain-formal01/boots/repetition-01/lower/python310/lib/python3.10/site-packages/pip/_vendor/pyparsing/results.py
f	644	1000	1000	25362	64	35962647	1785345419.5442872850	results/experiments/toolchain-environment/20260729T171551Z-toolchain-formal01/boots/repetition-01/lower/python312/lib/python3.12/site-packages/pip/_vendor/requests/__pycache__/cookies.cpython-312.pyc
f	644	1000	1000	254	64	35957057	1785345364.3215800080	results/experiments/toolchain-environment/20260729T171551Z-toolchain-formal01/boots/repetition-01/lower/python310/lib/python3.10/site-packages/setuptools/_vendor/tomli/_types.py
f	644	1000	1000	254	64	35959495	1785345382.2216043560	results/experiments/toolchain-environment/20260729T171551Z-toolchain-formal01/boots/repetition-01/lower/python310/lib/python3.10/site-packages/pip/_vendor/tomli/_types.py
f	644	1000	1000	254	64	35961763	1785345406.6997999380	results/experiments/toolchain-environment/20260729T171551Z-toolchain-formal01/boots/repetition-01/lower/python312/lib/python3.12/site-packages/pip/_vendor/tomli/_types.py
f	644	1000	1000	255	64	35958871	1785345379.7373576960	results/experiments/toolchain-environment/20260729T171551Z-toolchain-formal01/boots/repetition-01/lower/python310/lib/python3.10/site-packages/pip/_vendor/certifi/__main__.py
f	644	1000	1000	255	64	35961149	1785345404.2179770390	results/experiments/toolchain-environment/20260729T171551Z-toolchain-formal01/boots/repetition-01/lower/python312/lib/python3.12/site-packages/pip/_vendor/certifi/__main__.py
f	644	1000	1000	25505	64	35960619	1785345396.6289120860	results/experiments/toolchain-environment/20260729T171551Z-toolchain-formal01/boots/repetition-01/lower/python310/lib/python3.10/site-packages/pip/_vendor/urllib3/__pycache__/connectionpool.cpython-310.pyc
f	644	1000	1000	2556	64	35958605	1785345378.8136887280	results/experiments/toolchain-environment/20260729T171551Z-toolchain-formal01/boots/repetition-01/lower/python310/lib/python3.10/site-packages/pip/_internal/locations/base.py
f	644	1000	1000	2556	64	35960887	1785345403.0824592470	results/experiments/toolchain-environment/20260729T171551Z-toolchain-formal01/boots/repetition-01/lower/python312/lib/python3.12/site-packages/pip/_internal/locations/base.py
f	644	1000	1000	2559	64	35957787	1785345368.6703566870	results/experiments/toolchain-environment/20260729T171551Z-toolchain-formal01/boots/repetition-01/lower/python310/lib/python3.10/site-packages/setuptools/_distutils/compilers/C/tests/__pycache__/test_base.cpython-310.pyc
f	644	1000	1000	25594	64	35960191	1785345390.8368833910	results/experiments/toolchain-environment/20260729T171551Z-toolchain-formal01/boots/repetition-01/lower/python310/lib/python3.10/site-packages/pip/_vendor/msgpack/__pycache__/fallback.cpython-310.pyc
f	644	1000	1000	2565	64	35958293	1785345375.9784177140	results/experiments/toolchain-environment/20260729T171551Z-toolchain-formal01/boots/repetition-01/lower/python310/lib/python3.10/site-packages/setuptools/config/_validate_pyproject/__pycache__/fastjsonschema_exceptions.cpython-310.pyc
f	644	1000	1000	25788	64	35960555	1785345395.7357646010	results/experiments/toolchain-environment/20260729T171551Z-toolchain-formal01/boots/repetition-01/lower/python310/lib/python3.10/site-packages/pip/_vendor/rich/__pycache__/syntax.cpython-310.pyc
f	644	1000	1000	25796	64	35958919	1785345379.9205622900	results/experiments/toolchain-environment/20260729T171551Z-toolchain-formal01/boots/repetition-01/lower/python310/lib/python3.10/site-packages/pip/_vendor/chardet/jisfreq.py
f	644	1000	1000	25796	64	35961203	1785345404.4395671940	results/experiments/toolchain-environment/20260729T171551Z-toolchain-formal01/boots/repetition-01/lower/python312/lib/python3.12/site-packages/pip/_vendor/chardet/jisfreq.py
f	644	1000	1000	2580	64	35957791	1785345368.7481173670	results/experiments/toolchain-environment/20260729T171551Z-toolchain-formal01/boots/repetition-01/lower/python310/lib/python3.10/site-packages/setuptools/_distutils/compilers/C/tests/__pycache__/test_mingw.cpython-310.pyc
f	644	1000	1000	25861	64	35962103	1785345410.4088138500	results/experiments/toolchain-environment/20260729T171551Z-toolchain-formal01/boots/repetition-01/lower/python312/lib/python3.12/site-packages/pip/_internal/operations/__pycache__/prepare.cpython-312.pyc
f	644	1000	1000	25907	64	35960897	1785345403.1260762250	results/experiments/toolchain-environment/20260729T171551Z-toolchain-formal01/boots/repetition-01/lower/python312/lib/python3.12/site-packages/pip/_internal/metadata/base.py
f	644	1000	1000	2591	64	35959151	1785345380.7925782310	results/experiments/toolchain-environment/20260729T171551Z-toolchain-formal01/boots/repetition-01/lower/python310/lib/python3.10/site-packages/pip/_vendor/pygments/plugin.py
f	644	1000	1000	2591	64	35961457	1785345405.4527129470	results/experiments/toolchain-environment/20260729T171551Z-toolchain-formal01/boots/repetition-01/lower/python312/lib/python3.12/site-packages/pip/_vendor/pygments/plugin.py
f	644	1000	1000	2595	64	35958611	1785345378.8295152900	results/experiments/toolchain-environment/20260729T171551Z-toolchain-formal01/boots/repetition-01/lower/python310/lib/python3.10/site-packages/pip/_internal/metadata/_json.py
f	644	1000	1000	25982	64	35957205	1785345364.9995314570	results/experiments/toolchain-environment/20260729T171551Z-toolchain-formal01/boots/repetition-01/lower/python310/lib/python3.10/site-packages/setuptools/command/egg_info.py
f	644	1000	1000	26	64	35957059	1785345364.3302773990	results/experiments/toolchain-environment/20260729T171551Z-toolchain-formal01/boots/repetition-01/lower/python310/lib/python3.10/site-packages/setuptools/_vendor/tomli/py.typed
f	644	1000	1000	2600	64	35962813	1785345422.5045334600	results/experiments/toolchain-environment/20260729T171551Z-toolchain-formal01/boots/repetition-01/lower/python312/lib/python3.12/site-packages/pip/_vendor/rich/__pycache__/screen.cpython-312.pyc
f	644	1000	1000	26013	64	35962681	1785345420.1612985850	results/experiments/toolchain-environment/20260729T171551Z-toolchain-formal01/boots/repetition-01/lower/python312/lib/python3.12/site-packages/pip/_vendor/resolvelib/__pycache__/resolvers.cpython-312.pyc
f	644	1000	1000	2603	64	35962391	1785345414.8406573850	results/experiments/toolchain-environment/20260729T171551Z-toolchain-formal01/boots/repetition-01/lower/python312/lib/python3.12/site-packages/pip/_vendor/colorama/tests/__pycache__/utils.cpython-312.pyc
f	644	1000	1000	26048	64	35959705	1785345384.0156371570	results/experiments/toolchain-environment/20260729T171551Z-toolchain-formal01/boots/repetition-01/lower/python310/lib/python3.10/site-packages/pip/_internal/__pycache__/exceptions.cpython-310.pyc
f	644	1000	1000	2606	64	35962725	1785345420.9792070300	results/experiments/toolchain-environment/20260729T171551Z-toolchain-formal01/boots/repetition-01/lower/python312/lib/python3.12/site-packages/pip/_vendor/rich/__pycache__/_windows.cpython-312.pyc
f	644	1000	1000	26070	64	35959459	1785345382.0826018150	results/experiments/toolchain-environment/20260729T171551Z-toolchain-formal01/boots/repetition-01/lower/python310/lib/python3.10/site-packages/pip/_vendor/rich/traceback.py
f	644	1000	1000	2608	64	35957903	1785345370.2673858660	results/experiments/toolchain-environment/20260729T171551Z-toolchain-formal01/boots/repetition-01/lower/python310/lib/python3.10/site-packages/setuptools/_distutils/tests/__pycache__/test_version.cpython-310.pyc
f	644	1000	1000	26116	64	35962039	1785345409.3849867110	results/experiments/toolchain-environment/20260729T171551Z-toolchain-formal01/boots/repetition-01/lower/python312/lib/python3.12/site-packages/pip/_internal/models/__pycache__/link.cpython-312.pyc
f	644	1000	1000	2617	64	35958639	1785345378.9265441190	results/experiments/toolchain-environment/20260729T171551Z-toolchain-formal01/boots/repetition-01/lower/python310/lib/python3.10/site-packages/pip/_internal/models/installation_report.py
f	644	1000	1000	2620	64	35960611	1785345396.5059827380	results/experiments/toolchain-environment/20260729T171551Z-toolchain-formal01/boots/repetition-01/lower/python310/lib/python3.10/site-packages/pip/_vendor/urllib3/__pycache__/__init__.cpython-310.pyc
f	644	1000	1000	2627	64	35960895	1785345403.1144884320	results/experiments/toolchain-environment/20260729T171551Z-toolchain-formal01/boots/repetition-01/lower/python312/lib/python3.12/site-packages/pip/_internal/metadata/_json.py
f	644	1000	1000	2631	64	35960301	1785345392.2899831910	results/experiments/toolchain-environment/20260729T171551Z-toolchain-formal01/boots/repetition-01/lower/python310/lib/python3.10/site-packages/pip/_vendor/pygments/__pycache__/plugin.cpython-310.pyc
f	644	1000	1000	26332	64	35959443	1785345382.0096004800	results/experiments/toolchain-environment/20260729T171551Z-toolchain-formal01/boots/repetition-01/lower/python310/lib/python3.10/site-packages/pip/_vendor/rich/style.py
f	644	1000	1000	2637	64	35957213	1785345365.0326210330	results/experiments/toolchain-environment/20260729T171551Z-toolchain-formal01/boots/repetition-01/lower/python310/lib/python3.10/site-packages/setuptools/command/install_scripts.py
f	644	1000	1000	26384	64	35958355	1785345376.7905732780	results/experiments/toolchain-environment/20260729T171551Z-toolchain-formal01/boots/repetition-01/lower/python310/lib/python3.10/site-packages/setuptools/tests/config/__pycache__/test_apply_pyprojecttoml.cpython-310.pyc
f	644	1000	1000	2644	64	35956725	1785345362.9882834580	results/experiments/toolchain-environment/20260729T171551Z-toolchain-formal01/boots/repetition-01/lower/python310/lib/python3.10/site-packages/setuptools/_distutils/command/clean.py
f	644	1000	1000	2648	64	35958233	1785345375.0995547200	results/experiments/toolchain-environment/20260729T171551Z-toolchain-formal01/boots/repetition-01/lower/python310/lib/python3.10/site-packages/setuptools/command/__pycache__/build_clib.cpython-310.pyc
f	644	1000	1000	265	64	35959323	1785345381.4605904430	results/experiments/toolchain-environment/20260729T171551Z-toolchain-formal01/boots/repetition-01/lower/python310/lib/python3.10/site-packages/pip/_vendor/rich/_extension.py
f	644	1000	1000	265	64	35961587	1785345405.9455837580	results/experiments/toolchain-environment/20260729T171551Z-toolchain-formal01/boots/repetition-01/lower/python312/lib/python3.12/site-packages/pip/_vendor/rich/_extension.py
f	644	1000	1000	2655	64	35959125	1785345380.6974268320	results/experiments/toolchain-environment/20260729T171551Z-toolchain-formal01/boots/repetition-01/lower/python310/lib/python3.10/site-packages/pip/_vendor/platformdirs/macos.py
f	644	1000	1000	26575	64	35957253	1785345365.1952932000	results/experiments/toolchain-environment/20260729T171551Z-toolchain-formal01/boots/repetition-01/lower/python310/lib/python3.10/site-packages/setuptools/config/setupcfg.py
f	644	1000	1000	266	64	35958981	1785345380.1605666770	results/experiments/toolchain-environment/20260729T171551Z-toolchain-formal01/boots/repetition-01/lower/python310/lib/python3.10/site-packages/pip/_vendor/colorama/__init__.py
f	644	1000	1000	266	64	35961259	1785345404.6731523680	results/experiments/toolchain-environment/20260729T171551Z-toolchain-formal01/boots/repetition-01/lower/python312/lib/python3.12/site-packages/pip/_vendor/colorama/__init__.py
f	644	1000	1000	2664	64	35956809	1785345363.3441687130	results/experiments/toolchain-environment/20260729T171551Z-toolchain-formal01/boots/repetition-01/lower/python310/lib/python3.10/site-packages/setuptools/_distutils/tests/test_config_cmd.py
f	644	1000	1000	26640	64	35956941	1785345363.8432685030	results/experiments/toolchain-environment/20260729T171551Z-toolchain-formal01/boots/repetition-01/lower/python310/lib/python3.10/site-packages/setuptools/_vendor/jaraco/collections/__init__.py
f	644	1000	1000	26686	64	35962743	1785345421.2973193900	results/experiments/toolchain-environment/20260729T171551Z-toolchain-formal01/boots/repetition-01/lower/python312/lib/python3.12/site-packages/pip/_vendor/rich/__pycache__/color.cpython-312.pyc
f	644	1000	1000	26692	64	35961495	1785345405.5917167330	results/experiments/toolchain-environment/20260729T171551Z-toolchain-formal01/boots/repetition-01/lower/python312/lib/python3.12/site-packages/pip/_vendor/pyparsing/results.py
f	644	1000	1000	26721	64	35962515	1785345416.8862386110	results/experiments/toolchain-environment/20260729T171551Z-toolchain-formal01/boots/repetition-01/lower/python312/lib/python3.12/site-packages/pip/_vendor/pygments/__pycache__/cmdline.cpython-312.pyc
f	644	1000	1000	2674	64	35957143	1785345364.7112843590	results/experiments/toolchain-environment/20260729T171551Z-toolchain-formal01/boots/repetition-01/lower/python310/lib/python3.10/site-packages/setuptools/_vendor/wheel/vendored/packaging/_musllinux.py
f	644	1000	1000	26775	64	35959735	1785345384.3936440680	results/experiments/toolchain-environment/20260729T171551Z-toolchain-formal01/boots/repetition-01/lower/python310/lib/python3.10/site-packages/pip/_internal/metadata/__pycache__/base.cpython-310.pyc
f	644	1000	1000	267824	64	35962597	1785345418.5872697600	results/experiments/toolchain-environment/20260729T171551Z-toolchain-formal01/boots/repetition-01/lower/python312/lib/python3.12/site-packages/pip/_vendor/pyparsing/__pycache__/core.cpython-312.pyc
f	644	1000	1000	2685	64	35956571	1785345362.4636202000	results/experiments/toolchain-environment/20260729T171551Z-toolchain-formal01/boots/repetition-01/lower/python310/lib/python3.10/site-packages/setuptools/_path.py
f	644	1000	1000	2688	64	35960411	1785345393.7027695860	results/experiments/toolchain-environment/20260729T171551Z-toolchain-formal01/boots/repetition-01/lower/python310/lib/python3.10/site-packages/pip/_vendor/resolvelib/__pycache__/reporters.cpython-310.pyc
f	644	1000	1000	26898	64	35960145	1785345390.1947356050	results/experiments/toolchain-environment/20260729T171551Z-toolchain-formal01/boots/repetition-01/lower/python310/lib/python3.10/site-packages/pip/_vendor/distlib/__pycache__/metadata.cpython-310.pyc
f	644	1000	1000	26929	64	35962601	1785345418.6362706570	results/experiments/toolchain-environment/20260729T171551Z-toolchain-formal01/boots/repetition-01/lower/python312/lib/python3.12/site-packages/pip/_vendor/pyparsing/diagram/__pycache__/__init__.cpython-312.pyc
f	644	1000	1000	2694	64	35956993	1785345364.0602724670	results/experiments/toolchain-environment/20260729T171551Z-toolchain-formal01/boots/repetition-01/lower/python310/lib/python3.10/site-packages/setuptools/_vendor/packaging/_musllinux.py
f	644	1000	1000	2694	64	35962195	1785345411.7382917670	results/experiments/toolchain-environment/20260729T171551Z-toolchain-formal01/boots/repetition-01/lower/python312/lib/python3.12/site-packages/pip/_internal/utils/__pycache__/packaging.cpython-312.pyc
f	644	1000	1000	2701	64	35956771	1785345363.1769581050	results/experiments/toolchain-environment/20260729T171551Z-toolchain-formal01/boots/repetition-01/lower/python310/lib/python3.10/site-packages/setuptools/_distutils/compilers/C/tests/test_cygwin.py
f	644	1000	1000	2702	64	35962863	1785345423.2183545740	results/experiments/toolchain-environment/20260729T171551Z-toolchain-formal01/boots/repetition-01/lower/python312/lib/python3.12/site-packages/pip/_vendor/tenacity/__pycache__/tornadoweb.cpython-312.pyc
f	644	1000	1000	2703	64	35960709	1785345397.9111360550	results/experiments/toolchain-environment/20260729T171551Z-toolchain-formal01/boots/repetition-01/lower/python310/lib/python3.10/site-packages/pip/_vendor/webencodings/__pycache__/x_user_defined.cpython-310.pyc
f	644	1000	1000	27043	64	35962871	1785345423.3053561680	results/experiments/toolchain-environment/20260729T171551Z-toolchain-formal01/boots/repetition-01/lower/python312/lib/python3.12/site-packages/pip/_vendor/tomli/__pycache__/_parser.cpython-312.pyc
f	644	1000	1000	27055	64	35958925	1785345379.9455652950	results/experiments/toolchain-environment/20260729T171551Z-toolchain-formal01/boots/repetition-01/lower/python310/lib/python3.10/site-packages/pip/_vendor/chardet/jpcntx.py
f	644	1000	1000	27055	64	35961209	1785345404.4650112280	results/experiments/toolchain-environment/20260729T171551Z-toolchain-formal01/boots/repetition-01/lower/python312/lib/python3.12/site-packages/pip/_vendor/chardet/jpcntx.py
f	644	1000	1000	2706	64	35956769	1785345363.1655807170	results/experiments/toolchain-environment/20260729T171551Z-toolchain-formal01/boots/repetition-01/lower/python310/lib/python3.10/site-packages/setuptools/_distutils/compilers/C/tests/test_base.py
f	644	1000	1000	27073	64	35961709	1785345406.4776744390	results/experiments/toolchain-environment/20260729T171551Z-toolchain-formal01/boots/repetition-01/lower/python312/lib/python3.12/site-packages/pip/_vendor/rich/style.py
f	644	1000	1000	2711	64	35960029	1785345388.4574992640	results/experiments/toolchain-environment/20260729T171551Z-toolchain-formal01/boots/repetition-01/lower/python310/lib/python3.10/site-packages/pip/_vendor/chardet/__pycache__/eucjpprober.cpython-310.pyc
f	644	1000	1000	2714	64	35959835	1785345385.7036680220	results/experiments/toolchain-environment/20260729T171551Z-toolchain-formal01/boots/repetition-01/lower/python310/lib/python3.10/site-packages/pip/_internal/req/__pycache__/__init__.cpython-310.pyc
f	644	1000	1000	27159	64	35962539	1785345417.3432469800	results/experiments/toolchain-environment/20260729T171551Z-toolchain-formal01/boots/repetition-01/lower/python312/lib/python3.12/site-packages/pip/_vendor/pygments/formatters/__pycache__/img.cpython-312.pyc
f	644	1000	1000	27202	64	35962845	1785345422.9613498670	results/experiments/toolchain-environment/20260729T171551Z-toolchain-formal01/boots/repetition-01/lower/python312/lib/python3.12/site-packages/pip/_vendor/tenacity/__pycache__/__init__.cpython-312.pyc
f	644	1000	1000	2725	64	35960577	1785345396.0482820390	results/experiments/toolchain-environment/20260729T171551Z-toolchain-formal01/boots/repetition-01/lower/python310/lib/python3.10/site-packages/pip/_vendor/tenacity/__pycache__/_asyncio.cpython-310.pyc
f	644	1000	1000	2728	64	35958059	1785345372.5933154200	results/experiments/toolchain-environment/20260729T171551Z-toolchain-formal01/boots/repetition-01/lower/python310/lib/python3.10/site-packages/setuptools/_vendor/packaging/licenses/__pycache__/__init__.cpython-310.pyc
f	644	1000	1000	2728	64	35960497	1785345394.9106750790	results/experiments/toolchain-environment/20260729T171551Z-toolchain-formal01/boots/repetition-01/lower/python310/lib/python3.10/site-packages/pip/_vendor/rich/__pycache__/filesize.cpython-310.pyc
f	644	1000	1000	27289	64	35960001	1785345388.0325791440	results/experiments/toolchain-environment/20260729T171551Z-toolchain-formal01/boots/repetition-01/lower/python310/lib/python3.10/site-packages/pip/_vendor/chardet/__pycache__/big5freq.cpython-310.pyc
f	644	1000	1000	27293	64	35960035	1785345388.5589403400	results/experiments/toolchain-environment/20260729T171551Z-toolchain-formal01/boots/repetition-01/lower/python310/lib/python3.10/site-packages/pip/_vendor/chardet/__pycache__/euctwfreq.cpython-310.pyc
f	644	1000	1000	2731	64	35958255	1785345375.4704809490	results/experiments/toolchain-environment/20260729T171551Z-toolchain-formal01/boots/repetition-01/lower/python310/lib/python3.10/site-packages/setuptools/command/__pycache__/install_scripts.cpython-310.pyc
f	644	1000	1000	27311	64	35960987	1785345403.5593782830	results/experiments/toolchain-environment/20260729T171551Z-toolchain-formal01/boots/repetition-01/lower/python312/lib/python3.12/site-packages/pip/_internal/operations/install/wheel.py
f	644	1000	1000	27314	64	35962271	1785345412.6845074440	results/experiments/toolchain-environment/20260729T171551Z-toolchain-formal01/boots/repetition-01/lower/python312/lib/python3.12/site-packages/pip/_vendor/chardet/__pycache__/big5freq.cpython-312.pyc
f	644	1000	1000	27319	64	35962305	1785345413.1956032130	results/experiments/toolchain-environment/20260729T171551Z-toolchain-formal01/boots/repetition-01/lower/python312/lib/python3.12/site-packages/pip/_vendor/chardet/__pycache__/euctwfreq.cpython-312.pyc
f	644	1000	1000	2734	64	35961921	1785345407.7142560990	results/experiments/toolchain-environment/20260729T171551Z-toolchain-formal01/boots/repetition-01/lower/python312/lib/python3.12/site-packages/pip/_internal/cli/__pycache__/progress_bars.cpython-312.pyc
f	644	1000	1000	2738	64	35960995	1785345403.5905973340	results/experiments/toolchain-environment/20260729T171551Z-toolchain-formal01/boots/repetition-01/lower/python312/lib/python3.12/site-packages/pip/_internal/req/__init__.py
f	644	1000	1000	27407	64	35958707	1785345379.1745486530	results/experiments/toolchain-environment/20260729T171551Z-toolchain-formal01/boots/repetition-01/lower/python310/lib/python3.10/site-packages/pip/_internal/operations/install/wheel.py
f	644	1000	1000	2742	64	35962517	1785345416.9256637710	results/experiments/toolchain-environment/20260729T171551Z-toolchain-formal01/boots/repetition-01/lower/python312/lib/python3.12/site-packages/pip/_vendor/pygments/__pycache__/console.cpython-312.pyc
f	644	1000	1000	2744	64	35957873	1785345369.8491858200	results/experiments/toolchain-environment/20260729T171551Z-toolchain-formal01/boots/repetition-01/lower/python310/lib/python3.10/site-packages/setuptools/_distutils/tests/__pycache__/test_extension.cpython-310.pyc
f	644	1000	1000	2745	64	35959669	1785345383.3586251440	results/experiments/toolchain-environment/20260729T171551Z-toolchain-formal01/boots/repetition-01/lower/python310/lib/python3.10/site-packages/pip/_internal/commands/__pycache__/freeze.cpython-310.pyc
f	644	1000	1000	2749	64	35960089	1785345389.4491794000	results/experiments/toolchain-environment/20260729T171551Z-toolchain-formal01/boots/repetition-01/lower/python310/lib/python3.10/site-packages/pip/_vendor/chardet/__pycache__/sjisprober.cpython-310.pyc
f	644	1000	1000	2750	64	35956847	1785345363.5102005870	results/experiments/toolchain-environment/20260729T171551Z-toolchain-formal01/boots/repetition-01/lower/python310/lib/python3.10/site-packages/setuptools/_distutils/tests/test_version.py
f	644	1000	1000	2751	64	35960435	1785345394.0290818790	results/experiments/toolchain-environment/20260729T171551Z-toolchain-formal01/boots/repetition-01/lower/python310/lib/python3.10/site-packages/pip/_vendor/rich/__pycache__/_log_render.cpython-310.pyc
f	644	1000	1000	275233	64	35958873	1785345379.7515592010	results/experiments/toolchain-environment/20260729T171551Z-toolchain-formal01/boots/repetition-01/lower/python310/lib/python3.10/site-packages/pip/_vendor/certifi/cacert.pem
f	644	1000	1000	2753	64	35962447	1785345415.7325880820	results/experiments/toolchain-environment/20260729T171551Z-toolchain-formal01/boots/repetition-01/lower/python312/lib/python3.12/site-packages/pip/_vendor/idna/__pycache__/intranges.cpython-312.pyc
f	644	1000	1000	2761	64	35962235	1785345412.2441538960	results/experiments/toolchain-environment/20260729T171551Z-toolchain-formal01/boots/repetition-01/lower/python312/lib/python3.12/site-packages/pip/_vendor/cachecontrol/__pycache__/_cmd.cpython-312.pyc
f	644	1000	1000	2765	64	35960251	1785345391.5674142810	results/experiments/toolchain-environment/20260729T171551Z-toolchain-formal01/boots/repetition-01/lower/python310/lib/python3.10/site-packages/pip/_vendor/pygments/__pycache__/filter.cpython-310.pyc
f	644	1000	1000	2767	64	35960023	1785345388.3659803800	results/experiments/toolchain-environment/20260729T171551Z-toolchain-formal01/boots/repetition-01/lower/python310/lib/python3.10/site-packages/pip/_vendor/chardet/__pycache__/enums.cpython-310.pyc
f	644	1000	1000	27692	64	35960571	1785345395.9899258590	results/experiments/toolchain-environment/20260729T171551Z-toolchain-formal01/boots/repetition-01/lower/python310/lib/python3.10/site-packages/pip/_vendor/__pycache__/six.cpython-310.pyc
f	644	1000	1000	2770	64	35962679	1785345420.1216564770	results/experiments/toolchain-environment/20260729T171551Z-toolchain-formal01/boots/repetition-01/lower/python312/lib/python3.12/site-packages/pip/_vendor/resolvelib/__pycache__/reporters.cpython-312.pyc
f	644	1000	1000	2774	64	35957285	1785345365.3445189220	results/experiments/toolchain-environment/20260729T171551Z-toolchain-formal01/boots/repetition-01/lower/python310/lib/python3.10/site-packages/setuptools/tests/namespaces.py
f	644	1000	1000	27765	64	35960661	1785345397.2160146760	results/experiments/toolchain-environment/20260729T171551Z-toolchain-formal01/boots/repetition-01/lower/python310/lib/python3.10/site-packages/pip/_vendor/urllib3/packages/__pycache__/six.cpython-310.pyc
f	644	1000	1000	2778	64	35958257	1785345375.5054773540	results/experiments/toolchain-environment/20260729T171551Z-toolchain-formal01/boots/repetition-01/lower/python310/lib/python3.10/site-packages/setuptools/command/__pycache__/rotate.cpython-310.pyc
f	644	1000	1000	2783	64	35959349	1785345381.5835926920	results/experiments/toolchain-environment/20260729T171551Z-toolchain-formal01/boots/repetition-01/lower/python310/lib/python3.10/site-packages/pip/_vendor/rich/_windows_renderer.py
f	644	1000	1000	2783	64	35961615	1785345406.0659181500	results/experiments/toolchain-environment/20260729T171551Z-toolchain-formal01/boots/repetition-01/lower/python312/lib/python3.12/site-packages/pip/_vendor/rich/_windows_renderer.py
f	644	1000	1000	27873	64	35962659	1785345419.7862917170	results/experiments/toolchain-environment/20260729T171551Z-toolchain-formal01/boots/repetition-01/lower/python312/lib/python3.12/site-packages/pip/_vendor/requests/__pycache__/sessions.cpython-312.pyc
f	644	1000	1000	27878	64	35958743	1785345379.2906516560	results/experiments/toolchain-environment/20260729T171551Z-toolchain-formal01/boots/repetition-01/lower/python310/lib/python3.10/site-packages/pip/_internal/resolution/resolvelib/factory.py
f	644	1000	1000	2790	64	35959481	1785345382.1746034970	results/experiments/toolchain-environment/20260729T171551Z-toolchain-formal01/boots/repetition-01/lower/python310/lib/python3.10/site-packages/pip/_vendor/tenacity/stop.py
f	644	1000	1000	2800	64	35960119	1785345389.8362709270	results/experiments/toolchain-environment/20260729T171551Z-toolchain-formal01/boots/repetition-01/lower/python310/lib/python3.10/site-packages/pip/_vendor/colorama/tests/__pycache__/isatty_test.cpython-310.pyc
f	644	1000	1000	2801	64	35959967	1785345387.5891452120	results/experiments/toolchain-environment/20260729T171551Z-toolchain-formal01/boots/repetition-01/lower/python310/lib/python3.10/site-packages/pip/_vendor/cachecontrol/__pycache__/cache.cpython-310.pyc
f	644	1000	1000	28031	64	35960525	1785345395.3042470260	results/experiments/toolchain-environment/20260729T171551Z-toolchain-formal01/boots/repetition-01/lower/python310/lib/python3.10/site-packages/pip/_vendor/rich/__pycache__/pretty.cpython-310.pyc
f	644	1000	1000	2807	64	35958711	1785345379.1833598970	results/experiments/toolchain-environment/20260729T171551Z-toolchain-formal01/boots/repetition-01/lower/python310/lib/python3.10/site-packages/pip/_internal/req/__init__.py
f	644	1000	1000	2808	64	35959905	1785345386.7246063770	results/experiments/toolchain-environment/20260729T171551Z-toolchain-formal01/boots/repetition-01/lower/python310/lib/python3.10/site-packages/pip/_internal/utils/__pycache__/entrypoints.cpython-310.pyc
f	644	1000	1000	2812	64	35958963	1785345380.1105969500	results/experiments/toolchain-environment/20260729T171551Z-toolchain-formal01/boots/repetition-01/lower/python310/lib/python3.10/site-packages/pip/_vendor/chardet/utf8prober.py
f	644	1000	1000	2812	64	35961253	1785345404.6576404270	results/experiments/toolchain-environment/20260729T171551Z-toolchain-formal01/boots/repetition-01/lower/python312/lib/python3.12/site-packages/pip/_vendor/chardet/utf8prober.py
f	644	1000	1000	28128	64	35960989	1785345403.5705253490	results/experiments/toolchain-environment/20260729T171551Z-toolchain-formal01/boots/repetition-01/lower/python312/lib/python3.12/site-packages/pip/_internal/operations/prepare.py
f	644	1000	1000	2815	64	35962989	1785345424.8960518520	results/experiments/toolchain-environment/20260729T171551Z-toolchain-formal01/boots/repetition-01/lower/python312/lib/python3.12/site-packages/pip/_vendor/webencodings/__pycache__/mklabels.cpython-312.pyc
f	644	1000	1000	2816	64	35960203	1785345390.9711596300	results/experiments/toolchain-environment/20260729T171551Z-toolchain-formal01/boots/repetition-01/lower/python310/lib/python3.10/site-packages/pip/_vendor/packaging/__pycache__/_structures.cpython-310.pyc
f	644	1000	1000	2816	64	35960801	1785345402.6478524160	results/experiments/toolchain-environment/20260729T171551Z-toolchain-formal01/boots/repetition-01/lower/python312/lib/python3.12/site-packages/pip/_internal/cli/main.py
f	644	1000	1000	281617	64	35961151	1785345404.2330069820	results/experiments/toolchain-environment/20260729T171551Z-toolchain-formal01/boots/repetition-01/lower/python312/lib/python3.12/site-packages/pip/_vendor/certifi/cacert.pem
f	644	1000	1000	2818	64	35960923	1785345403.2474929010	results/experiments/toolchain-environment/20260729T171551Z-toolchain-formal01/boots/repetition-01/lower/python312/lib/python3.12/site-packages/pip/_internal/models/installation_report.py
f	644	1000	1000	2823	64	35958053	1785345372.5254271280	results/experiments/toolchain-environment/20260729T171551Z-toolchain-formal01/boots/repetition-01/lower/python310/lib/python3.10/site-packages/setuptools/_vendor/packaging/__pycache__/_structures.cpython-310.pyc
f	644	1000	1000	2823	64	35958429	1785345377.7705229890	results/experiments/toolchain-environment/20260729T171551Z-toolchain-formal01/boots/repetition-01/lower/python310/lib/python3.10/site-packages/setuptools/tests/__pycache__/test_find_py_modules.cpython-310.pyc
f	644	1000	1000	2823	64	35962193	1785345411.7074789870	results/experiments/toolchain-environment/20260729T171551Z-toolchain-formal01/boots/repetition-01/lower/python312/lib/python3.12/site-packages/pip/_internal/utils/__pycache__/models.cpython-312.pyc
f	644	1000	1000	28242	64	35960155	1785345390.3667444090	results/experiments/toolchain-environment/20260729T171551Z-toolchain-formal01/boots/repetition-01/lower/python310/lib/python3.10/site-packages/pip/_vendor/distlib/__pycache__/wheel.cpython-310.pyc
f	644	1000	1000	28270	64	35958127	1785345373.6946499140	results/experiments/toolchain-environment/20260729T171551Z-toolchain-formal01/boots/repetition-01/lower/python310/lib/python3.10/site-packages/setuptools/_vendor/typeguard/__pycache__/_transformer.cpython-310.pyc
f	644	1000	1000	28277	64	35962815	1785345422.5363420830	results/experiments/toolchain-environment/20260729T171551Z-toolchain-formal01/boots/repetition-01/lower/python312/lib/python3.12/site-packages/pip/_vendor/rich/__pycache__/segment.cpython-312.pyc
f	644	1000	1000	2828	64	35958125	1785345373.6593359210	results/experiments/toolchain-environment/20260729T171551Z-toolchain-formal01/boots/repetition-01/lower/python310/lib/python3.10/site-packages/setuptools/_vendor/typeguard/__pycache__/_suppression.cpython-310.pyc
f	644	1000	1000	28286	64	35958363	1785345376.9065071960	results/experiments/toolchain-environment/20260729T171551Z-toolchain-formal01/boots/repetition-01/lower/python310/lib/python3.10/site-packages/setuptools/tests/config/__pycache__/test_setupcfg.cpython-310.pyc
f	644	1000	1000	28301	64	35957697	1785345367.3423324240	results/experiments/toolchain-environment/20260729T171551Z-toolchain-formal01/boots/repetition-01/lower/python310/lib/python3.10/site-packages/pkg_resources/tests/__pycache__/test_resources.cpython-310.pyc
f	644	1000	1000	2838	64	35958183	1785345374.4474622520	results/experiments/toolchain-environment/20260729T171551Z-toolchain-formal01/boots/repetition-01/lower/python310/lib/python3.10/site-packages/setuptools/_vendor/wheel/vendored/packaging/__pycache__/_structures.cpython-310.pyc
f	644	1000	1000	2839	64	35958997	1785345380.2165677010	results/experiments/toolchain-environment/20260729T171551Z-toolchain-formal01/boots/repetition-01/lower/python310/lib/python3.10/site-packages/pip/_vendor/colorama/tests/ansi_test.py
f	644	1000	1000	2839	64	35961271	1785345404.7151859330	results/experiments/toolchain-environment/20260729T171551Z-toolchain-formal01/boots/repetition-01/lower/python312/lib/python3.12/site-packages/pip/_vendor/colorama/tests/ansi_test.py
f	644	1000	1000	2843	64	35959433	1785345381.9676942040	results/experiments/toolchain-environment/20260729T171551Z-toolchain-formal01/boots/repetition-01/lower/python310/lib/python3.10/site-packages/pip/_vendor/rich/scope.py
f	644	1000	1000	2843	64	35961699	1785345406.4369969790	results/experiments/toolchain-environment/20260729T171551Z-toolchain-formal01/boots/repetition-01/lower/python312/lib/python3.12/site-packages/pip/_vendor/rich/scope.py
f	644	1000	1000	2846	64	35957067	1785345364.3690536240	results/experiments/toolchain-environment/20260729T171551Z-toolchain-formal01/boots/repetition-01/lower/python310/lib/python3.10/site-packages/setuptools/_vendor/typeguard/_config.py
f	644	1000	1000	2848	64	35959757	1785345384.6666490600	results/experiments/toolchain-environment/20260729T171551Z-toolchain-formal01/boots/repetition-01/lower/python310/lib/python3.10/site-packages/pip/_internal/models/__pycache__/format_control.cpython-310.pyc
f	644	1000	1000	2853	64	35962247	1785345412.3971564190	results/experiments/toolchain-environment/20260729T171551Z-toolchain-formal01/boots/repetition-01/lower/python312/lib/python3.12/site-packages/pip/_vendor/cachecontrol/caches/__pycache__/redis_cache.cpython-312.pyc
f	644	1000	1000	2858	64	35957265	1785345365.2471765560	results/experiments/toolchain-environment/20260729T171551Z-toolchain-formal01/boots/repetition-01/lower/python310/lib/python3.10/site-packages/setuptools/config/_validate_pyproject/extra_validations.py
f	644	1000	1000	2858	64	35958719	1785345379.2145893200	results/experiments/toolchain-environment/20260729T171551Z-toolchain-formal01/boots/repetition-01/lower/python310/lib/python3.10/site-packages/pip/_internal/req/req_set.py
f	644	1000	1000	28591	64	35956981	1785345364.0142716260	results/experiments/toolchain-environment/20260729T171551Z-toolchain-formal01/boots/repetition-01/lower/python310/lib/python3.10/site-packages/setuptools/_vendor/more_itertools/recipes.py
f	644	1000	1000	286	64	35958489	1785345378.4215733550	results/experiments/toolchain-environment/20260729T171551Z-toolchain-formal01/boots/repetition-01/lower/python310/lib/python3.10/site-packages/pip/py.typed
f	644	1000	1000	286	64	35961885	1785345407.2343988830	results/experiments/toolchain-environment/20260729T171551Z-toolchain-formal01/boots/repetition-01/lower/python312/lib/python3.12/site-packages/pip/py.typed
f	644	1000	1000	2860	64	35959741	1785345384.4596452750	results/experiments/toolchain-environment/20260729T171551Z-toolchain-formal01/boots/repetition-01/lower/python310/lib/python3.10/site-packages/pip/_internal/metadata/importlib/__pycache__/_compat.cpython-310.pyc
f	644	1000	1000	2861	64	35960649	1785345397.0715101730	results/experiments/toolchain-environment/20260729T171551Z-toolchain-formal01/boots/repetition-01/lower/python310/lib/python3.10/site-packages/pip/_vendor/urllib3/__pycache__/filepost.cpython-310.pyc
f	644	1000	1000	28625	64	35958401	1785345377.3815158780	results/experiments/toolchain-environment/20260729T171551Z-toolchain-formal01/boots/repetition-01/lower/python310/lib/python3.10/site-packages/setuptools/tests/__pycache__/test_build_meta.cpython-310.pyc
f	644	1000	1000	2868	64	35956733	1785345363.0242885190	results/experiments/toolchain-environment/20260729T171551Z-toolchain-formal01/boots/repetition-01/lower/python310/lib/python3.10/site-packages/setuptools/_distutils/command/install_egg_info.py
f	644	1000	1000	2870	64	35959813	1785345385.4046625540	results/experiments/toolchain-environment/20260729T171551Z-toolchain-formal01/boots/repetition-01/lower/python310/lib/python3.10/site-packages/pip/_internal/operations/build/__pycache__/wheel_legacy.cpython-310.pyc
f	644	1000	1000	2875	64	35956731	1785345363.0151525020	results/experiments/toolchain-environment/20260729T171551Z-toolchain-formal01/boots/repetition-01/lower/python310/lib/python3.10/site-packages/setuptools/_distutils/command/install_data.py
f	644	1000	1000	28759	64	35958445	1785345377.9845269000	results/experiments/toolchain-environment/20260729T171551Z-toolchain-formal01/boots/repetition-01/lower/python310/lib/python3.10/site-packages/setuptools/tests/__pycache__/test_sdist.cpython-310.pyc
f	644	1000	1000	28782	64	35960841	1785345402.8559817820	results/experiments/toolchain-environment/20260729T171551Z-toolchain-formal01/boots/repetition-01/lower/python312/lib/python3.12/site-packages/pip/_internal/commands/install.py
f	644	1000	1000	2879	64	35958381	1785345377.1136647990	results/experiments/toolchain-environment/20260729T171551Z-toolchain-formal01/boots/repetition-01/lower/python310/lib/python3.10/site-packages/setuptools/tests/__pycache__/namespaces.cpython-310.pyc
f	644	1000	1000	2880	64	35956801	1785345363.3092587490	results/experiments/toolchain-environment/20260729T171551Z-toolchain-formal01/boots/repetition-01/lower/python310/lib/python3.10/site-packages/setuptools/_distutils/tests/test_build_scripts.py
f	644	1000	1000	28807	64	35957383	1785345365.7756020340	results/experiments/toolchain-environment/20260729T171551Z-toolchain-formal01/boots/repetition-01/lower/python310/lib/python3.10/site-packages/setuptools/tests/config/test_apply_pyprojecttoml.py
f	644	1000	1000	2891	64	35957529	1785345366.3473142460	results/experiments/toolchain-environment/20260729T171551Z-toolchain-formal01/boots/repetition-01/lower/python310/lib/python3.10/site-packages/setuptools/_vendor/jaraco.functools-4.0.1.dist-info/METADATA
f	644	1000	1000	2895	64	35956903	1785345363.7066230690	results/experiments/toolchain-environment/20260729T171551Z-toolchain-formal01/boots/repetition-01/lower/python310/lib/python3.10/site-packages/setuptools/_vendor/importlib_metadata/_functools.py
f	644	1000	1000	29027	64	35961955	1785345408.2278749970	results/experiments/toolchain-environment/20260729T171551Z-toolchain-formal01/boots/repetition-01/lower/python312/lib/python3.12/site-packages/pip/_internal/commands/__pycache__/install.cpython-312.pyc
f	644	1000	1000	2903	64	35959981	1785345387.7862499360	results/experiments/toolchain-environment/20260729T171551Z-toolchain-formal01/boots/repetition-01/lower/python310/lib/python3.10/site-packages/pip/_vendor/cachecontrol/__pycache__/filewrapper.cpython-310.pyc
f	644	1000	1000	29092	64	35962723	1785345420.9443705610	results/experiments/toolchain-environment/20260729T171551Z-toolchain-formal01/boots/repetition-01/lower/python312/lib/python3.12/site-packages/pip/_vendor/rich/__pycache__/_win32_console.cpython-312.pyc
f	644	1000	1000	2912	64	35959287	1785345381.3195878660	results/experiments/toolchain-environment/20260729T171551Z-toolchain-formal01/boots/repetition-01/lower/python310/lib/python3.10/site-packages/pip/_vendor/requests/structures.py
f	644	1000	1000	2912	64	35961551	1785345405.8012576920	results/experiments/toolchain-environment/20260729T171551Z-toolchain-formal01/boots/repetition-01/lower/python312/lib/python3.12/site-packages/pip/_vendor/requests/structures.py
f	644	1000	1000	29124	64	35962223	1785345412.1394083520	results/experiments/toolchain-environment/20260729T171551Z-toolchain-formal01/boots/repetition-01/lower/python312/lib/python3.12/site-packages/pip/_internal/vcs/__pycache__/versioncontrol.cpython-312.pyc
f	644	1000	1000	2917	64	35959145	1785345380.7673567880	results/experiments/toolchain-environment/20260729T171551Z-toolchain-formal01/boots/repetition-01/lower/python310/lib/python3.10/site-packages/pip/_vendor/pygments/formatter.py
f	644	1000	1000	29241	64	35960269	1785345391.7800447900	results/experiments/toolchain-environment/20260729T171551Z-toolchain-formal01/boots/repetition-01/lower/python310/lib/python3.10/site-packages/pip/_vendor/pygments/formatters/__pycache__/html.cpython-310.pyc
f	644	1000	1000	2925	64	35958455	1785345378.1134291400	results/experiments/toolchain-environment/20260729T171551Z-toolchain-formal01/boots/repetition-01/lower/python310/lib/python3.10/site-packages/setuptools/tests/__pycache__/test_virtualenv.cpython-310.pyc
f	644	1000	1000	2925	64	35960025	1785345388.3954295370	results/experiments/toolchain-environment/20260729T171551Z-toolchain-formal01/boots/repetition-01/lower/python310/lib/python3.10/site-packages/pip/_vendor/chardet/__pycache__/escprober.cpython-310.pyc
f	644	1000	1000	2929	64	35960169	1785345390.5100459450	results/experiments/toolchain-environment/20260729T171551Z-toolchain-formal01/boots/repetition-01/lower/python310/lib/python3.10/site-packages/pip/_vendor/idna/__pycache__/codec.cpython-310.pyc
f	644	1000	1000	2933	64	35957153	1785345364.7726240650	results/experiments/toolchain-environment/20260729T171551Z-toolchain-formal01/boots/repetition-01/lower/python310/lib/python3.10/site-packages/setuptools/_vendor/wheel/vendored/packaging/requirements.py
f	644	1000	1000	29351	64	35958039	1785345372.2704224680	results/experiments/toolchain-environment/20260729T171551Z-toolchain-formal01/boots/repetition-01/lower/python310/lib/python3.10/site-packages/setuptools/_vendor/more_itertools/__pycache__/recipes.cpython-310.pyc
f	644	1000	1000	2943	64	35957055	1785345364.3131237740	results/experiments/toolchain-environment/20260729T171551Z-toolchain-formal01/boots/repetition-01/lower/python310/lib/python3.10/site-packages/setuptools/_vendor/tomli/_re.py
f	644	1000	1000	2943	64	35959493	1785345382.2143843920	results/experiments/toolchain-environment/20260729T171551Z-toolchain-formal01/boots/repetition-01/lower/python310/lib/python3.10/site-packages/pip/_vendor/tomli/_re.py
f	644	1000	1000	2943	64	35961761	1785345406.6911767450	results/experiments/toolchain-environment/20260729T171551Z-toolchain-formal01/boots/repetition-01/lower/python312/lib/python3.12/site-packages/pip/_vendor/tomli/_re.py
f	644	1000	1000	2947	64	35957007	1785345364.1242736360	results/experiments/toolchain-environment/20260729T171551Z-toolchain-formal01/boots/repetition-01/lower/python310/lib/python3.10/site-packages/setuptools/_vendor/packaging/requirements.py
f	644	1000	1000	29497	64	35958519	1785345378.5135365700	results/experiments/toolchain-environment/20260729T171551Z-toolchain-formal01/boots/repetition-01/lower/python310/lib/python3.10/site-packages/pip/_internal/cli/cmdoptions.py
f	644	1000	1000	2951	64	35958553	1785345378.6372822310	results/experiments/toolchain-environment/20260729T171551Z-toolchain-formal01/boots/repetition-01/lower/python310/lib/python3.10/site-packages/pip/_internal/commands/freeze.py
f	644	1000	1000	29564	64	35959713	1785345384.1336393140	results/experiments/toolchain-environment/20260729T171551Z-toolchain-formal01/boots/repetition-01/lower/python310/lib/python3.10/site-packages/pip/_internal/index/__pycache__/package_finder.cpython-310.pyc
f	644	1000	1000	296	64	35957329	1785345365.5462996130	results/experiments/toolchain-environment/20260729T171551Z-toolchain-formal01/boots/repetition-01/lower/python310/lib/python3.10/site-packages/setuptools/tests/test_extern.py
f	644	1000	1000	29604	64	35961725	1785345406.5511281250	results/experiments/toolchain-environment/20260729T171551Z-toolchain-formal01/boots/repetition-01/lower/python312/lib/python3.12/site-packages/pip/_vendor/rich/traceback.py
f	644	1000	1000	2971	64	35958189	1785345374.5494641160	results/experiments/toolchain-environment/20260729T171551Z-toolchain-formal01/boots/repetition-01/lower/python310/lib/python3.10/site-packages/setuptools/_vendor/wheel/vendored/packaging/__pycache__/requirements.cpython-310.pyc
f	644	1000	1000	29719	64	35960255	1785345391.5989944500	results/experiments/toolchain-environment/20260729T171551Z-toolchain-formal01/boots/repetition-01/lower/python310/lib/python3.10/site-packages/pip/_vendor/pygments/filters/__pycache__/__init__.cpython-310.pyc
f	644	1000	1000	2976	64	35961973	1785345408.4766196260	results/experiments/toolchain-environment/20260729T171551Z-toolchain-formal01/boots/repetition-01/lower/python312/lib/python3.12/site-packages/pip/_internal/distributions/__pycache__/base.cpython-312.pyc
f	644	1000	1000	2978	64	35960383	1785345393.3608861850	results/experiments/toolchain-environment/20260729T171551Z-toolchain-formal01/boots/repetition-01/lower/python310/lib/python3.10/site-packages/pip/_vendor/requests/__pycache__/help.cpython-310.pyc
f	644	1000	1000	2983	64	35961399	1785345405.2082125590	results/experiments/toolchain-environment/20260729T171551Z-toolchain-formal01/boots/repetition-01/lower/python312/lib/python3.12/site-packages/pip/_vendor/pygments/__init__.py
f	644	1000	1000	2989	64	35962009	1785345408.9681448080	results/experiments/toolchain-environment/20260729T171551Z-toolchain-formal01/boots/repetition-01/lower/python312/lib/python3.12/site-packages/pip/_internal/metadata/__pycache__/_json.cpython-312.pyc
f	644	1000	1000	299	64	35960749	1785345398.4879018560	results/experiments/toolchain-environment/20260729T171551Z-toolchain-formal01/boots/repetition-01/lower/python312/pyvenv.cfg
f	644	1000	1000	2990	64	35958311	1785345376.2971913800	results/experiments/toolchain-environment/20260729T171551Z-toolchain-formal01/boots/repetition-01/lower/python310/lib/python3.10/site-packages/setuptools/__pycache__/errors.cpython-310.pyc
f	644	1000	1000	29953	64	35960297	1785345392.2234446600	results/experiments/toolchain-environment/20260729T171551Z-toolchain-formal01/boots/repetition-01/lower/python310/lib/python3.10/site-packages/pip/_vendor/pygments/lexers/__pycache__/python.cpython-310.pyc
f	644	1000	1000	2999	64	35959135	1785345380.7282759070	results/experiments/toolchain-environment/20260729T171551Z-toolchain-formal01/boots/repetition-01/lower/python310/lib/python3.10/site-packages/pip/_vendor/pygments/__init__.py
f	644	1000	1000	30	64	35958589	1785345378.7595937910	results/experiments/toolchain-environment/20260729T171551Z-toolchain-formal01/boots/repetition-01/lower/python310/lib/python3.10/site-packages/pip/_internal/index/__init__.py
f	644	1000	1000	30	64	35960871	1785345402.9979653170	results/experiments/toolchain-environment/20260729T171551Z-toolchain-formal01/boots/repetition-01/lower/python312/lib/python3.12/site-packages/pip/_internal/index/__init__.py
f	644	1000	1000	300	64	35958269	1785345375.6584843850	results/experiments/toolchain-environment/20260729T171551Z-toolchain-formal01/boots/repetition-01/lower/python310/lib/python3.10/site-packages/setuptools/compat/__pycache__/__init__.cpython-310.pyc
f	644	1000	1000	30053	64	35960557	1785345395.7672225370	results/experiments/toolchain-environment/20260729T171551Z-toolchain-formal01/boots/repetition-01/lower/python310/lib/python3.10/site-packages/pip/_vendor/rich/__pycache__/table.cpython-310.pyc
f	644	1000	1000	3006	64	35957973	1785345371.1500537200	results/experiments/toolchain-environment/20260729T171551Z-toolchain-formal01/boots/repetition-01/lower/python310/lib/python3.10/site-packages/setuptools/_vendor/importlib_metadata/__pycache__/_adapters.cpython-310.pyc
f	644	1000	1000	30063	64	35960797	1785345402.6309357170	results/experiments/toolchain-environment/20260729T171551Z-toolchain-formal01/boots/repetition-01/lower/python312/lib/python3.12/site-packages/pip/_internal/cli/cmdoptions.py
f	644	1000	1000	30072	64	35956729	1785345363.0056873460	results/experiments/toolchain-environment/20260729T171551Z-toolchain-formal01/boots/repetition-01/lower/python310/lib/python3.10/site-packages/setuptools/_distutils/command/install.py
f	644	1000	1000	30110	64	35959101	1785345380.6166732260	results/experiments/toolchain-environment/20260729T171551Z-toolchain-formal01/boots/repetition-01/lower/python310/lib/python3.10/site-packages/pip/_vendor/packaging/specifiers.py
f	644	1000	1000	30110	64	35961367	1785345405.1009660040	results/experiments/toolchain-environment/20260729T171551Z-toolchain-formal01/boots/repetition-01/lower/python312/lib/python3.12/site-packages/pip/_vendor/packaging/specifiers.py
f	644	1000	1000	3012	64	35960603	1785345396.4112916240	results/experiments/toolchain-environment/20260729T171551Z-toolchain-formal01/boots/repetition-01/lower/python310/lib/python3.10/site-packages/pip/_vendor/tomli/__pycache__/_re.cpython-310.pyc
f	644	1000	1000	3018	64	35957631	1785345366.7984308030	results/experiments/toolchain-environment/20260729T171551Z-toolchain-formal01/boots/repetition-01/lower/python310/lib/python3.10/site-packages/setuptools/_vendor/typing_extensions-4.12.2.dist-info/METADATA
f	644	1000	1000	30180	64	35959283	1785345381.3015875370	results/experiments/toolchain-environment/20260729T171551Z-toolchain-formal01/boots/repetition-01/lower/python310/lib/python3.10/site-packages/pip/_vendor/requests/sessions.py
f	644	1000	1000	3019	64	35958101	1785345373.2973469040	results/experiments/toolchain-environment/20260729T171551Z-toolchain-formal01/boots/repetition-01/lower/python310/lib/python3.10/site-packages/setuptools/_vendor/tomli/__pycache__/_re.cpython-310.pyc
f	644	1000	1000	302	64	35957683	1785345367.0993279840	results/experiments/toolchain-environment/20260729T171551Z-toolchain-formal01/boots/repetition-01/lower/python310/lib/python3.10/site-packages/pkg_resources/tests/__pycache__/__init__.cpython-310.pyc
f	644	1000	1000	302	64	35959883	1785345386.3732878360	results/experiments/toolchain-environment/20260729T171551Z-toolchain-formal01/boots/repetition-01/lower/python310/lib/python3.10/site-packages/pip/_internal/utils/__pycache__/__init__.cpython-310.pyc
f	644	1000	1000	3024	64	35956597	1785345362.5452447940	results/experiments/toolchain-environment/20260729T171551Z-toolchain-formal01/boots/repetition-01/lower/python310/lib/python3.10/site-packages/setuptools/errors.py
f	644	1000	1000	303	64	35961129	1785345404.1449022800	results/experiments/toolchain-environment/20260729T171551Z-toolchain-formal01/boots/repetition-01/lower/python312/lib/python3.12/site-packages/pip/_vendor/cachecontrol/caches/__init__.py
f	644	1000	1000	3034	64	35957931	1785345370.6082158180	results/experiments/toolchain-environment/20260729T171551Z-toolchain-formal01/boots/repetition-01/lower/python310/lib/python3.10/site-packages/setuptools/__pycache__/_path.cpython-310.pyc
f	644	1000	1000	3035	64	35958067	1785345372.7635887920	results/experiments/toolchain-environment/20260729T171551Z-toolchain-formal01/boots/repetition-01/lower/python310/lib/python3.10/site-packages/setuptools/_vendor/packaging/__pycache__/requirements.cpython-310.pyc
f	644	1000	1000	30373	64	35961547	1785345405.7839657940	results/experiments/toolchain-environment/20260729T171551Z-toolchain-formal01/boots/repetition-01/lower/python312/lib/python3.12/site-packages/pip/_vendor/requests/sessions.py
f	644	1000	1000	30391	64	35958949	1785345380.0565687270	results/experiments/toolchain-environment/20260729T171551Z-toolchain-formal01/boots/repetition-01/lower/python310/lib/python3.10/site-packages/pip/_vendor/chardet/mbcssm.py
f	644	1000	1000	30391	64	35961233	1785345404.5842082450	results/experiments/toolchain-environment/20260729T171551Z-toolchain-formal01/boots/repetition-01/lower/python312/lib/python3.12/site-packages/pip/_vendor/chardet/mbcssm.py
f	644	1000	1000	3046	64	35959781	1785345384.9776547460	results/experiments/toolchain-environment/20260729T171551Z-toolchain-formal01/boots/repetition-01/lower/python310/lib/python3.10/site-packages/pip/_internal/network/__pycache__/cache.cpython-310.pyc
f	644	1000	1000	3046	64	35962547	1785345417.5366654750	results/experiments/toolchain-environment/20260729T171551Z-toolchain-formal01/boots/repetition-01/lower/python312/lib/python3.12/site-packages/pip/_vendor/pygments/formatters/__pycache__/pangomarkup.cpython-312.pyc
f	644	1000	1000	30481	64	35962423	1785345415.3854875240	results/experiments/toolchain-environment/20260729T171551Z-toolchain-formal01/boots/repetition-01/lower/python312/lib/python3.12/site-packages/pip/_vendor/distlib/__pycache__/version.cpython-312.pyc
f	644	1000	1000	30488	64	35961911	1785345407.5573605350	results/experiments/toolchain-environment/20260729T171551Z-toolchain-formal01/boots/repetition-01/lower/python312/lib/python3.12/site-packages/pip/_internal/cli/__pycache__/cmdoptions.cpython-312.pyc
f	644	1000	1000	30512	64	35962139	1785345410.8781286110	results/experiments/toolchain-environment/20260729T171551Z-toolchain-formal01/boots/repetition-01/lower/python312/lib/python3.12/site-packages/pip/_internal/resolution/resolvelib/__pycache__/candidates.cpython-312.pyc
f	644	1000	1000	3059	64	35957789	1785345368.7103574170	results/experiments/toolchain-environment/20260729T171551Z-toolchain-formal01/boots/repetition-01/lower/python310/lib/python3.10/site-packages/setuptools/_distutils/compilers/C/tests/__pycache__/test_cygwin.cpython-310.pyc
f	644	1000	1000	3059	64	35960243	1785345391.4584172570	results/experiments/toolchain-environment/20260729T171551Z-toolchain-formal01/boots/repetition-01/lower/python310/lib/python3.10/site-packages/pip/_vendor/pygments/__pycache__/__init__.cpython-310.pyc
f	644	1000	1000	306	64	35958341	1785345376.6435023890	results/experiments/toolchain-environment/20260729T171551Z-toolchain-formal01/boots/repetition-01/lower/python310/lib/python3.10/site-packages/setuptools/tests/compat/__pycache__/__init__.cpython-310.pyc
f	644	1000	1000	306	64	35958347	1785345376.6965106260	results/experiments/toolchain-environment/20260729T171551Z-toolchain-formal01/boots/repetition-01/lower/python310/lib/python3.10/site-packages/setuptools/tests/config/__pycache__/__init__.cpython-310.pyc
f	644	1000	1000	306	64	35960013	1785345388.2136642780	results/experiments/toolchain-environment/20260729T171551Z-toolchain-formal01/boots/repetition-01/lower/python310/lib/python3.10/site-packages/pip/_vendor/chardet/cli/__pycache__/__init__.cpython-310.pyc
f	644	1000	1000	306	64	35962157	1785345411.1522790410	results/experiments/toolchain-environment/20260729T171551Z-toolchain-formal01/boots/repetition-01/lower/python312/lib/python3.12/site-packages/pip/_internal/utils/__pycache__/__init__.cpython-312.pyc
f	644	1000	1000	3063	64	35962067	1785345409.8762011990	results/experiments/toolchain-environment/20260729T171551Z-toolchain-formal01/boots/repetition-01/lower/python312/lib/python3.12/site-packages/pip/_internal/network/__pycache__/xmlrpc.cpython-312.pyc
f	644	1000	1000	3064	64	35958697	1785345379.1405853660	results/experiments/toolchain-environment/20260729T171551Z-toolchain-formal01/boots/repetition-01/lower/python310/lib/python3.10/site-packages/pip/_internal/operations/build/wheel_legacy.py
f	644	1000	1000	3064	64	35958779	1785345379.4242112700	results/experiments/toolchain-environment/20260729T171551Z-toolchain-formal01/boots/repetition-01/lower/python310/lib/python3.10/site-packages/pip/_internal/utils/entrypoints.py
f	644	1000	1000	3064	64	35960975	1785345403.5056336820	results/experiments/toolchain-environment/20260729T171551Z-toolchain-formal01/boots/repetition-01/lower/python312/lib/python3.12/site-packages/pip/_internal/operations/build/wheel_legacy.py
f	644	1000	1000	3064	64	35961065	1785345403.8941972310	results/experiments/toolchain-environment/20260729T171551Z-toolchain-formal01/boots/repetition-01/lower/python312/lib/python3.12/site-packages/pip/_internal/utils/entrypoints.py
f	644	1000	1000	30641	64	35959519	1785345382.3066059100	results/experiments/toolchain-environment/20260729T171551Z-toolchain-formal01/boots/repetition-01/lower/python310/lib/python3.10/site-packages/pip/_vendor/urllib3/response.py
f	644	1000	1000	30641	64	35961841	1785345407.0204076160	results/experiments/toolchain-environment/20260729T171551Z-toolchain-formal01/boots/repetition-01/lower/python312/lib/python3.12/site-packages/pip/_vendor/urllib3/response.py
f	644	1000	1000	3067	64	35960303	1785345392.3223230410	results/experiments/toolchain-environment/20260729T171551Z-toolchain-formal01/boots/repetition-01/lower/python310/lib/python3.10/site-packages/pip/_vendor/pygments/__pycache__/regexopt.cpython-310.pyc
f	644	1000	1000	307	64	35959795	1785345385.1496578920	results/experiments/toolchain-environment/20260729T171551Z-toolchain-formal01/boots/repetition-01/lower/python310/lib/python3.10/site-packages/pip/_internal/operations/__pycache__/__init__.cpython-310.pyc
f	644	1000	1000	307	64	35959849	1785345385.9126718430	results/experiments/toolchain-environment/20260729T171551Z-toolchain-formal01/boots/repetition-01/lower/python310/lib/python3.10/site-packages/pip/_internal/resolution/__pycache__/__init__.cpython-310.pyc
f	644	1000	1000	3072	64	35959153	1785345380.8001623650	results/experiments/toolchain-environment/20260729T171551Z-toolchain-formal01/boots/repetition-01/lower/python310/lib/python3.10/site-packages/pip/_vendor/pygments/regexopt.py
f	644	1000	1000	3072	64	35961459	1785345405.4604840370	results/experiments/toolchain-environment/20260729T171551Z-toolchain-formal01/boots/repetition-01/lower/python312/lib/python3.12/site-packages/pip/_vendor/pygments/regexopt.py
f	644	1000	1000	3080	64	35959677	1785345383.5104939700	results/experiments/toolchain-environment/20260729T171551Z-toolchain-formal01/boots/repetition-01/lower/python310/lib/python3.10/site-packages/pip/_internal/commands/__pycache__/inspect.cpython-310.pyc
f	644	1000	1000	3082	64	35957167	1785345364.8556469450	results/experiments/toolchain-environment/20260729T171551Z-toolchain-formal01/boots/repetition-01/lower/python310/lib/python3.10/site-packages/setuptools/_vendor/zipp/glob.py
f	644	1000	1000	3086	64	35961749	1785345406.6480655850	results/experiments/toolchain-environment/20260729T171551Z-toolchain-formal01/boots/repetition-01/lower/python312/lib/python3.12/site-packages/pip/_vendor/tenacity/stop.py
f	644	1000	1000	309	64	35960111	1785345389.7047630540	results/experiments/toolchain-environment/20260729T171551Z-toolchain-formal01/boots/repetition-01/lower/python310/lib/python3.10/site-packages/pip/_vendor/colorama/tests/__pycache__/__init__.cpython-310.pyc
f	644	1000	1000	3092	64	35956673	1785345362.7888496630	results/experiments/toolchain-environment/20260729T171551Z-toolchain-formal01/boots/repetition-01/lower/python310/lib/python3.10/site-packages/setuptools/_distutils/errors.py
f	644	1000	1000	3092	64	35959155	1785345380.8075785050	results/experiments/toolchain-environment/20260729T171551Z-toolchain-formal01/boots/repetition-01/lower/python310/lib/python3.10/site-packages/pip/_vendor/pygments/scanner.py
f	644	1000	1000	3092	64	35961461	1785345405.4683468000	results/experiments/toolchain-environment/20260729T171551Z-toolchain-formal01/boots/repetition-01/lower/python312/lib/python3.12/site-packages/pip/_vendor/pygments/scanner.py
f	644	1000	1000	3094	64	35960467	1785345394.4826884050	results/experiments/toolchain-environment/20260729T171551Z-toolchain-formal01/boots/repetition-01/lower/python310/lib/python3.10/site-packages/pip/_vendor/rich/__pycache__/bar.cpython-310.pyc
f	644	1000	1000	3097	64	35961947	1785345408.1011428120	results/experiments/toolchain-environment/20260729T171551Z-toolchain-formal01/boots/repetition-01/lower/python312/lib/python3.12/site-packages/pip/_internal/commands/__pycache__/hash.cpython-312.pyc
f	644	1000	1000	310	64	35960623	1785345396.6611818510	results/experiments/toolchain-environment/20260729T171551Z-toolchain-formal01/boots/repetition-01/lower/python310/lib/python3.10/site-packages/pip/_vendor/urllib3/contrib/__pycache__/__init__.cpython-310.pyc
f	644	1000	1000	310	64	35962283	1785345412.8298453030	results/experiments/toolchain-environment/20260729T171551Z-toolchain-formal01/boots/repetition-01/lower/python312/lib/python3.12/site-packages/pip/_vendor/chardet/cli/__pycache__/__init__.cpython-312.pyc
f	644	1000	1000	3100	64	35960541	1785345395.5330632960	results/experiments/toolchain-environment/20260729T171551Z-toolchain-formal01/boots/repetition-01/lower/python310/lib/python3.10/site-packages/pip/_vendor/rich/__pycache__/scope.cpython-310.pyc
f	644	1000	1000	3100	64	35961033	1785345403.7592353580	results/experiments/toolchain-environment/20260729T171551Z-toolchain-formal01/boots/repetition-01/lower/python312/lib/python3.12/site-packages/pip/_internal/resolution/resolvelib/reporter.py
f	644	1000	1000	3102	64	35957279	1785345365.3192954650	results/experiments/toolchain-environment/20260729T171551Z-toolchain-formal01/boots/repetition-01/lower/python310/lib/python3.10/site-packages/setuptools/tests/environment.py
f	644	1000	1000	3103	64	35957117	1785345364.5859815010	results/experiments/toolchain-environment/20260729T171551Z-toolchain-formal01/boots/repetition-01/lower/python310/lib/python3.10/site-packages/setuptools/_vendor/wheel/cli/pack.py
f	644	1000	1000	3105	64	35962967	1785345424.5814485260	results/experiments/toolchain-environment/20260729T171551Z-toolchain-formal01/boots/repetition-01/lower/python312/lib/python3.12/site-packages/pip/_vendor/urllib3/util/__pycache__/response.cpython-312.pyc
f	644	1000	1000	3106	64	35959641	1785345382.9516177030	results/experiments/toolchain-environment/20260729T171551Z-toolchain-formal01/boots/repetition-01/lower/python310/lib/python3.10/site-packages/pip/_internal/cli/__pycache__/main_parser.cpython-310.pyc
f	644	1000	1000	311	64	35958373	1785345377.0093405800	results/experiments/toolchain-environment/20260729T171551Z-toolchain-formal01/boots/repetition-01/lower/python310/lib/python3.10/site-packages/setuptools/tests/integration/__pycache__/__init__.cpython-310.pyc
f	644	1000	1000	311	64	35960079	1785345389.3037012880	results/experiments/toolchain-environment/20260729T171551Z-toolchain-formal01/boots/repetition-01/lower/python310/lib/python3.10/site-packages/pip/_vendor/chardet/metadata/__pycache__/__init__.cpython-310.pyc
f	644	1000	1000	311	64	35960653	1785345397.1031457880	results/experiments/toolchain-environment/20260729T171551Z-toolchain-formal01/boots/repetition-01/lower/python310/lib/python3.10/site-packages/pip/_vendor/urllib3/packages/__pycache__/__init__.cpython-310.pyc
f	644	1000	1000	311	64	35962071	1785345409.9126043800	results/experiments/toolchain-environment/20260729T171551Z-toolchain-formal01/boots/repetition-01/lower/python312/lib/python3.12/site-packages/pip/_internal/operations/__pycache__/__init__.cpython-312.pyc
f	644	1000	1000	311	64	35962123	1785345410.6675936670	results/experiments/toolchain-environment/20260729T171551Z-toolchain-formal01/boots/repetition-01/lower/python312/lib/python3.12/site-packages/pip/_internal/resolution/__pycache__/__init__.cpython-312.pyc
f	644	1000	1000	3110	64	35958785	1785345379.4466085920	results/experiments/toolchain-environment/20260729T171551Z-toolchain-formal01/boots/repetition-01/lower/python310/lib/python3.10/site-packages/pip/_internal/utils/glibc.py
f	644	1000	1000	3111	64	35962293	1785345412.9963491520	results/experiments/toolchain-environment/20260729T171551Z-toolchain-formal01/boots/repetition-01/lower/python312/lib/python3.12/site-packages/pip/_vendor/chardet/__pycache__/enums.cpython-312.pyc
f	644	1000	1000	3113	64	35961071	1785345403.9203260510	results/experiments/toolchain-environment/20260729T171551Z-toolchain-formal01/boots/repetition-01/lower/python312/lib/python3.12/site-packages/pip/_internal/utils/glibc.py
f	644	1000	1000	31130	64	35958191	1785345374.5834647380	results/experiments/toolchain-environment/20260729T171551Z-toolchain-formal01/boots/repetition-01/lower/python310/lib/python3.10/site-packages/setuptools/_vendor/wheel/vendored/packaging/__pycache__/specifiers.cpython-310.pyc
f	644	1000	1000	3115	64	35960103	1785345389.6202475600	results/experiments/toolchain-environment/20260729T171551Z-toolchain-formal01/boots/repetition-01/lower/python310/lib/python3.10/site-packages/pip/_vendor/colorama/__pycache__/ansi.cpython-310.pyc
f	644	1000	1000	312	64	35960405	1785345393.6169917580	results/experiments/toolchain-environment/20260729T171551Z-toolchain-formal01/boots/repetition-01/lower/python310/lib/python3.10/site-packages/pip/_vendor/resolvelib/compat/__pycache__/__init__.cpython-310.pyc
f	644	1000	1000	3121	64	35960257	1785345391.6268317750	results/experiments/toolchain-environment/20260729T171551Z-toolchain-formal01/boots/repetition-01/lower/python310/lib/python3.10/site-packages/pip/_vendor/pygments/__pycache__/formatter.cpython-310.pyc
f	644	1000	1000	31228	64	35958423	1785345377.6925215630	results/experiments/toolchain-environment/20260729T171551Z-toolchain-formal01/boots/repetition-01/lower/python310/lib/python3.10/site-packages/setuptools/tests/__pycache__/test_egg_info.cpython-310.pyc
f	644	1000	1000	3123	64	35957301	1785345365.4150239410	results/experiments/toolchain-environment/20260729T171551Z-toolchain-formal01/boots/repetition-01/lower/python310/lib/python3.10/site-packages/setuptools/tests/test_build_clib.py
f	644	1000	1000	31252	64	35956519	1785345362.2892401180	results/experiments/toolchain-environment/20260729T171551Z-toolchain-formal01/boots/repetition-01/lower/python310/lib/python3.10/site-packages/pkg_resources/tests/test_resources.py
f	644	1000	1000	3127	64	35960559	1785345395.7952982750	results/experiments/toolchain-environment/20260729T171551Z-toolchain-formal01/boots/repetition-01/lower/python310/lib/python3.10/site-packages/pip/_vendor/rich/__pycache__/terminal_theme.cpython-310.pyc
f	644	1000	1000	31274	64	35958881	1785345379.7755596390	results/experiments/toolchain-environment/20260729T171551Z-toolchain-formal01/boots/repetition-01/lower/python310/lib/python3.10/site-packages/pip/_vendor/chardet/big5freq.py
f	644	1000	1000	31274	64	35961159	1785345404.2581768390	results/experiments/toolchain-environment/20260729T171551Z-toolchain-formal01/boots/repetition-01/lower/python312/lib/python3.12/site-packages/pip/_vendor/chardet/big5freq.py
f	644	1000	1000	313	64	35958207	1785345374.7966646830	results/experiments/toolchain-environment/20260729T171551Z-toolchain-formal01/boots/repetition-01/lower/python310/lib/python3.10/site-packages/setuptools/_vendor/zipp/compat/__pycache__/__init__.cpython-310.pyc
f	644	1000	1000	313	64	35959799	1785345385.1814231440	results/experiments/toolchain-environment/20260729T171551Z-toolchain-formal01/boots/repetition-01/lower/python310/lib/python3.10/site-packages/pip/_internal/operations/build/__pycache__/__init__.cpython-310.pyc
f	644	1000	1000	313	64	35962381	1785345414.6211971380	results/experiments/toolchain-environment/20260729T171551Z-toolchain-formal01/boots/repetition-01/lower/python312/lib/python3.12/site-packages/pip/_vendor/colorama/tests/__pycache__/__init__.cpython-312.pyc
f	644	1000	1000	31316	64	35960317	1785345392.5111858400	results/experiments/toolchain-environment/20260729T171551Z-toolchain-formal01/boots/repetition-01/lower/python310/lib/python3.10/site-packages/pip/_vendor/pygments/__pycache__/unistring.cpython-310.pyc
f	644	1000	1000	31360	64	35957065	1785345364.3522778010	results/experiments/toolchain-environment/20260729T171551Z-toolchain-formal01/boots/repetition-01/lower/python310/lib/python3.10/site-packages/setuptools/_vendor/typeguard/_checkers.py
f	644	1000	1000	31362	64	35962479	1785345416.2992278620	results/experiments/toolchain-environment/20260729T171551Z-toolchain-formal01/boots/repetition-01/lower/python312/lib/python3.12/site-packages/pip/_vendor/packaging/__pycache__/specifiers.cpython-312.pyc
f	644	1000	1000	314	64	35959855	1785345385.9826731230	results/experiments/toolchain-environment/20260729T171551Z-toolchain-formal01/boots/repetition-01/lower/python310/lib/python3.10/site-packages/pip/_internal/resolution/legacy/__pycache__/__init__.cpython-310.pyc
f	644	1000	1000	314	64	35962907	1785345423.7474362730	results/experiments/toolchain-environment/20260729T171551Z-toolchain-formal01/boots/repetition-01/lower/python312/lib/python3.12/site-packages/pip/_vendor/urllib3/contrib/__pycache__/__init__.cpython-312.pyc
f	644	1000	1000	3148	64	35960015	1785345388.2462626560	results/experiments/toolchain-environment/20260729T171551Z-toolchain-formal01/boots/repetition-01/lower/python310/lib/python3.10/site-packages/pip/_vendor/chardet/cli/__pycache__/chardetect.cpython-310.pyc
f	644	1000	1000	315	64	35962349	1785345414.0555082070	results/experiments/toolchain-environment/20260729T171551Z-toolchain-formal01/boots/repetition-01/lower/python312/lib/python3.12/site-packages/pip/_vendor/chardet/metadata/__pycache__/__init__.cpython-312.pyc
f	644	1000	1000	315	64	35962937	1785345424.1619863500	results/experiments/toolchain-environment/20260729T171551Z-toolchain-formal01/boots/repetition-01/lower/python312/lib/python3.12/site-packages/pip/_vendor/urllib3/packages/__pycache__/__init__.cpython-312.pyc
f	644	1000	1000	31509	64	35958069	1785345372.8035951090	results/experiments/toolchain-environment/20260729T171551Z-toolchain-formal01/boots/repetition-01/lower/python310/lib/python3.10/site-packages/setuptools/_vendor/packaging/__pycache__/specifiers.cpython-310.pyc
f	644	1000	1000	31519	64	35960133	1785345390.0089682130	results/experiments/toolchain-environment/20260729T171551Z-toolchain-formal01/boots/repetition-01/lower/python310/lib/python3.10/site-packages/pip/_vendor/distlib/__pycache__/compat.cpython-310.pyc
f	644	1000	1000	3152	64	35957847	1785345369.4750538280	results/experiments/toolchain-environment/20260729T171551Z-toolchain-formal01/boots/repetition-01/lower/python310/lib/python3.10/site-packages/setuptools/_distutils/tests/__pycache__/test_bdist_rpm.cpython-310.pyc
f	644	1000	1000	3153	64	35957755	1785345368.1852308550	results/experiments/toolchain-environment/20260729T171551Z-toolchain-formal01/boots/repetition-01/lower/python310/lib/python3.10/site-packages/setuptools/_distutils/command/__pycache__/install_data.cpython-310.pyc
f	644	1000	1000	316	64	35957357	1785345365.6693029440	results/experiments/toolchain-environment/20260729T171551Z-toolchain-formal01/boots/repetition-01/lower/python310/lib/python3.10/site-packages/setuptools/tests/test_unicode_utils.py
f	644	1000	1000	316	64	35958003	1785345371.5904100420	results/experiments/toolchain-environment/20260729T171551Z-toolchain-formal01/boots/repetition-01/lower/python310/lib/python3.10/site-packages/setuptools/_vendor/inflect/compat/__pycache__/__init__.cpython-310.pyc
f	644	1000	1000	316	64	35958169	1785345374.2371677360	results/experiments/toolchain-environment/20260729T171551Z-toolchain-formal01/boots/repetition-01/lower/python310/lib/python3.10/site-packages/setuptools/_vendor/wheel/vendored/__pycache__/__init__.cpython-310.pyc
f	644	1000	1000	316	64	35962673	1785345419.9922954900	results/experiments/toolchain-environment/20260729T171551Z-toolchain-formal01/boots/repetition-01/lower/python312/lib/python3.12/site-packages/pip/_vendor/resolvelib/compat/__pycache__/__init__.cpython-312.pyc
f	644	1000	1000	31664	64	35962837	1785345422.8713482190	results/experiments/toolchain-environment/20260729T171551Z-toolchain-formal01/boots/repetition-01/lower/python312/lib/python3.12/site-packages/pip/_vendor/rich/__pycache__/traceback.cpython-312.pyc
f	644	1000	1000	317	64	35957835	1785345369.3065698280	results/experiments/toolchain-environment/20260729T171551Z-toolchain-formal01/boots/repetition-01/lower/python310/lib/python3.10/site-packages/setuptools/_distutils/tests/compat/__pycache__/__init__.cpython-310.pyc
f	644	1000	1000	317	64	35962075	1785345409.9553331930	results/experiments/toolchain-environment/20260729T171551Z-toolchain-formal01/boots/repetition-01/lower/python312/lib/python3.12/site-packages/pip/_internal/operations/build/__pycache__/__init__.cpython-312.pyc
f	644	1000	1000	3171	64	35956623	1785345362.6282481750	results/experiments/toolchain-environment/20260729T171551Z-toolchain-formal01/boots/repetition-01/lower/python310/lib/python3.10/site-packages/setuptools/namespaces.py
f	644	1000	1000	3173	64	35957865	1785345369.7299771010	results/experiments/toolchain-environment/20260729T171551Z-toolchain-formal01/boots/repetition-01/lower/python310/lib/python3.10/site-packages/setuptools/_distutils/tests/__pycache__/test_config_cmd.cpython-310.pyc
f	644	1000	1000	3177	64	35960017	1785345388.2768322580	results/experiments/toolchain-environment/20260729T171551Z-toolchain-formal01/boots/repetition-01/lower/python310/lib/python3.10/site-packages/pip/_vendor/chardet/__pycache__/codingstatemachine.cpython-310.pyc
f	644	1000	1000	3179	64	35962083	1785345410.1042868530	results/experiments/toolchain-environment/20260729T171551Z-toolchain-formal01/boots/repetition-01/lower/python312/lib/python3.12/site-packages/pip/_internal/operations/build/__pycache__/metadata_legacy.cpython-312.pyc
f	644	1000	1000	318	64	35959861	1785345386.0604167790	results/experiments/toolchain-environment/20260729T171551Z-toolchain-formal01/boots/repetition-01/lower/python310/lib/python3.10/site-packages/pip/_internal/resolution/resolvelib/__pycache__/__init__.cpython-310.pyc
f	644	1000	1000	318	64	35962129	1785345410.7321710410	results/experiments/toolchain-environment/20260729T171551Z-toolchain-formal01/boots/repetition-01/lower/python312/lib/python3.12/site-packages/pip/_internal/resolution/legacy/__pycache__/__init__.cpython-312.pyc
f	644	1000	1000	3188	64	35958561	1785345378.6675393850	results/experiments/toolchain-environment/20260729T171551Z-toolchain-formal01/boots/repetition-01/lower/python310/lib/python3.10/site-packages/pip/_internal/commands/inspect.py
f	644	1000	1000	3188	64	35960839	1785345402.8435860730	results/experiments/toolchain-environment/20260729T171551Z-toolchain-formal01/boots/repetition-01/lower/python312/lib/python3.12/site-packages/pip/_internal/commands/inspect.py
f	644	1000	1000	3189	64	35956633	1785345362.6595038120	results/experiments/toolchain-environment/20260729T171551Z-toolchain-formal01/boots/repetition-01/lower/python310/lib/python3.10/site-packages/setuptools/unicode_utils.py
f	644	1000	1000	3196	64	35960265	1785345391.7162722330	results/experiments/toolchain-environment/20260729T171551Z-toolchain-formal01/boots/repetition-01/lower/python310/lib/python3.10/site-packages/pip/_vendor/pygments/formatters/__pycache__/bbcode.cpython-310.pyc
f	644	1000	1000	3198	64	35962767	1785345421.6873265330	results/experiments/toolchain-environment/20260729T171551Z-toolchain-formal01/boots/repetition-01/lower/python312/lib/python3.12/site-packages/pip/_vendor/rich/__pycache__/filesize.cpython-312.pyc
f	644	1000	1000	32005	64	35959147	1785345380.7745779020	results/experiments/toolchain-environment/20260729T171551Z-toolchain-formal01/boots/repetition-01/lower/python310/lib/python3.10/site-packages/pip/_vendor/pygments/lexer.py
f	644	1000	1000	3204	64	35957577	1785345366.5543784190	results/experiments/toolchain-environment/20260729T171551Z-toolchain-formal01/boots/repetition-01/lower/python310/lib/python3.10/site-packages/setuptools/_vendor/packaging-24.2.dist-info/METADATA
f	644	1000	1000	3204	64	35960697	1785345397.7450599730	results/experiments/toolchain-environment/20260729T171551Z-toolchain-formal01/boots/repetition-01/lower/python310/lib/python3.10/site-packages/pip/_vendor/urllib3/util/__pycache__/wait.cpython-310.pyc
f	644	1000	1000	3206	64	35958771	1785345379.3943728940	results/experiments/toolchain-environment/20260729T171551Z-toolchain-formal01/boots/repetition-01/lower/python310/lib/python3.10/site-packages/pip/_internal/utils/direct_url_helpers.py
f	644	1000	1000	3206	64	35961059	1785345403.8683710490	results/experiments/toolchain-environment/20260729T171551Z-toolchain-formal01/boots/repetition-01/lower/python312/lib/python3.12/site-packages/pip/_internal/utils/direct_url_helpers.py
f	644	1000	1000	321	64	35959063	1785345380.4771716240	results/experiments/toolchain-environment/20260729T171551Z-toolchain-formal01/boots/repetition-01/lower/python310/lib/python3.10/site-packages/pip/_vendor/idna/compat.py
f	644	1000	1000	321	64	35960657	1785345397.1383984370	results/experiments/toolchain-environment/20260729T171551Z-toolchain-formal01/boots/repetition-01/lower/python310/lib/python3.10/site-packages/pip/_vendor/urllib3/packages/backports/__pycache__/__init__.cpython-310.pyc
f	644	1000	1000	321	64	35961329	1785345404.9498224240	results/experiments/toolchain-environment/20260729T171551Z-toolchain-formal01/boots/repetition-01/lower/python312/lib/python3.12/site-packages/pip/_vendor/idna/compat.py
f	644	1000	1000	3211	64	35956651	1785345362.7124180520	results/experiments/toolchain-environment/20260729T171551Z-toolchain-formal01/boots/repetition-01/lower/python310/lib/python3.10/site-packages/setuptools/_distutils/_modified.py
f	644	1000	1000	3219	64	35957985	1785345371.3324053270	results/experiments/toolchain-environment/20260729T171551Z-toolchain-formal01/boots/repetition-01/lower/python310/lib/python3.10/site-packages/setuptools/_vendor/importlib_metadata/__pycache__/_text.cpython-310.pyc
f	644	1000	1000	322	64	35960179	1785345390.6489675810	results/experiments/toolchain-environment/20260729T171551Z-toolchain-formal01/boots/repetition-01/lower/python310/lib/python3.10/site-packages/pip/_vendor/idna/__pycache__/package_data.cpython-310.pyc
f	644	1000	1000	322	64	35962135	1785345410.8051272740	results/experiments/toolchain-environment/20260729T171551Z-toolchain-formal01/boots/repetition-01/lower/python312/lib/python3.12/site-packages/pip/_internal/resolution/resolvelib/__pycache__/__init__.cpython-312.pyc
f	644	1000	1000	32228	64	35962141	1785345410.9169872340	results/experiments/toolchain-environment/20260729T171551Z-toolchain-formal01/boots/repetition-01/lower/python312/lib/python3.12/site-packages/pip/_internal/resolution/resolvelib/__pycache__/factory.cpython-312.pyc
f	644	1000	1000	3225	64	35959327	1785345381.4795907900	results/experiments/toolchain-environment/20260729T171551Z-toolchain-formal01/boots/repetition-01/lower/python310/lib/python3.10/site-packages/pip/_vendor/rich/_log_render.py
f	644	1000	1000	3225	64	35961593	1785345405.9706097810	results/experiments/toolchain-environment/20260729T171551Z-toolchain-formal01/boots/repetition-01/lower/python312/lib/python3.12/site-packages/pip/_vendor/rich/_log_render.py
f	644	1000	1000	32292	64	35961027	1785345403.7282753090	results/experiments/toolchain-environment/20260729T171551Z-toolchain-formal01/boots/repetition-01/lower/python312/lib/python3.12/site-packages/pip/_internal/resolution/resolvelib/factory.py
f	644	1000	1000	323	64	35956833	1785345363.4472670590	results/experiments/toolchain-environment/20260729T171551Z-toolchain-formal01/boots/repetition-01/lower/python310/lib/python3.10/site-packages/setuptools/_distutils/tests/test_log.py
f	644	1000	1000	323	64	35957905	1785345370.2944272060	results/experiments/toolchain-environment/20260729T171551Z-toolchain-formal01/boots/repetition-01/lower/python310/lib/python3.10/site-packages/setuptools/_distutils/tests/__pycache__/test_versionpredicate.cpython-310.pyc
f	644	1000	1000	323	64	35958383	1785345377.1395114550	results/experiments/toolchain-environment/20260729T171551Z-toolchain-formal01/boots/repetition-01/lower/python310/lib/python3.10/site-packages/setuptools/tests/__pycache__/script-with-bom.cpython-310.pyc
f	644	1000	1000	32358	64	35958009	1785345371.7554130560	results/experiments/toolchain-environment/20260729T171551Z-toolchain-formal01/boots/repetition-01/lower/python310/lib/python3.10/site-packages/setuptools/_vendor/jaraco/collections/__pycache__/__init__.cpython-310.pyc
f	644	1000	1000	3238	64	35959957	1785345387.4649819630	results/experiments/toolchain-environment/20260729T171551Z-toolchain-formal01/boots/repetition-01/lower/python310/lib/python3.10/site-packages/pip/_vendor/__pycache__/__init__.cpython-310.pyc
f	644	1000	1000	32389	64	35958563	1785345378.6755395310	results/experiments/toolchain-environment/20260729T171551Z-toolchain-formal01/boots/repetition-01/lower/python310/lib/python3.10/site-packages/pip/_internal/commands/install.py
f	644	1000	1000	3242	64	35958971	1785345380.1354419740	results/experiments/toolchain-environment/20260729T171551Z-toolchain-formal01/boots/repetition-01/lower/python310/lib/python3.10/site-packages/pip/_vendor/chardet/cli/chardetect.py
f	644	1000	1000	3242	64	35961173	1785345404.3170294540	results/experiments/toolchain-environment/20260729T171551Z-toolchain-formal01/boots/repetition-01/lower/python312/lib/python3.12/site-packages/pip/_vendor/chardet/cli/chardetect.py
f	644	1000	1000	3243	64	35960831	1785345402.7952916310	results/experiments/toolchain-environment/20260729T171551Z-toolchain-formal01/boots/repetition-01/lower/python312/lib/python3.12/site-packages/pip/_internal/commands/freeze.py
f	644	1000	1000	3248	64	35958155	1785345374.0564551060	results/experiments/toolchain-environment/20260729T171551Z-toolchain-formal01/boots/repetition-01/lower/python310/lib/python3.10/site-packages/setuptools/_vendor/wheel/cli/__pycache__/pack.cpython-310.pyc
f	644	1000	1000	325	64	35960615	1785345396.5659566100	results/experiments/toolchain-environment/20260729T171551Z-toolchain-formal01/boots/repetition-01/lower/python310/lib/python3.10/site-packages/pip/_vendor/urllib3/__pycache__/_version.cpython-310.pyc
f	644	1000	1000	325	64	35962941	1785345424.1941785190	results/experiments/toolchain-environment/20260729T171551Z-toolchain-formal01/boots/repetition-01/lower/python312/lib/python3.12/site-packages/pip/_vendor/urllib3/packages/backports/__pycache__/__init__.cpython-312.pyc
f	644	1000	1000	3252	64	35959395	1785345381.7995966410	results/experiments/toolchain-environment/20260729T171551Z-toolchain-formal01/boots/repetition-01/lower/python310/lib/python3.10/site-packages/pip/_vendor/rich/jupyter.py
f	644	1000	1000	3252	64	35961661	1785345406.2752744100	results/experiments/toolchain-environment/20260729T171551Z-toolchain-formal01/boots/repetition-01/lower/python312/lib/python3.12/site-packages/pip/_vendor/rich/jupyter.py
f	644	1000	1000	3254	64	35956807	1785345363.3352592240	results/experiments/toolchain-environment/20260729T171551Z-toolchain-formal01/boots/repetition-01/lower/python310/lib/python3.10/site-packages/setuptools/_distutils/tests/test_cmd.py
f	644	1000	1000	3255	64	35957857	1785345369.6152835290	results/experiments/toolchain-environment/20260729T171551Z-toolchain-formal01/boots/repetition-01/lower/python310/lib/python3.10/site-packages/setuptools/_distutils/tests/__pycache__/test_build_scripts.cpython-310.pyc
f	644	1000	1000	326	64	35957965	1785345371.0321895240	results/experiments/toolchain-environment/20260729T171551Z-toolchain-formal01/boots/repetition-01/lower/python310/lib/python3.10/site-packages/setuptools/_vendor/backports/tarfile/compat/__pycache__/__init__.cpython-310.pyc
f	644	1000	1000	326	64	35958173	1785345374.2790528270	results/experiments/toolchain-environment/20260729T171551Z-toolchain-formal01/boots/repetition-01/lower/python310/lib/python3.10/site-packages/setuptools/_vendor/wheel/vendored/packaging/__pycache__/__init__.cpython-310.pyc
f	644	1000	1000	3261	64	35957885	1785345370.0195057750	results/experiments/toolchain-environment/20260729T171551Z-toolchain-formal01/boots/repetition-01/lower/python310/lib/python3.10/site-packages/setuptools/_distutils/tests/__pycache__/test_install_lib.cpython-310.pyc
f	644	1000	1000	3264	64	35959359	1785345381.6255934600	results/experiments/toolchain-environment/20260729T171551Z-toolchain-formal01/boots/repetition-01/lower/python310/lib/python3.10/site-packages/pip/_vendor/rich/bar.py
f	644	1000	1000	3264	64	35961625	1785345406.1155265420	results/experiments/toolchain-environment/20260729T171551Z-toolchain-formal01/boots/repetition-01/lower/python312/lib/python3.12/site-packages/pip/_vendor/rich/bar.py
f	644	1000	1000	3266	64	35957139	1785345364.6885808610	results/experiments/toolchain-environment/20260729T171551Z-toolchain-formal01/boots/repetition-01/lower/python310/lib/python3.10/site-packages/setuptools/_vendor/wheel/vendored/packaging/_elffile.py
f	644	1000	1000	3267	64	35959965	1785345387.5578861260	results/experiments/toolchain-environment/20260729T171551Z-toolchain-formal01/boots/repetition-01/lower/python310/lib/python3.10/site-packages/pip/_vendor/cachecontrol/__pycache__/adapter.cpython-310.pyc
f	644	1000	1000	327	64	35957989	1785345371.3653983100	results/experiments/toolchain-environment/20260729T171551Z-toolchain-formal01/boots/repetition-01/lower/python310/lib/python3.10/site-packages/setuptools/_vendor/importlib_metadata/compat/__pycache__/__init__.cpython-310.pyc
f	644	1000	1000	327	64	35960629	1785345396.7282981620	results/experiments/toolchain-environment/20260729T171551Z-toolchain-formal01/boots/repetition-01/lower/python310/lib/python3.10/site-packages/pip/_vendor/urllib3/contrib/_securetransport/__pycache__/__init__.cpython-310.pyc
f	644	1000	1000	3271	64	35957389	1785345365.8043043250	results/experiments/toolchain-environment/20260729T171551Z-toolchain-formal01/boots/repetition-01/lower/python310/lib/python3.10/site-packages/setuptools/tests/config/test_pyprojecttoml_dynamic_deps.py
f	644	1000	1000	32710	64	35956717	1785345362.9532701160	results/experiments/toolchain-environment/20260729T171551Z-toolchain-formal01/boots/repetition-01/lower/python310/lib/python3.10/site-packages/setuptools/_distutils/command/build_ext.py
f	644	1000	1000	3283	64	35959999	1785345387.9983191970	results/experiments/toolchain-environment/20260729T171551Z-toolchain-formal01/boots/repetition-01/lower/python310/lib/python3.10/site-packages/pip/_vendor/chardet/__pycache__/__init__.cpython-310.pyc
f	644	1000	1000	3286	64	35957979	1785345371.2411336410	results/experiments/toolchain-environment/20260729T171551Z-toolchain-formal01/boots/repetition-01/lower/python310/lib/python3.10/site-packages/setuptools/_vendor/importlib_metadata/__pycache__/_functools.cpython-310.pyc
f	644	1000	1000	3287	64	35959873	1785345386.2496780060	results/experiments/toolchain-environment/20260729T171551Z-toolchain-formal01/boots/repetition-01/lower/python310/lib/python3.10/site-packages/pip/_internal/resolution/resolvelib/__pycache__/reporter.cpython-310.pyc
f	644	1000	1000	32872	64	35957349	1785345365.6324271670	results/experiments/toolchain-environment/20260729T171551Z-toolchain-formal01/boots/repetition-01/lower/python310/lib/python3.10/site-packages/setuptools/tests/test_sdist.py
f	644	1000	1000	329	64	35958379	1785345377.0880559050	results/experiments/toolchain-environment/20260729T171551Z-toolchain-formal01/boots/repetition-01/lower/python310/lib/python3.10/site-packages/setuptools/tests/__pycache__/mod_with_constant.cpython-310.pyc
f	644	1000	1000	3290	64	35962365	1785345414.3875692480	results/experiments/toolchain-environment/20260729T171551Z-toolchain-formal01/boots/repetition-01/lower/python312/lib/python3.12/site-packages/pip/_vendor/chardet/__pycache__/utf8prober.cpython-312.pyc
f	644	1000	1000	3296	64	35958467	1785345378.2595319270	results/experiments/toolchain-environment/20260729T171551Z-toolchain-formal01/boots/repetition-01/lower/python310/lib/python3.10/site-packages/setuptools/__pycache__/unicode_utils.cpython-310.pyc
f	644	1000	1000	3301	64	35960233	1785345391.3490705990	results/experiments/toolchain-environment/20260729T171551Z-toolchain-formal01/boots/repetition-01/lower/python310/lib/python3.10/site-packages/pip/_vendor/platformdirs/__pycache__/macos.cpython-310.pyc
f	644	1000	1000	3302	64	35960123	1785345389.8968821580	results/experiments/toolchain-environment/20260729T171551Z-toolchain-formal01/boots/repetition-01/lower/python310/lib/python3.10/site-packages/pip/_vendor/colorama/tests/__pycache__/winterm_test.cpython-310.pyc
f	644	1000	1000	3306	64	35956989	1785345364.0409191310	results/experiments/toolchain-environment/20260729T171551Z-toolchain-formal01/boots/repetition-01/lower/python310/lib/python3.10/site-packages/setuptools/_vendor/packaging/_elffile.py
f	644	1000	1000	33091	64	35962119	1785345410.6371241990	results/experiments/toolchain-environment/20260729T171551Z-toolchain-formal01/boots/repetition-01/lower/python312/lib/python3.12/site-packages/pip/_internal/req/__pycache__/req_uninstall.cpython-312.pyc
f	644	1000	1000	331	64	35962449	1785345415.7693182460	results/experiments/toolchain-environment/20260729T171551Z-toolchain-formal01/boots/repetition-01/lower/python312/lib/python3.12/site-packages/pip/_vendor/idna/__pycache__/package_data.cpython-312.pyc
f	644	1000	1000	331	64	35962913	1785345423.8134848930	results/experiments/toolchain-environment/20260729T171551Z-toolchain-formal01/boots/repetition-01/lower/python312/lib/python3.12/site-packages/pip/_vendor/urllib3/contrib/_securetransport/__pycache__/__init__.cpython-312.pyc
f	644	1000	1000	33104	64	35962585	1785345418.3255641600	results/experiments/toolchain-environment/20260729T171551Z-toolchain-formal01/boots/repetition-01/lower/python312/lib/python3.12/site-packages/pip/_vendor/pygments/__pycache__/unistring.cpython-312.pyc
f	644	1000	1000	3314	64	35959177	1785345380.8875799680	results/experiments/toolchain-environment/20260729T171551Z-toolchain-formal01/boots/repetition-01/lower/python310/lib/python3.10/site-packages/pip/_vendor/pygments/formatters/bbcode.py
f	644	1000	1000	3314	64	35959467	1785345382.1114591990	results/experiments/toolchain-environment/20260729T171551Z-toolchain-formal01/boots/repetition-01/lower/python310/lib/python3.10/site-packages/pip/_vendor/tenacity/_asyncio.py
f	644	1000	1000	3314	64	35961421	1785345405.2930199600	results/experiments/toolchain-environment/20260729T171551Z-toolchain-formal01/boots/repetition-01/lower/python312/lib/python3.12/site-packages/pip/_vendor/pygments/formatters/bbcode.py
f	644	1000	1000	33189	64	35961553	1785345405.8105643440	results/experiments/toolchain-environment/20260729T171551Z-toolchain-formal01/boots/repetition-01/lower/python312/lib/python3.12/site-packages/pip/_vendor/requests/utils.py
f	644	1000	1000	33240	64	35959289	1785345381.3285880300	results/experiments/toolchain-environment/20260729T171551Z-toolchain-formal01/boots/repetition-01/lower/python310/lib/python3.10/site-packages/pip/_vendor/requests/utils.py
f	644	1000	1000	3325	64	35958987	1785345380.1834939500	results/experiments/toolchain-environment/20260729T171551Z-toolchain-formal01/boots/repetition-01/lower/python310/lib/python3.10/site-packages/pip/_vendor/colorama/initialise.py
f	644	1000	1000	3325	64	35961265	1785345404.6969247210	results/experiments/toolchain-environment/20260729T171551Z-toolchain-formal01/boots/repetition-01/lower/python312/lib/python3.12/site-packages/pip/_vendor/colorama/initialise.py
f	644	1000	1000	33289	64	35957305	1785345365.4336134480	results/experiments/toolchain-environment/20260729T171551Z-toolchain-formal01/boots/repetition-01/lower/python310/lib/python3.10/site-packages/setuptools/tests/test_build_meta.py
f	644	1000	1000	3329	64	35958375	1785345377.0361646660	results/experiments/toolchain-environment/20260729T171551Z-toolchain-formal01/boots/repetition-01/lower/python310/lib/python3.10/site-packages/setuptools/tests/integration/__pycache__/helpers.cpython-310.pyc
f	644	1000	1000	3333	64	35959499	1785345382.2295100700	results/experiments/toolchain-environment/20260729T171551Z-toolchain-formal01/boots/repetition-01/lower/python310/lib/python3.10/site-packages/pip/_vendor/urllib3/__init__.py
f	644	1000	1000	3333	64	35961783	1785345406.7701694310	results/experiments/toolchain-environment/20260729T171551Z-toolchain-formal01/boots/repetition-01/lower/python312/lib/python3.12/site-packages/pip/_vendor/urllib3/__init__.py
f	644	1000	1000	3337	64	35962175	1785345411.4314887440	results/experiments/toolchain-environment/20260729T171551Z-toolchain-formal01/boots/repetition-01/lower/python312/lib/python3.12/site-packages/pip/_internal/utils/__pycache__/egg_link.cpython-312.pyc
f	644	1000	1000	33398	64	35961981	1785345408.6071897950	results/experiments/toolchain-environment/20260729T171551Z-toolchain-formal01/boots/repetition-01/lower/python312/lib/python3.12/site-packages/pip/_internal/__pycache__/exceptions.cpython-312.pyc
f	644	1000	1000	334	64	35962899	1785345423.6571346580	results/experiments/toolchain-environment/20260729T171551Z-toolchain-formal01/boots/repetition-01/lower/python312/lib/python3.12/site-packages/pip/_vendor/urllib3/__pycache__/_version.cpython-312.pyc
f	644	1000	1000	33427	64	35957391	1785345365.8153045270	results/experiments/toolchain-environment/20260729T171551Z-toolchain-formal01/boots/repetition-01/lower/python310/lib/python3.10/site-packages/setuptools/tests/config/test_setupcfg.py
f	644	1000	1000	3347	64	35957361	1785345365.6876236770	results/experiments/toolchain-environment/20260729T171551Z-toolchain-formal01/boots/repetition-01/lower/python310/lib/python3.10/site-packages/setuptools/tests/test_warnings.py
f	644	1000	1000	3348	64	35962519	1785345416.9642400390	results/experiments/toolchain-environment/20260729T171551Z-toolchain-formal01/boots/repetition-01/lower/python312/lib/python3.12/site-packages/pip/_vendor/pygments/__pycache__/filter.cpython-312.pyc
f	644	1000	1000	335	64	35956653	1785345362.7189132510	results/experiments/toolchain-environment/20260729T171551Z-toolchain-formal01/boots/repetition-01/lower/python310/lib/python3.10/site-packages/setuptools/_distutils/_msvccompiler.py
f	644	1000	1000	335	64	35957275	1785345365.3024799420	results/experiments/toolchain-environment/20260729T171551Z-toolchain-formal01/boots/repetition-01/lower/python310/lib/python3.10/site-packages/setuptools/tests/__init__.py
f	644	1000	1000	3350	64	35958457	1785345378.1384172490	results/experiments/toolchain-environment/20260729T171551Z-toolchain-formal01/boots/repetition-01/lower/python310/lib/python3.10/site-packages/setuptools/tests/__pycache__/test_warnings.cpython-310.pyc
f	644	1000	1000	3351	64	35961045	1785345403.8051243300	results/experiments/toolchain-environment/20260729T171551Z-toolchain-formal01/boots/repetition-01/lower/python312/lib/python3.12/site-packages/pip/_internal/utils/_jaraco_text.py
f	644	1000	1000	3356	64	35962473	1785345416.1892258480	results/experiments/toolchain-environment/20260729T171551Z-toolchain-formal01/boots/repetition-01/lower/python312/lib/python3.12/site-packages/pip/_vendor/packaging/__pycache__/_structures.cpython-312.pyc
f	644	1000	1000	3362	64	35959655	1785345383.1306209750	results/experiments/toolchain-environment/20260729T171551Z-toolchain-formal01/boots/repetition-01/lower/python310/lib/python3.10/site-packages/pip/_internal/commands/__pycache__/__init__.cpython-310.pyc
f	644	1000	1000	33630	64	35962821	1785345422.6245123330	results/experiments/toolchain-environment/20260729T171551Z-toolchain-formal01/boots/repetition-01/lower/python312/lib/python3.12/site-packages/pip/_vendor/rich/__pycache__/style.cpython-312.pyc
f	644	1000	1000	337	64	35959709	1785345384.0516378150	results/experiments/toolchain-environment/20260729T171551Z-toolchain-formal01/boots/repetition-01/lower/python310/lib/python3.10/site-packages/pip/_internal/index/__pycache__/__init__.cpython-310.pyc
f	644	1000	1000	3370	64	35959451	1785345382.0474465560	results/experiments/toolchain-environment/20260729T171551Z-toolchain-formal01/boots/repetition-01/lower/python310/lib/python3.10/site-packages/pip/_vendor/rich/terminal_theme.py
f	644	1000	1000	3370	64	35961717	1785345406.5161681720	results/experiments/toolchain-environment/20260729T171551Z-toolchain-formal01/boots/repetition-01/lower/python312/lib/python3.12/site-packages/pip/_vendor/rich/terminal_theme.py
f	644	1000	1000	3372	64	35960689	1785345397.6150561120	results/experiments/toolchain-environment/20260729T171551Z-toolchain-formal01/boots/repetition-01/lower/python310/lib/python3.10/site-packages/pip/_vendor/urllib3/util/__pycache__/ssl_match_hostname.cpython-310.pyc
f	644	1000	1000	3374	64	35959061	1785345380.4695723260	results/experiments/toolchain-environment/20260729T171551Z-toolchain-formal01/boots/repetition-01/lower/python310/lib/python3.10/site-packages/pip/_vendor/idna/codec.py
f	644	1000	1000	3374	64	35961327	1785345404.9414740470	results/experiments/toolchain-environment/20260729T171551Z-toolchain-formal01/boots/repetition-01/lower/python312/lib/python3.12/site-packages/pip/_vendor/idna/codec.py
f	644	1000	1000	3378	64	35957921	1785345370.4886690150	results/experiments/toolchain-environment/20260729T171551Z-toolchain-formal01/boots/repetition-01/lower/python310/lib/python3.10/site-packages/setuptools/__pycache__/_entry_points.cpython-310.pyc
f	644	1000	1000	3378	64	35960491	1785345394.8278775680	results/experiments/toolchain-environment/20260729T171551Z-toolchain-formal01/boots/repetition-01/lower/python310/lib/python3.10/site-packages/pip/_vendor/rich/__pycache__/emoji.cpython-310.pyc
f	644	1000	1000	33798	64	35956895	1785345363.6723732760	results/experiments/toolchain-environment/20260729T171551Z-toolchain-formal01/boots/repetition-01/lower/python310/lib/python3.10/site-packages/setuptools/_vendor/importlib_metadata/__init__.py
f	644	1000	1000	3396	64	35959413	1785345381.8795981030	results/experiments/toolchain-environment/20260729T171551Z-toolchain-formal01/boots/repetition-01/lower/python310/lib/python3.10/site-packages/pip/_vendor/rich/palette.py
f	644	1000	1000	3396	64	35961679	1785345406.3520057430	results/experiments/toolchain-environment/20260729T171551Z-toolchain-formal01/boots/repetition-01/lower/python312/lib/python3.12/site-packages/pip/_vendor/rich/palette.py
f	644	1000	1000	33973	64	35962101	1785345410.3736433410	results/experiments/toolchain-environment/20260729T171551Z-toolchain-formal01/boots/repetition-01/lower/python312/lib/python3.12/site-packages/pip/_internal/operations/install/__pycache__/wheel.cpython-312.pyc
f	644	1000	1000	3398	64	35959935	1785345387.1876951590	results/experiments/toolchain-environment/20260729T171551Z-toolchain-formal01/boots/repetition-01/lower/python310/lib/python3.10/site-packages/pip/_internal/utils/__pycache__/virtualenv.cpython-310.pyc
f	644	1000	1000	340	64	35958503	1785345378.4620982580	results/experiments/toolchain-environment/20260729T171551Z-toolchain-formal01/boots/repetition-01/lower/python310/lib/python3.10/site-packages/pip/_internal/main.py
f	644	1000	1000	340	64	35960889	1785345403.0919259970	results/experiments/toolchain-environment/20260729T171551Z-toolchain-formal01/boots/repetition-01/lower/python312/lib/python3.12/site-packages/pip/_internal/main.py
f	644	1000	1000	3404	64	35958241	1785345375.2194635710	results/experiments/toolchain-environment/20260729T171551Z-toolchain-formal01/boots/repetition-01/lower/python310/lib/python3.10/site-packages/setuptools/command/__pycache__/dist_info.cpython-310.pyc
f	644	1000	1000	34084	64	35962953	1785345424.3943761150	results/experiments/toolchain-environment/20260729T171551Z-toolchain-formal01/boots/repetition-01/lower/python312/lib/python3.12/site-packages/pip/_vendor/urllib3/__pycache__/response.cpython-312.pyc
f	644	1000	1000	3411	64	35962993	1785345424.9510642480	results/experiments/toolchain-environment/20260729T171551Z-toolchain-formal01/boots/repetition-01/lower/python312/lib/python3.12/site-packages/pip/_vendor/webencodings/__pycache__/x_user_defined.cpython-312.pyc
f	644	1000	1000	3419	64	35959211	1785345381.0175314980	results/experiments/toolchain-environment/20260729T171551Z-toolchain-formal01/boots/repetition-01/lower/python310/lib/python3.10/site-packages/pip/_vendor/pygments/styles/__init__.py
f	644	1000	1000	34226	64	35962607	1785345418.7882734410	results/experiments/toolchain-environment/20260729T171551Z-toolchain-formal01/boots/repetition-01/lower/python312/lib/python3.12/site-packages/pip/_vendor/pyparsing/__pycache__/results.cpython-312.pyc
f	644	1000	1000	34232	64	35962191	1785345411.6772119570	results/experiments/toolchain-environment/20260729T171551Z-toolchain-formal01/boots/repetition-01/lower/python312/lib/python3.12/site-packages/pip/_internal/utils/__pycache__/misc.cpython-312.pyc
f	644	1000	1000	3433	64	35957337	1785345365.5804932920	results/experiments/toolchain-environment/20260729T171551Z-toolchain-formal01/boots/repetition-01/lower/python310/lib/python3.10/site-packages/setuptools/tests/test_install_scripts.py
f	644	1000	1000	3441	64	35959687	1785345383.7034548860	results/experiments/toolchain-environment/20260729T171551Z-toolchain-formal01/boots/repetition-01/lower/python310/lib/python3.10/site-packages/pip/_internal/commands/__pycache__/uninstall.cpython-310.pyc
f	644	1000	1000	3442	64	35962265	1785345412.6255163130	results/experiments/toolchain-environment/20260729T171551Z-toolchain-formal01/boots/repetition-01/lower/python312/lib/python3.12/site-packages/pip/_vendor/certifi/__pycache__/core.cpython-312.pyc
f	644	1000	1000	34448	64	35959533	1785345382.3586068610	results/experiments/toolchain-environment/20260729T171551Z-toolchain-formal01/boots/repetition-01/lower/python310/lib/python3.10/site-packages/pip/_vendor/urllib3/contrib/securetransport.py
f	644	1000	1000	34448	64	35961813	1785345406.8946077760	results/experiments/toolchain-environment/20260729T171551Z-toolchain-formal01/boots/repetition-01/lower/python312/lib/python3.12/site-packages/pip/_vendor/urllib3/contrib/securetransport.py
f	644	1000	1000	3447	64	35962017	1785345409.0700955140	results/experiments/toolchain-environment/20260729T171551Z-toolchain-formal01/boots/repetition-01/lower/python312/lib/python3.12/site-packages/pip/_internal/metadata/importlib/__pycache__/_compat.cpython-312.pyc
f	644	1000	1000	3448	64	35958175	1785345374.3122903330	results/experiments/toolchain-environment/20260729T171551Z-toolchain-formal01/boots/repetition-01/lower/python310/lib/python3.10/site-packages/setuptools/_vendor/wheel/vendored/packaging/__pycache__/_elffile.cpython-310.pyc
f	644	1000	1000	345	64	35957711	1785345367.5153355840	results/experiments/toolchain-environment/20260729T171551Z-toolchain-formal01/boots/repetition-01/lower/python310/lib/python3.10/site-packages/setuptools/_distutils/__pycache__/_log.cpython-310.pyc
f	644	1000	1000	3450	64	35957199	1785345364.9794556100	results/experiments/toolchain-environment/20260729T171551Z-toolchain-formal01/boots/repetition-01/lower/python310/lib/python3.10/site-packages/setuptools/command/dist_info.py
f	644	1000	1000	34544	64	35961349	1785345405.0351680400	results/experiments/toolchain-environment/20260729T171551Z-toolchain-formal01/boots/repetition-01/lower/python312/lib/python3.12/site-packages/pip/_vendor/msgpack/fallback.py
f	644	1000	1000	34549	64	35958831	1785345379.6055565310	results/experiments/toolchain-environment/20260729T171551Z-toolchain-formal01/boots/repetition-01/lower/python310/lib/python3.10/site-packages/pip/_vendor/six.py
f	644	1000	1000	34549	64	35961729	1785345406.5684529080	results/experiments/toolchain-environment/20260729T171551Z-toolchain-formal01/boots/repetition-01/lower/python312/lib/python3.12/site-packages/pip/_vendor/six.py
f	644	1000	1000	34557	64	35959083	1785345380.5535738620	results/experiments/toolchain-environment/20260729T171551Z-toolchain-formal01/boots/repetition-01/lower/python310/lib/python3.10/site-packages/pip/_vendor/msgpack/fallback.py
f	644	1000	1000	3456	64	35958809	1785345379.5375162670	results/experiments/toolchain-environment/20260729T171551Z-toolchain-formal01/boots/repetition-01/lower/python310/lib/python3.10/site-packages/pip/_internal/utils/virtualenv.py
f	644	1000	1000	3456	64	35959825	1785345385.5725069500	results/experiments/toolchain-environment/20260729T171551Z-toolchain-formal01/boots/repetition-01/lower/python310/lib/python3.10/site-packages/pip/_internal/operations/install/__pycache__/legacy.cpython-310.pyc
f	644	1000	1000	3456	64	35961093	1785345404.0233844080	results/experiments/toolchain-environment/20260729T171551Z-toolchain-formal01/boots/repetition-01/lower/python312/lib/python3.12/site-packages/pip/_internal/utils/virtualenv.py
f	644	1000	1000	346	64	35961985	1785345408.6404925420	results/experiments/toolchain-environment/20260729T171551Z-toolchain-formal01/boots/repetition-01/lower/python312/lib/python3.12/site-packages/pip/_internal/index/__pycache__/__init__.cpython-312.pyc
f	644	1000	1000	3460	64	35956843	1785345363.4916867640	results/experiments/toolchain-environment/20260729T171551Z-toolchain-formal01/boots/repetition-01/lower/python310/lib/python3.10/site-packages/setuptools/_distutils/tests/test_text_file.py
f	644	1000	1000	34618	64	35961445	1785345405.4040284130	results/experiments/toolchain-environment/20260729T171551Z-toolchain-formal01/boots/repetition-01/lower/python312/lib/python3.12/site-packages/pip/_vendor/pygments/lexer.py
f	644	1000	1000	3464	64	35962829	1785345422.7459739410	results/experiments/toolchain-environment/20260729T171551Z-toolchain-formal01/boots/repetition-01/lower/python312/lib/python3.12/site-packages/pip/_vendor/rich/__pycache__/terminal_theme.cpython-312.pyc
f	644	1000	1000	34665	64	35959549	1785345382.4156079030	results/experiments/toolchain-environment/20260729T171551Z-toolchain-formal01/boots/repetition-01/lower/python310/lib/python3.10/site-packages/pip/_vendor/urllib3/packages/six.py
f	644	1000	1000	34665	64	35961835	1785345406.9910574590	results/experiments/toolchain-environment/20260729T171551Z-toolchain-formal01/boots/repetition-01/lower/python312/lib/python3.12/site-packages/pip/_vendor/urllib3/packages/six.py
f	644	1000	1000	3476	64	35958179	1785345374.3796733090	results/experiments/toolchain-environment/20260729T171551Z-toolchain-formal01/boots/repetition-01/lower/python310/lib/python3.10/site-packages/setuptools/_vendor/wheel/vendored/packaging/__pycache__/_musllinux.cpython-310.pyc
f	644	1000	1000	34762	64	35957003	1785345364.1065606740	results/experiments/toolchain-environment/20260729T171551Z-toolchain-formal01/boots/repetition-01/lower/python310/lib/python3.10/site-packages/setuptools/_vendor/packaging/metadata.py
f	644	1000	1000	34764	64	35958331	1785345376.5625083410	results/experiments/toolchain-environment/20260729T171551Z-toolchain-formal01/boots/repetition-01/lower/python310/lib/python3.10/site-packages/setuptools/__pycache__/package_index.cpython-310.pyc
f	644	1000	1000	3480	64	35957277	1785345365.3112953190	results/experiments/toolchain-environment/20260729T171551Z-toolchain-formal01/boots/repetition-01/lower/python310/lib/python3.10/site-packages/setuptools/tests/contexts.py
f	644	1000	1000	3482	64	35960313	1785345392.4469127920	results/experiments/toolchain-environment/20260729T171551Z-toolchain-formal01/boots/repetition-01/lower/python310/lib/python3.10/site-packages/pip/_vendor/pygments/styles/__pycache__/__init__.cpython-310.pyc
f	644	1000	1000	3482	64	35960681	1785345397.4689543860	results/experiments/toolchain-environment/20260729T171551Z-toolchain-formal01/boots/repetition-01/lower/python310/lib/python3.10/site-packages/pip/_vendor/urllib3/util/__pycache__/request.cpython-310.pyc
f	644	1000	1000	349	64	35956667	1785345362.7675005170	results/experiments/toolchain-environment/20260729T171551Z-toolchain-formal01/boots/repetition-01/lower/python310/lib/python3.10/site-packages/setuptools/_distutils/dep_util.py
f	644	1000	1000	349	64	35957675	1785345367.0153264490	results/experiments/toolchain-environment/20260729T171551Z-toolchain-formal01/boots/repetition-01/lower/python310/lib/python3.10/site-packages/_distutils_hack/__pycache__/override.cpython-310.pyc
f	644	1000	1000	3493	64	35957983	1785345371.3014047600	results/experiments/toolchain-environment/20260729T171551Z-toolchain-formal01/boots/repetition-01/lower/python310/lib/python3.10/site-packages/setuptools/_vendor/importlib_metadata/__pycache__/_meta.cpython-310.pyc
f	644	1000	1000	34995	64	35959447	1785345382.0286008280	results/experiments/toolchain-environment/20260729T171551Z-toolchain-formal01/boots/repetition-01/lower/python310/lib/python3.10/site-packages/pip/_vendor/rich/syntax.py
f	644	1000	1000	351	64	35959341	1785345381.5455919970	results/experiments/toolchain-environment/20260729T171551Z-toolchain-formal01/boots/repetition-01/lower/python310/lib/python3.10/site-packages/pip/_vendor/rich/_stack.py
f	644	1000	1000	351	64	35961607	1785345406.0293921310	results/experiments/toolchain-environment/20260729T171551Z-toolchain-formal01/boots/repetition-01/lower/python312/lib/python3.12/site-packages/pip/_vendor/rich/_stack.py
f	644	1000	1000	3510	64	35959569	1785345382.4866092010	results/experiments/toolchain-environment/20260729T171551Z-toolchain-formal01/boots/repetition-01/lower/python310/lib/python3.10/site-packages/pip/_vendor/urllib3/util/response.py
f	644	1000	1000	3510	64	35961855	1785345407.0831065870	results/experiments/toolchain-environment/20260729T171551Z-toolchain-formal01/boots/repetition-01/lower/python312/lib/python3.12/site-packages/pip/_vendor/urllib3/util/response.py
f	644	1000	1000	3512	64	35962569	1785345418.0152592850	results/experiments/toolchain-environment/20260729T171551Z-toolchain-formal01/boots/repetition-01/lower/python312/lib/python3.12/site-packages/pip/_vendor/pygments/__pycache__/plugin.cpython-312.pyc
f	644	1000	1000	3513	64	35960509	1785345395.0795977390	results/experiments/toolchain-environment/20260729T171551Z-toolchain-formal01/boots/repetition-01/lower/python310/lib/python3.10/site-packages/pip/_vendor/rich/__pycache__/live_render.cpython-310.pyc
f	644	1000	1000	3516	64	35958045	1785345372.3724243320	results/experiments/toolchain-environment/20260729T171551Z-toolchain-formal01/boots/repetition-01/lower/python310/lib/python3.10/site-packages/setuptools/_vendor/packaging/__pycache__/_elffile.cpython-310.pyc
f	644	1000	1000	35173	64	35961713	1785345406.4956417350	results/experiments/toolchain-environment/20260729T171551Z-toolchain-formal01/boots/repetition-01/lower/python312/lib/python3.12/site-packages/pip/_vendor/rich/syntax.py
f	644	1000	1000	3519	64	35958817	1785345379.5603847040	results/experiments/toolchain-environment/20260729T171551Z-toolchain-formal01/boots/repetition-01/lower/python310/lib/python3.10/site-packages/pip/_internal/vcs/bazaar.py
f	644	1000	1000	3519	64	35961101	1785345404.0493722700	results/experiments/toolchain-environment/20260729T171551Z-toolchain-formal01/boots/repetition-01/lower/python312/lib/python3.12/site-packages/pip/_internal/vcs/bazaar.py
f	644	1000	1000	3520	64	35958361	1785345376.8761452180	results/experiments/toolchain-environment/20260729T171551Z-toolchain-formal01/boots/repetition-01/lower/python310/lib/python3.10/site-packages/setuptools/tests/config/__pycache__/test_pyprojecttoml_dynamic_deps.cpython-310.pyc
f	644	1000	1000	3521	64	35962895	1785345423.6005500370	results/experiments/toolchain-environment/20260729T171551Z-toolchain-formal01/boots/repetition-01/lower/python312/lib/python3.12/site-packages/pip/_vendor/urllib3/__pycache__/__init__.cpython-312.pyc
f	644	1000	1000	3522	64	35956819	1785345363.3874280150	results/experiments/toolchain-environment/20260729T171551Z-toolchain-formal01/boots/repetition-01/lower/python310/lib/python3.10/site-packages/setuptools/_distutils/tests/test_file_util.py
f	644	1000	1000	3524	64	35960043	1785345388.6868847270	results/experiments/toolchain-environment/20260729T171551Z-toolchain-formal01/boots/repetition-01/lower/python310/lib/python3.10/site-packages/pip/_vendor/chardet/__pycache__/hebrewprober.cpython-310.pyc
f	644	1000	1000	35288	64	35959279	1785345381.2815871710	results/experiments/toolchain-environment/20260729T171551Z-toolchain-formal01/boots/repetition-01/lower/python310/lib/python3.10/site-packages/pip/_vendor/requests/models.py
f	644	1000	1000	35288	64	35961543	1785345405.7673407220	results/experiments/toolchain-environment/20260729T171551Z-toolchain-formal01/boots/repetition-01/lower/python312/lib/python3.12/site-packages/pip/_vendor/requests/models.py
f	644	1000	1000	3529	64	35958385	1785345377.1662689190	results/experiments/toolchain-environment/20260729T171551Z-toolchain-formal01/boots/repetition-01/lower/python310/lib/python3.10/site-packages/setuptools/tests/__pycache__/server.cpython-310.pyc
f	644	1000	1000	353	64	35959137	1785345380.7355771890	results/experiments/toolchain-environment/20260729T171551Z-toolchain-formal01/boots/repetition-01/lower/python310/lib/python3.10/site-packages/pip/_vendor/pygments/__main__.py
f	644	1000	1000	353	64	35961401	1785345405.2173952160	results/experiments/toolchain-environment/20260729T171551Z-toolchain-formal01/boots/repetition-01/lower/python312/lib/python3.12/site-packages/pip/_vendor/pygments/__main__.py
f	644	1000	1000	35441	64	35959181	1785345380.9065803150	results/experiments/toolchain-environment/20260729T171551Z-toolchain-formal01/boots/repetition-01/lower/python310/lib/python3.10/site-packages/pip/_vendor/pygments/formatters/html.py
f	644	1000	1000	35451	64	35960337	1785345392.7868677220	results/experiments/toolchain-environment/20260729T171551Z-toolchain-formal01/boots/repetition-01/lower/python310/lib/python3.10/site-packages/pip/_vendor/pyparsing/__pycache__/helpers.cpython-310.pyc
f	644	1000	1000	35460	64	35961001	1785345403.6190666780	results/experiments/toolchain-environment/20260729T171551Z-toolchain-formal01/boots/repetition-01/lower/python312/lib/python3.12/site-packages/pip/_internal/req/req_install.py
f	644	1000	1000	354682	64	35957269	1785345365.2802947530	results/experiments/toolchain-environment/20260729T171551Z-toolchain-formal01/boots/repetition-01/lower/python310/lib/python3.10/site-packages/setuptools/config/_validate_pyproject/fastjsonschema_validations.py
f	644	1000	1000	3548	64	35960675	1785345397.3695741450	results/experiments/toolchain-environment/20260729T171551Z-toolchain-formal01/boots/repetition-01/lower/python310/lib/python3.10/site-packages/pip/_vendor/urllib3/util/__pycache__/connection.cpython-310.pyc
f	644	1000	1000	355	64	35960775	1785345402.5661650530	results/experiments/toolchain-environment/20260729T171551Z-toolchain-formal01/boots/repetition-01/lower/python312/lib/python3.12/site-packages/pip/__init__.py
f	644	1000	1000	3551	64	35961735	1785345406.5870500650	results/experiments/toolchain-environment/20260729T171551Z-toolchain-formal01/boots/repetition-01/lower/python312/lib/python3.12/site-packages/pip/_vendor/tenacity/_asyncio.py
f	644	1000	1000	3552	64	35959771	1785345384.8656526990	results/experiments/toolchain-environment/20260729T171551Z-toolchain-formal01/boots/repetition-01/lower/python310/lib/python3.10/site-packages/pip/_internal/models/__pycache__/target_python.cpython-310.pyc
f	644	1000	1000	35564	64	35962655	1785345419.7095697170	results/experiments/toolchain-environment/20260729T171551Z-toolchain-formal01/boots/repetition-01/lower/python312/lib/python3.12/site-packages/pip/_vendor/requests/__pycache__/models.cpython-312.pyc
f	644	1000	1000	35610	64	35961425	1785345405.3110267110	results/experiments/toolchain-environment/20260729T171551Z-toolchain-formal01/boots/repetition-01/lower/python312/lib/python3.12/site-packages/pip/_vendor/pygments/formatters/html.py
f	644	1000	1000	35624	64	35957203	1785345364.9935408770	results/experiments/toolchain-environment/20260729T171551Z-toolchain-formal01/boots/repetition-01/lower/python310/lib/python3.10/site-packages/setuptools/command/editable_wheel.py
f	644	1000	1000	3565	64	35958049	1785345372.4504257570	results/experiments/toolchain-environment/20260729T171551Z-toolchain-formal01/boots/repetition-01/lower/python310/lib/python3.10/site-packages/setuptools/_vendor/packaging/__pycache__/_musllinux.cpython-310.pyc
f	644	1000	1000	3567	64	35958111	1785345373.4392845490	results/experiments/toolchain-environment/20260729T171551Z-toolchain-formal01/boots/repetition-01/lower/python310/lib/python3.10/site-packages/setuptools/_vendor/typeguard/__pycache__/_config.cpython-310.pyc
f	644	1000	1000	35672	64	35962925	1785345424.0156520800	results/experiments/toolchain-environment/20260729T171551Z-toolchain-formal01/boots/repetition-01/lower/python312/lib/python3.12/site-packages/pip/_vendor/urllib3/contrib/__pycache__/securetransport.cpython-312.pyc
f	644	1000	1000	357	64	35958483	1785345378.4056867280	results/experiments/toolchain-environment/20260729T171551Z-toolchain-formal01/boots/repetition-01/lower/python310/lib/python3.10/site-packages/pip/__init__.py
f	644	1000	1000	3575	64	35957659	1785345366.9187025910	results/experiments/toolchain-environment/20260729T171551Z-toolchain-formal01/boots/repetition-01/lower/python310/lib/python3.10/site-packages/setuptools/_vendor/zipp-3.19.2.dist-info/METADATA
f	644	1000	1000	35763	64	35958717	1785345379.2065492380	results/experiments/toolchain-environment/20260729T171551Z-toolchain-formal01/boots/repetition-01/lower/python310/lib/python3.10/site-packages/pip/_internal/req/req_install.py
f	644	1000	1000	3581	64	35957757	1785345368.2113483000	results/experiments/toolchain-environment/20260729T171551Z-toolchain-formal01/boots/repetition-01/lower/python310/lib/python3.10/site-packages/setuptools/_distutils/command/__pycache__/install_egg_info.cpython-310.pyc
f	644	1000	1000	3581	64	35960763	1785345402.5364128070	results/experiments/toolchain-environment/20260729T171551Z-toolchain-formal01/boots/repetition-01/lower/python312/lib/python3.12/site-packages/pip-24.0.dist-info/METADATA
f	644	1000	1000	35826	64	35962011	1785345409.0020942690	results/experiments/toolchain-environment/20260729T171551Z-toolchain-formal01/boots/repetition-01/lower/python312/lib/python3.12/site-packages/pip/_internal/metadata/__pycache__/base.cpython-312.pyc
f	644	1000	1000	35852	64	35961683	1785345406.3693621750	results/experiments/toolchain-environment/20260729T171551Z-toolchain-formal01/boots/repetition-01/lower/python312/lib/python3.12/site-packages/pip/_vendor/rich/pretty.py
f	644	1000	1000	359	64	35956645	1785345362.6908923220	results/experiments/toolchain-environment/20260729T171551Z-toolchain-formal01/boots/repetition-01/lower/python310/lib/python3.10/site-packages/setuptools/_distutils/__init__.py
f	644	1000	1000	359	64	35959777	1785345384.9196536860	results/experiments/toolchain-environment/20260729T171551Z-toolchain-formal01/boots/repetition-01/lower/python310/lib/python3.10/site-packages/pip/_internal/network/__pycache__/__init__.cpython-310.pyc
f	644	1000	1000	3591	64	35959943	1785345387.2806968590	results/experiments/toolchain-environment/20260729T171551Z-toolchain-formal01/boots/repetition-01/lower/python310/lib/python3.10/site-packages/pip/_internal/vcs/__pycache__/bazaar.cpython-310.pyc
f	644	1000	1000	35923	64	35958245	1785345375.2994853970	results/experiments/toolchain-environment/20260729T171551Z-toolchain-formal01/boots/repetition-01/lower/python310/lib/python3.10/site-packages/setuptools/command/__pycache__/editable_wheel.cpython-310.pyc
f	644	1000	1000	3600	64	35958651	1785345378.9741900570	results/experiments/toolchain-environment/20260729T171551Z-toolchain-formal01/boots/repetition-01/lower/python310/lib/python3.10/site-packages/pip/_internal/models/wheel.py
f	644	1000	1000	3600	64	35960935	1785345403.3188218630	results/experiments/toolchain-environment/20260729T171551Z-toolchain-formal01/boots/repetition-01/lower/python312/lib/python3.12/site-packages/pip/_internal/models/wheel.py
f	644	1000	1000	360165	64	35960425	1785345393.8888177190	results/experiments/toolchain-environment/20260729T171551Z-toolchain-formal01/boots/repetition-01/lower/python310/lib/python3.10/site-packages/pip/_vendor/rich/__pycache__/_emoji_codes.cpython-310.pyc
f	644	1000	1000	3604	64	35962511	1785345416.8032370910	results/experiments/toolchain-environment/20260729T171551Z-toolchain-formal01/boots/repetition-01/lower/python312/lib/python3.12/site-packages/pip/_vendor/pygments/__pycache__/__init__.cpython-312.pyc
f	644	1000	1000	3612	64	35956829	1785345363.4302555170	results/experiments/toolchain-environment/20260729T171551Z-toolchain-formal01/boots/repetition-01/lower/python310/lib/python3.10/site-packages/setuptools/_distutils/tests/test_install_lib.py
f	644	1000	1000	36191	64	35962665	1785345419.9112940060	results/experiments/toolchain-environment/20260729T171551Z-toolchain-formal01/boots/repetition-01/lower/python312/lib/python3.12/site-packages/pip/_vendor/requests/__pycache__/utils.cpython-312.pyc
f	644	1000	1000	3627	64	35958439	1785345377.9012927060	results/experiments/toolchain-environment/20260729T171551Z-toolchain-formal01/boots/repetition-01/lower/python310/lib/python3.10/site-packages/setuptools/tests/__pycache__/test_namespaces.cpython-310.pyc
f	644	1000	1000	3627	64	35959455	1785345382.0656015040	results/experiments/toolchain-environment/20260729T171551Z-toolchain-formal01/boots/repetition-01/lower/python310/lib/python3.10/site-packages/pip/_vendor/rich/theme.py
f	644	1000	1000	3627	64	35961057	1785345403.8592784700	results/experiments/toolchain-environment/20260729T171551Z-toolchain-formal01/boots/repetition-01/lower/python312/lib/python3.12/site-packages/pip/_internal/utils/deprecation.py
f	644	1000	1000	36293	64	35957559	1785345366.4763524510	results/experiments/toolchain-environment/20260729T171551Z-toolchain-formal01/boots/repetition-01/lower/python310/lib/python3.10/site-packages/setuptools/_vendor/more_itertools-10.3.0.dist-info/METADATA
f	644	1000	1000	3635	64	35957875	1785345369.8778998010	results/experiments/toolchain-environment/20260729T171551Z-toolchain-formal01/boots/repetition-01/lower/python310/lib/python3.10/site-packages/setuptools/_distutils/tests/__pycache__/test_file_util.cpython-310.pyc
f	644	1000	1000	36558	64	35962903	1785345423.7176301610	results/experiments/toolchain-environment/20260729T171551Z-toolchain-formal01/boots/repetition-01/lower/python312/lib/python3.12/site-packages/pip/_vendor/urllib3/__pycache__/connectionpool.cpython-312.pyc
f	644	1000	1000	3658	64	35957543	1785345366.4084364550	results/experiments/toolchain-environment/20260729T171551Z-toolchain-formal01/boots/repetition-01/lower/python310/lib/python3.10/site-packages/setuptools/_vendor/jaraco.text-3.12.1.dist-info/METADATA
f	644	1000	1000	3658	64	35959767	1785345384.8106516930	results/experiments/toolchain-environment/20260729T171551Z-toolchain-formal01/boots/repetition-01/lower/python310/lib/python3.10/site-packages/pip/_internal/models/__pycache__/search_scope.cpython-310.pyc
f	644	1000	1000	366	64	35957235	1785345365.1192892280	results/experiments/toolchain-environment/20260729T171551Z-toolchain-formal01/boots/repetition-01/lower/python310/lib/python3.10/site-packages/setuptools/compat/py312.py
f	644	1000	1000	36625	64	35958327	1785345376.5104999580	results/experiments/toolchain-environment/20260729T171551Z-toolchain-formal01/boots/repetition-01/lower/python310/lib/python3.10/site-packages/setuptools/__pycache__/msvc.cpython-310.pyc
f	644	1000	1000	3665	64	35962377	1785345414.5814188300	results/experiments/toolchain-environment/20260729T171551Z-toolchain-formal01/boots/repetition-01/lower/python312/lib/python3.12/site-packages/pip/_vendor/colorama/__pycache__/initialise.cpython-312.pyc
f	644	1000	1000	3667	64	35959401	1785345381.8285971710	results/experiments/toolchain-environment/20260729T171551Z-toolchain-formal01/boots/repetition-01/lower/python310/lib/python3.10/site-packages/pip/_vendor/rich/live_render.py
f	644	1000	1000	3667	64	35961667	1785345406.3005838770	results/experiments/toolchain-environment/20260729T171551Z-toolchain-formal01/boots/repetition-01/lower/python312/lib/python3.12/site-packages/pip/_vendor/rich/live_render.py
f	644	1000	1000	3669	64	35960305	1785345392.3534677460	results/experiments/toolchain-environment/20260729T171551Z-toolchain-formal01/boots/repetition-01/lower/python310/lib/python3.10/site-packages/pip/_vendor/pygments/__pycache__/scanner.cpython-310.pyc
f	644	1000	1000	367	64	35957805	1785345368.9631387900	results/experiments/toolchain-environment/20260729T171551Z-toolchain-formal01/boots/repetition-01/lower/python310/lib/python3.10/site-packages/setuptools/_distutils/__pycache__/debug.cpython-310.pyc
f	644	1000	1000	3670	64	35956817	1785345363.3790595480	results/experiments/toolchain-environment/20260729T171551Z-toolchain-formal01/boots/repetition-01/lower/python310/lib/python3.10/site-packages/setuptools/_distutils/tests/test_extension.py
f	644	1000	1000	3674	64	35962173	1785345411.4000908630	results/experiments/toolchain-environment/20260729T171551Z-toolchain-formal01/boots/repetition-01/lower/python312/lib/python3.12/site-packages/pip/_internal/utils/__pycache__/direct_url_helpers.cpython-312.pyc
f	644	1000	1000	3678	64	35961389	1785345405.1766472800	results/experiments/toolchain-environment/20260729T171551Z-toolchain-formal01/boots/repetition-01/lower/python312/lib/python3.12/site-packages/pip/_vendor/platformdirs/macos.py
f	644	1000	1000	368	64	35962053	1785345409.6081053620	results/experiments/toolchain-environment/20260729T171551Z-toolchain-formal01/boots/repetition-01/lower/python312/lib/python3.12/site-packages/pip/_internal/network/__pycache__/__init__.cpython-312.pyc
f	644	1000	1000	3686	64	35960213	1785345391.1149545840	results/experiments/toolchain-environment/20260729T171551Z-toolchain-formal01/boots/repetition-01/lower/python310/lib/python3.10/site-packages/pip/_vendor/packaging/__pycache__/utils.cpython-310.pyc
f	644	1000	1000	3689	64	35962727	1785345421.0136295600	results/experiments/toolchain-environment/20260729T171551Z-toolchain-formal01/boots/repetition-01/lower/python312/lib/python3.12/site-packages/pip/_vendor/rich/__pycache__/_windows_renderer.cpython-312.pyc
f	644	1000	1000	36913	64	35958909	1785345379.8815615770	results/experiments/toolchain-environment/20260729T171551Z-toolchain-formal01/boots/repetition-01/lower/python310/lib/python3.10/site-packages/pip/_vendor/chardet/euctwfreq.py
f	644	1000	1000	36913	64	35961193	1785345404.3976436370	results/experiments/toolchain-environment/20260729T171551Z-toolchain-formal01/boots/repetition-01/lower/python312/lib/python3.12/site-packages/pip/_vendor/chardet/euctwfreq.py
f	644	1000	1000	3693	64	35962765	1785345421.6543259280	results/experiments/toolchain-environment/20260729T171551Z-toolchain-formal01/boots/repetition-01/lower/python312/lib/python3.12/site-packages/pip/_vendor/rich/__pycache__/file_proxy.cpython-312.pyc
f	644	1000	1000	3700	64	35961469	1785345405.4931675860	results/experiments/toolchain-environment/20260729T171551Z-toolchain-formal01/boots/repetition-01/lower/python312/lib/python3.12/site-packages/pip/_vendor/pygments/styles/__init__.py
f	644	1000	1000	37075	64	35958421	1785345377.6625210140	results/experiments/toolchain-environment/20260729T171551Z-toolchain-formal01/boots/repetition-01/lower/python310/lib/python3.10/site-packages/setuptools/tests/__pycache__/test_editable_install.cpython-310.pyc
f	644	1000	1000	3709	64	35959007	1785345380.2605061920	results/experiments/toolchain-environment/20260729T171551Z-toolchain-formal01/boots/repetition-01/lower/python310/lib/python3.10/site-packages/pip/_vendor/colorama/tests/winterm_test.py
f	644	1000	1000	3709	64	35961281	1785345404.7633710240	results/experiments/toolchain-environment/20260729T171551Z-toolchain-formal01/boots/repetition-01/lower/python312/lib/python3.12/site-packages/pip/_vendor/colorama/tests/winterm_test.py
f	644	1000	1000	371	64	35959751	1785345384.5826475240	results/experiments/toolchain-environment/20260729T171551Z-toolchain-formal01/boots/repetition-01/lower/python310/lib/python3.10/site-packages/pip/_internal/models/__pycache__/__init__.cpython-310.pyc
f	644	1000	1000	371	64	35959821	1785345385.4993661770	results/experiments/toolchain-environment/20260729T171551Z-toolchain-formal01/boots/repetition-01/lower/python310/lib/python3.10/site-packages/pip/_internal/operations/install/__pycache__/__init__.cpython-310.pyc
f	644	1000	1000	3714	64	35960439	1785345394.0857568140	results/experiments/toolchain-environment/20260729T171551Z-toolchain-formal01/boots/repetition-01/lower/python310/lib/python3.10/site-packages/pip/_vendor/rich/__pycache__/_null_file.cpython-310.pyc
f	644	1000	1000	3715	64	35958945	1785345380.0402428720	results/experiments/toolchain-environment/20260729T171551Z-toolchain-formal01/boots/repetition-01/lower/python310/lib/python3.10/site-packages/pip/_vendor/chardet/mbcharsetprober.py
f	644	1000	1000	3715	64	35961229	1785345404.5679818880	results/experiments/toolchain-environment/20260729T171551Z-toolchain-formal01/boots/repetition-01/lower/python312/lib/python3.12/site-packages/pip/_vendor/chardet/mbcharsetprober.py
f	644	1000	1000	3717	64	35956619	1785345362.6149247000	results/experiments/toolchain-environment/20260729T171551Z-toolchain-formal01/boots/repetition-01/lower/python310/lib/python3.10/site-packages/setuptools/monkey.py
f	644	1000	1000	3717	64	35957615	1785345366.7263211690	results/experiments/toolchain-environment/20260729T171551Z-toolchain-formal01/boots/repetition-01/lower/python310/lib/python3.10/site-packages/setuptools/_vendor/typeguard-4.3.0.dist-info/METADATA
f	644	1000	1000	3730	64	35957359	1785345365.6782761950	results/experiments/toolchain-environment/20260729T171551Z-toolchain-formal01/boots/repetition-01/lower/python310/lib/python3.10/site-packages/setuptools/tests/test_virtualenv.py
f	644	1000	1000	3730	64	35959831	1785345385.6756675100	results/experiments/toolchain-environment/20260729T171551Z-toolchain-formal01/boots/repetition-01/lower/python310/lib/python3.10/site-packages/pip/_internal/__pycache__/pyproject.cpython-310.pyc
f	644	1000	1000	3732	64	35958891	1785345379.8135044920	results/experiments/toolchain-environment/20260729T171551Z-toolchain-formal01/boots/repetition-01/lower/python310/lib/python3.10/site-packages/pip/_vendor/chardet/codingstatemachine.py
f	644	1000	1000	3732	64	35961175	1785345404.3246103290	results/experiments/toolchain-environment/20260729T171551Z-toolchain-formal01/boots/repetition-01/lower/python312/lib/python3.12/site-packages/pip/_vendor/chardet/codingstatemachine.py
f	644	1000	1000	37324	64	35958309	1785345376.2754956630	results/experiments/toolchain-environment/20260729T171551Z-toolchain-formal01/boots/repetition-01/lower/python310/lib/python3.10/site-packages/setuptools/__pycache__/dist.cpython-310.pyc
f	644	1000	1000	3734	64	35960637	1785345396.8731790190	results/experiments/toolchain-environment/20260729T171551Z-toolchain-formal01/boots/repetition-01/lower/python310/lib/python3.10/site-packages/pip/_vendor/urllib3/contrib/__pycache__/ntlmpool.cpython-310.pyc
f	644	1000	1000	3736	64	35962709	1785345420.6733079610	results/experiments/toolchain-environment/20260729T171551Z-toolchain-formal01/boots/repetition-01/lower/python312/lib/python3.12/site-packages/pip/_vendor/rich/__pycache__/_null_file.cpython-312.pyc
f	644	1000	1000	37414	64	35959417	1785345381.8975984320	results/experiments/toolchain-environment/20260729T171551Z-toolchain-formal01/boots/repetition-01/lower/python310/lib/python3.10/site-packages/pip/_vendor/rich/pretty.py
f	644	1000	1000	3744	64	35957895	1785345370.1571285280	results/experiments/toolchain-environment/20260729T171551Z-toolchain-formal01/boots/repetition-01/lower/python310/lib/python3.10/site-packages/setuptools/_distutils/tests/__pycache__/test_spawn.cpython-310.pyc
f	644	1000	1000	3773	64	35958325	1785345376.4823625400	results/experiments/toolchain-environment/20260729T171551Z-toolchain-formal01/boots/repetition-01/lower/python310/lib/python3.10/site-packages/setuptools/__pycache__/monkey.cpython-310.pyc
f	644	1000	1000	3777	64	35961721	1785345406.5345609970	results/experiments/toolchain-environment/20260729T171551Z-toolchain-formal01/boots/repetition-01/lower/python312/lib/python3.12/site-packages/pip/_vendor/rich/theme.py
f	644	1000	1000	378	64	35957955	1785345370.9223978350	results/experiments/toolchain-environment/20260729T171551Z-toolchain-formal01/boots/repetition-01/lower/python310/lib/python3.10/site-packages/setuptools/_vendor/backports/__pycache__/__init__.cpython-310.pyc
f	644	1000	1000	37843	64	35960875	1785345403.0229848380	results/experiments/toolchain-environment/20260729T171551Z-toolchain-formal01/boots/repetition-01/lower/python312/lib/python3.12/site-packages/pip/_internal/index/package_finder.py
f	644	1000	1000	3786	64	35957715	1785345367.5800730880	results/experiments/toolchain-environment/20260729T171551Z-toolchain-formal01/boots/repetition-01/lower/python310/lib/python3.10/site-packages/setuptools/_distutils/__pycache__/_modified.cpython-310.pyc
f	644	1000	1000	37873	64	35958593	1785345378.7755413590	results/experiments/toolchain-environment/20260729T171551Z-toolchain-formal01/boots/repetition-01/lower/python310/lib/python3.10/site-packages/pip/_internal/index/package_finder.py
f	644	1000	1000	379	64	35956911	1785345363.7442666950	results/experiments/toolchain-environment/20260729T171551Z-toolchain-formal01/boots/repetition-01/lower/python310/lib/python3.10/site-packages/setuptools/_vendor/importlib_metadata/diagnose.py
f	644	1000	1000	379	64	35957919	1785345370.4673895210	results/experiments/toolchain-environment/20260729T171551Z-toolchain-formal01/boots/repetition-01/lower/python310/lib/python3.10/site-packages/setuptools/_distutils/__pycache__/zosccompiler.cpython-310.pyc
f	644	1000	1000	3792	64	35960085	1785345389.3930757660	results/experiments/toolchain-environment/20260729T171551Z-toolchain-formal01/boots/repetition-01/lower/python310/lib/python3.10/site-packages/pip/_vendor/chardet/__pycache__/sbcharsetprober.cpython-310.pyc
f	644	1000	1000	3796	64	35956637	1785345362.6715093730	results/experiments/toolchain-environment/20260729T171551Z-toolchain-formal01/boots/repetition-01/lower/python310/lib/python3.10/site-packages/setuptools/warnings.py
f	644	1000	1000	380	64	35958139	1785345373.8532302280	results/experiments/toolchain-environment/20260729T171551Z-toolchain-formal01/boots/repetition-01/lower/python310/lib/python3.10/site-packages/setuptools/_vendor/wheel/__pycache__/__init__.cpython-310.pyc
f	644	1000	1000	380	64	35960161	1785345390.4221004980	results/experiments/toolchain-environment/20260729T171551Z-toolchain-formal01/boots/repetition-01/lower/python310/lib/python3.10/site-packages/pip/_vendor/distro/__pycache__/__main__.cpython-310.pyc
f	644	1000	1000	380	64	35962027	1785345409.2022503700	results/experiments/toolchain-environment/20260729T171551Z-toolchain-formal01/boots/repetition-01/lower/python312/lib/python3.12/site-packages/pip/_internal/models/__pycache__/__init__.cpython-312.pyc
f	644	1000	1000	380	64	35962097	1785345410.3003996910	results/experiments/toolchain-environment/20260729T171551Z-toolchain-formal01/boots/repetition-01/lower/python312/lib/python3.12/site-packages/pip/_internal/operations/install/__pycache__/__init__.cpython-312.pyc
f	644	1000	1000	3805	64	35957733	1785345367.8363414490	results/experiments/toolchain-environment/20260729T171551Z-toolchain-formal01/boots/repetition-01/lower/python310/lib/python3.10/site-packages/setuptools/_distutils/command/__pycache__/bdist_dumb.cpython-310.pyc
f	644	1000	1000	38052	64	35962523	1785345417.0114517310	results/experiments/toolchain-environment/20260729T171551Z-toolchain-formal01/boots/repetition-01/lower/python312/lib/python3.12/site-packages/pip/_vendor/pygments/filters/__pycache__/__init__.cpython-312.pyc
f	644	1000	1000	3807	64	35958433	1785345377.8155238110	results/experiments/toolchain-environment/20260729T171551Z-toolchain-formal01/boots/repetition-01/lower/python310/lib/python3.10/site-packages/setuptools/tests/__pycache__/test_install_scripts.cpython-310.pyc
f	644	1000	1000	38095	64	35960051	1785345388.8254299690	results/experiments/toolchain-environment/20260729T171551Z-toolchain-formal01/boots/repetition-01/lower/python310/lib/python3.10/site-packages/pip/_vendor/chardet/__pycache__/jpcntx.cpython-310.pyc
f	644	1000	1000	3819	64	35960521	1785345395.2444269450	results/experiments/toolchain-environment/20260729T171551Z-toolchain-formal01/boots/repetition-01/lower/python310/lib/python3.10/site-packages/pip/_vendor/rich/__pycache__/palette.cpython-310.pyc
f	644	1000	1000	3823	64	35959273	1785345381.2526555860	results/experiments/toolchain-environment/20260729T171551Z-toolchain-formal01/boots/repetition-01/lower/python310/lib/python3.10/site-packages/pip/_vendor/requests/exceptions.py
f	644	1000	1000	3823	64	35961537	1785345405.7420352380	results/experiments/toolchain-environment/20260729T171551Z-toolchain-formal01/boots/repetition-01/lower/python312/lib/python3.12/site-packages/pip/_vendor/requests/exceptions.py
f	644	1000	1000	3829	64	35956811	1785345363.3522595340	results/experiments/toolchain-environment/20260729T171551Z-toolchain-formal01/boots/repetition-01/lower/python310/lib/python3.10/site-packages/setuptools/_distutils/tests/test_core.py
f	644	1000	1000	383	64	35959629	1785345382.7866146860	results/experiments/toolchain-environment/20260729T171551Z-toolchain-formal01/boots/repetition-01/lower/python310/lib/python3.10/site-packages/pip/_internal/cli/__pycache__/__init__.cpython-310.pyc
f	644	1000	1000	38445	64	35962557	1785345417.7722548350	results/experiments/toolchain-environment/20260729T171551Z-toolchain-formal01/boots/repetition-01/lower/python312/lib/python3.12/site-packages/pip/_vendor/pygments/__pycache__/lexer.cpython-312.pyc
f	644	1000	1000	38481	64	35960139	1785345390.1068768620	results/experiments/toolchain-environment/20260729T171551Z-toolchain-formal01/boots/repetition-01/lower/python310/lib/python3.10/site-packages/pip/_vendor/distlib/__pycache__/locators.cpython-310.pyc
f	644	1000	1000	38494	64	35960175	1785345390.5946886720	results/experiments/toolchain-environment/20260729T171551Z-toolchain-formal01/boots/repetition-01/lower/python310/lib/python3.10/site-packages/pip/_vendor/idna/__pycache__/idnadata.cpython-310.pyc
f	644	1000	1000	38528	64	35962115	1785345410.5701229720	results/experiments/toolchain-environment/20260729T171551Z-toolchain-formal01/boots/repetition-01/lower/python312/lib/python3.12/site-packages/pip/_internal/req/__pycache__/req_install.cpython-312.pyc
f	644	1000	1000	3857	64	35962109	1785345410.4676330280	results/experiments/toolchain-environment/20260729T171551Z-toolchain-formal01/boots/repetition-01/lower/python312/lib/python3.12/site-packages/pip/_internal/req/__pycache__/__init__.cpython-312.pyc
f	644	1000	1000	3858	64	35958649	1785345378.9665950020	results/experiments/toolchain-environment/20260729T171551Z-toolchain-formal01/boots/repetition-01/lower/python310/lib/python3.10/site-packages/pip/_internal/models/target_python.py
f	644	1000	1000	386	64	35956703	1785345362.8924894060	results/experiments/toolchain-environment/20260729T171551Z-toolchain-formal01/boots/repetition-01/lower/python310/lib/python3.10/site-packages/setuptools/_distutils/command/__init__.py
f	644	1000	1000	386	64	35956851	1785345363.5284495030	results/experiments/toolchain-environment/20260729T171551Z-toolchain-formal01/boots/repetition-01/lower/python310/lib/python3.10/site-packages/setuptools/_distutils/tests/unix_compat.py
f	644	1000	1000	386	64	35958277	1785345375.7734864870	results/experiments/toolchain-environment/20260729T171551Z-toolchain-formal01/boots/repetition-01/lower/python310/lib/python3.10/site-packages/setuptools/compat/__pycache__/py39.cpython-310.pyc
f	644	1000	1000	38646	64	35961493	1785345405.5830316890	results/experiments/toolchain-environment/20260729T171551Z-toolchain-formal01/boots/repetition-01/lower/python312/lib/python3.12/site-packages/pip/_vendor/pyparsing/helpers.py
f	644	1000	1000	3873	64	35958329	1785345376.5356010420	results/experiments/toolchain-environment/20260729T171551Z-toolchain-formal01/boots/repetition-01/lower/python310/lib/python3.10/site-packages/setuptools/__pycache__/namespaces.cpython-310.pyc
f	644	1000	1000	38760	64	35962345	1785345414.0121859870	results/experiments/toolchain-environment/20260729T171551Z-toolchain-formal01/boots/repetition-01/lower/python312/lib/python3.12/site-packages/pip/_vendor/chardet/__pycache__/mbcssm.cpython-312.pyc
f	644	1000	1000	3878	64	35956949	1785345363.8750591460	results/experiments/toolchain-environment/20260729T171551Z-toolchain-formal01/boots/repetition-01/lower/python310/lib/python3.10/site-packages/setuptools/_vendor/jaraco/functools/__init__.pyi
f	644	1000	1000	3879	64	35959275	1785345381.2615868050	results/experiments/toolchain-environment/20260729T171551Z-toolchain-formal01/boots/repetition-01/lower/python310/lib/python3.10/site-packages/pip/_vendor/requests/help.py
f	644	1000	1000	3879	64	35961539	1785345405.7509183580	results/experiments/toolchain-environment/20260729T171551Z-toolchain-formal01/boots/repetition-01/lower/python312/lib/python3.12/site-packages/pip/_vendor/requests/help.py
f	644	1000	1000	3882	64	35958539	1785345378.5826101840	results/experiments/toolchain-environment/20260729T171551Z-toolchain-formal01/boots/repetition-01/lower/python310/lib/python3.10/site-packages/pip/_internal/commands/__init__.py
f	644	1000	1000	3882	64	35960817	1785345402.7169792380	results/experiments/toolchain-environment/20260729T171551Z-toolchain-formal01/boots/repetition-01/lower/python312/lib/python3.12/site-packages/pip/_internal/commands/__init__.py
f	644	1000	1000	3886	64	35958571	1785345378.7063794830	results/experiments/toolchain-environment/20260729T171551Z-toolchain-formal01/boots/repetition-01/lower/python310/lib/python3.10/site-packages/pip/_internal/commands/uninstall.py
f	644	1000	1000	3886	64	35960849	1785345402.9017309350	results/experiments/toolchain-environment/20260729T171551Z-toolchain-formal01/boots/repetition-01/lower/python312/lib/python3.12/site-packages/pip/_internal/commands/uninstall.py
f	644	1000	1000	3893	64	35957851	1785345369.5293723810	results/experiments/toolchain-environment/20260729T171551Z-toolchain-formal01/boots/repetition-01/lower/python310/lib/python3.10/site-packages/setuptools/_distutils/tests/__pycache__/test_build_clib.cpython-310.pyc
f	644	1000	1000	3895	64	35962001	1785345408.8779611410	results/experiments/toolchain-environment/20260729T171551Z-toolchain-formal01/boots/repetition-01/lower/python312/lib/python3.12/site-packages/pip/_internal/locations/__pycache__/base.cpython-312.pyc
f	644	1000	1000	39048	64	35957811	1785345369.0403634470	results/experiments/toolchain-environment/20260729T171551Z-toolchain-formal01/boots/repetition-01/lower/python310/lib/python3.10/site-packages/setuptools/_distutils/__pycache__/dist.cpython-310.pyc
f	644	1000	1000	39095	64	35959507	1785345382.2606050690	results/experiments/toolchain-environment/20260729T171551Z-toolchain-formal01/boots/repetition-01/lower/python310/lib/python3.10/site-packages/pip/_vendor/urllib3/connectionpool.py
f	644	1000	1000	39129	64	35959225	1785345381.0695832950	results/experiments/toolchain-environment/20260729T171551Z-toolchain-formal01/boots/repetition-01/lower/python310/lib/python3.10/site-packages/pip/_vendor/pyparsing/helpers.py
f	644	1000	1000	3915	64	35958887	1785345379.7985034750	results/experiments/toolchain-environment/20260729T171551Z-toolchain-formal01/boots/repetition-01/lower/python310/lib/python3.10/site-packages/pip/_vendor/chardet/charsetgroupprober.py
f	644	1000	1000	3915	64	35961165	1785345404.2875306880	results/experiments/toolchain-environment/20260729T171551Z-toolchain-formal01/boots/repetition-01/lower/python312/lib/python3.12/site-packages/pip/_vendor/chardet/charsetgroupprober.py
f	644	1000	1000	392	64	35957771	1785345368.4293522830	results/experiments/toolchain-environment/20260729T171551Z-toolchain-formal01/boots/repetition-01/lower/python310/lib/python3.10/site-packages/setuptools/_distutils/compat/__pycache__/numpy.cpython-310.pyc
f	644	1000	1000	392	64	35957961	1785345370.9976709920	results/experiments/toolchain-environment/20260729T171551Z-toolchain-formal01/boots/repetition-01/lower/python310/lib/python3.10/site-packages/setuptools/_vendor/backports/tarfile/__pycache__/__main__.cpython-310.pyc
f	644	1000	1000	392	64	35961905	1785345407.4595923750	results/experiments/toolchain-environment/20260729T171551Z-toolchain-formal01/boots/repetition-01/lower/python312/lib/python3.12/site-packages/pip/_internal/cli/__pycache__/__init__.cpython-312.pyc
f	644	1000	1000	3924	64	35962239	1785345412.2984169240	results/experiments/toolchain-environment/20260729T171551Z-toolchain-formal01/boots/repetition-01/lower/python312/lib/python3.12/site-packages/pip/_vendor/cachecontrol/__pycache__/cache.cpython-312.pyc
f	644	1000	1000	3932	64	35956791	1785345363.2664388860	results/experiments/toolchain-environment/20260729T171551Z-toolchain-formal01/boots/repetition-01/lower/python310/lib/python3.10/site-packages/setuptools/_distutils/tests/test_bdist_rpm.py
f	644	1000	1000	3933	64	35957499	1785345366.2114332370	results/experiments/toolchain-environment/20260729T171551Z-toolchain-formal01/boots/repetition-01/lower/python310/lib/python3.10/site-packages/setuptools/_vendor/jaraco.collections-5.1.0.dist-info/METADATA
f	644	1000	1000	3934	64	35958903	1785345379.8584307740	results/experiments/toolchain-environment/20260729T171551Z-toolchain-formal01/boots/repetition-01/lower/python310/lib/python3.10/site-packages/pip/_vendor/chardet/eucjpprober.py
f	644	1000	1000	3934	64	35961187	1785345404.3737034980	results/experiments/toolchain-environment/20260729T171551Z-toolchain-formal01/boots/repetition-01/lower/python312/lib/python3.12/site-packages/pip/_vendor/chardet/eucjpprober.py
f	644	1000	1000	3935	64	35960943	1785345403.3502202710	results/experiments/toolchain-environment/20260729T171551Z-toolchain-formal01/boots/repetition-01/lower/python312/lib/python3.12/site-packages/pip/_internal/network/cache.py
f	644	1000	1000	3940	64	35960009	1785345388.1820219570	results/experiments/toolchain-environment/20260729T171551Z-toolchain-formal01/boots/repetition-01/lower/python310/lib/python3.10/site-packages/pip/_vendor/chardet/__pycache__/charsetprober.cpython-310.pyc
f	644	1000	1000	3946	64	35958851	1785345379.6735577750	results/experiments/toolchain-environment/20260729T171551Z-toolchain-formal01/boots/repetition-01/lower/python310/lib/python3.10/site-packages/pip/_vendor/cachecontrol/filewrapper.py
f	644	1000	1000	3946	64	35962811	1785345422.4716034060	results/experiments/toolchain-environment/20260729T171551Z-toolchain-formal01/boots/repetition-01/lower/python312/lib/python3.12/site-packages/pip/_vendor/rich/__pycache__/scope.cpython-312.pyc
f	644	1000	1000	396	64	35957051	1785345364.2914788710	results/experiments/toolchain-environment/20260729T171551Z-toolchain-formal01/boots/repetition-01/lower/python310/lib/python3.10/site-packages/setuptools/_vendor/tomli/__init__.py
f	644	1000	1000	396	64	35959489	1785345382.1986039360	results/experiments/toolchain-environment/20260729T171551Z-toolchain-formal01/boots/repetition-01/lower/python310/lib/python3.10/site-packages/pip/_vendor/tomli/__init__.py
f	644	1000	1000	396	64	35961757	1785345406.6730516390	results/experiments/toolchain-environment/20260729T171551Z-toolchain-formal01/boots/repetition-01/lower/python312/lib/python3.12/site-packages/pip/_vendor/tomli/__init__.py
f	644	1000	1000	39664	64	35962321	1785345413.4643819440	results/experiments/toolchain-environment/20260729T171551Z-toolchain-formal01/boots/repetition-01/lower/python312/lib/python3.12/site-packages/pip/_vendor/chardet/__pycache__/jpcntx.cpython-312.pyc
f	644	1000	1000	39684	64	35959449	1785345382.0386010110	results/experiments/toolchain-environment/20260729T171551Z-toolchain-formal01/boots/repetition-01/lower/python310/lib/python3.10/site-packages/pip/_vendor/rich/table.py
f	644	1000	1000	39684	64	35961715	1785345406.5053520720	results/experiments/toolchain-environment/20260729T171551Z-toolchain-formal01/boots/repetition-01/lower/python312/lib/python3.12/site-packages/pip/_vendor/rich/table.py
f	644	1000	1000	39693	64	35961303	1785345404.8491040020	results/experiments/toolchain-environment/20260729T171551Z-toolchain-formal01/boots/repetition-01/lower/python312/lib/python3.12/site-packages/pip/_vendor/distlib/metadata.py
f	644	1000	1000	39728	64	35962825	1785345422.6835035490	results/experiments/toolchain-environment/20260729T171551Z-toolchain-formal01/boots/repetition-01/lower/python312/lib/python3.12/site-packages/pip/_vendor/rich/__pycache__/syntax.cpython-312.pyc
f	644	1000	1000	39778	64	35957155	1785345364.7886944440	results/experiments/toolchain-environment/20260729T171551Z-toolchain-formal01/boots/repetition-01/lower/python310/lib/python3.10/site-packages/setuptools/_vendor/wheel/vendored/packaging/specifiers.py
f	644	1000	1000	39801	64	35959025	1785345380.3246068390	results/experiments/toolchain-environment/20260729T171551Z-toolchain-formal01/boots/repetition-01/lower/python310/lib/python3.10/site-packages/pip/_vendor/distlib/metadata.py
f	644	1000	1000	3993	64	35962287	1785345412.8967538880	results/experiments/toolchain-environment/20260729T171551Z-toolchain-formal01/boots/repetition-01/lower/python312/lib/python3.12/site-packages/pip/_vendor/chardet/__pycache__/codingstatemachine.cpython-312.pyc
f	644	1000	1000	3997	64	35958157	1785345374.0885987690	results/experiments/toolchain-environment/20260729T171551Z-toolchain-formal01/boots/repetition-01/lower/python310/lib/python3.10/site-packages/setuptools/_vendor/wheel/cli/__pycache__/tags.cpython-310.pyc
f	644	1000	1000	3997	64	35959567	1785345382.4783646410	results/experiments/toolchain-environment/20260729T171551Z-toolchain-formal01/boots/repetition-01/lower/python310/lib/python3.10/site-packages/pip/_vendor/urllib3/util/request.py
f	644	1000	1000	3997	64	35961853	1785345407.0725985460	results/experiments/toolchain-environment/20260729T171551Z-toolchain-formal01/boots/repetition-01/lower/python312/lib/python3.12/site-packages/pip/_vendor/urllib3/util/request.py
f	644	1000	1000	4	64	35957435	1785345365.9391732720	results/experiments/toolchain-environment/20260729T171551Z-toolchain-formal01/boots/repetition-01/lower/python310/lib/python3.10/site-packages/setuptools/_vendor/autocommand-2.2.2.dist-info/INSTALLER
f	644	1000	1000	4	64	35957449	1785345365.9903771340	results/experiments/toolchain-environment/20260729T171551Z-toolchain-formal01/boots/repetition-01/lower/python310/lib/python3.10/site-packages/setuptools/_vendor/backports.tarfile-1.2.0.dist-info/INSTALLER
f	644	1000	1000	4	64	35957465	1785345366.0533946450	results/experiments/toolchain-environment/20260729T171551Z-toolchain-formal01/boots/repetition-01/lower/python310/lib/python3.10/site-packages/setuptools/_vendor/importlib_metadata-8.0.0.dist-info/INSTALLER
f	644	1000	1000	4	64	35957481	1785345366.1253101900	results/experiments/toolchain-environment/20260729T171551Z-toolchain-formal01/boots/repetition-01/lower/python310/lib/python3.10/site-packages/setuptools/_vendor/inflect-7.3.1.dist-info/INSTALLER
f	644	1000	1000	4	64	35957495	1785345366.1903113780	results/experiments/toolchain-environment/20260729T171551Z-toolchain-formal01/boots/repetition-01/lower/python310/lib/python3.10/site-packages/setuptools/_vendor/jaraco.collections-5.1.0.dist-info/INSTALLER
f	644	1000	1000	4	64	35957511	1785345366.2613126740	results/experiments/toolchain-environment/20260729T171551Z-toolchain-formal01/boots/repetition-01/lower/python310/lib/python3.10/site-packages/setuptools/_vendor/jaraco.context-5.3.0.dist-info/INSTALLER
f	644	1000	1000	4	64	35957525	1785345366.3254422320	results/experiments/toolchain-environment/20260729T171551Z-toolchain-formal01/boots/repetition-01/lower/python310/lib/python3.10/site-packages/setuptools/_vendor/jaraco.functools-4.0.1.dist-info/INSTALLER
f	644	1000	1000	4	64	35957539	1785345366.3882803250	results/experiments/toolchain-environment/20260729T171551Z-toolchain-formal01/boots/repetition-01/lower/python310/lib/python3.10/site-packages/setuptools/_vendor/jaraco.text-3.12.1.dist-info/INSTALLER
f	644	1000	1000	4	64	35957555	1785345366.4573162550	results/experiments/toolchain-environment/20260729T171551Z-toolchain-formal01/boots/repetition-01/lower/python310/lib/python3.10/site-packages/setuptools/_vendor/more_itertools-10.3.0.dist-info/INSTALLER
f	644	1000	1000	4	64	35957585	1785345366.5956404520	results/experiments/toolchain-environment/20260729T171551Z-toolchain-formal01/boots/repetition-01/lower/python310/lib/python3.10/site-packages/setuptools/_vendor/platformdirs-4.2.2.dist-info/INSTALLER
f	644	1000	1000	4	64	35957597	1785345366.6463352630	results/experiments/toolchain-environment/20260729T171551Z-toolchain-formal01/boots/repetition-01/lower/python310/lib/python3.10/site-packages/setuptools/_vendor/tomli-2.0.1.dist-info/INSTALLER
f	644	1000	1000	4	64	35957611	1785345366.7073208230	results/experiments/toolchain-environment/20260729T171551Z-toolchain-formal01/boots/repetition-01/lower/python310/lib/python3.10/site-packages/setuptools/_vendor/typeguard-4.3.0.dist-info/INSTALLER
f	644	1000	1000	4	64	35957627	1785345366.7776338030	results/experiments/toolchain-environment/20260729T171551Z-toolchain-formal01/boots/repetition-01/lower/python310/lib/python3.10/site-packages/setuptools/_vendor/typing_extensions-4.12.2.dist-info/INSTALLER
f	644	1000	1000	4	64	35957639	1785345366.8283230330	results/experiments/toolchain-environment/20260729T171551Z-toolchain-formal01/boots/repetition-01/lower/python310/lib/python3.10/site-packages/setuptools/_vendor/wheel-0.45.1.dist-info/INSTALLER
f	644	1000	1000	4	64	35957655	1785345366.8983243120	results/experiments/toolchain-environment/20260729T171551Z-toolchain-formal01/boots/repetition-01/lower/python310/lib/python3.10/site-packages/setuptools/_vendor/zipp-3.19.2.dist-info/INSTALLER
f	644	1000	1000	4	64	35958477	1785345378.3501938620	results/experiments/toolchain-environment/20260729T171551Z-toolchain-formal01/boots/repetition-01/lower/python310/lib/python3.10/site-packages/setuptools-79.0.1.dist-info/INSTALLER
f	644	1000	1000	4	64	35959607	1785345382.6136115230	results/experiments/toolchain-environment/20260729T171551Z-toolchain-formal01/boots/repetition-01/lower/python310/lib/python3.10/site-packages/pip-23.0.1.dist-info/top_level.txt
f	644	1000	1000	4	64	35960717	1785345397.9308403220	results/experiments/toolchain-environment/20260729T171551Z-toolchain-formal01/boots/repetition-01/lower/python310/lib/python3.10/site-packages/pip-23.0.1.dist-info/INSTALLER
f	644	1000	1000	4	64	35960771	1785345402.5602673080	results/experiments/toolchain-environment/20260729T171551Z-toolchain-formal01/boots/repetition-01/lower/python312/lib/python3.12/site-packages/pip-24.0.dist-info/top_level.txt
f	644	1000	1000	4	64	35963001	1785345424.9663865920	results/experiments/toolchain-environment/20260729T171551Z-toolchain-formal01/boots/repetition-01/lower/python312/lib/python3.12/site-packages/pip-24.0.dist-info/INSTALLER
f	644	1000	1000	4006	64	35958899	1785345379.8431766330	results/experiments/toolchain-environment/20260729T171551Z-toolchain-formal01/boots/repetition-01/lower/python310/lib/python3.10/site-packages/pip/_vendor/chardet/escprober.py
f	644	1000	1000	4006	64	35961183	1785345404.3577065230	results/experiments/toolchain-environment/20260729T171551Z-toolchain-formal01/boots/repetition-01/lower/python312/lib/python3.12/site-packages/pip/_vendor/chardet/escprober.py
f	644	1000	1000	4007	64	35958957	1785345380.0875079080	results/experiments/toolchain-environment/20260729T171551Z-toolchain-formal01/boots/repetition-01/lower/python310/lib/python3.10/site-packages/pip/_vendor/chardet/sjisprober.py
f	644	1000	1000	4007	64	35961247	1785345404.6342648030	results/experiments/toolchain-environment/20260729T171551Z-toolchain-formal01/boots/repetition-01/lower/python312/lib/python3.12/site-packages/pip/_vendor/chardet/sjisprober.py
f	644	1000	1000	40074	64	35957009	1785345364.1342738190	results/experiments/toolchain-environment/20260729T171551Z-toolchain-formal01/boots/repetition-01/lower/python310/lib/python3.10/site-packages/setuptools/_vendor/packaging/specifiers.py
f	644	1000	1000	401	64	35960237	1785345391.4032757460	results/experiments/toolchain-environment/20260729T171551Z-toolchain-formal01/boots/repetition-01/lower/python310/lib/python3.10/site-packages/pip/_vendor/platformdirs/__pycache__/version.cpython-310.pyc
f	644	1000	1000	40172	64	35962795	1785345422.1873972480	results/experiments/toolchain-environment/20260729T171551Z-toolchain-formal01/boots/repetition-01/lower/python312/lib/python3.12/site-packages/pip/_vendor/rich/__pycache__/pretty.cpython-312.pyc
f	644	1000	1000	4018	64	35962341	1785345413.9275303640	results/experiments/toolchain-environment/20260729T171551Z-toolchain-formal01/boots/repetition-01/lower/python312/lib/python3.12/site-packages/pip/_vendor/chardet/__pycache__/mbcharsetprober.cpython-312.pyc
f	644	1000	1000	402	64	35958951	1785345380.0646819410	results/experiments/toolchain-environment/20260729T171551Z-toolchain-formal01/boots/repetition-01/lower/python310/lib/python3.10/site-packages/pip/_vendor/chardet/resultdict.py
f	644	1000	1000	402	64	35961241	1785345404.6111822220	results/experiments/toolchain-environment/20260729T171551Z-toolchain-formal01/boots/repetition-01/lower/python312/lib/python3.12/site-packages/pip/_vendor/chardet/resultdict.py
f	644	1000	1000	4020	64	35957515	1785345366.2833115250	results/experiments/toolchain-environment/20260729T171551Z-toolchain-formal01/boots/repetition-01/lower/python310/lib/python3.10/site-packages/setuptools/_vendor/jaraco.context-5.3.0.dist-info/METADATA
f	644	1000	1000	4022	64	35959843	1785345385.8453218810	results/experiments/toolchain-environment/20260729T171551Z-toolchain-formal01/boots/repetition-01/lower/python310/lib/python3.10/site-packages/pip/_internal/req/__pycache__/req_set.cpython-310.pyc
f	644	1000	1000	4024	64	35962873	1785345423.3331695650	results/experiments/toolchain-environment/20260729T171551Z-toolchain-formal01/boots/repetition-01/lower/python312/lib/python3.12/site-packages/pip/_vendor/tomli/__pycache__/_re.cpython-312.pyc
f	644	1000	1000	40285	64	35961791	1785345406.8034506820	results/experiments/toolchain-environment/20260729T171551Z-toolchain-formal01/boots/repetition-01/lower/python312/lib/python3.12/site-packages/pip/_vendor/urllib3/connectionpool.py
f	644	1000	1000	40299	64	35956625	1785345362.6343251270	results/experiments/toolchain-environment/20260729T171551Z-toolchain-formal01/boots/repetition-01/lower/python310/lib/python3.10/site-packages/setuptools/package_index.py
f	644	1000	1000	403	64	35961767	1785345406.7092152920	results/experiments/toolchain-environment/20260729T171551Z-toolchain-formal01/boots/repetition-01/lower/python312/lib/python3.12/site-packages/pip/_vendor/truststore/__init__.py
f	644	1000	1000	40302	64	35960561	1785345395.8270052570	results/experiments/toolchain-environment/20260729T171551Z-toolchain-formal01/boots/repetition-01/lower/python310/lib/python3.10/site-packages/pip/_vendor/rich/__pycache__/text.cpython-310.pyc
f	644	1000	1000	40386	64	35959169	1785345380.8585794380	results/experiments/toolchain-environment/20260729T171551Z-toolchain-formal01/boots/repetition-01/lower/python310/lib/python3.10/site-packages/pip/_vendor/pygments/filters/__init__.py
f	644	1000	1000	40386	64	35961411	1785345405.2564635240	results/experiments/toolchain-environment/20260729T171551Z-toolchain-formal01/boots/repetition-01/lower/python312/lib/python3.12/site-packages/pip/_vendor/pygments/filters/__init__.py
f	644	1000	1000	40388	64	35957971	1785345371.1214014720	results/experiments/toolchain-environment/20260729T171551Z-toolchain-formal01/boots/repetition-01/lower/python310/lib/python3.10/site-packages/setuptools/_vendor/importlib_metadata/__pycache__/__init__.cpython-310.pyc
f	644	1000	1000	404	64	35960565	1785345395.8874527250	results/experiments/toolchain-environment/20260729T171551Z-toolchain-formal01/boots/repetition-01/lower/python310/lib/python3.10/site-packages/pip/_vendor/rich/__pycache__/themes.cpython-310.pyc
f	644	1000	1000	4041	64	35960263	1785345391.6861590520	results/experiments/toolchain-environment/20260729T171551Z-toolchain-formal01/boots/repetition-01/lower/python310/lib/python3.10/site-packages/pip/_vendor/pygments/formatters/__pycache__/_mapping.cpython-310.pyc
f	644	1000	1000	4043	64	35962089	1785345410.2059891780	results/experiments/toolchain-environment/20260729T171551Z-toolchain-formal01/boots/repetition-01/lower/python312/lib/python3.12/site-packages/pip/_internal/operations/build/__pycache__/wheel_legacy.cpython-312.pyc
f	644	1000	1000	4065	64	35962373	1785345414.5043227470	results/experiments/toolchain-environment/20260729T171551Z-toolchain-formal01/boots/repetition-01/lower/python312/lib/python3.12/site-packages/pip/_vendor/colorama/__pycache__/ansi.cpython-312.pyc
f	644	1000	1000	4068	64	35959121	1785345380.6815762020	results/experiments/toolchain-environment/20260729T171551Z-toolchain-formal01/boots/repetition-01/lower/python310/lib/python3.10/site-packages/pip/_vendor/platformdirs/android.py
f	644	1000	1000	40688	64	35962537	1785345417.2912535390	results/experiments/toolchain-environment/20260729T171551Z-toolchain-formal01/boots/repetition-01/lower/python312/lib/python3.12/site-packages/pip/_vendor/pygments/formatters/__pycache__/html.cpython-312.pyc
f	644	1000	1000	407	64	35962431	1785345415.4838725560	results/experiments/toolchain-environment/20260729T171551Z-toolchain-formal01/boots/repetition-01/lower/python312/lib/python3.12/site-packages/pip/_vendor/distro/__pycache__/__main__.cpython-312.pyc
f	644	1000	1000	4072	64	35959601	1785345382.5976112310	results/experiments/toolchain-environment/20260729T171551Z-toolchain-formal01/boots/repetition-01/lower/python310/lib/python3.10/site-packages/pip-23.0.1.dist-info/METADATA
f	644	1000	1000	4073	64	35958667	1785345379.0291813970	results/experiments/toolchain-environment/20260729T171551Z-toolchain-formal01/boots/repetition-01/lower/python310/lib/python3.10/site-packages/pip/_internal/network/utils.py
f	644	1000	1000	4073	64	35960951	1785345403.3912525050	results/experiments/toolchain-environment/20260729T171551Z-toolchain-formal01/boots/repetition-01/lower/python312/lib/python3.12/site-packages/pip/_internal/network/utils.py
f	644	1000	1000	40778	64	35957777	1785345368.5193539280	results/experiments/toolchain-environment/20260729T171551Z-toolchain-formal01/boots/repetition-01/lower/python310/lib/python3.10/site-packages/setuptools/_distutils/compilers/C/__pycache__/base.cpython-310.pyc
f	644	1000	1000	4078	64	35958365	1785345376.9312538020	results/experiments/toolchain-environment/20260729T171551Z-toolchain-formal01/boots/repetition-01/lower/python310/lib/python3.10/site-packages/setuptools/tests/__pycache__/contexts.cpython-310.pyc
f	644	1000	1000	4084	64	35960471	1785345394.5391284930	results/experiments/toolchain-environment/20260729T171551Z-toolchain-formal01/boots/repetition-01/lower/python310/lib/python3.10/site-packages/pip/_vendor/rich/__pycache__/cells.cpython-310.pyc
f	644	1000	1000	40849	64	35961989	1785345408.7110889430	results/experiments/toolchain-environment/20260729T171551Z-toolchain-formal01/boots/repetition-01/lower/python312/lib/python3.12/site-packages/pip/_internal/index/__pycache__/package_finder.cpython-312.pyc
f	644	1000	1000	4086	64	35956685	1785345362.8322500360	results/experiments/toolchain-environment/20260729T171551Z-toolchain-formal01/boots/repetition-01/lower/python310/lib/python3.10/site-packages/setuptools/_distutils/spawn.py
f	644	1000	1000	4086	64	35958211	1785345374.8544696910	results/experiments/toolchain-environment/20260729T171551Z-toolchain-formal01/boots/repetition-01/lower/python310/lib/python3.10/site-packages/setuptools/_vendor/zipp/__pycache__/glob.cpython-310.pyc
f	644	1000	1000	4086	64	35960207	1785345391.0257414980	results/experiments/toolchain-environment/20260729T171551Z-toolchain-formal01/boots/repetition-01/lower/python310/lib/python3.10/site-packages/pip/_vendor/packaging/__pycache__/requirements.cpython-310.pyc
f	644	1000	1000	4089	64	35961953	1785345408.1944905080	results/experiments/toolchain-environment/20260729T171551Z-toolchain-formal01/boots/repetition-01/lower/python312/lib/python3.12/site-packages/pip/_internal/commands/__pycache__/inspect.cpython-312.pyc
f	644	1000	1000	4099	64	35956783	1785345363.2312573240	results/experiments/toolchain-environment/20260729T171551Z-toolchain-formal01/boots/repetition-01/lower/python310/lib/python3.10/site-packages/setuptools/_distutils/tests/support.py
f	644	1000	1000	41	64	35957431	1785345365.9300736310	results/experiments/toolchain-environment/20260729T171551Z-toolchain-formal01/boots/repetition-01/lower/python310/lib/python3.10/site-packages/setuptools-79.0.1.dist-info/top_level.txt
f	644	1000	1000	4104	64	35957813	1785345369.0684720130	results/experiments/toolchain-environment/20260729T171551Z-toolchain-formal01/boots/repetition-01/lower/python310/lib/python3.10/site-packages/setuptools/_distutils/__pycache__/errors.cpython-310.pyc
f	644	1000	1000	4104	64	35959175	1785345380.8785798030	results/experiments/toolchain-environment/20260729T171551Z-toolchain-formal01/boots/repetition-01/lower/python310/lib/python3.10/site-packages/pip/_vendor/pygments/formatters/_mapping.py
f	644	1000	1000	4104	64	35962179	1785345411.4895341070	results/experiments/toolchain-environment/20260729T171551Z-toolchain-formal01/boots/repetition-01/lower/python312/lib/python3.12/site-packages/pip/_internal/utils/__pycache__/entrypoints.cpython-312.pyc
f	644	1000	1000	4105	64	35958705	1785345379.1664585340	results/experiments/toolchain-environment/20260729T171551Z-toolchain-formal01/boots/repetition-01/lower/python310/lib/python3.10/site-packages/pip/_internal/operations/install/legacy.py
f	644	1000	1000	411	64	35957039	1785345364.2570992200	results/experiments/toolchain-environment/20260729T171551Z-toolchain-formal01/boots/repetition-01/lower/python310/lib/python3.10/site-packages/setuptools/_vendor/platformdirs/version.py
f	644	1000	1000	4110	64	35960285	1785345392.0318031180	results/experiments/toolchain-environment/20260729T171551Z-toolchain-formal01/boots/repetition-01/lower/python310/lib/python3.10/site-packages/pip/_vendor/pygments/formatters/__pycache__/terminal.cpython-310.pyc
f	644	1000	1000	4110	64	35960503	1785345394.9940453410	results/experiments/toolchain-environment/20260729T171551Z-toolchain-formal01/boots/repetition-01/lower/python310/lib/python3.10/site-packages/pip/_vendor/rich/__pycache__/jupyter.cpython-310.pyc
f	644	1000	1000	41100	64	35958061	1785345372.6364291560	results/experiments/toolchain-environment/20260729T171551Z-toolchain-formal01/boots/repetition-01/lower/python310/lib/python3.10/site-packages/setuptools/_vendor/packaging/licenses/__pycache__/_spdx.cpython-310.pyc
f	644	1000	1000	4112	64	35957867	1785345369.7594382780	results/experiments/toolchain-environment/20260729T171551Z-toolchain-formal01/boots/repetition-01/lower/python310/lib/python3.10/site-packages/setuptools/_distutils/tests/__pycache__/test_core.cpython-310.pyc
f	644	1000	1000	4112	64	35958471	1785345378.3005326770	results/experiments/toolchain-environment/20260729T171551Z-toolchain-formal01/boots/repetition-01/lower/python310/lib/python3.10/site-packages/setuptools/__pycache__/warnings.cpython-310.pyc
f	644	1000	1000	4116	64	35961931	1785345407.8451175170	results/experiments/toolchain-environment/20260729T171551Z-toolchain-formal01/boots/repetition-01/lower/python312/lib/python3.12/site-packages/pip/_internal/commands/__pycache__/__init__.cpython-312.pyc
f	644	1000	1000	412	64	35956963	1785345363.9349977270	results/experiments/toolchain-environment/20260729T171551Z-toolchain-formal01/boots/repetition-01/lower/python310/lib/python3.10/site-packages/setuptools/_vendor/jaraco/text/strip-prefix.py
f	644	1000	1000	412	64	35958271	1785345375.6863433810	results/experiments/toolchain-environment/20260729T171551Z-toolchain-formal01/boots/repetition-01/lower/python310/lib/python3.10/site-packages/setuptools/compat/__pycache__/py310.cpython-310.pyc
f	644	1000	1000	41259	64	35959013	1785345380.2755687800	results/experiments/toolchain-environment/20260729T171551Z-toolchain-formal01/boots/repetition-01/lower/python310/lib/python3.10/site-packages/pip/_vendor/distlib/compat.py
f	644	1000	1000	4127	64	35960363	1785345393.0832392880	results/experiments/toolchain-environment/20260729T171551Z-toolchain-formal01/boots/repetition-01/lower/python310/lib/python3.10/site-packages/pip/_vendor/requests/__pycache__/__init__.cpython-310.pyc
f	644	1000	1000	4127	64	35962285	1785345412.8643288260	results/experiments/toolchain-environment/20260729T171551Z-toolchain-formal01/boots/repetition-01/lower/python312/lib/python3.12/site-packages/pip/_vendor/chardet/cli/__pycache__/chardetect.cpython-312.pyc
f	644	1000	1000	4128	64	35960591	1785345396.2610822040	results/experiments/toolchain-environment/20260729T171551Z-toolchain-formal01/boots/repetition-01/lower/python310/lib/python3.10/site-packages/pip/_vendor/tenacity/__pycache__/stop.cpython-310.pyc
f	644	1000	1000	4129	64	35958545	1785345378.6053775380	results/experiments/toolchain-environment/20260729T171551Z-toolchain-formal01/boots/repetition-01/lower/python310/lib/python3.10/site-packages/pip/_internal/commands/completion.py
f	644	1000	1000	4133	64	35958685	1785345379.0855470260	results/experiments/toolchain-environment/20260729T171551Z-toolchain-formal01/boots/repetition-01/lower/python310/lib/python3.10/site-packages/pip/_internal/operations/build/build_tracker.py
f	644	1000	1000	4134	64	35962933	1785345424.1331718740	results/experiments/toolchain-environment/20260729T171551Z-toolchain-formal01/boots/repetition-01/lower/python312/lib/python3.12/site-packages/pip/_vendor/urllib3/__pycache__/filepost.cpython-312.pyc
f	644	1000	1000	4135	64	35959815	1785345385.4326630660	results/experiments/toolchain-environment/20260729T171551Z-toolchain-formal01/boots/repetition-01/lower/python310/lib/python3.10/site-packages/pip/_internal/operations/__pycache__/check.cpython-310.pyc
f	644	1000	1000	4137	64	35958955	1785345380.0795651970	results/experiments/toolchain-environment/20260729T171551Z-toolchain-formal01/boots/repetition-01/lower/python310/lib/python3.10/site-packages/pip/_vendor/chardet/sbcsgroupprober.py
f	644	1000	1000	4137	64	35961245	1785345404.6265090840	results/experiments/toolchain-environment/20260729T171551Z-toolchain-formal01/boots/repetition-01/lower/python312/lib/python3.12/site-packages/pip/_vendor/chardet/sbcsgroupprober.py
f	644	1000	1000	41384	64	35962841	1785345422.9313493170	results/experiments/toolchain-environment/20260729T171551Z-toolchain-formal01/boots/repetition-01/lower/python312/lib/python3.12/site-packages/pip/_vendor/__pycache__/six.cpython-312.pyc
f	644	1000	1000	41435	64	35962947	1785345424.3013744120	results/experiments/toolchain-environment/20260729T171551Z-toolchain-formal01/boots/repetition-01/lower/python312/lib/python3.12/site-packages/pip/_vendor/urllib3/packages/__pycache__/six.cpython-312.pyc
f	644	1000	1000	41487	64	35961291	1785345404.7960172860	results/experiments/toolchain-environment/20260729T171551Z-toolchain-formal01/boots/repetition-01/lower/python312/lib/python3.12/site-packages/pip/_vendor/distlib/compat.py
f	644	1000	1000	415	64	35959991	1785345387.9082564940	results/experiments/toolchain-environment/20260729T171551Z-toolchain-formal01/boots/repetition-01/lower/python310/lib/python3.10/site-packages/pip/_vendor/certifi/__pycache__/__init__.cpython-310.pyc
f	644	1000	1000	4151	64	35956775	1785345363.2009699630	results/experiments/toolchain-environment/20260729T171551Z-toolchain-formal01/boots/repetition-01/lower/python310/lib/python3.10/site-packages/setuptools/_distutils/compilers/C/tests/test_msvc.py
f	644	1000	1000	4154	64	35958853	1785345379.6813479670	results/experiments/toolchain-environment/20260729T171551Z-toolchain-formal01/boots/repetition-01/lower/python310/lib/python3.10/site-packages/pip/_vendor/cachecontrol/heuristics.py
f	644	1000	1000	41631	64	35956621	1785345362.6213559270	results/experiments/toolchain-environment/20260729T171551Z-toolchain-formal01/boots/repetition-01/lower/python310/lib/python3.10/site-packages/setuptools/msvc.py
f	644	1000	1000	417	64	35959343	1785345381.5545921620	results/experiments/toolchain-environment/20260729T171551Z-toolchain-formal01/boots/repetition-01/lower/python310/lib/python3.10/site-packages/pip/_vendor/rich/_timer.py
f	644	1000	1000	417	64	35961609	1785345406.0380481400	results/experiments/toolchain-environment/20260729T171551Z-toolchain-formal01/boots/repetition-01/lower/python312/lib/python3.12/site-packages/pip/_vendor/rich/_timer.py
f	644	1000	1000	4176	64	35961419	1785345405.2839771170	results/experiments/toolchain-environment/20260729T171551Z-toolchain-formal01/boots/repetition-01/lower/python312/lib/python3.12/site-packages/pip/_vendor/pygments/formatters/_mapping.py
f	644	1000	1000	4178	64	35961413	1785345405.2656424220	results/experiments/toolchain-environment/20260729T171551Z-toolchain-formal01/boots/repetition-01/lower/python312/lib/python3.12/site-packages/pip/_vendor/pygments/formatter.py
f	644	1000	1000	4187	64	35959891	1785345386.4926824490	results/experiments/toolchain-environment/20260729T171551Z-toolchain-formal01/boots/repetition-01/lower/python310/lib/python3.10/site-packages/pip/_internal/utils/__pycache__/compatibility_tags.cpython-310.pyc
f	644	1000	1000	41914	64	35962415	1785345415.2426484570	results/experiments/toolchain-environment/20260729T171551Z-toolchain-formal01/boots/repetition-01/lower/python312/lib/python3.12/site-packages/pip/_vendor/distlib/__pycache__/metadata.cpython-312.pyc
f	644	1000	1000	4197	64	35962571	1785345418.0585796710	results/experiments/toolchain-environment/20260729T171551Z-toolchain-formal01/boots/repetition-01/lower/python312/lib/python3.12/site-packages/pip/_vendor/pygments/__pycache__/regexopt.cpython-312.pyc
f	644	1000	1000	42	64	35956647	1785345362.6981509480	results/experiments/toolchain-environment/20260729T171551Z-toolchain-formal01/boots/repetition-01/lower/python310/lib/python3.10/site-packages/setuptools/_distutils/_log.py
f	644	1000	1000	4200	64	35959105	1785345380.6325140870	results/experiments/toolchain-environment/20260729T171551Z-toolchain-formal01/boots/repetition-01/lower/python310/lib/python3.10/site-packages/pip/_vendor/packaging/utils.py
f	644	1000	1000	4200	64	35961371	1785345405.1174997850	results/experiments/toolchain-environment/20260729T171551Z-toolchain-formal01/boots/repetition-01/lower/python312/lib/python3.12/site-packages/pip/_vendor/packaging/utils.py
f	644	1000	1000	4205	64	35958123	1785345373.6294885920	results/experiments/toolchain-environment/20260729T171551Z-toolchain-formal01/boots/repetition-01/lower/python310/lib/python3.10/site-packages/setuptools/_vendor/typeguard/__pycache__/_pytest_plugin.cpython-310.pyc
f	644	1000	1000	4211	64	35960537	1785345395.4788816150	results/experiments/toolchain-environment/20260729T171551Z-toolchain-formal01/boots/repetition-01/lower/python310/lib/python3.10/site-packages/pip/_vendor/rich/__pycache__/repr.cpython-310.pyc
f	644	1000	1000	4215	64	35957863	1785345369.7025789260	results/experiments/toolchain-environment/20260729T171551Z-toolchain-formal01/boots/repetition-01/lower/python310/lib/python3.10/site-packages/setuptools/_distutils/tests/__pycache__/test_cmd.cpython-310.pyc
f	644	1000	1000	42174	64	35960163	1785345390.4531742790	results/experiments/toolchain-environment/20260729T171551Z-toolchain-formal01/boots/repetition-01/lower/python310/lib/python3.10/site-packages/pip/_vendor/distro/__pycache__/distro.cpython-310.pyc
f	644	1000	1000	4221	64	35956835	1785345363.4549351700	results/experiments/toolchain-environment/20260729T171551Z-toolchain-formal01/boots/repetition-01/lower/python310/lib/python3.10/site-packages/setuptools/_distutils/tests/test_modified.py
f	644	1000	1000	4228	64	35957179	1785345364.9042878840	results/experiments/toolchain-environment/20260729T171551Z-toolchain-formal01/boots/repetition-01/lower/python310/lib/python3.10/site-packages/setuptools/command/_requirestxt.py
f	644	1000	1000	423	64	35957107	1785345364.5508482050	results/experiments/toolchain-environment/20260729T171551Z-toolchain-formal01/boots/repetition-01/lower/python310/lib/python3.10/site-packages/setuptools/_vendor/wheel/util.py
f	644	1000	1000	423	64	35959335	1785345381.5176189680	results/experiments/toolchain-environment/20260729T171551Z-toolchain-formal01/boots/repetition-01/lower/python310/lib/python3.10/site-packages/pip/_vendor/rich/_pick.py
f	644	1000	1000	423	64	35961601	1785345406.0029974400	results/experiments/toolchain-environment/20260729T171551Z-toolchain-formal01/boots/repetition-01/lower/python312/lib/python3.12/site-packages/pip/_vendor/rich/_pick.py
f	644	1000	1000	4235	64	35959285	1785345381.3105877010	results/experiments/toolchain-environment/20260729T171551Z-toolchain-formal01/boots/repetition-01/lower/python310/lib/python3.10/site-packages/pip/_vendor/requests/status_codes.py
f	644	1000	1000	4235	64	35961549	1785345405.7931205300	results/experiments/toolchain-environment/20260729T171551Z-toolchain-formal01/boots/repetition-01/lower/python312/lib/python3.12/site-packages/pip/_vendor/requests/status_codes.py
f	644	1000	1000	4237	64	35962277	1785345412.7715174080	results/experiments/toolchain-environment/20260729T171551Z-toolchain-formal01/boots/repetition-01/lower/python312/lib/python3.12/site-packages/pip/_vendor/chardet/__pycache__/charsetgroupprober.cpython-312.pyc
f	644	1000	1000	424	64	35957313	1785345365.4722867800	results/experiments/toolchain-environment/20260729T171551Z-toolchain-formal01/boots/repetition-01/lower/python310/lib/python3.10/site-packages/setuptools/tests/test_depends.py
f	644	1000	1000	4245	64	35960281	1785345391.9661596170	results/experiments/toolchain-environment/20260729T171551Z-toolchain-formal01/boots/repetition-01/lower/python310/lib/python3.10/site-packages/pip/_vendor/pygments/formatters/__pycache__/rtf.cpython-310.pyc
f	644	1000	1000	42498	64	35958921	1785345379.9296883710	results/experiments/toolchain-environment/20260729T171551Z-toolchain-formal01/boots/repetition-01/lower/python310/lib/python3.10/site-packages/pip/_vendor/chardet/johabfreq.py
f	644	1000	1000	42498	64	35961205	1785345404.4480192290	results/experiments/toolchain-environment/20260729T171551Z-toolchain-formal01/boots/repetition-01/lower/python312/lib/python3.12/site-packages/pip/_vendor/chardet/johabfreq.py
f	644	1000	1000	426	64	35962505	1785345416.7232356260	results/experiments/toolchain-environment/20260729T171551Z-toolchain-formal01/boots/repetition-01/lower/python312/lib/python3.12/site-packages/pip/_vendor/platformdirs/__pycache__/version.cpython-312.pyc
f	644	1000	1000	4261	64	35958369	1785345376.9785678860	results/experiments/toolchain-environment/20260729T171551Z-toolchain-formal01/boots/repetition-01/lower/python310/lib/python3.10/site-packages/setuptools/tests/__pycache__/fixtures.cpython-310.pyc
f	644	1000	1000	4263	64	35962705	1785345420.5983856920	results/experiments/toolchain-environment/20260729T171551Z-toolchain-formal01/boots/repetition-01/lower/python312/lib/python3.12/site-packages/pip/_vendor/rich/__pycache__/_log_render.cpython-312.pyc
f	644	1000	1000	4265	64	35957737	1785345367.9031872250	results/experiments/toolchain-environment/20260729T171551Z-toolchain-formal01/boots/repetition-01/lower/python310/lib/python3.10/site-packages/setuptools/_distutils/command/__pycache__/build.cpython-310.pyc
f	644	1000	1000	4271	64	35959661	1785345383.2286227670	results/experiments/toolchain-environment/20260729T171551Z-toolchain-formal01/boots/repetition-01/lower/python310/lib/python3.10/site-packages/pip/_internal/commands/__pycache__/completion.cpython-310.pyc
f	644	1000	1000	4272	64	35960933	1785345403.3076622090	results/experiments/toolchain-environment/20260729T171551Z-toolchain-formal01/boots/repetition-01/lower/python312/lib/python3.12/site-packages/pip/_internal/models/target_python.py
f	644	1000	1000	42755	64	35962565	1785345417.9312577470	results/experiments/toolchain-environment/20260729T171551Z-toolchain-formal01/boots/repetition-01/lower/python312/lib/python3.12/site-packages/pip/_vendor/pygments/lexers/__pycache__/python.cpython-312.pyc
f	644	1000	1000	4279	64	35958875	1785345379.7595593470	results/experiments/toolchain-environment/20260729T171551Z-toolchain-formal01/boots/repetition-01/lower/python310/lib/python3.10/site-packages/pip/_vendor/certifi/core.py
f	644	1000	1000	428	64	35959739	1785345384.4236446170	results/experiments/toolchain-environment/20260729T171551Z-toolchain-formal01/boots/repetition-01/lower/python310/lib/python3.10/site-packages/pip/_internal/metadata/importlib/__pycache__/__init__.cpython-310.pyc
f	644	1000	1000	4280	64	35958609	1785345378.8215422000	results/experiments/toolchain-environment/20260729T171551Z-toolchain-formal01/boots/repetition-01/lower/python310/lib/python3.10/site-packages/pip/_internal/metadata/__init__.py
f	644	1000	1000	4287	64	35960823	1785345402.7491892200	results/experiments/toolchain-environment/20260729T171551Z-toolchain-formal01/boots/repetition-01/lower/python312/lib/python3.12/site-packages/pip/_internal/commands/completion.py
f	644	1000	1000	4288	64	35958317	1785345376.3834976360	results/experiments/toolchain-environment/20260729T171551Z-toolchain-formal01/boots/repetition-01/lower/python310/lib/python3.10/site-packages/setuptools/__pycache__/installer.cpython-310.pyc
f	644	1000	1000	4292	64	35961137	1785345404.1781838190	results/experiments/toolchain-environment/20260729T171551Z-toolchain-formal01/boots/repetition-01/lower/python312/lib/python3.12/site-packages/pip/_vendor/cachecontrol/filewrapper.py
f	644	1000	1000	4297	64	35962171	1785345411.3671375630	results/experiments/toolchain-environment/20260729T171551Z-toolchain-formal01/boots/repetition-01/lower/python312/lib/python3.12/site-packages/pip/_internal/utils/__pycache__/deprecation.cpython-312.pyc
f	644	1000	1000	4299	64	35962965	1785345424.5492654020	results/experiments/toolchain-environment/20260729T171551Z-toolchain-formal01/boots/repetition-01/lower/python312/lib/python3.12/site-packages/pip/_vendor/urllib3/util/__pycache__/request.cpython-312.pyc
f	644	1000	1000	43	64	35956973	1785345363.9732779480	results/experiments/toolchain-environment/20260729T171551Z-toolchain-formal01/boots/repetition-01/lower/python310/lib/python3.10/site-packages/setuptools/_vendor/more_itertools/__init__.pyi
f	644	1000	1000	430	64	35962835	1785345422.8385923620	results/experiments/toolchain-environment/20260729T171551Z-toolchain-formal01/boots/repetition-01/lower/python312/lib/python3.12/site-packages/pip/_vendor/rich/__pycache__/themes.cpython-312.pyc
f	644	1000	1000	4301	64	35957943	1785345370.7605350440	results/experiments/toolchain-environment/20260729T171551Z-toolchain-formal01/boots/repetition-01/lower/python310/lib/python3.10/site-packages/setuptools/_vendor/autocommand/__pycache__/autoasync.cpython-310.pyc
f	644	1000	1000	4307	64	35959595	1785345382.5866110290	results/experiments/toolchain-environment/20260729T171551Z-toolchain-formal01/boots/repetition-01/lower/python310/lib/python3.10/site-packages/pip/_vendor/webencodings/x_user_defined.py
f	644	1000	1000	4307	64	35961883	1785345407.2271159040	results/experiments/toolchain-environment/20260729T171551Z-toolchain-formal01/boots/repetition-01/lower/python312/lib/python3.12/site-packages/pip/_vendor/webencodings/x_user_defined.py
f	644	1000	1000	431	64	35958343	1785345376.6704441760	results/experiments/toolchain-environment/20260729T171551Z-toolchain-formal01/boots/repetition-01/lower/python310/lib/python3.10/site-packages/setuptools/tests/compat/__pycache__/py39.cpython-310.pyc
f	644	1000	1000	4310	64	35962533	1785345417.1892441590	results/experiments/toolchain-environment/20260729T171551Z-toolchain-formal01/boots/repetition-01/lower/python312/lib/python3.12/site-packages/pip/_vendor/pygments/formatters/__pycache__/bbcode.cpython-312.pyc
f	644	1000	1000	4319	64	35957211	1785345365.0245233230	results/experiments/toolchain-environment/20260729T171551Z-toolchain-formal01/boots/repetition-01/lower/python310/lib/python3.10/site-packages/setuptools/command/install_lib.py
f	644	1000	1000	432	64	35957687	1785345367.1443288060	results/experiments/toolchain-environment/20260729T171551Z-toolchain-formal01/boots/repetition-01/lower/python310/lib/python3.10/site-packages/pkg_resources/tests/data/my-test-package-source/__pycache__/setup.cpython-310.pyc
f	644	1000	1000	4320	64	35959667	1785345383.3236245040	results/experiments/toolchain-environment/20260729T171551Z-toolchain-formal01/boots/repetition-01/lower/python310/lib/python3.10/site-packages/pip/_internal/commands/__pycache__/download.cpython-310.pyc
f	644	1000	1000	4325	64	35962761	1785345421.5895084110	results/experiments/toolchain-environment/20260729T171551Z-toolchain-formal01/boots/repetition-01/lower/python312/lib/python3.12/site-packages/pip/_vendor/rich/__pycache__/emoji.cpython-312.pyc
f	644	1000	1000	43259	64	35960135	1785345390.0428953130	results/experiments/toolchain-environment/20260729T171551Z-toolchain-formal01/boots/repetition-01/lower/python310/lib/python3.10/site-packages/pip/_vendor/distlib/__pycache__/database.cpython-310.pyc
f	644	1000	1000	433	64	35962261	1785345412.5695636140	results/experiments/toolchain-environment/20260729T171551Z-toolchain-formal01/boots/repetition-01/lower/python312/lib/python3.12/site-packages/pip/_vendor/certifi/__pycache__/__init__.cpython-312.pyc
f	644	1000	1000	4330	64	35957347	1785345365.6231804290	results/experiments/toolchain-environment/20260729T171551Z-toolchain-formal01/boots/repetition-01/lower/python310/lib/python3.10/site-packages/setuptools/tests/test_sandbox.py
f	644	1000	1000	4331	64	35956795	1785345363.2831208590	results/experiments/toolchain-environment/20260729T171551Z-toolchain-formal01/boots/repetition-01/lower/python310/lib/python3.10/site-packages/setuptools/_distutils/tests/test_build_clib.py
f	644	1000	1000	4331	64	35962531	1785345417.1456957220	results/experiments/toolchain-environment/20260729T171551Z-toolchain-formal01/boots/repetition-01/lower/python312/lib/python3.12/site-packages/pip/_vendor/pygments/formatters/__pycache__/_mapping.cpython-312.pyc
f	644	1000	1000	4334	64	35957891	1785345370.1011609010	results/experiments/toolchain-environment/20260729T171551Z-toolchain-formal01/boots/repetition-01/lower/python310/lib/python3.10/site-packages/setuptools/_distutils/tests/__pycache__/test_modified.cpython-310.pyc
f	644	1000	1000	4336	64	35957825	1785345369.2195354170	results/experiments/toolchain-environment/20260729T171551Z-toolchain-formal01/boots/repetition-01/lower/python310/lib/python3.10/site-packages/setuptools/_distutils/__pycache__/spawn.cpython-310.pyc
f	644	1000	1000	4338	64	35958525	1785345378.5366098810	results/experiments/toolchain-environment/20260729T171551Z-toolchain-formal01/boots/repetition-01/lower/python310/lib/python3.10/site-packages/pip/_internal/cli/main_parser.py
f	644	1000	1000	4338	64	35960803	1785345402.6561868320	results/experiments/toolchain-environment/20260729T171551Z-toolchain-formal01/boots/repetition-01/lower/python312/lib/python3.12/site-packages/pip/_internal/cli/main_parser.py
f	644	1000	1000	43383	64	35957325	1785345365.5282992830	results/experiments/toolchain-environment/20260729T171551Z-toolchain-formal01/boots/repetition-01/lower/python310/lib/python3.10/site-packages/setuptools/tests/test_editable_install.py
f	644	1000	1000	4339	64	35960893	1785345403.1035135190	results/experiments/toolchain-environment/20260729T171551Z-toolchain-formal01/boots/repetition-01/lower/python312/lib/python3.12/site-packages/pip/_internal/metadata/__init__.py
f	644	1000	1000	4339	64	35961705	1785345406.4610424280	results/experiments/toolchain-environment/20260729T171551Z-toolchain-formal01/boots/repetition-01/lower/python312/lib/python3.12/site-packages/pip/_vendor/rich/spinner.py
f	644	1000	1000	4341	64	35962033	1785345409.2927255340	results/experiments/toolchain-environment/20260729T171551Z-toolchain-formal01/boots/repetition-01/lower/python312/lib/python3.12/site-packages/pip/_internal/models/__pycache__/format_control.cpython-312.pyc
f	644	1000	1000	435	64	35959257	1785345381.1825853610	results/experiments/toolchain-environment/20260729T171551Z-toolchain-formal01/boots/repetition-01/lower/python310/lib/python3.10/site-packages/pip/_vendor/requests/__version__.py
f	644	1000	1000	435	64	35961521	1785345405.6751649440	results/experiments/toolchain-environment/20260729T171551Z-toolchain-formal01/boots/repetition-01/lower/python312/lib/python3.12/site-packages/pip/_vendor/requests/__version__.py
f	644	1000	1000	436	64	35960605	1785345396.4401214970	results/experiments/toolchain-environment/20260729T171551Z-toolchain-formal01/boots/repetition-01/lower/python310/lib/python3.10/site-packages/pip/_vendor/tomli/__pycache__/_types.cpython-310.pyc
f	644	1000	1000	4366	64	35957799	1785345368.8903607060	results/experiments/toolchain-environment/20260729T171551Z-toolchain-formal01/boots/repetition-01/lower/python310/lib/python3.10/site-packages/setuptools/_distutils/compilers/C/__pycache__/zos.cpython-310.pyc
f	644	1000	1000	43691	64	35962461	1785345416.0052224790	results/experiments/toolchain-environment/20260729T171551Z-toolchain-formal01/boots/repetition-01/lower/python312/lib/python3.12/site-packages/pip/_vendor/msgpack/__pycache__/fallback.cpython-312.pyc
f	644	1000	1000	43700	64	35962827	1785345422.7163472760	results/experiments/toolchain-environment/20260729T171551Z-toolchain-formal01/boots/repetition-01/lower/python312/lib/python3.12/site-packages/pip/_vendor/rich/__pycache__/table.cpython-312.pyc
f	644	1000	1000	4374	64	35959439	1785345381.9926001690	results/experiments/toolchain-environment/20260729T171551Z-toolchain-formal01/boots/repetition-01/lower/python310/lib/python3.10/site-packages/pip/_vendor/rich/spinner.py
f	644	1000	1000	4378	64	35959093	1785345380.5856090310	results/experiments/toolchain-environment/20260729T171551Z-toolchain-formal01/boots/repetition-01/lower/python310/lib/python3.10/site-packages/pip/_vendor/packaging/_musllinux.py
f	644	1000	1000	4378	64	35961359	1785345405.0690666460	results/experiments/toolchain-environment/20260729T171551Z-toolchain-formal01/boots/repetition-01/lower/python312/lib/python3.12/site-packages/pip/_vendor/packaging/_musllinux.py
f	644	1000	1000	4388	64	35962737	1785345421.1885502620	results/experiments/toolchain-environment/20260729T171551Z-toolchain-formal01/boots/repetition-01/lower/python312/lib/python3.12/site-packages/pip/_vendor/rich/__pycache__/bar.cpython-312.pyc
f	644	1000	1000	43898	64	35959047	1785345380.4305716130	results/experiments/toolchain-environment/20260729T171551Z-toolchain-formal01/boots/repetition-01/lower/python310/lib/python3.10/site-packages/pip/_vendor/distlib/wheel.py
f	644	1000	1000	4394	64	35959801	1785345385.2133471960	results/experiments/toolchain-environment/20260729T171551Z-toolchain-formal01/boots/repetition-01/lower/python310/lib/python3.10/site-packages/pip/_internal/operations/build/__pycache__/build_tracker.cpython-310.pyc
f	644	1000	1000	43958	64	35961313	1785345404.8970191340	results/experiments/toolchain-environment/20260729T171551Z-toolchain-formal01/boots/repetition-01/lower/python312/lib/python3.12/site-packages/pip/_vendor/distlib/wheel.py
f	644	1000	1000	44	64	35956497	1785345362.2223261990	results/experiments/toolchain-environment/20260729T171551Z-toolchain-formal01/boots/repetition-01/lower/python310/lib/python3.10/site-packages/_distutils_hack/override.py
f	644	1000	1000	4402	64	35957113	1785345364.5679215930	results/experiments/toolchain-environment/20260729T171551Z-toolchain-formal01/boots/repetition-01/lower/python310/lib/python3.10/site-packages/setuptools/_vendor/wheel/cli/__init__.py
f	644	1000	1000	4416	64	35957079	1785345364.4412794270	results/experiments/toolchain-environment/20260729T171551Z-toolchain-formal01/boots/repetition-01/lower/python310/lib/python3.10/site-packages/setuptools/_vendor/typeguard/_pytest_plugin.py
f	644	1000	1000	442	64	35958005	1785345371.6325025890	results/experiments/toolchain-environment/20260729T171551Z-toolchain-formal01/boots/repetition-01/lower/python310/lib/python3.10/site-packages/setuptools/_vendor/inflect/compat/__pycache__/py38.cpython-310.pyc
f	644	1000	1000	4420	64	35960539	1785345395.5060339320	results/experiments/toolchain-environment/20260729T171551Z-toolchain-formal01/boots/repetition-01/lower/python310/lib/python3.10/site-packages/pip/_vendor/rich/__pycache__/rule.cpython-310.pyc
f	644	1000	1000	4425	64	35959441	1785345382.0013450740	results/experiments/toolchain-environment/20260729T171551Z-toolchain-formal01/boots/repetition-01/lower/python310/lib/python3.10/site-packages/pip/_vendor/rich/status.py
f	644	1000	1000	4425	64	35961707	1785345406.4689088720	results/experiments/toolchain-environment/20260729T171551Z-toolchain-formal01/boots/repetition-01/lower/python312/lib/python3.12/site-packages/pip/_vendor/rich/status.py
f	644	1000	1000	4428	64	35962651	1785345419.6282668160	results/experiments/toolchain-environment/20260729T171551Z-toolchain-formal01/boots/repetition-01/lower/python312/lib/python3.12/site-packages/pip/_vendor/requests/__pycache__/help.cpython-312.pyc
f	644	1000	1000	443	64	35958103	1785345373.3271274400	results/experiments/toolchain-environment/20260729T171551Z-toolchain-formal01/boots/repetition-01/lower/python310/lib/python3.10/site-packages/setuptools/_vendor/tomli/__pycache__/_types.cpython-310.pyc
f	644	1000	1000	4431	64	35961695	1785345406.4208888460	results/experiments/toolchain-environment/20260729T171551Z-toolchain-formal01/boots/repetition-01/lower/python312/lib/python3.12/site-packages/pip/_vendor/rich/repr.py
f	644	1000	1000	4435	64	35961083	1785345403.9759631770	results/experiments/toolchain-environment/20260729T171551Z-toolchain-formal01/boots/repetition-01/lower/python312/lib/python3.12/site-packages/pip/_internal/utils/setuptools_build.py
f	644	1000	1000	4436	64	35959429	1785345381.9506468130	results/experiments/toolchain-environment/20260729T171551Z-toolchain-formal01/boots/repetition-01/lower/python310/lib/python3.10/site-packages/pip/_vendor/rich/repr.py
f	644	1000	1000	4437	64	35960229	1785345391.2934861260	results/experiments/toolchain-environment/20260729T171551Z-toolchain-formal01/boots/repetition-01/lower/python310/lib/python3.10/site-packages/pip/_vendor/platformdirs/__pycache__/android.cpython-310.pyc
f	644	1000	1000	44375	64	35959067	1785345380.4926086150	results/experiments/toolchain-environment/20260729T171551Z-toolchain-formal01/boots/repetition-01/lower/python310/lib/python3.10/site-packages/pip/_vendor/idna/idnadata.py
f	644	1000	1000	4442	64	35959985	1785345387.8478130300	results/experiments/toolchain-environment/20260729T171551Z-toolchain-formal01/boots/repetition-01/lower/python310/lib/python3.10/site-packages/pip/_vendor/cachecontrol/__pycache__/serialize.cpython-310.pyc
f	644	1000	1000	4462	64	35962251	1785345412.4563069910	results/experiments/toolchain-environment/20260729T171551Z-toolchain-formal01/boots/repetition-01/lower/python312/lib/python3.12/site-packages/pip/_vendor/cachecontrol/__pycache__/filewrapper.cpython-312.pyc
f	644	1000	1000	44674	64	35960057	1785345388.9433484050	results/experiments/toolchain-environment/20260729T171551Z-toolchain-formal01/boots/repetition-01/lower/python310/lib/python3.10/site-packages/pip/_vendor/chardet/__pycache__/langhebrewmodel.cpython-310.pyc
f	644	1000	1000	44691	64	35960065	1785345389.1068258440	results/experiments/toolchain-environment/20260729T171551Z-toolchain-formal01/boots/repetition-01/lower/python310/lib/python3.10/site-packages/pip/_vendor/chardet/__pycache__/langturkishmodel.cpython-310.pyc
f	644	1000	1000	44707	64	35958419	1785345377.6305204290	results/experiments/toolchain-environment/20260729T171551Z-toolchain-formal01/boots/repetition-01/lower/python310/lib/python3.10/site-packages/setuptools/tests/__pycache__/test_easy_install.cpython-310.pyc
f	644	1000	1000	448	64	35958469	1785345378.2803454750	results/experiments/toolchain-environment/20260729T171551Z-toolchain-formal01/boots/repetition-01/lower/python310/lib/python3.10/site-packages/setuptools/__pycache__/version.cpython-310.pyc
f	644	1000	1000	448	64	35960351	1785345392.9659640280	results/experiments/toolchain-environment/20260729T171551Z-toolchain-formal01/boots/repetition-01/lower/python310/lib/python3.10/site-packages/pip/_vendor/pyproject_hooks/__pycache__/_compat.cpython-310.pyc
f	644	1000	1000	4481	64	35960261	1785345391.6561324750	results/experiments/toolchain-environment/20260729T171551Z-toolchain-formal01/boots/repetition-01/lower/python310/lib/python3.10/site-packages/pip/_vendor/pygments/formatters/__pycache__/__init__.cpython-310.pyc
f	644	1000	1000	44850	64	35960063	1785345389.0684696280	results/experiments/toolchain-environment/20260729T171551Z-toolchain-formal01/boots/repetition-01/lower/python310/lib/python3.10/site-packages/pip/_vendor/chardet/__pycache__/langthaimodel.cpython-310.pyc
f	644	1000	1000	44866	64	35957327	1785345365.5375333090	results/experiments/toolchain-environment/20260729T171551Z-toolchain-formal01/boots/repetition-01/lower/python310/lib/python3.10/site-packages/setuptools/tests/test_egg_info.py
f	644	1000	1000	44897	64	35956595	1785345362.5392446840	results/experiments/toolchain-environment/20260729T171551Z-toolchain-formal01/boots/repetition-01/lower/python310/lib/python3.10/site-packages/setuptools/dist.py
f	644	1000	1000	44937	64	35957083	1785345364.4572797190	results/experiments/toolchain-environment/20260729T171551Z-toolchain-formal01/boots/repetition-01/lower/python310/lib/python3.10/site-packages/setuptools/_vendor/typeguard/_transformer.py
f	644	1000	1000	4498	64	35962299	1785345413.0965284990	results/experiments/toolchain-environment/20260729T171551Z-toolchain-formal01/boots/repetition-01/lower/python312/lib/python3.12/site-packages/pip/_vendor/chardet/__pycache__/eucjpprober.cpython-312.pyc
f	644	1000	1000	4499	64	35961095	1785345404.0320721600	results/experiments/toolchain-environment/20260729T171551Z-toolchain-formal01/boots/repetition-01/lower/python312/lib/python3.12/site-packages/pip/_internal/utils/wheel.py
f	644	1000	1000	450	64	35957397	1785345365.8360640820	results/experiments/toolchain-environment/20260729T171551Z-toolchain-formal01/boots/repetition-01/lower/python310/lib/python3.10/site-packages/setuptools/tests/config/downloads/preload.py
f	644	1000	1000	4500	64	35956813	1785345363.3613422030	results/experiments/toolchain-environment/20260729T171551Z-toolchain-formal01/boots/repetition-01/lower/python310/lib/python3.10/site-packages/setuptools/_distutils/tests/test_dir_util.py
f	644	1000	1000	4503	64	35959363	1785345381.6445938070	results/experiments/toolchain-environment/20260729T171551Z-toolchain-formal01/boots/repetition-01/lower/python310/lib/python3.10/site-packages/pip/_vendor/rich/cells.py
f	644	1000	1000	4509	64	35960267	1785345391.7472039620	results/experiments/toolchain-environment/20260729T171551Z-toolchain-formal01/boots/repetition-01/lower/python310/lib/python3.10/site-packages/pip/_vendor/pygments/formatters/__pycache__/groff.cpython-310.pyc
f	644	1000	1000	4509	64	35961629	1785345406.1348491100	results/experiments/toolchain-environment/20260729T171551Z-toolchain-formal01/boots/repetition-01/lower/python312/lib/python3.12/site-packages/pip/_vendor/rich/cells.py
f	644	1000	1000	4515	64	35957343	1785345365.6065376410	results/experiments/toolchain-environment/20260729T171551Z-toolchain-formal01/boots/repetition-01/lower/python310/lib/python3.10/site-packages/setuptools/tests/test_namespaces.py
f	644	1000	1000	4519	64	35962981	1785345424.8083836980	results/experiments/toolchain-environment/20260729T171551Z-toolchain-formal01/boots/repetition-01/lower/python312/lib/python3.12/site-packages/pip/_vendor/urllib3/util/__pycache__/wait.cpython-312.pyc
f	644	1000	1000	4523	64	35959937	1785345387.2186957250	results/experiments/toolchain-environment/20260729T171551Z-toolchain-formal01/boots/repetition-01/lower/python310/lib/python3.10/site-packages/pip/_internal/utils/__pycache__/wheel.cpython-310.pyc
f	644	1000	1000	4528	64	35957191	1785345364.9514682270	results/experiments/toolchain-environment/20260729T171551Z-toolchain-formal01/boots/repetition-01/lower/python310/lib/python3.10/site-packages/setuptools/command/build_clib.py
f	644	1000	1000	4528	64	35959529	1785345382.3411745900	results/experiments/toolchain-environment/20260729T171551Z-toolchain-formal01/boots/repetition-01/lower/python310/lib/python3.10/site-packages/pip/_vendor/urllib3/contrib/ntlmpool.py
f	644	1000	1000	4528	64	35960547	1785345395.6190433490	results/experiments/toolchain-environment/20260729T171551Z-toolchain-formal01/boots/repetition-01/lower/python310/lib/python3.10/site-packages/pip/_vendor/rich/__pycache__/spinner.cpython-310.pyc
f	644	1000	1000	4528	64	35961809	1785345406.8752597880	results/experiments/toolchain-environment/20260729T171551Z-toolchain-formal01/boots/repetition-01/lower/python312/lib/python3.12/site-packages/pip/_vendor/urllib3/contrib/ntlmpool.py
f	644	1000	1000	4530	64	35961945	1785345408.0707241950	results/experiments/toolchain-environment/20260729T171551Z-toolchain-formal01/boots/repetition-01/lower/python312/lib/python3.12/site-packages/pip/_internal/commands/__pycache__/freeze.cpython-312.pyc
f	644	1000	1000	4531	64	35961153	1785345404.2417709260	results/experiments/toolchain-environment/20260729T171551Z-toolchain-formal01/boots/repetition-01/lower/python312/lib/python3.12/site-packages/pip/_vendor/certifi/core.py
f	644	1000	1000	4549	64	35958811	1785345379.5445554160	results/experiments/toolchain-environment/20260729T171551Z-toolchain-formal01/boots/repetition-01/lower/python310/lib/python3.10/site-packages/pip/_internal/utils/wheel.py
f	644	1000	1000	4549	64	35960395	1785345393.5292238430	results/experiments/toolchain-environment/20260729T171551Z-toolchain-formal01/boots/repetition-01/lower/python310/lib/python3.10/site-packages/pip/_vendor/requests/__pycache__/structures.cpython-310.pyc
f	644	1000	1000	455	64	35957095	1785345364.4959631450	results/experiments/toolchain-environment/20260729T171551Z-toolchain-formal01/boots/repetition-01/lower/python310/lib/python3.10/site-packages/setuptools/_vendor/wheel/__main__.py
f	644	1000	1000	455	64	35958029	1785345372.0735398470	results/experiments/toolchain-environment/20260729T171551Z-toolchain-formal01/boots/repetition-01/lower/python310/lib/python3.10/site-packages/setuptools/_vendor/jaraco/text/__pycache__/to-dvorak.cpython-310.pyc
f	644	1000	1000	455	64	35958031	1785345372.1144196170	results/experiments/toolchain-environment/20260729T171551Z-toolchain-formal01/boots/repetition-01/lower/python310/lib/python3.10/site-packages/setuptools/_vendor/jaraco/text/__pycache__/to-qwerty.cpython-310.pyc
f	644	1000	1000	45525	64	35961719	1785345406.5255256500	results/experiments/toolchain-environment/20260729T171551Z-toolchain-formal01/boots/repetition-01/lower/python312/lib/python3.12/site-packages/pip/_vendor/rich/text.py
f	644	1000	1000	456	64	35957911	1785345370.3703328900	results/experiments/toolchain-environment/20260729T171551Z-toolchain-formal01/boots/repetition-01/lower/python310/lib/python3.10/site-packages/setuptools/_distutils/__pycache__/unixccompiler.cpython-310.pyc
f	644	1000	1000	4563	64	35957859	1785345369.6446641700	results/experiments/toolchain-environment/20260729T171551Z-toolchain-formal01/boots/repetition-01/lower/python310/lib/python3.10/site-packages/setuptools/_distutils/tests/__pycache__/test_check.cpython-310.pyc
f	644	1000	1000	4564	64	35962581	1785345418.2371683330	results/experiments/toolchain-environment/20260729T171551Z-toolchain-formal01/boots/repetition-01/lower/python312/lib/python3.12/site-packages/pip/_vendor/pygments/styles/__pycache__/__init__.cpython-312.pyc
f	644	1000	1000	45686	64	35959453	1785345382.0566013400	results/experiments/toolchain-environment/20260729T171551Z-toolchain-formal01/boots/repetition-01/lower/python310/lib/python3.10/site-packages/pip/_vendor/rich/text.py
f	644	1000	1000	4571	64	35959773	1785345384.8932470310	results/experiments/toolchain-environment/20260729T171551Z-toolchain-formal01/boots/repetition-01/lower/python310/lib/python3.10/site-packages/pip/_internal/models/__pycache__/wheel.cpython-310.pyc
f	644	1000	1000	45720	64	35962403	1785345415.0272786290	results/experiments/toolchain-environment/20260729T171551Z-toolchain-formal01/boots/repetition-01/lower/python312/lib/python3.12/site-packages/pip/_vendor/distlib/__pycache__/compat.cpython-312.pyc
f	644	1000	1000	458	64	35958035	1785345372.1644205300	results/experiments/toolchain-environment/20260729T171551Z-toolchain-formal01/boots/repetition-01/lower/python310/lib/python3.10/site-packages/setuptools/_vendor/more_itertools/__pycache__/__init__.cpython-310.pyc
f	644	1000	1000	4582	64	35960125	1785345389.9247450760	results/experiments/toolchain-environment/20260729T171551Z-toolchain-formal01/boots/repetition-01/lower/python310/lib/python3.10/site-packages/pip/_vendor/colorama/__pycache__/win32.cpython-310.pyc
f	644	1000	1000	4591	64	35959907	1785345386.7554338430	results/experiments/toolchain-environment/20260729T171551Z-toolchain-formal01/boots/repetition-01/lower/python310/lib/python3.10/site-packages/pip/_internal/utils/__pycache__/filesystem.cpython-310.pyc
f	644	1000	1000	4591	64	35962207	1785345411.9146719890	results/experiments/toolchain-environment/20260729T171551Z-toolchain-formal01/boots/repetition-01/lower/python312/lib/python3.12/site-packages/pip/_internal/utils/__pycache__/virtualenv.cpython-312.pyc
f	644	1000	1000	4593	64	35960517	1785345395.1901812770	results/experiments/toolchain-environment/20260729T171551Z-toolchain-formal01/boots/repetition-01/lower/python310/lib/python3.10/site-packages/pip/_vendor/rich/__pycache__/padding.cpython-310.pyc
f	644	1000	1000	4602	64	35961697	1785345406.4290859190	results/experiments/toolchain-environment/20260729T171551Z-toolchain-formal01/boots/repetition-01/lower/python312/lib/python3.12/site-packages/pip/_vendor/rich/rule.py
f	644	1000	1000	4610	64	35962359	1785345414.2703874540	results/experiments/toolchain-environment/20260729T171551Z-toolchain-formal01/boots/repetition-01/lower/python312/lib/python3.12/site-packages/pip/_vendor/chardet/__pycache__/sjisprober.cpython-312.pyc
f	644	1000	1000	4617	64	35956983	1785345364.0230266620	results/experiments/toolchain-environment/20260729T171551Z-toolchain-formal01/boots/repetition-01/lower/python310/lib/python3.10/site-packages/setuptools/_vendor/more_itertools/recipes.pyi
f	644	1000	1000	462	64	35959651	1785345383.0986203900	results/experiments/toolchain-environment/20260729T171551Z-toolchain-formal01/boots/repetition-01/lower/python310/lib/python3.10/site-packages/pip/_internal/cli/__pycache__/status_codes.cpython-310.pyc
f	644	1000	1000	46227	64	35960055	1785345388.9039026570	results/experiments/toolchain-environment/20260729T171551Z-toolchain-formal01/boots/repetition-01/lower/python310/lib/python3.10/site-packages/pip/_vendor/chardet/__pycache__/langgreekmodel.cpython-310.pyc
f	644	1000	1000	4625	64	35957745	1785345368.0315310450	results/experiments/toolchain-environment/20260729T171551Z-toolchain-formal01/boots/repetition-01/lower/python310/lib/python3.10/site-packages/setuptools/_distutils/command/__pycache__/build_scripts.cpython-310.pyc
f	644	1000	1000	4630	64	35959157	1785345380.8163592280	results/experiments/toolchain-environment/20260729T171551Z-toolchain-formal01/boots/repetition-01/lower/python310/lib/python3.10/site-packages/pip/_vendor/pygments/sphinxext.py
f	644	1000	1000	4631	64	35956709	1785345362.9172515890	results/experiments/toolchain-environment/20260729T171551Z-toolchain-formal01/boots/repetition-01/lower/python310/lib/python3.10/site-packages/setuptools/_distutils/command/bdist_dumb.py
f	644	1000	1000	4643	64	35960929	1785345403.2836932180	results/experiments/toolchain-environment/20260729T171551Z-toolchain-formal01/boots/repetition-01/lower/python312/lib/python3.12/site-packages/pip/_internal/models/search_scope.py
f	644	1000	1000	4644	64	35958645	1785345378.9515068610	results/experiments/toolchain-environment/20260729T171551Z-toolchain-formal01/boots/repetition-01/lower/python310/lib/python3.10/site-packages/pip/_internal/models/search_scope.py
f	644	1000	1000	4647	64	35962159	1785345411.1835434940	results/experiments/toolchain-environment/20260729T171551Z-toolchain-formal01/boots/repetition-01/lower/python312/lib/python3.12/site-packages/pip/_internal/utils/__pycache__/_jaraco_text.cpython-312.pyc
f	644	1000	1000	4648	64	35957469	1785345366.0733092390	results/experiments/toolchain-environment/20260729T171551Z-toolchain-formal01/boots/repetition-01/lower/python310/lib/python3.10/site-packages/setuptools/_vendor/importlib_metadata-8.0.0.dist-info/METADATA
f	644	1000	1000	465	64	35958839	1785345379.6286815970	results/experiments/toolchain-environment/20260729T171551Z-toolchain-formal01/boots/repetition-01/lower/python310/lib/python3.10/site-packages/pip/_vendor/cachecontrol/__init__.py
f	644	1000	1000	4653	64	35960307	1785345392.3842657140	results/experiments/toolchain-environment/20260729T171551Z-toolchain-formal01/boots/repetition-01/lower/python310/lib/python3.10/site-packages/pip/_vendor/pygments/__pycache__/sphinxext.cpython-310.pyc
f	644	1000	1000	4656	64	35958195	1785345374.6544660360	results/experiments/toolchain-environment/20260729T171551Z-toolchain-formal01/boots/repetition-01/lower/python310/lib/python3.10/site-packages/setuptools/_vendor/wheel/vendored/packaging/__pycache__/utils.cpython-310.pyc
f	644	1000	1000	466	64	35960599	1785345396.3503175830	results/experiments/toolchain-environment/20260729T171551Z-toolchain-formal01/boots/repetition-01/lower/python310/lib/python3.10/site-packages/pip/_vendor/tomli/__pycache__/__init__.cpython-310.pyc
f	644	1000	1000	4661	64	35962197	1785345411.7715204120	results/experiments/toolchain-environment/20260729T171551Z-toolchain-formal01/boots/repetition-01/lower/python312/lib/python3.12/site-packages/pip/_internal/utils/__pycache__/setuptools_build.cpython-312.pyc
f	644	1000	1000	4664	64	35958253	1785345375.4386805040	results/experiments/toolchain-environment/20260729T171551Z-toolchain-formal01/boots/repetition-01/lower/python310/lib/python3.10/site-packages/setuptools/command/__pycache__/install_lib.cpython-310.pyc
f	644	1000	1000	4673	64	35960067	1785345389.1390665470	results/experiments/toolchain-environment/20260729T171551Z-toolchain-formal01/boots/repetition-01/lower/python310/lib/python3.10/site-packages/pip/_vendor/chardet/__pycache__/latin1prober.cpython-310.pyc
f	644	1000	1000	4674	64	35959197	1785345380.9753400460	results/experiments/toolchain-environment/20260729T171551Z-toolchain-formal01/boots/repetition-01/lower/python310/lib/python3.10/site-packages/pip/_vendor/pygments/formatters/terminal.py
f	644	1000	1000	4674	64	35961441	1785345405.3859791820	results/experiments/toolchain-environment/20260729T171551Z-toolchain-formal01/boots/repetition-01/lower/python312/lib/python3.12/site-packages/pip/_vendor/pygments/formatters/terminal.py
f	644	1000	1000	4676	64	35959099	1785345380.6085748670	results/experiments/toolchain-environment/20260729T171551Z-toolchain-formal01/boots/repetition-01/lower/python310/lib/python3.10/site-packages/pip/_vendor/packaging/requirements.py
f	644	1000	1000	4676	64	35961365	1785345405.0929130690	results/experiments/toolchain-environment/20260729T171551Z-toolchain-formal01/boots/repetition-01/lower/python312/lib/python3.12/site-packages/pip/_vendor/packaging/requirements.py
f	644	1000	1000	468	64	35958465	1785345378.2385315430	results/experiments/toolchain-environment/20260729T171551Z-toolchain-formal01/boots/repetition-01/lower/python310/lib/python3.10/site-packages/setuptools/tests/__pycache__/textwrap.cpython-310.pyc
f	644	1000	1000	4681	64	35962295	1785345413.0315405680	results/experiments/toolchain-environment/20260729T171551Z-toolchain-formal01/boots/repetition-01/lower/python312/lib/python3.12/site-packages/pip/_vendor/chardet/__pycache__/escprober.cpython-312.pyc
f	644	1000	1000	4683	64	35962269	1785345412.6525422190	results/experiments/toolchain-environment/20260729T171551Z-toolchain-formal01/boots/repetition-01/lower/python312/lib/python3.12/site-packages/pip/_vendor/chardet/__pycache__/__init__.cpython-312.pyc
f	644	1000	1000	4685	64	35962525	1785345417.0532416690	results/experiments/toolchain-environment/20260729T171551Z-toolchain-formal01/boots/repetition-01/lower/python312/lib/python3.12/site-packages/pip/_vendor/pygments/__pycache__/formatter.cpython-312.pyc
f	644	1000	1000	4690	64	35960309	1785345392.4143197320	results/experiments/toolchain-environment/20260729T171551Z-toolchain-formal01/boots/repetition-01/lower/python310/lib/python3.10/site-packages/pip/_vendor/pygments/__pycache__/style.cpython-310.pyc
f	644	1000	1000	4697	64	35959675	1785345383.4746272650	results/experiments/toolchain-environment/20260729T171551Z-toolchain-formal01/boots/repetition-01/lower/python310/lib/python3.10/site-packages/pip/_internal/commands/__pycache__/index.cpython-310.pyc
f	644	1000	1000	4699	64	35960273	1785345391.8428823300	results/experiments/toolchain-environment/20260729T171551Z-toolchain-formal01/boots/repetition-01/lower/python310/lib/python3.10/site-packages/pip/_vendor/pygments/formatters/__pycache__/irc.cpython-310.pyc
f	644	1000	1000	470	64	35957925	1785345370.5312981740	results/experiments/toolchain-environment/20260729T171551Z-toolchain-formal01/boots/repetition-01/lower/python310/lib/python3.10/site-packages/setuptools/__pycache__/_importlib.cpython-310.pyc
f	644	1000	1000	4704	64	35960549	1785345395.6460959410	results/experiments/toolchain-environment/20260729T171551Z-toolchain-formal01/boots/repetition-01/lower/python310/lib/python3.10/site-packages/pip/_vendor/rich/__pycache__/status.cpython-310.pyc
f	644	1000	1000	4704	64	35961003	1785345403.6292083520	results/experiments/toolchain-environment/20260729T171551Z-toolchain-formal01/boots/repetition-01/lower/python312/lib/python3.12/site-packages/pip/_internal/req/req_set.py
f	644	1000	1000	4709	64	35959925	1785345387.0276922320	results/experiments/toolchain-environment/20260729T171551Z-toolchain-formal01/boots/repetition-01/lower/python310/lib/python3.10/site-packages/pip/_internal/utils/__pycache__/setuptools_build.cpython-310.pyc
f	644	1000	1000	4712	64	35959721	1785345384.2244420960	results/experiments/toolchain-environment/20260729T171551Z-toolchain-formal01/boots/repetition-01/lower/python310/lib/python3.10/site-packages/pip/_internal/locations/__pycache__/_distutils.cpython-310.pyc
f	644	1000	1000	472	64	35959971	1785345387.6220736560	results/experiments/toolchain-environment/20260729T171551Z-toolchain-formal01/boots/repetition-01/lower/python310/lib/python3.10/site-packages/pip/_vendor/cachecontrol/caches/__pycache__/__init__.cpython-310.pyc
f	644	1000	1000	472	64	35962015	1785345409.0370667560	results/experiments/toolchain-environment/20260729T171551Z-toolchain-formal01/boots/repetition-01/lower/python312/lib/python3.12/site-packages/pip/_internal/metadata/importlib/__pycache__/__init__.cpython-312.pyc
f	644	1000	1000	4723	64	35960201	1785345390.9445039440	results/experiments/toolchain-environment/20260729T171551Z-toolchain-formal01/boots/repetition-01/lower/python310/lib/python3.10/site-packages/pip/_vendor/packaging/__pycache__/_musllinux.cpython-310.pyc
f	644	1000	1000	4728	64	35958151	1785345373.9924290600	results/experiments/toolchain-environment/20260729T171551Z-toolchain-formal01/boots/repetition-01/lower/python310/lib/python3.10/site-packages/setuptools/_vendor/wheel/cli/__pycache__/__init__.cpython-310.pyc
f	644	1000	1000	473	64	35958097	1785345373.2323136970	results/experiments/toolchain-environment/20260729T171551Z-toolchain-formal01/boots/repetition-01/lower/python310/lib/python3.10/site-packages/setuptools/_vendor/tomli/__pycache__/__init__.cpython-310.pyc
f	644	1000	1000	4748	64	35962439	1785345415.5852530230	results/experiments/toolchain-environment/20260729T171551Z-toolchain-formal01/boots/repetition-01/lower/python312/lib/python3.12/site-packages/pip/_vendor/idna/__pycache__/codec.cpython-312.pyc
f	644	1000	1000	476	64	35958835	1785345379.6205568060	results/experiments/toolchain-environment/20260729T171551Z-toolchain-formal01/boots/repetition-01/lower/python310/lib/python3.10/site-packages/pip/_vendor/vendor.txt
f	644	1000	1000	4760	64	35957119	1785345364.5948557680	results/experiments/toolchain-environment/20260729T171551Z-toolchain-formal01/boots/repetition-01/lower/python310/lib/python3.10/site-packages/setuptools/_vendor/wheel/cli/tags.py
f	644	1000	1000	4769	64	35958073	1785345372.8706163200	results/experiments/toolchain-environment/20260729T171551Z-toolchain-formal01/boots/repetition-01/lower/python310/lib/python3.10/site-packages/setuptools/_vendor/packaging/__pycache__/utils.cpython-310.pyc
f	644	1000	1000	4773	64	35959431	1785345381.9585995480	results/experiments/toolchain-environment/20260729T171551Z-toolchain-formal01/boots/repetition-01/lower/python310/lib/python3.10/site-packages/pip/_vendor/rich/rule.py
f	644	1000	1000	4775	64	35960837	1785345402.8304573290	results/experiments/toolchain-environment/20260729T171551Z-toolchain-formal01/boots/repetition-01/lower/python312/lib/python3.12/site-packages/pip/_internal/commands/index.py
f	644	1000	1000	4782	64	35960315	1785345392.4790925070	results/experiments/toolchain-environment/20260729T171551Z-toolchain-formal01/boots/repetition-01/lower/python310/lib/python3.10/site-packages/pip/_vendor/pygments/__pycache__/token.cpython-310.pyc
f	644	1000	1000	4784	64	35960393	1785345393.5022306030	results/experiments/toolchain-environment/20260729T171551Z-toolchain-formal01/boots/repetition-01/lower/python310/lib/python3.10/site-packages/pip/_vendor/requests/__pycache__/status_codes.cpython-310.pyc
f	644	1000	1000	4793	64	35958559	1785345378.6595392390	results/experiments/toolchain-environment/20260729T171551Z-toolchain-formal01/boots/repetition-01/lower/python310/lib/python3.10/site-packages/pip/_internal/commands/index.py
f	644	1000	1000	4794	64	35959301	1785345381.3745888710	results/experiments/toolchain-environment/20260729T171551Z-toolchain-formal01/boots/repetition-01/lower/python310/lib/python3.10/site-packages/pip/_vendor/resolvelib/structs.py
f	644	1000	1000	4797	64	35958879	1785345379.7676083970	results/experiments/toolchain-environment/20260729T171551Z-toolchain-formal01/boots/repetition-01/lower/python310/lib/python3.10/site-packages/pip/_vendor/chardet/__init__.py
f	644	1000	1000	4797	64	35961157	1785345404.2498925430	results/experiments/toolchain-environment/20260729T171551Z-toolchain-formal01/boots/repetition-01/lower/python312/lib/python3.12/site-packages/pip/_vendor/chardet/__init__.py
f	644	1000	1000	47997	64	35960059	1785345388.9827279850	results/experiments/toolchain-environment/20260729T171551Z-toolchain-formal01/boots/repetition-01/lower/python310/lib/python3.10/site-packages/pip/_vendor/chardet/__pycache__/langhungarianmodel.cpython-310.pyc
f	644	1000	1000	48	64	35957621	1785345366.7563217170	results/experiments/toolchain-environment/20260729T171551Z-toolchain-formal01/boots/repetition-01/lower/python310/lib/python3.10/site-packages/setuptools/_vendor/typeguard-4.3.0.dist-info/entry_points.txt
f	644	1000	1000	4803	64	35956839	1785345363.4729706740	results/experiments/toolchain-environment/20260729T171551Z-toolchain-formal01/boots/repetition-01/lower/python310/lib/python3.10/site-packages/setuptools/_distutils/tests/test_spawn.py
f	644	1000	1000	48037	64	35960053	1785345388.8653346780	results/experiments/toolchain-environment/20260729T171551Z-toolchain-formal01/boots/repetition-01/lower/python310/lib/python3.10/site-packages/pip/_vendor/chardet/__pycache__/langbulgarianmodel.cpython-310.pyc
f	644	1000	1000	4807	64	35962229	1785345412.1905530580	results/experiments/toolchain-environment/20260729T171551Z-toolchain-formal01/boots/repetition-01/lower/python312/lib/python3.12/site-packages/pip/_vendor/__pycache__/__init__.cpython-312.pyc
f	644	1000	1000	4810	64	35959173	1785345380.8695077700	results/experiments/toolchain-environment/20260729T171551Z-toolchain-formal01/boots/repetition-01/lower/python310/lib/python3.10/site-packages/pip/_vendor/pygments/formatters/__init__.py
f	644	1000	1000	4811	64	35960563	1785345395.8566227860	results/experiments/toolchain-environment/20260729T171551Z-toolchain-formal01/boots/repetition-01/lower/python310/lib/python3.10/site-packages/pip/_vendor/rich/__pycache__/theme.cpython-310.pyc
f	644	1000	1000	4813	64	35958221	1785345374.9525903540	results/experiments/toolchain-environment/20260729T171551Z-toolchain-formal01/boots/repetition-01/lower/python310/lib/python3.10/site-packages/setuptools/command/__pycache__/_requirestxt.cpython-310.pyc
f	644	1000	1000	4814	64	35960069	1785345389.1734959300	results/experiments/toolchain-environment/20260729T171551Z-toolchain-formal01/boots/repetition-01/lower/python310/lib/python3.10/site-packages/pip/_vendor/chardet/__pycache__/macromanprober.cpython-310.pyc
f	644	1000	1000	482	64	35962875	1785345423.3601766030	results/experiments/toolchain-environment/20260729T171551Z-toolchain-formal01/boots/repetition-01/lower/python312/lib/python3.12/site-packages/pip/_vendor/tomli/__pycache__/_types.cpython-312.pyc
f	644	1000	1000	4827	64	35959983	1785345387.8175203290	results/experiments/toolchain-environment/20260729T171551Z-toolchain-formal01/boots/repetition-01/lower/python310/lib/python3.10/site-packages/pip/_vendor/cachecontrol/__pycache__/heuristics.cpython-310.pyc
f	644	1000	1000	4828	64	35961139	1785345404.1858485580	results/experiments/toolchain-environment/20260729T171551Z-toolchain-formal01/boots/repetition-01/lower/python312/lib/python3.12/site-packages/pip/_vendor/cachecontrol/heuristics.py
f	644	1000	1000	4831	64	35958787	1785345379.4535537530	results/experiments/toolchain-environment/20260729T171551Z-toolchain-formal01/boots/repetition-01/lower/python310/lib/python3.10/site-packages/pip/_internal/utils/hashes.py
f	644	1000	1000	4832	64	35960963	1785345403.4360783310	results/experiments/toolchain-environment/20260729T171551Z-toolchain-formal01/boots/repetition-01/lower/python312/lib/python3.12/site-packages/pip/_internal/operations/build/build_tracker.py
f	644	1000	1000	48398	64	35957021	1785345364.1822746960	results/experiments/toolchain-environment/20260729T171551Z-toolchain-formal01/boots/repetition-01/lower/python310/lib/python3.10/site-packages/setuptools/_vendor/packaging/licenses/_spdx.py
f	644	1000	1000	4840	64	35961963	1785345408.3544878790	results/experiments/toolchain-environment/20260729T171551Z-toolchain-formal01/boots/repetition-01/lower/python312/lib/python3.12/site-packages/pip/_internal/commands/__pycache__/uninstall.cpython-312.pyc
f	644	1000	1000	4841	64	35959731	1785345384.3366721560	results/experiments/toolchain-environment/20260729T171551Z-toolchain-formal01/boots/repetition-01/lower/python310/lib/python3.10/site-packages/pip/_internal/metadata/__pycache__/__init__.cpython-310.pyc
f	644	1000	1000	4855	64	35956577	1785345362.4812436240	results/experiments/toolchain-environment/20260729T171551Z-toolchain-formal01/boots/repetition-01/lower/python310/lib/python3.10/site-packages/setuptools/_static.py
f	644	1000	1000	4858	64	35960501	1785345394.9661557780	results/experiments/toolchain-environment/20260729T171551Z-toolchain-formal01/boots/repetition-01/lower/python310/lib/python3.10/site-packages/pip/_vendor/rich/__pycache__/json.cpython-310.pyc
f	644	1000	1000	48617	64	35962605	1785345418.7382725250	results/experiments/toolchain-environment/20260729T171551Z-toolchain-formal01/boots/repetition-01/lower/python312/lib/python3.12/site-packages/pip/_vendor/pyparsing/__pycache__/helpers.cpython-312.pyc
f	644	1000	1000	4872	64	35962573	1785345418.1019825200	results/experiments/toolchain-environment/20260729T171551Z-toolchain-formal01/boots/repetition-01/lower/python312/lib/python3.12/site-packages/pip/_vendor/pygments/__pycache__/scanner.cpython-312.pyc
f	644	1000	1000	4872	64	35962959	1785345424.4552046160	results/experiments/toolchain-environment/20260729T171551Z-toolchain-formal01/boots/repetition-01/lower/python312/lib/python3.12/site-packages/pip/_vendor/urllib3/util/__pycache__/connection.cpython-312.pyc
f	644	1000	1000	488	64	35960407	1785345393.6485224260	results/experiments/toolchain-environment/20260729T171551Z-toolchain-formal01/boots/repetition-01/lower/python310/lib/python3.10/site-packages/pip/_vendor/resolvelib/compat/__pycache__/collections_abc.cpython-310.pyc
f	644	1000	1000	489	64	35961927	1785345407.8121195790	results/experiments/toolchain-environment/20260729T171551Z-toolchain-formal01/boots/repetition-01/lower/python312/lib/python3.12/site-packages/pip/_internal/cli/__pycache__/status_codes.cpython-312.pyc
f	644	1000	1000	490	64	35962619	1785345419.0102775060	results/experiments/toolchain-environment/20260729T171551Z-toolchain-formal01/boots/repetition-01/lower/python312/lib/python3.12/site-packages/pip/_vendor/pyproject_hooks/__pycache__/_compat.cpython-312.pyc
f	644	1000	1000	4900	64	35957645	1785345366.8584964580	results/experiments/toolchain-environment/20260729T171551Z-toolchain-formal01/boots/repetition-01/lower/python310/lib/python3.10/site-packages/setuptools/_vendor/wheel-0.45.1.dist-info/RECORD
f	644	1000	1000	4901	64	35959561	1785345382.4525955330	results/experiments/toolchain-environment/20260729T171551Z-toolchain-formal01/boots/repetition-01/lower/python310/lib/python3.10/site-packages/pip/_vendor/urllib3/util/connection.py
f	644	1000	1000	4901	64	35961847	1785345407.0420583930	results/experiments/toolchain-environment/20260729T171551Z-toolchain-formal01/boots/repetition-01/lower/python312/lib/python3.12/site-packages/pip/_vendor/urllib3/util/connection.py
f	644	1000	1000	4902	64	35958263	1785345375.5974832710	results/experiments/toolchain-environment/20260729T171551Z-toolchain-formal01/boots/repetition-01/lower/python310/lib/python3.10/site-packages/setuptools/command/__pycache__/setopt.cpython-310.pyc
f	644	1000	1000	491	64	35959241	1785345381.1255843190	results/experiments/toolchain-environment/20260729T171551Z-toolchain-formal01/boots/repetition-01/lower/python310/lib/python3.10/site-packages/pip/_vendor/pyproject_hooks/__init__.py
f	644	1000	1000	491	64	35961505	1785345405.6239655810	results/experiments/toolchain-environment/20260729T171551Z-toolchain-formal01/boots/repetition-01/lower/python312/lib/python3.12/site-packages/pip/_vendor/pyproject_hooks/__init__.py
f	644	1000	1000	4910	64	35959123	1785345380.6895763480	results/experiments/toolchain-environment/20260729T171551Z-toolchain-formal01/boots/repetition-01/lower/python310/lib/python3.10/site-packages/pip/_vendor/platformdirs/api.py
f	644	1000	1000	4915	64	35960277	1785345391.9048588910	results/experiments/toolchain-environment/20260729T171551Z-toolchain-formal01/boots/repetition-01/lower/python310/lib/python3.10/site-packages/pip/_vendor/pygments/formatters/__pycache__/other.cpython-310.pyc
f	644	1000	1000	4922	64	35962847	1785345422.9903503980	results/experiments/toolchain-environment/20260729T171551Z-toolchain-formal01/boots/repetition-01/lower/python312/lib/python3.12/site-packages/pip/_vendor/tenacity/__pycache__/_asyncio.cpython-312.pyc
f	644	1000	1000	493	64	35957237	1785345365.1286350580	results/experiments/toolchain-environment/20260729T171551Z-toolchain-formal01/boots/repetition-01/lower/python310/lib/python3.10/site-packages/setuptools/compat/py39.py
f	644	1000	1000	493	64	35957241	1785345365.1376064840	results/experiments/toolchain-environment/20260729T171551Z-toolchain-formal01/boots/repetition-01/lower/python310/lib/python3.10/site-packages/setuptools/config/NOTICE
f	644	1000	1000	493	64	35961871	1785345407.1743779970	results/experiments/toolchain-environment/20260729T171551Z-toolchain-formal01/boots/repetition-01/lower/python312/lib/python3.12/site-packages/pip/_vendor/vendor.txt
f	644	1000	1000	49330	64	35959055	1785345380.4545720520	results/experiments/toolchain-environment/20260729T171551Z-toolchain-formal01/boots/repetition-01/lower/python310/lib/python3.10/site-packages/pip/_vendor/distro/distro.py
f	644	1000	1000	49330	64	35961321	1785345404.9235981630	results/experiments/toolchain-environment/20260729T171551Z-toolchain-formal01/boots/repetition-01/lower/python312/lib/python3.12/site-packages/pip/_vendor/distro/distro.py
f	644	1000	1000	494	64	35956987	1785345364.0322277450	results/experiments/toolchain-environment/20260729T171551Z-toolchain-formal01/boots/repetition-01/lower/python310/lib/python3.10/site-packages/setuptools/_vendor/packaging/__init__.py
f	644	1000	1000	494	64	35957709	1785345367.4815922590	results/experiments/toolchain-environment/20260729T171551Z-toolchain-formal01/boots/repetition-01/lower/python310/lib/python3.10/site-packages/setuptools/_distutils/__pycache__/__init__.cpython-310.pyc
f	644	1000	1000	4946	64	35956723	1785345362.9792527210	results/experiments/toolchain-environment/20260729T171551Z-toolchain-formal01/boots/repetition-01/lower/python310/lib/python3.10/site-packages/setuptools/_distutils/command/check.py
f	644	1000	1000	4963	64	35961571	1785345405.8795391390	results/experiments/toolchain-environment/20260729T171551Z-toolchain-formal01/boots/repetition-01/lower/python312/lib/python3.12/site-packages/pip/_vendor/resolvelib/structs.py
f	644	1000	1000	4965	64	35957731	1785345367.8003725480	results/experiments/toolchain-environment/20260729T171551Z-toolchain-formal01/boots/repetition-01/lower/python310/lib/python3.10/site-packages/setuptools/_distutils/command/__pycache__/bdist.cpython-310.pyc
f	644	1000	1000	4966	64	35958829	1785345379.5985564040	results/experiments/toolchain-environment/20260729T171551Z-toolchain-formal01/boots/repetition-01/lower/python310/lib/python3.10/site-packages/pip/_vendor/__init__.py
f	644	1000	1000	497	64	35959089	1785345380.5695741540	results/experiments/toolchain-environment/20260729T171551Z-toolchain-formal01/boots/repetition-01/lower/python310/lib/python3.10/site-packages/pip/_vendor/packaging/__init__.py
f	644	1000	1000	497	64	35961355	1785345405.0525705000	results/experiments/toolchain-environment/20260729T171551Z-toolchain-formal01/boots/repetition-01/lower/python312/lib/python3.12/site-packages/pip/_vendor/packaging/__init__.py
f	644	1000	1000	4970	64	35959409	1785345381.8625977930	results/experiments/toolchain-environment/20260729T171551Z-toolchain-formal01/boots/repetition-01/lower/python310/lib/python3.10/site-packages/pip/_vendor/rich/padding.py
f	644	1000	1000	4970	64	35961675	1785345406.3349279590	results/experiments/toolchain-environment/20260729T171551Z-toolchain-formal01/boots/repetition-01/lower/python312/lib/python3.12/site-packages/pip/_vendor/rich/padding.py
f	644	1000	1000	4978	64	35959869	1785345386.1856768360	results/experiments/toolchain-environment/20260729T171551Z-toolchain-formal01/boots/repetition-01/lower/python310/lib/python3.10/site-packages/pip/_internal/resolution/resolvelib/__pycache__/found_candidates.cpython-310.pyc
f	644	1000	1000	498	64	35959565	1785345382.4696088900	results/experiments/toolchain-environment/20260729T171551Z-toolchain-formal01/boots/repetition-01/lower/python310/lib/python3.10/site-packages/pip/_vendor/urllib3/util/queue.py
f	644	1000	1000	498	64	35961851	1785345407.0634600130	results/experiments/toolchain-environment/20260729T171551Z-toolchain-formal01/boots/repetition-01/lower/python312/lib/python3.12/site-packages/pip/_vendor/urllib3/util/queue.py
f	644	1000	1000	4981	64	35961429	1785345405.3310614320	results/experiments/toolchain-environment/20260729T171551Z-toolchain-formal01/boots/repetition-01/lower/python312/lib/python3.12/site-packages/pip/_vendor/pygments/formatters/irc.py
f	644	1000	1000	4993	64	35961115	1785345404.1019320750	results/experiments/toolchain-environment/20260729T171551Z-toolchain-formal01/boots/repetition-01/lower/python312/lib/python3.12/site-packages/pip/_vendor/__init__.py
f	644	1000	1000	5	64	35957667	1785345366.9585676050	results/experiments/toolchain-environment/20260729T171551Z-toolchain-formal01/boots/repetition-01/lower/python310/lib/python3.10/site-packages/setuptools/_vendor/zipp-3.19.2.dist-info/top_level.txt
f	644	1000	1000	50	64	35958655	1785345378.9815451250	results/experiments/toolchain-environment/20260729T171551Z-toolchain-formal01/boots/repetition-01/lower/python310/lib/python3.10/site-packages/pip/_internal/network/__init__.py
f	644	1000	1000	50	64	35960939	1785345403.3293840850	results/experiments/toolchain-environment/20260729T171551Z-toolchain-formal01/boots/repetition-01/lower/python312/lib/python3.12/site-packages/pip/_internal/network/__init__.py
f	644	1000	1000	500	64	35962869	1785345423.2745362890	results/experiments/toolchain-environment/20260729T171551Z-toolchain-formal01/boots/repetition-01/lower/python312/lib/python3.12/site-packages/pip/_vendor/tomli/__pycache__/__init__.cpython-312.pyc
f	644	1000	1000	5010	64	35962779	1785345421.9055129140	results/experiments/toolchain-environment/20260729T171551Z-toolchain-formal01/boots/repetition-01/lower/python312/lib/python3.12/site-packages/pip/_vendor/rich/__pycache__/live_render.cpython-312.pyc
f	644	1000	1000	5014	64	35959193	1785345380.9593567130	results/experiments/toolchain-environment/20260729T171551Z-toolchain-formal01/boots/repetition-01/lower/python310/lib/python3.10/site-packages/pip/_vendor/pygments/formatters/rtf.py
f	644	1000	1000	5014	64	35961437	1785345405.3683747570	results/experiments/toolchain-environment/20260729T171551Z-toolchain-formal01/boots/repetition-01/lower/python312/lib/python3.12/site-packages/pip/_vendor/pygments/formatters/rtf.py
f	644	1000	1000	5019	64	35961917	1785345407.6547245730	results/experiments/toolchain-environment/20260729T171551Z-toolchain-formal01/boots/repetition-01/lower/python312/lib/python3.12/site-packages/pip/_internal/cli/__pycache__/main_parser.cpython-312.pyc
f	644	1000	1000	5019	64	35962389	1785345414.8002991520	results/experiments/toolchain-environment/20260729T171551Z-toolchain-formal01/boots/repetition-01/lower/python312/lib/python3.12/site-packages/pip/_vendor/colorama/tests/__pycache__/isatty_test.cpython-312.pyc
f	644	1000	1000	5032	64	35961659	1785345406.2666433540	results/experiments/toolchain-environment/20260729T171551Z-toolchain-formal01/boots/repetition-01/lower/python312/lib/python3.12/site-packages/pip/_vendor/rich/json.py
f	644	1000	1000	5033	64	35958843	1785345379.6436149120	results/experiments/toolchain-environment/20260729T171551Z-toolchain-formal01/boots/repetition-01/lower/python310/lib/python3.10/site-packages/pip/_vendor/cachecontrol/adapter.py
f	644	1000	1000	5038	64	35957747	1785345368.0636761250	results/experiments/toolchain-environment/20260729T171551Z-toolchain-formal01/boots/repetition-01/lower/python310/lib/python3.10/site-packages/setuptools/_distutils/command/__pycache__/check.cpython-310.pyc
f	644	1000	1000	5049	64	35962147	1785345411.0181127080	results/experiments/toolchain-environment/20260729T171551Z-toolchain-formal01/boots/repetition-01/lower/python312/lib/python3.12/site-packages/pip/_internal/resolution/resolvelib/__pycache__/reporter.cpython-312.pyc
f	644	1000	1000	5050	64	35957013	1785345364.1522741480	results/experiments/toolchain-environment/20260729T171551Z-toolchain-formal01/boots/repetition-01/lower/python310/lib/python3.10/site-packages/setuptools/_vendor/packaging/utils.py
f	644	1000	1000	5053	64	35959393	1785345381.7912714670	results/experiments/toolchain-environment/20260729T171551Z-toolchain-formal01/boots/repetition-01/lower/python310/lib/python3.10/site-packages/pip/_vendor/rich/json.py
f	644	1000	1000	5058	64	35959023	1785345380.3165695290	results/experiments/toolchain-environment/20260729T171551Z-toolchain-formal01/boots/repetition-01/lower/python310/lib/python3.10/site-packages/pip/_vendor/distlib/markers.py
f	644	1000	1000	5068	64	35962047	1785345409.5301039340	results/experiments/toolchain-environment/20260729T171551Z-toolchain-formal01/boots/repetition-01/lower/python312/lib/python3.12/site-packages/pip/_internal/models/__pycache__/target_python.cpython-312.pyc
f	644	1000	1000	5072	64	35959973	1785345387.6570847980	results/experiments/toolchain-environment/20260729T171551Z-toolchain-formal01/boots/repetition-01/lower/python310/lib/python3.10/site-packages/pip/_vendor/cachecontrol/caches/__pycache__/file_cache.cpython-310.pyc
f	644	1000	1000	5073	64	35959189	1785345380.9421706950	results/experiments/toolchain-environment/20260729T171551Z-toolchain-formal01/boots/repetition-01/lower/python310/lib/python3.10/site-packages/pip/_vendor/pygments/formatters/other.py
f	644	1000	1000	5073	64	35959649	1785345383.0646197690	results/experiments/toolchain-environment/20260729T171551Z-toolchain-formal01/boots/repetition-01/lower/python310/lib/python3.10/site-packages/pip/_internal/cli/__pycache__/spinners.cpython-310.pyc
f	644	1000	1000	5073	64	35961433	1785345405.3504710150	results/experiments/toolchain-environment/20260729T171551Z-toolchain-formal01/boots/repetition-01/lower/python312/lib/python3.12/site-packages/pip/_vendor/pygments/formatters/other.py
f	644	1000	1000	508	64	35957941	1785345370.7270535560	results/experiments/toolchain-environment/20260729T171551Z-toolchain-formal01/boots/repetition-01/lower/python310/lib/python3.10/site-packages/setuptools/_vendor/autocommand/__pycache__/__init__.cpython-310.pyc
f	644	1000	1000	5085	64	35962105	1785345410.4369558130	results/experiments/toolchain-environment/20260729T171551Z-toolchain-formal01/boots/repetition-01/lower/python312/lib/python3.12/site-packages/pip/_internal/__pycache__/pyproject.cpython-312.pyc
f	644	1000	1000	5086	64	35959179	1785345380.8965801320	results/experiments/toolchain-environment/20260729T171551Z-toolchain-formal01/boots/repetition-01/lower/python310/lib/python3.10/site-packages/pip/_vendor/pygments/formatters/groff.py
f	644	1000	1000	5093	64	35957869	1785345369.7893771320	results/experiments/toolchain-environment/20260729T171551Z-toolchain-formal01/boots/repetition-01/lower/python310/lib/python3.10/site-packages/setuptools/_distutils/tests/__pycache__/test_dir_util.cpython-310.pyc
f	644	1000	1000	5094	64	35961423	1785345405.3018629260	results/experiments/toolchain-environment/20260729T171551Z-toolchain-formal01/boots/repetition-01/lower/python312/lib/python3.12/site-packages/pip/_vendor/pygments/formatters/groff.py
f	644	1000	1000	51	64	35958701	1785345379.1494061810	results/experiments/toolchain-environment/20260729T171551Z-toolchain-formal01/boots/repetition-01/lower/python310/lib/python3.10/site-packages/pip/_internal/operations/install/__init__.py
f	644	1000	1000	51	64	35960983	1785345403.5369942440	results/experiments/toolchain-environment/20260729T171551Z-toolchain-formal01/boots/repetition-01/lower/python312/lib/python3.12/site-packages/pip/_internal/operations/install/__init__.py
f	644	1000	1000	5100	64	35957223	1785345365.0742127870	results/experiments/toolchain-environment/20260729T171551Z-toolchain-formal01/boots/repetition-01/lower/python310/lib/python3.10/site-packages/setuptools/command/setopt.py
f	644	1000	1000	5106	64	35959701	1785345383.9376357300	results/experiments/toolchain-environment/20260729T171551Z-toolchain-formal01/boots/repetition-01/lower/python310/lib/python3.10/site-packages/pip/_internal/distributions/__pycache__/sdist.cpython-310.pyc
f	644	1000	1000	5110	64	35956611	1785345362.5901556780	results/experiments/toolchain-environment/20260729T171551Z-toolchain-formal01/boots/repetition-01/lower/python310/lib/python3.10/site-packages/setuptools/installer.py
f	644	1000	1000	5118	64	35956721	1785345362.9711514980	results/experiments/toolchain-environment/20260729T171551Z-toolchain-formal01/boots/repetition-01/lower/python310/lib/python3.10/site-packages/setuptools/_distutils/command/build_scripts.py
f	644	1000	1000	5118	64	35958533	1785345378.5671964030	results/experiments/toolchain-environment/20260729T171551Z-toolchain-formal01/boots/repetition-01/lower/python310/lib/python3.10/site-packages/pip/_internal/cli/spinners.py
f	644	1000	1000	5118	64	35960811	1785345402.6949788360	results/experiments/toolchain-environment/20260729T171551Z-toolchain-formal01/boots/repetition-01/lower/python312/lib/python3.12/site-packages/pip/_internal/cli/spinners.py
f	644	1000	1000	5118	64	35961073	1785345403.9289506040	results/experiments/toolchain-environment/20260729T171551Z-toolchain-formal01/boots/repetition-01/lower/python312/lib/python3.12/site-packages/pip/_internal/utils/hashes.py
f	644	1000	1000	5122	64	35958675	1785345379.0515464040	results/experiments/toolchain-environment/20260729T171551Z-toolchain-formal01/boots/repetition-01/lower/python310/lib/python3.10/site-packages/pip/_internal/operations/check.py
f	644	1000	1000	5122	64	35958781	1785345379.4316896580	results/experiments/toolchain-environment/20260729T171551Z-toolchain-formal01/boots/repetition-01/lower/python310/lib/python3.10/site-packages/pip/_internal/utils/filesystem.py
f	644	1000	1000	5122	64	35961067	1785345403.9032380460	results/experiments/toolchain-environment/20260729T171551Z-toolchain-formal01/boots/repetition-01/lower/python312/lib/python3.12/site-packages/pip/_internal/utils/filesystem.py
f	644	1000	1000	5133	64	35962279	1785345412.8000381040	results/experiments/toolchain-environment/20260729T171551Z-toolchain-formal01/boots/repetition-01/lower/python312/lib/python3.12/site-packages/pip/_vendor/chardet/__pycache__/charsetprober.cpython-312.pyc
f	644	1000	1000	5137	64	35962215	1785345412.0106471710	results/experiments/toolchain-environment/20260729T171551Z-toolchain-formal01/boots/repetition-01/lower/python312/lib/python3.12/site-packages/pip/_internal/vcs/__pycache__/bazaar.cpython-312.pyc
f	644	1000	1000	5142	64	35957315	1785345365.4815715990	results/experiments/toolchain-environment/20260729T171551Z-toolchain-formal01/boots/repetition-01/lower/python310/lib/python3.10/site-packages/setuptools/tests/test_develop.py
f	644	1000	1000	5145	64	35960143	1785345390.1634753340	results/experiments/toolchain-environment/20260729T171551Z-toolchain-formal01/boots/repetition-01/lower/python310/lib/python3.10/site-packages/pip/_vendor/distlib/__pycache__/markers.cpython-310.pyc
f	644	1000	1000	515	64	35960783	1785345402.5844100190	results/experiments/toolchain-environment/20260729T171551Z-toolchain-formal01/boots/repetition-01/lower/python312/lib/python3.12/site-packages/pip/_internal/__init__.py
f	644	1000	1000	5154	64	35960707	1785345397.8744624660	results/experiments/toolchain-environment/20260729T171551Z-toolchain-formal01/boots/repetition-01/lower/python310/lib/python3.10/site-packages/pip/_vendor/webencodings/__pycache__/tests.cpython-310.pyc
f	644	1000	1000	5169	64	35961519	1785345405.6662048120	results/experiments/toolchain-environment/20260729T171551Z-toolchain-formal01/boots/repetition-01/lower/python312/lib/python3.12/site-packages/pip/_vendor/requests/__init__.py
f	644	1000	1000	51697	64	35959015	1785345380.2845689440	results/experiments/toolchain-environment/20260729T171551Z-toolchain-formal01/boots/repetition-01/lower/python310/lib/python3.10/site-packages/pip/_vendor/distlib/database.py
f	644	1000	1000	5171	64	35959947	1785345387.3524694030	results/experiments/toolchain-environment/20260729T171551Z-toolchain-formal01/boots/repetition-01/lower/python310/lib/python3.10/site-packages/pip/_internal/vcs/__pycache__/mercurial.cpython-310.pyc
f	644	1000	1000	5173	64	35961023	1785345403.7059973370	results/experiments/toolchain-environment/20260729T171551Z-toolchain-formal01/boots/repetition-01/lower/python312/lib/python3.12/site-packages/pip/_internal/resolution/resolvelib/base.py
f	644	1000	1000	51767	64	35961297	1785345404.8230276030	results/experiments/toolchain-environment/20260729T171551Z-toolchain-formal01/boots/repetition-01/lower/python312/lib/python3.12/site-packages/pip/_vendor/distlib/locators.py
f	644	1000	1000	5178	64	35959255	1785345381.1735851960	results/experiments/toolchain-environment/20260729T171551Z-toolchain-formal01/boots/repetition-01/lower/python310/lib/python3.10/site-packages/pip/_vendor/requests/__init__.py
f	644	1000	1000	51806	64	35960151	1785345390.2932199680	results/experiments/toolchain-environment/20260729T171551Z-toolchain-formal01/boots/repetition-01/lower/python310/lib/python3.10/site-packages/pip/_vendor/distlib/__pycache__/util.cpython-310.pyc
f	644	1000	1000	5187	64	35960515	1785345395.1628446880	results/experiments/toolchain-environment/20260729T171551Z-toolchain-formal01/boots/repetition-01/lower/python310/lib/python3.10/site-packages/pip/_vendor/rich/__pycache__/measure.cpython-310.pyc
f	644	1000	1000	5187	64	35962973	1785345424.6811828140	results/experiments/toolchain-environment/20260729T171551Z-toolchain-formal01/boots/repetition-01/lower/python312/lib/python3.12/site-packages/pip/_vendor/urllib3/util/__pycache__/ssl_match_hostname.cpython-312.pyc
f	644	1000	1000	5190	64	35957739	1785345367.9330939300	results/experiments/toolchain-environment/20260729T171551Z-toolchain-formal01/boots/repetition-01/lower/python310/lib/python3.10/site-packages/setuptools/_distutils/command/__pycache__/build_clib.cpython-310.pyc
f	644	1000	1000	51965	64	35961293	1785345404.8050442100	results/experiments/toolchain-environment/20260729T171551Z-toolchain-formal01/boots/repetition-01/lower/python312/lib/python3.12/site-packages/pip/_vendor/distlib/database.py
f	644	1000	1000	5197	64	35957281	1785345365.3272956120	results/experiments/toolchain-environment/20260729T171551Z-toolchain-formal01/boots/repetition-01/lower/python310/lib/python3.10/site-packages/setuptools/tests/fixtures.py
f	644	1000	1000	51976	64	35962425	1785345415.4242118410	results/experiments/toolchain-environment/20260729T171551Z-toolchain-formal01/boots/repetition-01/lower/python312/lib/python3.12/site-packages/pip/_vendor/distlib/__pycache__/wheel.cpython-312.pyc
f	644	1000	1000	51991	64	35959019	1785345380.3015692550	results/experiments/toolchain-environment/20260729T171551Z-toolchain-formal01/boots/repetition-01/lower/python310/lib/python3.10/site-packages/pip/_vendor/distlib/locators.py
f	644	1000	1000	5202	64	35962043	1785345409.4588504000	results/experiments/toolchain-environment/20260729T171551Z-toolchain-formal01/boots/repetition-01/lower/python312/lib/python3.12/site-packages/pip/_internal/models/__pycache__/search_scope.cpython-312.pyc
f	644	1000	1000	5205	64	35956697	1785345362.8765065950	results/experiments/toolchain-environment/20260729T171551Z-toolchain-formal01/boots/repetition-01/lower/python310/lib/python3.10/site-packages/setuptools/_distutils/versionpredicate.py
f	644	1000	1000	5208	64	35960441	1785345394.1158424780	results/experiments/toolchain-environment/20260729T171551Z-toolchain-formal01/boots/repetition-01/lower/python310/lib/python3.10/site-packages/pip/_vendor/rich/__pycache__/_palettes.cpython-310.pyc
f	644	1000	1000	5210	64	35959895	1785345386.5626837290	results/experiments/toolchain-environment/20260729T171551Z-toolchain-formal01/boots/repetition-01/lower/python310/lib/python3.10/site-packages/pip/_internal/utils/__pycache__/deprecation.cpython-310.pyc
f	644	1000	1000	522	64	35956745	1785345363.0703039690	results/experiments/toolchain-environment/20260729T171551Z-toolchain-formal01/boots/repetition-01/lower/python310/lib/python3.10/site-packages/setuptools/_distutils/compat/__init__.py
f	644	1000	1000	5220	64	35958739	1785345379.2725504440	results/experiments/toolchain-environment/20260729T171551Z-toolchain-formal01/boots/repetition-01/lower/python310/lib/python3.10/site-packages/pip/_internal/resolution/resolvelib/base.py
f	644	1000	1000	5238	64	35957839	1785345369.3652310120	results/experiments/toolchain-environment/20260729T171551Z-toolchain-formal01/boots/repetition-01/lower/python310/lib/python3.10/site-packages/setuptools/_distutils/tests/__pycache__/support.cpython-310.pyc
f	644	1000	1000	5238	64	35958821	1785345379.5761926150	results/experiments/toolchain-environment/20260729T171551Z-toolchain-formal01/boots/repetition-01/lower/python310/lib/python3.10/site-packages/pip/_internal/vcs/mercurial.py
f	644	1000	1000	524	64	35956657	1785345362.7322482090	results/experiments/toolchain-environment/20260729T171551Z-toolchain-formal01/boots/repetition-01/lower/python310/lib/python3.10/site-packages/setuptools/_distutils/ccompiler.py
f	644	1000	1000	5249	64	35961105	1785345404.0675863770	results/experiments/toolchain-environment/20260729T171551Z-toolchain-formal01/boots/repetition-01/lower/python312/lib/python3.12/site-packages/pip/_internal/vcs/mercurial.py
f	644	1000	1000	5252	64	35958315	1785345376.3483064290	results/experiments/toolchain-environment/20260729T171551Z-toolchain-formal01/boots/repetition-01/lower/python310/lib/python3.10/site-packages/setuptools/__pycache__/glob.cpython-310.pyc
f	644	1000	1000	5257	64	35957793	1785345368.7851863090	results/experiments/toolchain-environment/20260729T171551Z-toolchain-formal01/boots/repetition-01/lower/python310/lib/python3.10/site-packages/setuptools/_distutils/compilers/C/tests/__pycache__/test_msvc.cpython-310.pyc
f	644	1000	1000	5268	64	35957159	1785345364.8202863500	results/experiments/toolchain-environment/20260729T171551Z-toolchain-formal01/boots/repetition-01/lower/python310/lib/python3.10/site-packages/setuptools/_vendor/wheel/vendored/packaging/utils.py
f	644	1000	1000	5268	64	35960445	1785345394.1724979580	results/experiments/toolchain-environment/20260729T171551Z-toolchain-formal01/boots/repetition-01/lower/python310/lib/python3.10/site-packages/pip/_vendor/rich/__pycache__/_ratio.cpython-310.pyc
f	644	1000	1000	5268	64	35961301	1785345404.8409260570	results/experiments/toolchain-environment/20260729T171551Z-toolchain-formal01/boots/repetition-01/lower/python312/lib/python3.12/site-packages/pip/_vendor/distlib/markers.py
f	644	1000	1000	5270	64	35957087	1785345364.4732057070	results/experiments/toolchain-environment/20260729T171551Z-toolchain-formal01/boots/repetition-01/lower/python310/lib/python3.10/site-packages/setuptools/_vendor/typeguard/_utils.py
f	644	1000	1000	5271	64	35958863	1785345379.7135585060	results/experiments/toolchain-environment/20260729T171551Z-toolchain-formal01/boots/repetition-01/lower/python310/lib/python3.10/site-packages/pip/_vendor/cachecontrol/caches/file_cache.py
f	644	1000	1000	5273	64	35956999	1785345364.0882707520	results/experiments/toolchain-environment/20260729T171551Z-toolchain-formal01/boots/repetition-01/lower/python310/lib/python3.10/site-packages/setuptools/_vendor/packaging/_tokenizer.py
f	644	1000	1000	5276	64	35962711	1785345420.7123086760	results/experiments/toolchain-environment/20260729T171551Z-toolchain-formal01/boots/repetition-01/lower/python312/lib/python3.12/site-packages/pip/_vendor/rich/__pycache__/_palettes.cpython-312.pyc
f	644	1000	1000	5278	64	35960127	1785345389.9519721140	results/experiments/toolchain-environment/20260729T171551Z-toolchain-formal01/boots/repetition-01/lower/python310/lib/python3.10/site-packages/pip/_vendor/colorama/__pycache__/winterm.cpython-310.pyc
f	644	1000	1000	5289	64	35958551	1785345378.6295049160	results/experiments/toolchain-environment/20260729T171551Z-toolchain-formal01/boots/repetition-01/lower/python310/lib/python3.10/site-packages/pip/_internal/commands/download.py
f	644	1000	1000	5292	64	35957149	1785345364.7480141530	results/experiments/toolchain-environment/20260729T171551Z-toolchain-formal01/boots/repetition-01/lower/python310/lib/python3.10/site-packages/setuptools/_vendor/wheel/vendored/packaging/_tokenizer.py
f	644	1000	1000	5301	64	35957937	1785345370.6813782990	results/experiments/toolchain-environment/20260729T171551Z-toolchain-formal01/boots/repetition-01/lower/python310/lib/python3.10/site-packages/setuptools/__pycache__/_static.cpython-310.pyc
f	644	1000	1000	5305	64	35959407	1785345381.8545976460	results/experiments/toolchain-environment/20260729T171551Z-toolchain-formal01/boots/repetition-01/lower/python310/lib/python3.10/site-packages/pip/_vendor/rich/measure.py
f	644	1000	1000	5305	64	35961673	1785345406.3258914550	results/experiments/toolchain-environment/20260729T171551Z-toolchain-formal01/boots/repetition-01/lower/python312/lib/python3.12/site-packages/pip/_vendor/rich/measure.py
f	644	1000	1000	5306	64	35961937	1785345407.9460722640	results/experiments/toolchain-environment/20260729T171551Z-toolchain-formal01/boots/repetition-01/lower/python312/lib/python3.12/site-packages/pip/_internal/commands/__pycache__/completion.cpython-312.pyc
f	644	1000	1000	531	64	35958275	1785345375.7453682090	results/experiments/toolchain-environment/20260729T171551Z-toolchain-formal01/boots/repetition-01/lower/python310/lib/python3.10/site-packages/setuptools/compat/__pycache__/py312.cpython-310.pyc
f	644	1000	1000	5313	64	35960231	1785345391.3209083840	results/experiments/toolchain-environment/20260729T171551Z-toolchain-formal01/boots/repetition-01/lower/python310/lib/python3.10/site-packages/pip/_vendor/platformdirs/__pycache__/api.cpython-310.pyc
f	644	1000	1000	5316	64	35958131	1785345373.7571563170	results/experiments/toolchain-environment/20260729T171551Z-toolchain-formal01/boots/repetition-01/lower/python310/lib/python3.10/site-packages/setuptools/_vendor/typeguard/__pycache__/_utils.cpython-310.pyc
f	644	1000	1000	5325	64	35962773	1785345421.7911340490	results/experiments/toolchain-environment/20260729T171551Z-toolchain-formal01/boots/repetition-01/lower/python312/lib/python3.12/site-packages/pip/_vendor/rich/__pycache__/jupyter.cpython-312.pyc
f	644	1000	1000	5332	64	35959913	1785345386.8406005920	results/experiments/toolchain-environment/20260729T171551Z-toolchain-formal01/boots/repetition-01/lower/python310/lib/python3.10/site-packages/pip/_internal/utils/__pycache__/hashes.cpython-310.pyc
f	644	1000	1000	5335	64	35960829	1785345402.7829804460	results/experiments/toolchain-environment/20260729T171551Z-toolchain-formal01/boots/repetition-01/lower/python312/lib/python3.12/site-packages/pip/_internal/commands/download.py
f	644	1000	1000	53376	64	35959207	1785345381.0075821620	results/experiments/toolchain-environment/20260729T171551Z-toolchain-formal01/boots/repetition-01/lower/python310/lib/python3.10/site-packages/pip/_vendor/pygments/lexers/python.py
f	644	1000	1000	53424	64	35961453	1785345405.4362935920	results/experiments/toolchain-environment/20260729T171551Z-toolchain-formal01/boots/repetition-01/lower/python312/lib/python3.12/site-packages/pip/_vendor/pygments/lexers/python.py
f	644	1000	1000	5343	64	35961833	1785345406.9786586960	results/experiments/toolchain-environment/20260729T171551Z-toolchain-formal01/boots/repetition-01/lower/python312/lib/python3.12/site-packages/pip/_vendor/urllib3/packages/backports/weakref_finalize.py
f	644	1000	1000	5347	64	35960703	1785345397.8096732860	results/experiments/toolchain-environment/20260729T171551Z-toolchain-formal01/boots/repetition-01/lower/python310/lib/python3.10/site-packages/pip/_vendor/webencodings/__pycache__/labels.cpython-310.pyc
f	644	1000	1000	5352	64	35961131	1785345404.1536933500	results/experiments/toolchain-environment/20260729T171551Z-toolchain-formal01/boots/repetition-01/lower/python312/lib/python3.12/site-packages/pip/_vendor/cachecontrol/caches/file_cache.py
f	644	1000	1000	53534	64	35957323	1785345365.5182991010	results/experiments/toolchain-environment/20260729T171551Z-toolchain-formal01/boots/repetition-01/lower/python310/lib/python3.10/site-packages/setuptools/tests/test_easy_install.py
f	644	1000	1000	536	64	35962675	1785345420.0376841470	results/experiments/toolchain-environment/20260729T171551Z-toolchain-formal01/boots/repetition-01/lower/python312/lib/python3.12/site-packages/pip/_vendor/resolvelib/compat/__pycache__/collections_abc.cpython-312.pyc
f	644	1000	1000	537	64	35959293	1785345381.3382895620	results/experiments/toolchain-environment/20260729T171551Z-toolchain-formal01/boots/repetition-01/lower/python310/lib/python3.10/site-packages/pip/_vendor/resolvelib/__init__.py
f	644	1000	1000	537	64	35961557	1785345405.8212648190	results/experiments/toolchain-environment/20260729T171551Z-toolchain-formal01/boots/repetition-01/lower/python312/lib/python3.12/site-packages/pip/_vendor/resolvelib/__init__.py
f	644	1000	1000	5377	64	35958765	1785345379.3715522540	results/experiments/toolchain-environment/20260729T171551Z-toolchain-formal01/boots/repetition-01/lower/python310/lib/python3.10/site-packages/pip/_internal/utils/compatibility_tags.py
f	644	1000	1000	5377	64	35961053	1785345403.8406431620	results/experiments/toolchain-environment/20260729T171551Z-toolchain-formal01/boots/repetition-01/lower/python312/lib/python3.12/site-packages/pip/_internal/utils/compatibility_tags.py
f	644	1000	1000	538	64	35957951	1785345370.8822885790	results/experiments/toolchain-environment/20260729T171551Z-toolchain-formal01/boots/repetition-01/lower/python310/lib/python3.10/site-packages/setuptools/_vendor/autocommand/__pycache__/errors.cpython-310.pyc
f	644	1000	1000	5380	64	35958941	1785345380.0235641730	results/experiments/toolchain-environment/20260729T171551Z-toolchain-formal01/boots/repetition-01/lower/python310/lib/python3.10/site-packages/pip/_vendor/chardet/latin1prober.py
f	644	1000	1000	5380	64	35961225	1785345404.5509725030	results/experiments/toolchain-environment/20260729T171551Z-toolchain-formal01/boots/repetition-01/lower/python312/lib/python3.12/site-packages/pip/_vendor/chardet/latin1prober.py
f	644	1000	1000	53869	64	35962433	1785345415.5202135980	results/experiments/toolchain-environment/20260729T171551Z-toolchain-formal01/boots/repetition-01/lower/python312/lib/python3.12/site-packages/pip/_vendor/distro/__pycache__/distro.cpython-312.pyc
f	644	1000	1000	5403	64	35959583	1785345382.5486103350	results/experiments/toolchain-environment/20260729T171551Z-toolchain-formal01/boots/repetition-01/lower/python310/lib/python3.10/site-packages/pip/_vendor/urllib3/util/wait.py
f	644	1000	1000	5403	64	35961869	1785345407.1620605890	results/experiments/toolchain-environment/20260729T171551Z-toolchain-formal01/boots/repetition-01/lower/python312/lib/python3.12/site-packages/pip/_vendor/urllib3/util/wait.py
f	644	1000	1000	54139	64	35960527	1785345395.3381737600	results/experiments/toolchain-environment/20260729T171551Z-toolchain-formal01/boots/repetition-01/lower/python310/lib/python3.10/site-packages/pip/_vendor/rich/__pycache__/progress.cpython-310.pyc
f	644	1000	1000	5416	64	35957917	1785345370.4443573860	results/experiments/toolchain-environment/20260729T171551Z-toolchain-formal01/boots/repetition-01/lower/python310/lib/python3.10/site-packages/setuptools/_distutils/__pycache__/versionpredicate.cpython-310.pyc
f	644	1000	1000	5416	64	35959631	1785345382.8143445120	results/experiments/toolchain-environment/20260729T171551Z-toolchain-formal01/boots/repetition-01/lower/python310/lib/python3.10/site-packages/pip/_internal/cli/__pycache__/autocompletion.cpython-310.pyc
f	644	1000	1000	542	64	35958893	1785345379.8205604620	results/experiments/toolchain-environment/20260729T171551Z-toolchain-formal01/boots/repetition-01/lower/python310/lib/python3.10/site-packages/pip/_vendor/chardet/codingstatemachinedict.py
f	644	1000	1000	542	64	35961177	1785345404.3325384200	results/experiments/toolchain-environment/20260729T171551Z-toolchain-formal01/boots/repetition-01/lower/python312/lib/python3.12/site-packages/pip/_vendor/chardet/codingstatemachinedict.py
f	644	1000	1000	5420	64	35958889	1785345379.8055601870	results/experiments/toolchain-environment/20260729T171551Z-toolchain-formal01/boots/repetition-01/lower/python310/lib/python3.10/site-packages/pip/_vendor/chardet/charsetprober.py
f	644	1000	1000	5420	64	35961167	1785345404.2962144690	results/experiments/toolchain-environment/20260729T171551Z-toolchain-formal01/boots/repetition-01/lower/python312/lib/python3.12/site-packages/pip/_vendor/chardet/charsetprober.py
f	644	1000	1000	5424	64	35961417	1785345405.2748446850	results/experiments/toolchain-environment/20260729T171551Z-toolchain-formal01/boots/repetition-01/lower/python312/lib/python3.12/site-packages/pip/_vendor/pygments/formatters/__init__.py
f	644	1000	1000	543	64	35958463	1785345378.2142571780	results/experiments/toolchain-environment/20260729T171551Z-toolchain-formal01/boots/repetition-01/lower/python310/lib/python3.10/site-packages/setuptools/tests/__pycache__/text.cpython-310.pyc
f	644	1000	1000	5430	64	35962791	1785345422.1110957790	results/experiments/toolchain-environment/20260729T171551Z-toolchain-formal01/boots/repetition-01/lower/python312/lib/python3.12/site-packages/pip/_vendor/rich/__pycache__/palette.cpython-312.pyc
f	644	1000	1000	5432	64	35958231	1785345375.0754737300	results/experiments/toolchain-environment/20260729T171551Z-toolchain-formal01/boots/repetition-01/lower/python310/lib/python3.10/site-packages/setuptools/command/__pycache__/build.cpython-310.pyc
f	644	1000	1000	5455	64	35958751	1785345379.3256909620	results/experiments/toolchain-environment/20260729T171551Z-toolchain-formal01/boots/repetition-01/lower/python310/lib/python3.10/site-packages/pip/_internal/resolution/resolvelib/requirements.py
f	644	1000	1000	546	64	35959249	1785345381.1535848310	results/experiments/toolchain-environment/20260729T171551Z-toolchain-formal01/boots/repetition-01/lower/python310/lib/python3.10/site-packages/pip/_vendor/pyproject_hooks/_in_process/__init__.py
f	644	1000	1000	546	64	35961513	1785345405.6488294270	results/experiments/toolchain-environment/20260729T171551Z-toolchain-formal01/boots/repetition-01/lower/python312/lib/python3.12/site-packages/pip/_vendor/pyproject_hooks/_in_process/__init__.py
f	644	1000	1000	5472	64	35959337	1785345381.5266375390	results/experiments/toolchain-environment/20260729T171551Z-toolchain-formal01/boots/repetition-01/lower/python310/lib/python3.10/site-packages/pip/_vendor/rich/_ratio.py
f	644	1000	1000	5472	64	35961603	1785345406.0109660180	results/experiments/toolchain-environment/20260729T171551Z-toolchain-formal01/boots/repetition-01/lower/python312/lib/python3.12/site-packages/pip/_vendor/rich/_ratio.py
f	644	1000	1000	5473	64	35959683	1785345383.6236299890	results/experiments/toolchain-environment/20260729T171551Z-toolchain-formal01/boots/repetition-01/lower/python310/lib/python3.10/site-packages/pip/_internal/commands/__pycache__/search.cpython-310.pyc
f	644	1000	1000	54876	64	35956755	1785345363.1022986580	results/experiments/toolchain-environment/20260729T171551Z-toolchain-formal01/boots/repetition-01/lower/python310/lib/python3.10/site-packages/setuptools/_distutils/compilers/C/base.py
f	644	1000	1000	5497	64	35959375	1785345381.7044614460	results/experiments/toolchain-environment/20260729T171551Z-toolchain-formal01/boots/repetition-01/lower/python310/lib/python3.10/site-packages/pip/_vendor/rich/containers.py
f	644	1000	1000	5497	64	35961641	1785345406.1895785140	results/experiments/toolchain-environment/20260729T171551Z-toolchain-formal01/boots/repetition-01/lower/python312/lib/python3.12/site-packages/pip/_vendor/rich/containers.py
f	644	1000	1000	550	64	35962243	1785345412.3285420980	results/experiments/toolchain-environment/20260729T171551Z-toolchain-formal01/boots/repetition-01/lower/python312/lib/python3.12/site-packages/pip/_vendor/cachecontrol/caches/__pycache__/__init__.cpython-312.pyc
f	644	1000	1000	551	64	35960097	1785345389.5648691400	results/experiments/toolchain-environment/20260729T171551Z-toolchain-formal01/boots/repetition-01/lower/python310/lib/python3.10/site-packages/pip/_vendor/chardet/__pycache__/version.cpython-310.pyc
f	644	1000	1000	5516	64	35959689	1785345383.7416321470	results/experiments/toolchain-environment/20260729T171551Z-toolchain-formal01/boots/repetition-01/lower/python310/lib/python3.10/site-packages/pip/_internal/commands/__pycache__/wheel.cpython-310.pyc
f	644	1000	1000	554	64	35958209	1785345374.8273333680	results/experiments/toolchain-environment/20260729T171551Z-toolchain-formal01/boots/repetition-01/lower/python310/lib/python3.10/site-packages/setuptools/_vendor/zipp/compat/__pycache__/py310.cpython-310.pyc
f	644	1000	1000	5569	64	35962631	1785345419.1955940090	results/experiments/toolchain-environment/20260729T171551Z-toolchain-formal01/boots/repetition-01/lower/python312/lib/python3.12/site-packages/pip/_vendor/requests/__pycache__/__init__.cpython-312.pyc
f	644	1000	1000	557	64	35958323	1785345376.4576673330	results/experiments/toolchain-environment/20260729T171551Z-toolchain-formal01/boots/repetition-01/lower/python310/lib/python3.10/site-packages/setuptools/__pycache__/modified.cpython-310.pyc
f	644	1000	1000	557	64	35960197	1785345390.8900457630	results/experiments/toolchain-environment/20260729T171551Z-toolchain-formal01/boots/repetition-01/lower/python310/lib/python3.10/site-packages/pip/_vendor/packaging/__pycache__/__init__.cpython-310.pyc
f	644	1000	1000	5573	64	35958249	1785345375.3704791220	results/experiments/toolchain-environment/20260729T171551Z-toolchain-formal01/boots/repetition-01/lower/python310/lib/python3.10/site-packages/setuptools/command/__pycache__/install.cpython-310.pyc
f	644	1000	1000	55794	64	35956671	1785345362.7812491050	results/experiments/toolchain-environment/20260729T171551Z-toolchain-formal01/boots/repetition-01/lower/python310/lib/python3.10/site-packages/setuptools/_distutils/dist.py
f	644	1000	1000	5580	64	35957033	1785345364.2265729840	results/experiments/toolchain-environment/20260729T171551Z-toolchain-formal01/boots/repetition-01/lower/python310/lib/python3.10/site-packages/setuptools/_vendor/platformdirs/macos.py
f	644	1000	1000	5582	64	35962383	1785345414.6665408920	results/experiments/toolchain-environment/20260729T171551Z-toolchain-formal01/boots/repetition-01/lower/python312/lib/python3.12/site-packages/pip/_vendor/colorama/tests/__pycache__/ansi_test.cpython-312.pyc
f	644	1000	1000	559	64	35958219	1785345374.9285795740	results/experiments/toolchain-environment/20260729T171551Z-toolchain-formal01/boots/repetition-01/lower/python310/lib/python3.10/site-packages/setuptools/command/__pycache__/__init__.cpython-310.pyc
f	644	1000	1000	5590	64	35958305	1785345376.2134007220	results/experiments/toolchain-environment/20260729T171551Z-toolchain-formal01/boots/repetition-01/lower/python310/lib/python3.10/site-packages/setuptools/__pycache__/depends.cpython-310.pyc
f	644	1000	1000	562	64	35959113	1785345380.6585052920	results/experiments/toolchain-environment/20260729T171551Z-toolchain-formal01/boots/repetition-01/lower/python310/lib/python3.10/site-packages/pip/_vendor/pkg_resources/py31compat.py
f	644	1000	1000	5641	64	35959783	1785345385.0076552950	results/experiments/toolchain-environment/20260729T171551Z-toolchain-formal01/boots/repetition-01/lower/python310/lib/python3.10/site-packages/pip/_internal/network/__pycache__/download.cpython-310.pyc
f	644	1000	1000	565	64	35959993	1785345387.9375803140	results/experiments/toolchain-environment/20260729T171551Z-toolchain-formal01/boots/repetition-01/lower/python310/lib/python3.10/site-packages/pip/_vendor/certifi/__pycache__/__main__.cpython-310.pyc
f	644	1000	1000	5662	64	35958799	1785345379.4996159120	results/experiments/toolchain-environment/20260729T171551Z-toolchain-formal01/boots/repetition-01/lower/python310/lib/python3.10/site-packages/pip/_internal/utils/setuptools_build.py
f	644	1000	1000	5666	64	35957761	1785345368.2801132840	results/experiments/toolchain-environment/20260729T171551Z-toolchain-formal01/boots/repetition-01/lower/python310/lib/python3.10/site-packages/setuptools/_distutils/command/__pycache__/install_lib.cpython-310.pyc
f	644	1000	1000	5672	64	35962167	1785345411.3069050430	results/experiments/toolchain-environment/20260729T171551Z-toolchain-formal01/boots/repetition-01/lower/python312/lib/python3.12/site-packages/pip/_internal/utils/__pycache__/compatibility_tags.cpython-312.pyc
f	644	1000	1000	568	64	35956617	1785345362.6086287360	results/experiments/toolchain-environment/20260729T171551Z-toolchain-formal01/boots/repetition-01/lower/python310/lib/python3.10/site-packages/setuptools/modified.py
f	644	1000	1000	568	64	35956891	1785345363.6636253790	results/experiments/toolchain-environment/20260729T171551Z-toolchain-formal01/boots/repetition-01/lower/python310/lib/python3.10/site-packages/setuptools/_vendor/backports/tarfile/compat/py38.py
f	644	1000	1000	568	64	35957713	1785345367.5483462630	results/experiments/toolchain-environment/20260729T171551Z-toolchain-formal01/boots/repetition-01/lower/python310/lib/python3.10/site-packages/setuptools/_distutils/__pycache__/_macos_compat.cpython-310.pyc
f	644	1000	1000	5680	64	35956867	1785345363.5760897170	results/experiments/toolchain-environment/20260729T171551Z-toolchain-formal01/boots/repetition-01/lower/python310/lib/python3.10/site-packages/setuptools/_vendor/autocommand/autoasync.py
f	644	1000	1000	5684	64	35962861	1785345423.1903540610	results/experiments/toolchain-environment/20260729T171551Z-toolchain-formal01/boots/repetition-01/lower/python312/lib/python3.12/site-packages/pip/_vendor/tenacity/__pycache__/stop.cpython-312.pyc
f	644	1000	1000	5694	64	35957929	1785345370.5822113260	results/experiments/toolchain-environment/20260729T171551Z-toolchain-formal01/boots/repetition-01/lower/python310/lib/python3.10/site-packages/setuptools/__pycache__/_normalization.cpython-310.pyc
f	644	1000	1000	5696	64	35961035	1785345403.7696016330	results/experiments/toolchain-environment/20260729T171551Z-toolchain-formal01/boots/repetition-01/lower/python312/lib/python3.12/site-packages/pip/_internal/resolution/resolvelib/requirements.py
f	644	1000	1000	5697	64	35958567	1785345378.6913830550	results/experiments/toolchain-environment/20260729T171551Z-toolchain-formal01/boots/repetition-01/lower/python310/lib/python3.10/site-packages/pip/_internal/commands/search.py
f	644	1000	1000	5697	64	35960845	1785345402.8802648800	results/experiments/toolchain-environment/20260729T171551Z-toolchain-formal01/boots/repetition-01/lower/python312/lib/python3.12/site-packages/pip/_internal/commands/search.py
f	644	1000	1000	5705	64	35958745	1785345379.2995509380	results/experiments/toolchain-environment/20260729T171551Z-toolchain-formal01/boots/repetition-01/lower/python310/lib/python3.10/site-packages/pip/_internal/resolution/resolvelib/found_candidates.py
f	644	1000	1000	5705	64	35961029	1785345403.7386428260	results/experiments/toolchain-environment/20260729T171551Z-toolchain-formal01/boots/repetition-01/lower/python312/lib/python3.12/site-packages/pip/_internal/resolution/resolvelib/found_candidates.py
f	644	1000	1000	571	64	35957633	1785345366.8086734280	results/experiments/toolchain-environment/20260729T171551Z-toolchain-formal01/boots/repetition-01/lower/python310/lib/python3.10/site-packages/setuptools/_vendor/typing_extensions-4.12.2.dist-info/RECORD
f	644	1000	1000	5712	64	35960643	1785345396.9779008140	results/experiments/toolchain-environment/20260729T171551Z-toolchain-formal01/boots/repetition-01/lower/python310/lib/python3.10/site-packages/pip/_vendor/urllib3/contrib/__pycache__/socks.cpython-310.pyc
f	644	1000	1000	5715	64	35957019	1785345364.1720208910	results/experiments/toolchain-environment/20260729T171551Z-toolchain-formal01/boots/repetition-01/lower/python310/lib/python3.10/site-packages/setuptools/_vendor/packaging/licenses/__init__.py
f	644	1000	1000	5719	64	35957855	1785345369.5881099400	results/experiments/toolchain-environment/20260729T171551Z-toolchain-formal01/boots/repetition-01/lower/python310/lib/python3.10/site-packages/setuptools/_distutils/tests/__pycache__/test_build_py.cpython-310.pyc
f	644	1000	1000	573	64	35956759	1785345363.1231794620	results/experiments/toolchain-environment/20260729T171551Z-toolchain-formal01/boots/repetition-01/lower/python310/lib/python3.10/site-packages/setuptools/_distutils/compilers/C/errors.py
f	644	1000	1000	573	64	35958493	1785345378.4281567800	results/experiments/toolchain-environment/20260729T171551Z-toolchain-formal01/boots/repetition-01/lower/python310/lib/python3.10/site-packages/pip/_internal/__init__.py
f	644	1000	1000	5733	64	35962663	1785345419.8670289580	results/experiments/toolchain-environment/20260729T171551Z-toolchain-formal01/boots/repetition-01/lower/python312/lib/python3.12/site-packages/pip/_vendor/requests/__pycache__/structures.cpython-312.pyc
f	644	1000	1000	5734	64	35962741	1785345421.2564732250	results/experiments/toolchain-environment/20260729T171551Z-toolchain-formal01/boots/repetition-01/lower/python312/lib/python3.12/site-packages/pip/_vendor/rich/__pycache__/cells.cpython-312.pyc
f	644	1000	1000	5737	64	35960667	1785345397.2775939490	results/experiments/toolchain-environment/20260729T171551Z-toolchain-formal01/boots/repetition-01/lower/python310/lib/python3.10/site-packages/pip/_vendor/urllib3/__pycache__/request.cpython-310.pyc
f	644	1000	1000	575	64	35959267	1785345381.2265442860	results/experiments/toolchain-environment/20260729T171551Z-toolchain-formal01/boots/repetition-01/lower/python310/lib/python3.10/site-packages/pip/_vendor/requests/certs.py
f	644	1000	1000	575	64	35961531	1785345405.7171796980	results/experiments/toolchain-environment/20260729T171551Z-toolchain-formal01/boots/repetition-01/lower/python312/lib/python3.12/site-packages/pip/_vendor/requests/certs.py
f	644	1000	1000	5752	64	35962501	1785345416.6432341620	results/experiments/toolchain-environment/20260729T171551Z-toolchain-formal01/boots/repetition-01/lower/python312/lib/python3.12/site-packages/pip/_vendor/platformdirs/__pycache__/macos.cpython-312.pyc
f	644	1000	1000	5758	64	35959575	1785345382.5136096950	results/experiments/toolchain-environment/20260729T171551Z-toolchain-formal01/boots/repetition-01/lower/python310/lib/python3.10/site-packages/pip/_vendor/urllib3/util/ssl_match_hostname.py
f	644	1000	1000	5758	64	35961861	1785345407.1155465440	results/experiments/toolchain-environment/20260729T171551Z-toolchain-formal01/boots/repetition-01/lower/python312/lib/python3.12/site-packages/pip/_vendor/urllib3/util/ssl_match_hostname.py
f	644	1000	1000	5764	64	35958769	1785345379.3865525280	results/experiments/toolchain-environment/20260729T171551Z-toolchain-formal01/boots/repetition-01/lower/python310/lib/python3.10/site-packages/pip/_internal/utils/deprecation.py
f	644	1000	1000	5765	64	35958417	1785345377.5985953230	results/experiments/toolchain-environment/20260729T171551Z-toolchain-formal01/boots/repetition-01/lower/python310/lib/python3.10/site-packages/setuptools/tests/__pycache__/test_distutils_adoption.cpython-310.pyc
f	644	1000	1000	58	64	35956699	1785345362.8838747020	results/experiments/toolchain-environment/20260729T171551Z-toolchain-formal01/boots/repetition-01/lower/python310/lib/python3.10/site-packages/setuptools/_distutils/zosccompiler.py
f	644	1000	1000	581	64	35959011	1785345380.2682826630	results/experiments/toolchain-environment/20260729T171551Z-toolchain-formal01/boots/repetition-01/lower/python310/lib/python3.10/site-packages/pip/_vendor/distlib/__init__.py
f	644	1000	1000	581	64	35962467	1785345416.0742237420	results/experiments/toolchain-environment/20260729T171551Z-toolchain-formal01/boots/repetition-01/lower/python312/lib/python3.12/site-packages/pip/_vendor/packaging/__pycache__/__init__.cpython-312.pyc
f	644	1000	1000	5824	64	35956569	1785345362.4575276490	results/experiments/toolchain-environment/20260729T171551Z-toolchain-formal01/boots/repetition-01/lower/python310/lib/python3.10/site-packages/setuptools/_normalization.py
f	644	1000	1000	583	64	35958727	1785345379.2375498040	results/experiments/toolchain-environment/20260729T171551Z-toolchain-formal01/boots/repetition-01/lower/python310/lib/python3.10/site-packages/pip/_internal/resolution/base.py
f	644	1000	1000	583	64	35961011	1785345403.6618818490	results/experiments/toolchain-environment/20260729T171551Z-toolchain-formal01/boots/repetition-01/lower/python312/lib/python3.12/site-packages/pip/_internal/resolution/base.py
f	644	1000	1000	5835	64	35962921	1785345423.9466366220	results/experiments/toolchain-environment/20260729T171551Z-toolchain-formal01/boots/repetition-01/lower/python312/lib/python3.12/site-packages/pip/_vendor/urllib3/contrib/__pycache__/ntlmpool.cpython-312.pyc
f	644	1000	1000	5839	64	35958411	1785345377.5182966780	results/experiments/toolchain-environment/20260729T171551Z-toolchain-formal01/boots/repetition-01/lower/python310/lib/python3.10/site-packages/setuptools/tests/__pycache__/test_develop.cpython-310.pyc
f	644	1000	1000	5852	64	35960381	1785345393.3335163610	results/experiments/toolchain-environment/20260729T171551Z-toolchain-formal01/boots/repetition-01/lower/python310/lib/python3.10/site-packages/pip/_vendor/requests/__pycache__/exceptions.cpython-310.pyc
f	644	1000	1000	5854	64	35956707	1785345362.9092793520	results/experiments/toolchain-environment/20260729T171551Z-toolchain-formal01/boots/repetition-01/lower/python310/lib/python3.10/site-packages/setuptools/_distutils/command/bdist.py
f	644	1000	1000	5871	64	35959185	1785345380.9245806440	results/experiments/toolchain-environment/20260729T171551Z-toolchain-formal01/boots/repetition-01/lower/python310/lib/python3.10/site-packages/pip/_vendor/pygments/formatters/irc.py
f	644	1000	1000	5871	64	35961565	1785345405.8516134670	results/experiments/toolchain-environment/20260729T171551Z-toolchain-formal01/boots/repetition-01/lower/python312/lib/python3.12/site-packages/pip/_vendor/resolvelib/providers.py
f	644	1000	1000	5872	64	35959295	1785345381.3476755580	results/experiments/toolchain-environment/20260729T171551Z-toolchain-formal01/boots/repetition-01/lower/python310/lib/python3.10/site-packages/pip/_vendor/resolvelib/providers.py
f	644	1000	1000	5881	64	35959927	1785345387.0606928360	results/experiments/toolchain-environment/20260729T171551Z-toolchain-formal01/boots/repetition-01/lower/python310/lib/python3.10/site-packages/pip/_internal/utils/__pycache__/subprocess.cpython-310.pyc
f	644	1000	1000	589	64	35960101	1785345389.5927419530	results/experiments/toolchain-environment/20260729T171551Z-toolchain-formal01/boots/repetition-01/lower/python310/lib/python3.10/site-packages/pip/_vendor/colorama/__pycache__/__init__.cpython-310.pyc
f	644	1000	1000	5894	64	35962049	1785345409.5701046660	results/experiments/toolchain-environment/20260729T171551Z-toolchain-formal01/boots/repetition-01/lower/python312/lib/python3.12/site-packages/pip/_internal/models/__pycache__/wheel.cpython-312.pyc
f	644	1000	1000	58994	64	35960295	1785345392.1817864950	results/experiments/toolchain-environment/20260729T171551Z-toolchain-formal01/boots/repetition-01/lower/python310/lib/python3.10/site-packages/pip/_vendor/pygments/lexers/__pycache__/_mapping.cpython-310.pyc
f	644	1000	1000	59	64	35956885	1785345363.6429545720	results/experiments/toolchain-environment/20260729T171551Z-toolchain-formal01/boots/repetition-01/lower/python310/lib/python3.10/site-packages/setuptools/_vendor/backports/tarfile/__main__.py
f	644	1000	1000	59	64	35957093	1785345364.4884295930	results/experiments/toolchain-environment/20260729T171551Z-toolchain-formal01/boots/repetition-01/lower/python310/lib/python3.10/site-packages/setuptools/_vendor/wheel/__init__.py
f	644	1000	1000	59079	64	35962831	1785345422.7803465520	results/experiments/toolchain-environment/20260729T171551Z-toolchain-formal01/boots/repetition-01/lower/python312/lib/python3.12/site-packages/pip/_vendor/rich/__pycache__/text.cpython-312.pyc
f	644	1000	1000	5923	64	35956713	1785345362.9352519170	results/experiments/toolchain-environment/20260729T171551Z-toolchain-formal01/boots/repetition-01/lower/python310/lib/python3.10/site-packages/setuptools/_distutils/command/build.py
f	644	1000	1000	5937	64	35962313	1785345413.3176003970	results/experiments/toolchain-environment/20260729T171551Z-toolchain-formal01/boots/repetition-01/lower/python312/lib/python3.12/site-packages/pip/_vendor/chardet/__pycache__/hebrewprober.cpython-312.pyc
f	644	1000	1000	594	64	35956663	1785345362.7545324110	results/experiments/toolchain-environment/20260729T171551Z-toolchain-formal01/boots/repetition-01/lower/python310/lib/python3.10/site-packages/setuptools/_distutils/cygwinccompiler.py
f	644	1000	1000	5945	64	35962553	1785345417.6750516330	results/experiments/toolchain-environment/20260729T171551Z-toolchain-formal01/boots/repetition-01/lower/python312/lib/python3.12/site-packages/pip/_vendor/pygments/formatters/__pycache__/terminal.cpython-312.pyc
f	644	1000	1000	5958	64	35958185	1785345374.4814628740	results/experiments/toolchain-environment/20260729T171551Z-toolchain-formal01/boots/repetition-01/lower/python310/lib/python3.10/site-packages/setuptools/_vendor/wheel/vendored/packaging/__pycache__/_tokenizer.cpython-310.pyc
f	644	1000	1000	596	64	35958815	1785345379.5525555630	results/experiments/toolchain-environment/20260729T171551Z-toolchain-formal01/boots/repetition-01/lower/python310/lib/python3.10/site-packages/pip/_internal/vcs/__init__.py
f	644	1000	1000	596	64	35961099	1785345404.0409554730	results/experiments/toolchain-environment/20260729T171551Z-toolchain-formal01/boots/repetition-01/lower/python312/lib/python3.12/site-packages/pip/_internal/vcs/__init__.py
f	644	1000	1000	5965	64	35956591	1785345362.5262368360	results/experiments/toolchain-environment/20260729T171551Z-toolchain-formal01/boots/repetition-01/lower/python310/lib/python3.10/site-packages/setuptools/depends.py
f	644	1000	1000	59706	64	35961685	1785345406.3790462580	results/experiments/toolchain-environment/20260729T171551Z-toolchain-formal01/boots/repetition-01/lower/python312/lib/python3.12/site-packages/pip/_vendor/rich/progress.py
f	644	1000	1000	5983	64	35962483	1785345416.3722532650	results/experiments/toolchain-environment/20260729T171551Z-toolchain-formal01/boots/repetition-01/lower/python312/lib/python3.12/site-packages/pip/_vendor/packaging/__pycache__/utils.cpython-312.pyc
f	644	1000	1000	59836	64	35959419	1785345381.9075986150	results/experiments/toolchain-environment/20260729T171551Z-toolchain-formal01/boots/repetition-01/lower/python310/lib/python3.10/site-packages/pip/_vendor/rich/progress.py
f	644	1000	1000	5985	64	35959517	1785345382.2986083320	results/experiments/toolchain-environment/20260729T171551Z-toolchain-formal01/boots/repetition-01/lower/python310/lib/python3.10/site-packages/pip/_vendor/urllib3/request.py
f	644	1000	1000	5987	64	35957321	1785345365.5082660850	results/experiments/toolchain-environment/20260729T171551Z-toolchain-formal01/boots/repetition-01/lower/python310/lib/python3.10/site-packages/setuptools/tests/test_distutils_adoption.py
f	644	1000	1000	5996	64	35962007	1785345408.9384924680	results/experiments/toolchain-environment/20260729T171551Z-toolchain-formal01/boots/repetition-01/lower/python312/lib/python3.12/site-packages/pip/_internal/metadata/__pycache__/__init__.cpython-312.pyc
f	644	1000	1000	6009	64	35960883	1785345403.0589854970	results/experiments/toolchain-environment/20260729T171551Z-toolchain-formal01/boots/repetition-01/lower/python312/lib/python3.12/site-packages/pip/_internal/locations/_distutils.py
f	644	1000	1000	6014	64	35958087	1785345373.0945595800	results/experiments/toolchain-environment/20260729T171551Z-toolchain-formal01/boots/repetition-01/lower/python310/lib/python3.10/site-packages/setuptools/_vendor/platformdirs/__pycache__/macos.cpython-310.pyc
f	644	1000	1000	60273	64	35962409	1785345415.1452067320	results/experiments/toolchain-environment/20260729T171551Z-toolchain-formal01/boots/repetition-01/lower/python312/lib/python3.12/site-packages/pip/_vendor/distlib/__pycache__/locators.cpython-312.pyc
f	644	1000	1000	603	64	35962367	1785345414.4254369440	results/experiments/toolchain-environment/20260729T171551Z-toolchain-formal01/boots/repetition-01/lower/python312/lib/python3.12/site-packages/pip/_vendor/chardet/__pycache__/version.cpython-312.pyc
f	644	1000	1000	6035	64	35958055	1785345372.5614277850	results/experiments/toolchain-environment/20260729T171551Z-toolchain-formal01/boots/repetition-01/lower/python310/lib/python3.10/site-packages/setuptools/_vendor/packaging/__pycache__/_tokenizer.cpython-310.pyc
f	644	1000	1000	6037	64	35962209	1785345411.9461481630	results/experiments/toolchain-environment/20260729T171551Z-toolchain-formal01/boots/repetition-01/lower/python312/lib/python3.12/site-packages/pip/_internal/utils/__pycache__/wheel.cpython-312.pyc
f	644	1000	1000	6052	64	35957189	1785345364.9446144960	results/experiments/toolchain-environment/20260729T171551Z-toolchain-formal01/boots/repetition-01/lower/python310/lib/python3.10/site-packages/setuptools/command/build.py
f	644	1000	1000	6052	64	35960513	1785345395.1351342310	results/experiments/toolchain-environment/20260729T171551Z-toolchain-formal01/boots/repetition-01/lower/python310/lib/python3.10/site-packages/pip/_vendor/rich/__pycache__/markup.cpython-310.pyc
f	644	1000	1000	606	64	35958337	1785345376.6182591680	results/experiments/toolchain-environment/20260729T171551Z-toolchain-formal01/boots/repetition-01/lower/python310/lib/python3.10/site-packages/setuptools/tests/__pycache__/__init__.cpython-310.pyc
f	644	1000	1000	606	64	35960431	1785345393.9730620150	results/experiments/toolchain-environment/20260729T171551Z-toolchain-formal01/boots/repetition-01/lower/python310/lib/python3.10/site-packages/pip/_vendor/rich/__pycache__/_extension.cpython-310.pyc
f	644	1000	1000	6062	64	35956601	1785345362.5580856380	results/experiments/toolchain-environment/20260729T171551Z-toolchain-formal01/boots/repetition-01/lower/python310/lib/python3.10/site-packages/setuptools/glob.py
f	644	1000	1000	6064	64	35960465	1785345394.4548730950	results/experiments/toolchain-environment/20260729T171551Z-toolchain-formal01/boots/repetition-01/lower/python310/lib/python3.10/site-packages/pip/_vendor/rich/__pycache__/ansi.cpython-310.pyc
f	644	1000	1000	607	64	35962371	1785345414.4631942450	results/experiments/toolchain-environment/20260729T171551Z-toolchain-formal01/boots/repetition-01/lower/python312/lib/python3.12/site-packages/pip/_vendor/colorama/__pycache__/__init__.cpython-312.pyc
f	644	1000	1000	6075	64	35962661	1785345419.8263534790	results/experiments/toolchain-environment/20260729T171551Z-toolchain-formal01/boots/repetition-01/lower/python312/lib/python3.12/site-packages/pip/_vendor/requests/__pycache__/status_codes.cpython-312.pyc
f	644	1000	1000	6077	64	35958943	1785345380.0313526090	results/experiments/toolchain-environment/20260729T171551Z-toolchain-formal01/boots/repetition-01/lower/python310/lib/python3.10/site-packages/pip/_vendor/chardet/macromanprober.py
f	644	1000	1000	6077	64	35961227	1785345404.5589121990	results/experiments/toolchain-environment/20260729T171551Z-toolchain-formal01/boots/repetition-01/lower/python312/lib/python3.12/site-packages/pip/_vendor/chardet/macromanprober.py
f	644	1000	1000	6079	64	35961347	1785345405.0266619200	results/experiments/toolchain-environment/20260729T171551Z-toolchain-formal01/boots/repetition-01/lower/python312/lib/python3.12/site-packages/pip/_vendor/msgpack/ext.py
f	644	1000	1000	608	64	35956919	1785345363.7734808580	results/experiments/toolchain-environment/20260729T171551Z-toolchain-formal01/boots/repetition-01/lower/python310/lib/python3.10/site-packages/setuptools/_vendor/importlib_metadata/compat/py311.py
f	644	1000	1000	6080	64	35959081	1785345380.5445736970	results/experiments/toolchain-environment/20260729T171551Z-toolchain-formal01/boots/repetition-01/lower/python310/lib/python3.10/site-packages/pip/_vendor/msgpack/ext.py
f	644	1000	1000	6086	64	35960945	1785345403.3602905220	results/experiments/toolchain-environment/20260729T171551Z-toolchain-formal01/boots/repetition-01/lower/python312/lib/python3.12/site-packages/pip/_internal/network/download.py
f	644	1000	1000	6090	64	35959311	1785345381.4043529440	results/experiments/toolchain-environment/20260729T171551Z-toolchain-formal01/boots/repetition-01/lower/python310/lib/python3.10/site-packages/pip/_vendor/rich/__init__.py
f	644	1000	1000	6090	64	35961575	1785345405.8879014750	results/experiments/toolchain-environment/20260729T171551Z-toolchain-formal01/boots/repetition-01/lower/python312/lib/python3.12/site-packages/pip/_vendor/rich/__init__.py
f	644	1000	1000	6096	64	35958661	1785345379.0055455640	results/experiments/toolchain-environment/20260729T171551Z-toolchain-formal01/boots/repetition-01/lower/python310/lib/python3.10/site-packages/pip/_internal/network/download.py
f	644	1000	1000	6100	64	35958601	1785345378.7985979010	results/experiments/toolchain-environment/20260729T171551Z-toolchain-formal01/boots/repetition-01/lower/python310/lib/python3.10/site-packages/pip/_internal/locations/_distutils.py
f	644	1000	1000	6103	64	35959723	1785345384.2556415450	results/experiments/toolchain-environment/20260729T171551Z-toolchain-formal01/boots/repetition-01/lower/python310/lib/python3.10/site-packages/pip/_internal/locations/__pycache__/_sysconfig.cpython-310.pyc
f	644	1000	1000	61138	64	35960061	1785345389.0251689660	results/experiments/toolchain-environment/20260729T171551Z-toolchain-formal01/boots/repetition-01/lower/python310/lib/python3.10/site-packages/pip/_vendor/chardet/__pycache__/langrussianmodel.cpython-310.pyc
f	644	1000	1000	613	64	35957727	1785345367.7352771070	results/experiments/toolchain-environment/20260729T171551Z-toolchain-formal01/boots/repetition-01/lower/python310/lib/python3.10/site-packages/setuptools/_distutils/command/__pycache__/__init__.cpython-310.pyc
f	644	1000	1000	6151	64	35962771	1785345421.7575428630	results/experiments/toolchain-environment/20260729T171551Z-toolchain-formal01/boots/repetition-01/lower/python312/lib/python3.12/site-packages/pip/_vendor/rich/__pycache__/json.cpython-312.pyc
f	644	1000	1000	6157	64	35957819	1785345369.1452799030	results/experiments/toolchain-environment/20260729T171551Z-toolchain-formal01/boots/repetition-01/lower/python310/lib/python3.10/site-packages/setuptools/_distutils/__pycache__/file_util.cpython-310.pyc
f	644	1000	1000	6171	64	35957105	1785345364.5424390470	results/experiments/toolchain-environment/20260729T171551Z-toolchain-formal01/boots/repetition-01/lower/python310/lib/python3.10/site-packages/setuptools/_vendor/wheel/metadata.py
f	644	1000	1000	6180	64	35962817	1785345422.5645415670	results/experiments/toolchain-environment/20260729T171551Z-toolchain-formal01/boots/repetition-01/lower/python312/lib/python3.12/site-packages/pip/_vendor/rich/__pycache__/spinner.cpython-312.pyc
f	644	1000	1000	6181	64	35958989	1785345380.1905672260	results/experiments/toolchain-environment/20260729T171551Z-toolchain-formal01/boots/repetition-01/lower/python310/lib/python3.10/site-packages/pip/_vendor/colorama/win32.py
f	644	1000	1000	6181	64	35961283	1785345404.7717569390	results/experiments/toolchain-environment/20260729T171551Z-toolchain-formal01/boots/repetition-01/lower/python312/lib/python3.12/site-packages/pip/_vendor/colorama/win32.py
f	644	1000	1000	6181	64	35962541	1785345417.3912478580	results/experiments/toolchain-environment/20260729T171551Z-toolchain-formal01/boots/repetition-01/lower/python312/lib/python3.12/site-packages/pip/_vendor/pygments/formatters/__pycache__/irc.cpython-312.pyc
f	644	1000	1000	6184	64	35959161	1785345380.8324572430	results/experiments/toolchain-environment/20260729T171551Z-toolchain-formal01/boots/repetition-01/lower/python310/lib/python3.10/site-packages/pip/_vendor/pygments/token.py
f	644	1000	1000	6184	64	35961471	1785345405.5008393730	results/experiments/toolchain-environment/20260729T171551Z-toolchain-formal01/boots/repetition-01/lower/python312/lib/python3.12/site-packages/pip/_vendor/pygments/token.py
f	644	1000	1000	6184	64	35962819	1785345422.5920992420	results/experiments/toolchain-environment/20260729T171551Z-toolchain-formal01/boots/repetition-01/lower/python312/lib/python3.12/site-packages/pip/_vendor/rich/__pycache__/status.cpython-312.pyc
f	644	1000	1000	619	64	35960389	1785345393.4447386090	results/experiments/toolchain-environment/20260729T171551Z-toolchain-formal01/boots/repetition-01/lower/python310/lib/python3.10/site-packages/pip/_vendor/requests/__pycache__/packages.cpython-310.pyc
f	644	1000	1000	6209	64	35960093	1785345389.5084931430	results/experiments/toolchain-environment/20260729T171551Z-toolchain-formal01/boots/repetition-01/lower/python310/lib/python3.10/site-packages/pip/_vendor/chardet/__pycache__/utf1632prober.cpython-310.pyc
f	644	1000	1000	6224	64	35960419	1785345393.7870539280	results/experiments/toolchain-environment/20260729T171551Z-toolchain-formal01/boots/repetition-01/lower/python310/lib/python3.10/site-packages/pip/_vendor/rich/__pycache__/__init__.cpython-310.pyc
f	644	1000	1000	6226	64	35956803	1785345363.3185079890	results/experiments/toolchain-environment/20260729T171551Z-toolchain-formal01/boots/repetition-01/lower/python310/lib/python3.10/site-packages/setuptools/_distutils/tests/test_check.py
f	644	1000	1000	6231	64	35958377	1785345377.0641726750	results/experiments/toolchain-environment/20260729T171551Z-toolchain-formal01/boots/repetition-01/lower/python310/lib/python3.10/site-packages/setuptools/tests/integration/__pycache__/test_pip_install_sdist.cpython-310.pyc
f	644	1000	1000	6241	64	35959633	1785345382.8416156910	results/experiments/toolchain-environment/20260729T171551Z-toolchain-formal01/boots/repetition-01/lower/python310/lib/python3.10/site-packages/pip/_internal/cli/__pycache__/base_command.cpython-310.pyc
f	644	1000	1000	6242	64	35962549	1785345417.5820698940	results/experiments/toolchain-environment/20260729T171551Z-toolchain-formal01/boots/repetition-01/lower/python312/lib/python3.12/site-packages/pip/_vendor/pygments/formatters/__pycache__/rtf.cpython-312.pyc
f	644	1000	1000	6244	64	35958239	1785345375.1884305630	results/experiments/toolchain-environment/20260729T171551Z-toolchain-formal01/boots/repetition-01/lower/python310/lib/python3.10/site-packages/setuptools/command/__pycache__/develop.cpython-310.pyc
f	644	1000	1000	625	64	35959893	1785345386.5246830340	results/experiments/toolchain-environment/20260729T171551Z-toolchain-formal01/boots/repetition-01/lower/python310/lib/python3.10/site-packages/pip/_internal/utils/__pycache__/datetime.cpython-310.pyc
f	644	1000	1000	625	64	35959941	1785345387.2496962920	results/experiments/toolchain-environment/20260729T171551Z-toolchain-formal01/boots/repetition-01/lower/python310/lib/python3.10/site-packages/pip/_internal/vcs/__pycache__/__init__.cpython-310.pyc
f	644	1000	1000	625	64	35961289	1785345404.7877690770	results/experiments/toolchain-environment/20260729T171551Z-toolchain-formal01/boots/repetition-01/lower/python312/lib/python3.12/site-packages/pip/_vendor/distlib/__init__.py
f	644	1000	1000	6257	64	35959159	1785345380.8246108370	results/experiments/toolchain-environment/20260729T171551Z-toolchain-formal01/boots/repetition-01/lower/python310/lib/python3.10/site-packages/pip/_vendor/pygments/style.py
f	644	1000	1000	6257	64	35961465	1785345405.4840818430	results/experiments/toolchain-environment/20260729T171551Z-toolchain-formal01/boots/repetition-01/lower/python312/lib/python3.12/site-packages/pip/_vendor/pygments/style.py
f	644	1000	1000	628	64	35957215	1785345365.0402903690	results/experiments/toolchain-environment/20260729T171551Z-toolchain-formal01/boots/repetition-01/lower/python310/lib/python3.10/site-packages/setuptools/command/launcher manifest.xml
f	644	1000	1000	63	64	35958629	1785345378.8885434250	results/experiments/toolchain-environment/20260729T171551Z-toolchain-formal01/boots/repetition-01/lower/python310/lib/python3.10/site-packages/pip/_internal/models/__init__.py
f	644	1000	1000	63	64	35960913	1785345403.1936358600	results/experiments/toolchain-environment/20260729T171551Z-toolchain-formal01/boots/repetition-01/lower/python312/lib/python3.12/site-packages/pip/_internal/models/__init__.py
f	644	1000	1000	6308	64	35960477	1785345394.6258455720	results/experiments/toolchain-environment/20260729T171551Z-toolchain-formal01/boots/repetition-01/lower/python310/lib/python3.10/site-packages/pip/_vendor/rich/__pycache__/columns.cpython-310.pyc
f	644	1000	1000	6309	64	35960487	1785345394.7726775370	results/experiments/toolchain-environment/20260729T171551Z-toolchain-formal01/boots/repetition-01/lower/python310/lib/python3.10/site-packages/pip/_vendor/rich/__pycache__/default_styles.cpython-310.pyc
f	644	1000	1000	6312	64	35959817	1785345385.4626636150	results/experiments/toolchain-environment/20260729T171551Z-toolchain-formal01/boots/repetition-01/lower/python310/lib/python3.10/site-packages/pip/_internal/operations/__pycache__/freeze.cpython-310.pyc
f	644	1000	1000	63187	64	35959163	1785345380.8415791270	results/experiments/toolchain-environment/20260729T171551Z-toolchain-formal01/boots/repetition-01/lower/python310/lib/python3.10/site-packages/pip/_vendor/pygments/unistring.py
f	644	1000	1000	6322	64	35962143	1785345410.9519827660	results/experiments/toolchain-environment/20260729T171551Z-toolchain-formal01/boots/repetition-01/lower/python312/lib/python3.12/site-packages/pip/_internal/resolution/resolvelib/__pycache__/found_candidates.cpython-312.pyc
f	644	1000	1000	63223	64	35961473	1785345405.5090303350	results/experiments/toolchain-environment/20260729T171551Z-toolchain-formal01/boots/repetition-01/lower/python312/lib/python3.12/site-packages/pip/_vendor/pygments/unistring.py
f	644	1000	1000	6330	64	35958213	1785345374.8770598250	results/experiments/toolchain-environment/20260729T171551Z-toolchain-formal01/boots/repetition-01/lower/python310/lib/python3.10/site-packages/setuptools/__pycache__/archive_util.cpython-310.pyc
f	644	1000	1000	6337	64	35958163	1785345374.1774573180	results/experiments/toolchain-environment/20260729T171551Z-toolchain-formal01/boots/repetition-01/lower/python310/lib/python3.10/site-packages/setuptools/_vendor/wheel/__pycache__/metadata.cpython-310.pyc
f	644	1000	1000	6345	64	35959657	1785345383.1606215240	results/experiments/toolchain-environment/20260729T171551Z-toolchain-formal01/boots/repetition-01/lower/python310/lib/python3.10/site-packages/pip/_internal/commands/__pycache__/cache.cpython-310.pyc
f	644	1000	1000	636	64	35958091	1785345373.1594919340	results/experiments/toolchain-environment/20260729T171551Z-toolchain-formal01/boots/repetition-01/lower/python310/lib/python3.10/site-packages/setuptools/_vendor/platformdirs/__pycache__/version.cpython-310.pyc
f	644	1000	1000	6377	64	35959263	1785345381.2084555480	results/experiments/toolchain-environment/20260729T171551Z-toolchain-formal01/boots/repetition-01/lower/python310/lib/python3.10/site-packages/pip/_vendor/requests/api.py
f	644	1000	1000	638	64	35960535	1785345395.4511311490	results/experiments/toolchain-environment/20260729T171551Z-toolchain-formal01/boots/repetition-01/lower/python310/lib/python3.10/site-packages/pip/_vendor/rich/__pycache__/region.cpython-310.pyc
f	644	1000	1000	6389	64	35957075	1785345364.4252791350	results/experiments/toolchain-environment/20260729T171551Z-toolchain-formal01/boots/repetition-01/lower/python310/lib/python3.10/site-packages/setuptools/_vendor/typeguard/_importhook.py
f	644	1000	1000	6392	64	35961123	1785345404.1279668280	results/experiments/toolchain-environment/20260729T171551Z-toolchain-formal01/boots/repetition-01/lower/python312/lib/python3.12/site-packages/pip/_vendor/cachecontrol/adapter.py
f	644	1000	1000	6398	64	35958443	1785345377.9545263520	results/experiments/toolchain-environment/20260729T171551Z-toolchain-formal01/boots/repetition-01/lower/python310/lib/python3.10/site-packages/setuptools/tests/__pycache__/test_sandbox.cpython-310.pyc
f	644	1000	1000	64	64	35959053	1785345380.4461825080	results/experiments/toolchain-environment/20260729T171551Z-toolchain-formal01/boots/repetition-01/lower/python310/lib/python3.10/site-packages/pip/_vendor/distro/__main__.py
f	644	1000	1000	64	64	35959503	1785345382.2444835370	results/experiments/toolchain-environment/20260729T171551Z-toolchain-formal01/boots/repetition-01/lower/python310/lib/python3.10/site-packages/pip/_vendor/urllib3/_version.py
f	644	1000	1000	64	64	35961319	1785345404.9157587560	results/experiments/toolchain-environment/20260729T171551Z-toolchain-formal01/boots/repetition-01/lower/python312/lib/python3.12/site-packages/pip/_vendor/distro/__main__.py
f	644	1000	1000	64	64	35961787	1785345406.7861458680	results/experiments/toolchain-environment/20260729T171551Z-toolchain-formal01/boots/repetition-01/lower/python312/lib/python3.12/site-packages/pip/_vendor/urllib3/_version.py
f	644	1000	1000	6400	64	35958953	1785345380.0715650500	results/experiments/toolchain-environment/20260729T171551Z-toolchain-formal01/boots/repetition-01/lower/python310/lib/python3.10/site-packages/pip/_vendor/chardet/sbcharsetprober.py
f	644	1000	1000	6400	64	35961243	1785345404.6189103350	results/experiments/toolchain-environment/20260729T171551Z-toolchain-formal01/boots/repetition-01/lower/python312/lib/python3.12/site-packages/pip/_vendor/chardet/sbcharsetprober.py
f	644	1000	1000	641	64	35957355	1785345365.6603205570	results/experiments/toolchain-environment/20260729T171551Z-toolchain-formal01/boots/repetition-01/lower/python310/lib/python3.10/site-packages/setuptools/tests/test_shutil_wrapper.py
f	644	1000	1000	641	64	35957517	1785345366.2941979700	results/experiments/toolchain-environment/20260729T171551Z-toolchain-formal01/boots/repetition-01/lower/python310/lib/python3.10/site-packages/setuptools/_vendor/jaraco.context-5.3.0.dist-info/RECORD
f	644	1000	1000	641	64	35958043	1785345372.3352113220	results/experiments/toolchain-environment/20260729T171551Z-toolchain-formal01/boots/repetition-01/lower/python310/lib/python3.10/site-packages/setuptools/_vendor/packaging/__pycache__/__init__.cpython-310.pyc
f	644	1000	1000	6419	64	35958569	1785345378.6985399520	results/experiments/toolchain-environment/20260729T171551Z-toolchain-formal01/boots/repetition-01/lower/python310/lib/python3.10/site-packages/pip/_internal/commands/show.py
f	644	1000	1000	6419	64	35960847	1785345402.8915121190	results/experiments/toolchain-environment/20260729T171551Z-toolchain-formal01/boots/repetition-01/lower/python312/lib/python3.12/site-packages/pip/_internal/commands/show.py
f	644	1000	1000	642	64	35957693	1785345367.2703311080	results/experiments/toolchain-environment/20260729T171551Z-toolchain-formal01/boots/repetition-01/lower/python310/lib/python3.10/site-packages/pkg_resources/tests/__pycache__/test_markers.cpython-310.pyc
f	644	1000	1000	642	64	35959385	1785345381.7535452440	results/experiments/toolchain-environment/20260729T171551Z-toolchain-formal01/boots/repetition-01/lower/python310/lib/python3.10/site-packages/pip/_vendor/rich/errors.py
f	644	1000	1000	642	64	35961651	1785345406.2320435670	results/experiments/toolchain-environment/20260729T171551Z-toolchain-formal01/boots/repetition-01/lower/python312/lib/python3.12/site-packages/pip/_vendor/rich/errors.py
f	644	1000	1000	6426	64	35959217	1785345381.0325826180	results/experiments/toolchain-environment/20260729T171551Z-toolchain-formal01/boots/repetition-01/lower/python310/lib/python3.10/site-packages/pip/_vendor/pyparsing/actions.py
f	644	1000	1000	6427	64	35960189	1785345390.8070647250	results/experiments/toolchain-environment/20260729T171551Z-toolchain-formal01/boots/repetition-01/lower/python310/lib/python3.10/site-packages/pip/_vendor/msgpack/__pycache__/ext.cpython-310.pyc
f	644	1000	1000	6428	64	35958313	1785345376.3191624220	results/experiments/toolchain-environment/20260729T171551Z-toolchain-formal01/boots/repetition-01/lower/python310/lib/python3.10/site-packages/setuptools/__pycache__/extension.cpython-310.pyc
f	644	1000	1000	643	64	35956959	1785345363.9146840680	results/experiments/toolchain-environment/20260729T171551Z-toolchain-formal01/boots/repetition-01/lower/python310/lib/python3.10/site-packages/setuptools/_vendor/jaraco/text/layouts.py
f	644	1000	1000	6443	64	35960283	1785345391.9997201070	results/experiments/toolchain-environment/20260729T171551Z-toolchain-formal01/boots/repetition-01/lower/python310/lib/python3.10/site-packages/pip/_vendor/pygments/formatters/__pycache__/svg.cpython-310.pyc
f	644	1000	1000	6449	64	35961527	1785345405.7006627870	results/experiments/toolchain-environment/20260729T171551Z-toolchain-formal01/boots/repetition-01/lower/python312/lib/python3.12/site-packages/pip/_vendor/requests/api.py
f	644	1000	1000	645	64	35962213	1785345411.9777692220	results/experiments/toolchain-environment/20260729T171551Z-toolchain-formal01/boots/repetition-01/lower/python312/lib/python3.12/site-packages/pip/_internal/vcs/__pycache__/__init__.cpython-312.pyc
f	644	1000	1000	64520	64	35962563	1785345417.8772567580	results/experiments/toolchain-environment/20260729T171551Z-toolchain-formal01/boots/repetition-01/lower/python312/lib/python3.12/site-packages/pip/_vendor/pygments/lexers/__pycache__/_mapping.cpython-312.pyc
f	644	1000	1000	6456	64	35962833	1785345422.8103352620	results/experiments/toolchain-environment/20260729T171551Z-toolchain-formal01/boots/repetition-01/lower/python312/lib/python3.12/site-packages/pip/_vendor/rich/__pycache__/theme.cpython-312.pyc
f	644	1000	1000	6476	64	35960851	1785345402.9121560180	results/experiments/toolchain-environment/20260729T171551Z-toolchain-formal01/boots/repetition-01/lower/python312/lib/python3.12/site-packages/pip/_internal/commands/wheel.py
f	644	1000	1000	6492	64	35962785	1785345422.0109935290	results/experiments/toolchain-environment/20260729T171551Z-toolchain-formal01/boots/repetition-01/lower/python312/lib/python3.12/site-packages/pip/_vendor/rich/__pycache__/measure.cpython-312.pyc
f	644	1000	1000	6494	64	35958583	1785345378.7435407740	results/experiments/toolchain-environment/20260729T171551Z-toolchain-formal01/boots/repetition-01/lower/python310/lib/python3.10/site-packages/pip/_internal/distributions/sdist.py
f	644	1000	1000	6502	64	35962355	1785345414.1875557160	results/experiments/toolchain-environment/20260729T171551Z-toolchain-formal01/boots/repetition-01/lower/python312/lib/python3.12/site-packages/pip/_vendor/chardet/__pycache__/sbcharsetprober.cpython-312.pyc
f	644	1000	1000	65146	64	35960607	1785345396.4758650460	results/experiments/toolchain-environment/20260729T171551Z-toolchain-formal01/boots/repetition-01/lower/python310/lib/python3.10/site-packages/pip/_vendor/__pycache__/typing_extensions.cpython-310.pyc
f	644	1000	1000	6520	64	35962255	1785345412.5161037250	results/experiments/toolchain-environment/20260729T171551Z-toolchain-formal01/boots/repetition-01/lower/python312/lib/python3.12/site-packages/pip/_vendor/cachecontrol/__pycache__/serialize.cpython-312.pyc
f	644	1000	1000	653	64	35962699	1785345420.4864187740	results/experiments/toolchain-environment/20260729T171551Z-toolchain-formal01/boots/repetition-01/lower/python312/lib/python3.12/site-packages/pip/_vendor/rich/__pycache__/_extension.cpython-312.pyc
f	644	1000	1000	65341	64	35958243	1785345375.2634771660	results/experiments/toolchain-environment/20260729T171551Z-toolchain-formal01/boots/repetition-01/lower/python310/lib/python3.10/site-packages/setuptools/command/__pycache__/easy_install.cpython-310.pyc
f	644	1000	1000	6548	64	35957425	1785345365.9115094180	results/experiments/toolchain-environment/20260729T171551Z-toolchain-formal01/boots/repetition-01/lower/python310/lib/python3.10/site-packages/setuptools-79.0.1.dist-info/METADATA
f	644	1000	1000	6557	64	35958177	1785345374.3464863190	results/experiments/toolchain-environment/20260729T171551Z-toolchain-formal01/boots/repetition-01/lower/python310/lib/python3.10/site-packages/setuptools/_vendor/wheel/vendored/packaging/__pycache__/_manylinux.cpython-310.pyc
f	644	1000	1000	6557	64	35958595	1785345378.7831609680	results/experiments/toolchain-environment/20260729T171551Z-toolchain-formal01/boots/repetition-01/lower/python310/lib/python3.10/site-packages/pip/_internal/index/sources.py
f	644	1000	1000	6561	64	35959863	1785345386.0926751350	results/experiments/toolchain-environment/20260729T171551Z-toolchain-formal01/boots/repetition-01/lower/python310/lib/python3.10/site-packages/pip/_internal/resolution/resolvelib/__pycache__/base.cpython-310.pyc
f	644	1000	1000	6563	64	35959593	1785345382.5792033290	results/experiments/toolchain-environment/20260729T171551Z-toolchain-formal01/boots/repetition-01/lower/python310/lib/python3.10/site-packages/pip/_vendor/webencodings/tests.py
f	644	1000	1000	6563	64	35961881	1785345407.2173941290	results/experiments/toolchain-environment/20260729T171551Z-toolchain-formal01/boots/repetition-01/lower/python312/lib/python3.12/site-packages/pip/_vendor/webencodings/tests.py
f	644	1000	1000	6567	64	35961481	1785345405.5338464520	results/experiments/toolchain-environment/20260729T171551Z-toolchain-formal01/boots/repetition-01/lower/python312/lib/python3.12/site-packages/pip/_vendor/pyparsing/actions.py
f	644	1000	1000	657	64	35956567	1785345362.4516023250	results/experiments/toolchain-environment/20260729T171551Z-toolchain-formal01/boots/repetition-01/lower/python310/lib/python3.10/site-packages/setuptools/_itertools.py
f	644	1000	1000	6579	64	35962237	1785345412.2716524980	results/experiments/toolchain-environment/20260729T171551Z-toolchain-formal01/boots/repetition-01/lower/python312/lib/python3.12/site-packages/pip/_vendor/cachecontrol/__pycache__/adapter.cpython-312.pyc
f	644	1000	1000	6586	64	35956765	1785345363.1532977600	results/experiments/toolchain-environment/20260729T171551Z-toolchain-formal01/boots/repetition-01/lower/python310/lib/python3.10/site-packages/setuptools/_distutils/compilers/C/zos.py
f	644	1000	1000	659	64	35957907	1785345370.3212701000	results/experiments/toolchain-environment/20260729T171551Z-toolchain-formal01/boots/repetition-01/lower/python310/lib/python3.10/site-packages/setuptools/_distutils/tests/__pycache__/unix_compat.cpython-310.pyc
f	644	1000	1000	6591	64	35958549	1785345378.6215385440	results/experiments/toolchain-environment/20260729T171551Z-toolchain-formal01/boots/repetition-01/lower/python310/lib/python3.10/site-packages/pip/_internal/commands/debug.py
f	644	1000	1000	6596	64	35959131	1785345380.7202532610	results/experiments/toolchain-environment/20260729T171551Z-toolchain-formal01/boots/repetition-01/lower/python310/lib/python3.10/site-packages/pip/_vendor/platformdirs/windows.py
f	644	1000	1000	6597	64	35960483	1785345394.7169920940	results/experiments/toolchain-environment/20260729T171551Z-toolchain-formal01/boots/repetition-01/lower/python310/lib/python3.10/site-packages/pip/_vendor/rich/__pycache__/containers.cpython-310.pyc
f	644	1000	1000	661	64	35959087	1785345380.5624369640	results/experiments/toolchain-environment/20260729T171551Z-toolchain-formal01/boots/repetition-01/lower/python310/lib/python3.10/site-packages/pip/_vendor/packaging/__about__.py
f	644	1000	1000	661	64	35960365	1785345393.1101418340	results/experiments/toolchain-environment/20260729T171551Z-toolchain-formal01/boots/repetition-01/lower/python310/lib/python3.10/site-packages/pip/_vendor/requests/__pycache__/__version__.cpython-310.pyc
f	644	1000	1000	661	64	35961353	1785345405.0445969790	results/experiments/toolchain-environment/20260729T171551Z-toolchain-formal01/boots/repetition-01/lower/python312/lib/python3.12/site-packages/pip/_vendor/packaging/__about__.py
f	644	1000	1000	66142	64	35962405	1785345415.0672053040	results/experiments/toolchain-environment/20260729T171551Z-toolchain-formal01/boots/repetition-01/lower/python312/lib/python3.12/site-packages/pip/_vendor/distlib/__pycache__/database.cpython-312.pyc
f	644	1000	1000	6621	64	35960239	1785345391.4304964980	results/experiments/toolchain-environment/20260729T171551Z-toolchain-formal01/boots/repetition-01/lower/python310/lib/python3.10/site-packages/pip/_vendor/platformdirs/__pycache__/windows.cpython-310.pyc
f	644	1000	1000	6626	64	35958633	1785345378.9035436990	results/experiments/toolchain-environment/20260729T171551Z-toolchain-formal01/boots/repetition-01/lower/python310/lib/python3.10/site-packages/pip/_internal/models/direct_url.py
f	644	1000	1000	66262	64	35959037	1785345380.3825707360	results/experiments/toolchain-environment/20260729T171551Z-toolchain-formal01/boots/repetition-01/lower/python310/lib/python3.10/site-packages/pip/_vendor/distlib/util.py
f	644	1000	1000	6630	64	35959377	1785345381.7135950690	results/experiments/toolchain-environment/20260729T171551Z-toolchain-formal01/boots/repetition-01/lower/python310/lib/python3.10/site-packages/pip/_vendor/rich/control.py
f	644	1000	1000	6630	64	35961643	1785345406.1976081770	results/experiments/toolchain-environment/20260729T171551Z-toolchain-formal01/boots/repetition-01/lower/python312/lib/python3.12/site-packages/pip/_vendor/rich/control.py
f	644	1000	1000	6632	64	35962057	1785345409.6881068270	results/experiments/toolchain-environment/20260729T171551Z-toolchain-formal01/boots/repetition-01/lower/python312/lib/python3.12/site-packages/pip/_internal/network/__pycache__/cache.cpython-312.pyc
f	644	1000	1000	6634	64	35959685	1785345383.6646736850	results/experiments/toolchain-environment/20260729T171551Z-toolchain-formal01/boots/repetition-01/lower/python310/lib/python3.10/site-packages/pip/_internal/commands/__pycache__/show.cpython-310.pyc
f	644	1000	1000	6652	64	35958199	1785345374.7231696640	results/experiments/toolchain-environment/20260729T171551Z-toolchain-formal01/boots/repetition-01/lower/python310/lib/python3.10/site-packages/setuptools/_vendor/wheel/__pycache__/wheelfile.cpython-310.pyc
f	644	1000	1000	6676	64	35958515	1785345378.4976143890	results/experiments/toolchain-environment/20260729T171551Z-toolchain-formal01/boots/repetition-01/lower/python310/lib/python3.10/site-packages/pip/_internal/cli/autocompletion.py
f	644	1000	1000	6683	64	35956599	1785345362.5512449030	results/experiments/toolchain-environment/20260729T171551Z-toolchain-formal01/boots/repetition-01/lower/python310/lib/python3.10/site-packages/setuptools/extension.py
f	644	1000	1000	6684	64	35960005	1785345388.1225059030	results/experiments/toolchain-environment/20260729T171551Z-toolchain-formal01/boots/repetition-01/lower/python310/lib/python3.10/site-packages/pip/_vendor/chardet/__pycache__/chardistribution.cpython-310.pyc
f	644	1000	1000	6684	64	35962809	1785345422.4355335950	results/experiments/toolchain-environment/20260729T171551Z-toolchain-formal01/boots/repetition-01/lower/python312/lib/python3.12/site-packages/pip/_vendor/rich/__pycache__/rule.cpython-312.pyc
f	644	1000	1000	6690	64	35960793	1785345402.6147846810	results/experiments/toolchain-environment/20260729T171551Z-toolchain-formal01/boots/repetition-01/lower/python312/lib/python3.12/site-packages/pip/_internal/cli/autocompletion.py
f	644	1000	1000	6691	64	35961839	1785345407.0106175050	results/experiments/toolchain-environment/20260729T171551Z-toolchain-formal01/boots/repetition-01/lower/python312/lib/python3.12/site-packages/pip/_vendor/urllib3/request.py
f	644	1000	1000	6695	64	35962715	1785345420.7921716000	results/experiments/toolchain-environment/20260729T171551Z-toolchain-formal01/boots/repetition-01/lower/python312/lib/python3.12/site-packages/pip/_vendor/rich/__pycache__/_ratio.cpython-312.pyc
f	644	1000	1000	6706	64	35958047	1785345372.4124250620	results/experiments/toolchain-environment/20260729T171551Z-toolchain-formal01/boots/repetition-01/lower/python310/lib/python3.10/site-packages/setuptools/_vendor/packaging/__pycache__/_manylinux.cpython-310.pyc
f	644	1000	1000	6709	64	35960863	1785345402.9645556700	results/experiments/toolchain-environment/20260729T171551Z-toolchain-formal01/boots/repetition-01/lower/python312/lib/python3.12/site-packages/pip/_internal/distributions/sdist.py
f	644	1000	1000	6727	64	35962393	1785345414.8816842570	results/experiments/toolchain-environment/20260729T171551Z-toolchain-formal01/boots/repetition-01/lower/python312/lib/python3.12/site-packages/pip/_vendor/colorama/tests/__pycache__/winterm_test.cpython-312.pyc
f	644	1000	1000	6741	64	35959001	1785345380.2345680300	results/experiments/toolchain-environment/20260729T171551Z-toolchain-formal01/boots/repetition-01/lower/python310/lib/python3.10/site-packages/pip/_vendor/colorama/tests/initialise_test.py
f	644	1000	1000	6741	64	35961275	1785345404.7335697670	results/experiments/toolchain-environment/20260729T171551Z-toolchain-formal01/boots/repetition-01/lower/python312/lib/python3.12/site-packages/pip/_vendor/colorama/tests/initialise_test.py
f	644	1000	1000	6742	64	35962807	1785345422.4003300740	results/experiments/toolchain-environment/20260729T171551Z-toolchain-formal01/boots/repetition-01/lower/python312/lib/python3.12/site-packages/pip/_vendor/rich/__pycache__/repr.cpython-312.pyc
f	644	1000	1000	6752	64	35959879	1785345386.3443198480	results/experiments/toolchain-environment/20260729T171551Z-toolchain-formal01/boots/repetition-01/lower/python310/lib/python3.10/site-packages/pip/_internal/__pycache__/self_outdated_check.cpython-310.pyc
f	644	1000	1000	67530	64	35961309	1785345404.8780187860	results/experiments/toolchain-environment/20260729T171551Z-toolchain-formal01/boots/repetition-01/lower/python312/lib/python3.12/site-packages/pip/_vendor/distlib/util.py
f	644	1000	1000	6755	64	35956495	1785345362.2151113690	results/experiments/toolchain-environment/20260729T171551Z-toolchain-formal01/boots/repetition-01/lower/python310/lib/python3.10/site-packages/_distutils_hack/__init__.py
f	644	1000	1000	676	64	35961119	1785345404.1114390050	results/experiments/toolchain-environment/20260729T171551Z-toolchain-formal01/boots/repetition-01/lower/python312/lib/python3.12/site-packages/pip/_vendor/cachecontrol/__init__.py
f	644	1000	1000	6762	64	35959931	1785345387.1236939880	results/experiments/toolchain-environment/20260729T171551Z-toolchain-formal01/boots/repetition-01/lower/python310/lib/python3.10/site-packages/pip/_internal/utils/__pycache__/unpacking.cpython-310.pyc
f	644	1000	1000	6765	64	35960371	1785345393.1958358440	results/experiments/toolchain-environment/20260729T171551Z-toolchain-formal01/boots/repetition-01/lower/python310/lib/python3.10/site-packages/pip/_vendor/requests/__pycache__/api.cpython-310.pyc
f	644	1000	1000	6768	64	35960409	1785345393.6761340590	results/experiments/toolchain-environment/20260729T171551Z-toolchain-formal01/boots/repetition-01/lower/python310/lib/python3.10/site-packages/pip/_vendor/resolvelib/__pycache__/providers.cpython-310.pyc
f	644	1000	1000	6777	64	35960827	1785345402.7722694210	results/experiments/toolchain-environment/20260729T171551Z-toolchain-formal01/boots/repetition-01/lower/python312/lib/python3.12/site-packages/pip/_internal/commands/debug.py
f	644	1000	1000	6790	64	35959665	1785345383.2912932580	results/experiments/toolchain-environment/20260729T171551Z-toolchain-formal01/boots/repetition-01/lower/python310/lib/python3.10/site-packages/pip/_internal/commands/__pycache__/debug.cpython-310.pyc
f	644	1000	1000	6790	64	35962577	1785345418.1872624350	results/experiments/toolchain-environment/20260729T171551Z-toolchain-formal01/boots/repetition-01/lower/python312/lib/python3.12/site-packages/pip/_vendor/pygments/__pycache__/style.cpython-312.pyc
f	644	1000	1000	6805	64	35959233	1785345381.1064274360	results/experiments/toolchain-environment/20260729T171551Z-toolchain-formal01/boots/repetition-01/lower/python310/lib/python3.10/site-packages/pip/_vendor/pyparsing/util.py
f	644	1000	1000	6806	64	35960977	1785345403.5156068470	results/experiments/toolchain-environment/20260729T171551Z-toolchain-formal01/boots/repetition-01/lower/python312/lib/python3.12/site-packages/pip/_internal/operations/check.py
f	644	1000	1000	6809	64	35962253	1785345412.4862054560	results/experiments/toolchain-environment/20260729T171551Z-toolchain-formal01/boots/repetition-01/lower/python312/lib/python3.12/site-packages/pip/_vendor/cachecontrol/__pycache__/heuristics.cpython-312.pyc
f	644	1000	1000	6819	64	35959357	1785345381.6173040870	results/experiments/toolchain-environment/20260729T171551Z-toolchain-formal01/boots/repetition-01/lower/python310/lib/python3.10/site-packages/pip/_vendor/rich/ansi.py
f	644	1000	1000	683	64	35962805	1785345422.3665245870	results/experiments/toolchain-environment/20260729T171551Z-toolchain-formal01/boots/repetition-01/lower/python312/lib/python3.12/site-packages/pip/_vendor/rich/__pycache__/region.cpython-312.pyc
f	644	1000	1000	6834	64	35961951	1785345408.1622270200	results/experiments/toolchain-environment/20260729T171551Z-toolchain-formal01/boots/repetition-01/lower/python312/lib/python3.12/site-packages/pip/_internal/commands/__pycache__/index.cpython-312.pyc
f	644	1000	1000	686	64	35960083	1785345389.3637334570	results/experiments/toolchain-environment/20260729T171551Z-toolchain-formal01/boots/repetition-01/lower/python310/lib/python3.10/site-packages/pip/_vendor/chardet/__pycache__/resultdict.cpython-310.pyc
f	644	1000	1000	688	64	35957717	1785345367.6101083780	results/experiments/toolchain-environment/20260729T171551Z-toolchain-formal01/boots/repetition-01/lower/python310/lib/python3.10/site-packages/setuptools/_distutils/__pycache__/_msvccompiler.cpython-310.pyc
f	644	1000	1000	6882	64	35956799	1785345363.3010041730	results/experiments/toolchain-environment/20260729T171551Z-toolchain-formal01/boots/repetition-01/lower/python310/lib/python3.10/site-packages/setuptools/_distutils/tests/test_build_py.py
f	644	1000	1000	6882	64	35961463	1785345405.4762809890	results/experiments/toolchain-environment/20260729T171551Z-toolchain-formal01/boots/repetition-01/lower/python312/lib/python3.12/site-packages/pip/_vendor/pygments/sphinxext.py
f	644	1000	1000	6886	64	35957197	1785345364.9735014270	results/experiments/toolchain-environment/20260729T171551Z-toolchain-formal01/boots/repetition-01/lower/python310/lib/python3.10/site-packages/setuptools/command/develop.py
f	644	1000	1000	6889	64	35960917	1785345403.2160228590	results/experiments/toolchain-environment/20260729T171551Z-toolchain-formal01/boots/repetition-01/lower/python312/lib/python3.12/site-packages/pip/_internal/models/direct_url.py
f	644	1000	1000	689	64	35957803	1785345368.9395494520	results/experiments/toolchain-environment/20260729T171551Z-toolchain-formal01/boots/repetition-01/lower/python310/lib/python3.10/site-packages/setuptools/_distutils/__pycache__/cygwinccompiler.cpython-310.pyc
f	644	1000	1000	6895	64	35959577	1785345382.5226098600	results/experiments/toolchain-environment/20260729T171551Z-toolchain-formal01/boots/repetition-01/lower/python310/lib/python3.10/site-packages/pip/_vendor/urllib3/util/ssltransport.py
f	644	1000	1000	6895	64	35961863	1785345407.1251349800	results/experiments/toolchain-environment/20260729T171551Z-toolchain-formal01/boots/repetition-01/lower/python312/lib/python3.12/site-packages/pip/_vendor/urllib3/util/ssltransport.py
f	644	1000	1000	6906	64	35961623	1785345406.1020411880	results/experiments/toolchain-environment/20260729T171551Z-toolchain-formal01/boots/repetition-01/lower/python312/lib/python3.12/site-packages/pip/_vendor/rich/ansi.py
f	644	1000	1000	6911	64	35959127	1785345380.7045766220	results/experiments/toolchain-environment/20260729T171551Z-toolchain-formal01/boots/repetition-01/lower/python310/lib/python3.10/site-packages/pip/_vendor/platformdirs/unix.py
f	644	1000	1000	692	64	35957219	1785345365.0552906430	results/experiments/toolchain-environment/20260729T171551Z-toolchain-formal01/boots/repetition-01/lower/python310/lib/python3.10/site-packages/setuptools/command/saveopts.py
f	644	1000	1000	695	64	35959281	1785345381.2915873540	results/experiments/toolchain-environment/20260729T171551Z-toolchain-formal01/boots/repetition-01/lower/python310/lib/python3.10/site-packages/pip/_vendor/requests/packages.py
f	644	1000	1000	695	64	35961545	1785345405.7757634350	results/experiments/toolchain-environment/20260729T171551Z-toolchain-formal01/boots/repetition-01/lower/python312/lib/python3.12/site-packages/pip/_vendor/requests/packages.py
f	644	1000	1000	6967	64	35962677	1785345420.0836605460	results/experiments/toolchain-environment/20260729T171551Z-toolchain-formal01/boots/repetition-01/lower/python312/lib/python3.12/site-packages/pip/_vendor/resolvelib/__pycache__/providers.cpython-312.pyc
f	644	1000	1000	697	64	35960349	1785345392.9390507350	results/experiments/toolchain-environment/20260729T171551Z-toolchain-formal01/boots/repetition-01/lower/python310/lib/python3.10/site-packages/pip/_vendor/pyproject_hooks/__pycache__/__init__.cpython-310.pyc
f	644	1000	1000	6970	64	35961997	1785345408.8098132770	results/experiments/toolchain-environment/20260729T171551Z-toolchain-formal01/boots/repetition-01/lower/python312/lib/python3.12/site-packages/pip/_internal/locations/__pycache__/_distutils.cpython-312.pyc
f	644	1000	1000	6987	64	35958505	1785345378.4685337150	results/experiments/toolchain-environment/20260729T171551Z-toolchain-formal01/boots/repetition-01/lower/python310/lib/python3.10/site-packages/pip/_internal/pyproject.py
f	644	1000	1000	699	64	35960245	1785345391.4852191120	results/experiments/toolchain-environment/20260729T171551Z-toolchain-formal01/boots/repetition-01/lower/python310/lib/python3.10/site-packages/pip/_vendor/pygments/__pycache__/__main__.cpython-310.pyc
f	644	1000	1000	7	64	35957507	1785345366.2503124730	results/experiments/toolchain-environment/20260729T171551Z-toolchain-formal01/boots/repetition-01/lower/python310/lib/python3.10/site-packages/setuptools/_vendor/jaraco.collections-5.1.0.dist-info/top_level.txt
f	644	1000	1000	7	64	35957521	1785345366.3143136430	results/experiments/toolchain-environment/20260729T171551Z-toolchain-formal01/boots/repetition-01/lower/python310/lib/python3.10/site-packages/setuptools/_vendor/jaraco.context-5.3.0.dist-info/top_level.txt
f	644	1000	1000	7	64	35957535	1785345366.3783568370	results/experiments/toolchain-environment/20260729T171551Z-toolchain-formal01/boots/repetition-01/lower/python310/lib/python3.10/site-packages/setuptools/_vendor/jaraco.functools-4.0.1.dist-info/top_level.txt
f	644	1000	1000	7	64	35957551	1785345366.4473266820	results/experiments/toolchain-environment/20260729T171551Z-toolchain-formal01/boots/repetition-01/lower/python310/lib/python3.10/site-packages/setuptools/_vendor/jaraco.text-3.12.1.dist-info/top_level.txt
f	644	1000	1000	700	64	35962633	1785345419.2364377320	results/experiments/toolchain-environment/20260729T171551Z-toolchain-formal01/boots/repetition-01/lower/python312/lib/python3.12/site-packages/pip/_vendor/requests/__pycache__/__version__.cpython-312.pyc
f	644	1000	1000	7000	64	35962545	1785345417.4894624820	results/experiments/toolchain-environment/20260729T171551Z-toolchain-formal01/boots/repetition-01/lower/python312/lib/python3.12/site-packages/pip/_vendor/pygments/formatters/__pycache__/other.cpython-312.pyc
f	644	1000	1000	7003	64	35960235	1785345391.3767505850	results/experiments/toolchain-environment/20260729T171551Z-toolchain-formal01/boots/repetition-01/lower/python310/lib/python3.10/site-packages/pip/_vendor/platformdirs/__pycache__/unix.cpython-310.pyc
f	644	1000	1000	7009	64	35960117	1785345389.8033337900	results/experiments/toolchain-environment/20260729T171551Z-toolchain-formal01/boots/repetition-01/lower/python310/lib/python3.10/site-packages/pip/_vendor/colorama/tests/__pycache__/initialise_test.cpython-310.pyc
f	644	1000	1000	701	64	35960195	1785345390.8637289960	results/experiments/toolchain-environment/20260729T171551Z-toolchain-formal01/boots/repetition-01/lower/python310/lib/python3.10/site-packages/pip/_vendor/packaging/__pycache__/__about__.cpython-310.pyc
f	644	1000	1000	7022	64	35960529	1785345395.3670624020	results/experiments/toolchain-environment/20260729T171551Z-toolchain-formal01/boots/repetition-01/lower/python310/lib/python3.10/site-packages/pip/_vendor/rich/__pycache__/progress_bar.cpython-310.pyc
f	644	1000	1000	70232	64	35959205	1785345380.9985819970	results/experiments/toolchain-environment/20260729T171551Z-toolchain-formal01/boots/repetition-01/lower/python310/lib/python3.10/site-packages/pip/_vendor/pygments/lexers/_mapping.py
f	644	1000	1000	7025	64	35962471	1785345416.1544287230	results/experiments/toolchain-environment/20260729T171551Z-toolchain-formal01/boots/repetition-01/lower/python312/lib/python3.12/site-packages/pip/_vendor/packaging/__pycache__/_musllinux.cpython-312.pyc
f	644	1000	1000	703	64	35957807	1785345368.9863624600	results/experiments/toolchain-environment/20260729T171551Z-toolchain-formal01/boots/repetition-01/lower/python310/lib/python3.10/site-packages/setuptools/_distutils/__pycache__/dep_util.cpython-310.pyc
f	644	1000	1000	704	64	35959615	1785345382.6676125100	results/experiments/toolchain-environment/20260729T171551Z-toolchain-formal01/boots/repetition-01/lower/python310/lib/python3.10/site-packages/pip/__pycache__/__main__.cpython-310.pyc
f	644	1000	1000	7042	64	35962529	1785345417.0972424740	results/experiments/toolchain-environment/20260729T171551Z-toolchain-formal01/boots/repetition-01/lower/python312/lib/python3.12/site-packages/pip/_vendor/pygments/formatters/__pycache__/__init__.cpython-312.pyc
f	644	1000	1000	7044	64	35958187	1785345374.5163466530	results/experiments/toolchain-environment/20260729T171551Z-toolchain-formal01/boots/repetition-01/lower/python310/lib/python3.10/site-packages/setuptools/_vendor/wheel/vendored/packaging/__pycache__/markers.cpython-310.pyc
f	644	1000	1000	7046	64	35957207	1785345365.0082897840	results/experiments/toolchain-environment/20260729T171551Z-toolchain-formal01/boots/repetition-01/lower/python310/lib/python3.10/site-packages/setuptools/command/install.py
f	644	1000	1000	7061	64	35962477	1785345416.2616844790	results/experiments/toolchain-environment/20260729T171551Z-toolchain-formal01/boots/repetition-01/lower/python312/lib/python3.12/site-packages/pip/_vendor/packaging/__pycache__/requirements.cpython-312.pyc
f	644	1000	1000	7063	64	35959333	1785345381.5075913020	results/experiments/toolchain-environment/20260729T171551Z-toolchain-formal01/boots/repetition-01/lower/python310/lib/python3.10/site-packages/pip/_vendor/rich/_palettes.py
f	644	1000	1000	7063	64	35961599	1785345405.9949389220	results/experiments/toolchain-environment/20260729T171551Z-toolchain-formal01/boots/repetition-01/lower/python312/lib/python3.12/site-packages/pip/_vendor/rich/_palettes.py
f	644	1000	1000	7077	64	35957319	1785345365.4982987350	results/experiments/toolchain-environment/20260729T171551Z-toolchain-formal01/boots/repetition-01/lower/python310/lib/python3.10/site-packages/setuptools/tests/test_dist_info.py
f	644	1000	1000	7079	64	35958413	1785345377.5452652460	results/experiments/toolchain-environment/20260729T171551Z-toolchain-formal01/boots/repetition-01/lower/python310/lib/python3.10/site-packages/setuptools/tests/__pycache__/test_dist.cpython-310.pyc
f	644	1000	1000	7097	64	35959535	1785345382.3676070250	results/experiments/toolchain-environment/20260729T171551Z-toolchain-formal01/boots/repetition-01/lower/python310/lib/python3.10/site-packages/pip/_vendor/urllib3/contrib/socks.py
f	644	1000	1000	7097	64	35961815	1785345406.9057324490	results/experiments/toolchain-environment/20260729T171551Z-toolchain-formal01/boots/repetition-01/lower/python312/lib/python3.12/site-packages/pip/_vendor/urllib3/contrib/socks.py
f	644	1000	1000	71	64	35956483	1785345358.4319856680	results/experiments/toolchain-environment/20260729T171551Z-toolchain-formal01/boots/repetition-01/lower/python310/pyvenv.cfg
f	644	1000	1000	7105	64	35958855	1785345379.6885580490	results/experiments/toolchain-environment/20260729T171551Z-toolchain-formal01/boots/repetition-01/lower/python310/lib/python3.10/site-packages/pip/_vendor/cachecontrol/serialize.py
f	644	1000	1000	7117	64	35962337	1785345413.8464327520	results/experiments/toolchain-environment/20260729T171551Z-toolchain-formal01/boots/repetition-01/lower/python312/lib/python3.12/site-packages/pip/_vendor/chardet/__pycache__/latin1prober.cpython-312.pyc
f	644	1000	1000	7131	64	35959369	1785345381.6715943010	results/experiments/toolchain-environment/20260729T171551Z-toolchain-formal01/boots/repetition-01/lower/python310/lib/python3.10/site-packages/pip/_vendor/rich/columns.py
f	644	1000	1000	7131	64	35961635	1785345406.1612471130	results/experiments/toolchain-environment/20260729T171551Z-toolchain-formal01/boots/repetition-01/lower/python312/lib/python3.12/site-packages/pip/_vendor/rich/columns.py
f	644	1000	1000	7131	64	35962687	1785345420.2476928640	results/experiments/toolchain-environment/20260729T171551Z-toolchain-formal01/boots/repetition-01/lower/python312/lib/python3.12/site-packages/pip/_vendor/rich/__pycache__/__init__.cpython-312.pyc
f	644	1000	1000	7132	64	35961387	1785345405.1684377150	results/experiments/toolchain-environment/20260729T171551Z-toolchain-formal01/boots/repetition-01/lower/python312/lib/python3.12/site-packages/pip/_vendor/platformdirs/api.py
f	644	1000	1000	7134	64	35958991	1785345380.1993849730	results/experiments/toolchain-environment/20260729T171551Z-toolchain-formal01/boots/repetition-01/lower/python310/lib/python3.10/site-packages/pip/_vendor/colorama/winterm.py
f	644	1000	1000	7134	64	35961285	1785345404.7797756040	results/experiments/toolchain-environment/20260729T171551Z-toolchain-formal01/boots/repetition-01/lower/python312/lib/python3.12/site-packages/pip/_vendor/colorama/winterm.py
f	644	1000	1000	7135	64	35958119	1785345373.5674461700	results/experiments/toolchain-environment/20260729T171551Z-toolchain-formal01/boots/repetition-01/lower/python310/lib/python3.10/site-packages/setuptools/_vendor/typeguard/__pycache__/_importhook.cpython-310.pyc
f	644	1000	1000	7152	64	35960991	1785345403.5806510790	results/experiments/toolchain-environment/20260729T171551Z-toolchain-formal01/boots/repetition-01/lower/python312/lib/python3.12/site-packages/pip/_internal/pyproject.py
f	644	1000	1000	716	64	35958783	1785345379.4391814190	results/experiments/toolchain-environment/20260729T171551Z-toolchain-formal01/boots/repetition-01/lower/python310/lib/python3.10/site-packages/pip/_internal/utils/filetypes.py
f	644	1000	1000	716	64	35961069	1785345403.9119759080	results/experiments/toolchain-environment/20260729T171551Z-toolchain-formal01/boots/repetition-01/lower/python312/lib/python3.12/site-packages/pip/_internal/utils/filetypes.py
f	644	1000	1000	7163	64	35962649	1785345419.5863606870	results/experiments/toolchain-environment/20260729T171551Z-toolchain-formal01/boots/repetition-01/lower/python312/lib/python3.12/site-packages/pip/_vendor/requests/__pycache__/exceptions.cpython-312.pyc
f	644	1000	1000	7168	64	35958415	1785345377.5715193510	results/experiments/toolchain-environment/20260729T171551Z-toolchain-formal01/boots/repetition-01/lower/python310/lib/python3.10/site-packages/setuptools/tests/__pycache__/test_dist_info.cpython-310.pyc
f	644	1000	1000	717	64	35960401	1785345393.5872616370	results/experiments/toolchain-environment/20260729T171551Z-toolchain-formal01/boots/repetition-01/lower/python310/lib/python3.10/site-packages/pip/_vendor/resolvelib/__pycache__/__init__.cpython-310.pyc
f	644	1000	1000	7173	64	35961141	1785345404.1935562680	results/experiments/toolchain-environment/20260729T171551Z-toolchain-formal01/boots/repetition-01/lower/python312/lib/python3.12/site-packages/pip/_vendor/cachecontrol/serialize.py
f	644	1000	1000	72050	64	35957959	1785345370.9653986210	results/experiments/toolchain-environment/20260729T171551Z-toolchain-formal01/boots/repetition-01/lower/python310/lib/python3.10/site-packages/setuptools/_vendor/backports/tarfile/__pycache__/__init__.cpython-310.pyc
f	644	1000	1000	7211	64	35961385	1785345405.1606095320	results/experiments/toolchain-environment/20260729T171551Z-toolchain-formal01/boots/repetition-01/lower/python312/lib/python3.12/site-packages/pip/_vendor/platformdirs/android.py
f	644	1000	1000	72281	64	35961451	1785345405.4250287970	results/experiments/toolchain-environment/20260729T171551Z-toolchain-formal01/boots/repetition-01/lower/python312/lib/python3.12/site-packages/pip/_vendor/pygments/lexers/_mapping.py
f	644	1000	1000	7230	64	35959715	1785345384.1664563520	results/experiments/toolchain-environment/20260729T171551Z-toolchain-formal01/boots/repetition-01/lower/python310/lib/python3.10/site-packages/pip/_internal/index/__pycache__/sources.cpython-310.pyc
f	644	1000	1000	7236	64	35956669	1785345362.7741173010	results/experiments/toolchain-environment/20260729T171551Z-toolchain-formal01/boots/repetition-01/lower/python310/lib/python3.10/site-packages/setuptools/_distutils/dir_util.py
f	644	1000	1000	7237	64	35960091	1785345389.4806502470	results/experiments/toolchain-environment/20260729T171551Z-toolchain-formal01/boots/repetition-01/lower/python310/lib/python3.10/site-packages/pip/_vendor/chardet/__pycache__/universaldetector.cpython-310.pyc
f	644	1000	1000	7240	64	35960323	1785345392.5743682430	results/experiments/toolchain-environment/20260729T171551Z-toolchain-formal01/boots/repetition-01/lower/python310/lib/python3.10/site-packages/pip/_vendor/pyparsing/__pycache__/__init__.cpython-310.pyc
f	644	1000	1000	7248	64	35962987	1785345424.8670867410	results/experiments/toolchain-environment/20260729T171551Z-toolchain-formal01/boots/repetition-01/lower/python312/lib/python3.12/site-packages/pip/_vendor/webencodings/__pycache__/labels.cpython-312.pyc
f	644	1000	1000	7250	64	35962787	1785345422.0443330710	results/experiments/toolchain-environment/20260729T171551Z-toolchain-formal01/boots/repetition-01/lower/python312/lib/python3.12/site-packages/pip/_vendor/rich/__pycache__/padding.cpython-312.pyc
f	644	1000	1000	726	64	35956641	1785345362.6835785500	results/experiments/toolchain-environment/20260729T171551Z-toolchain-formal01/boots/repetition-01/lower/python310/lib/python3.10/site-packages/setuptools/windows_support.py
f	644	1000	1000	7272	64	35958113	1785345373.4704443970	results/experiments/toolchain-environment/20260729T171551Z-toolchain-formal01/boots/repetition-01/lower/python310/lib/python3.10/site-packages/setuptools/_vendor/typeguard/__pycache__/_decorators.cpython-310.pyc
f	644	1000	1000	7274	64	35960415	1785345393.7594190120	results/experiments/toolchain-environment/20260729T171551Z-toolchain-formal01/boots/repetition-01/lower/python310/lib/python3.10/site-packages/pip/_vendor/resolvelib/__pycache__/structs.cpython-310.pyc
f	644	1000	1000	728	64	35959727	1785345384.3101963650	results/experiments/toolchain-environment/20260729T171551Z-toolchain-formal01/boots/repetition-01/lower/python310/lib/python3.10/site-packages/pip/_internal/__pycache__/main.cpython-310.pyc
f	644	1000	1000	729	64	35958581	1785345378.7366822890	results/experiments/toolchain-environment/20260729T171551Z-toolchain-formal01/boots/repetition-01/lower/python310/lib/python3.10/site-packages/pip/_internal/distributions/installed.py
f	644	1000	1000	729	64	35962617	1785345418.9684860020	results/experiments/toolchain-environment/20260729T171551Z-toolchain-formal01/boots/repetition-01/lower/python312/lib/python3.12/site-packages/pip/_vendor/pyproject_hooks/__pycache__/__init__.cpython-312.pyc
f	644	1000	1000	7290	64	35960325	1785345392.6042659420	results/experiments/toolchain-environment/20260729T171551Z-toolchain-formal01/boots/repetition-01/lower/python310/lib/python3.10/site-packages/pip/_vendor/pyparsing/__pycache__/actions.cpython-310.pyc
f	644	1000	1000	7294	64	35960421	1785345393.8145611890	results/experiments/toolchain-environment/20260729T171551Z-toolchain-formal01/boots/repetition-01/lower/python310/lib/python3.10/site-packages/pip/_vendor/rich/__pycache__/__main__.cpython-310.pyc
f	644	1000	1000	7297	64	35962339	1785345413.8861836810	results/experiments/toolchain-environment/20260729T171551Z-toolchain-formal01/boots/repetition-01/lower/python312/lib/python3.12/site-packages/pip/_vendor/chardet/__pycache__/macromanprober.cpython-312.pyc
f	644	1000	1000	732	64	35957837	1785345369.3375954290	results/experiments/toolchain-environment/20260729T171551Z-toolchain-formal01/boots/repetition-01/lower/python310/lib/python3.10/site-packages/setuptools/_distutils/tests/compat/__pycache__/py39.cpython-310.pyc
f	644	1000	1000	7320	64	35957719	1785345367.6403378680	results/experiments/toolchain-environment/20260729T171551Z-toolchain-formal01/boots/repetition-01/lower/python310/lib/python3.10/site-packages/setuptools/_distutils/__pycache__/archive_util.cpython-310.pyc
f	644	1000	1000	7320	64	35962639	1785345419.3602839160	results/experiments/toolchain-environment/20260729T171551Z-toolchain-formal01/boots/repetition-01/lower/python312/lib/python3.12/site-packages/pip/_vendor/requests/__pycache__/api.cpython-312.pyc
f	644	1000	1000	733	64	35959277	1785345381.2715869880	results/experiments/toolchain-environment/20260729T171551Z-toolchain-formal01/boots/repetition-01/lower/python310/lib/python3.10/site-packages/pip/_vendor/requests/hooks.py
f	644	1000	1000	733	64	35961541	1785345405.7591822290	results/experiments/toolchain-environment/20260729T171551Z-toolchain-formal01/boots/repetition-01/lower/python312/lib/python3.12/site-packages/pip/_vendor/requests/hooks.py
f	644	1000	1000	7332	64	35962117	1785345410.6013508780	results/experiments/toolchain-environment/20260729T171551Z-toolchain-formal01/boots/repetition-01/lower/python312/lib/python3.12/site-packages/pip/_internal/req/__pycache__/req_set.cpython-312.pyc
f	644	1000	1000	7333	64	35957801	1785345368.9161295530	results/experiments/toolchain-environment/20260729T171551Z-toolchain-formal01/boots/repetition-01/lower/python310/lib/python3.10/site-packages/setuptools/_distutils/__pycache__/core.cpython-310.pyc
f	644	1000	1000	7335	64	35959195	1785345380.9675814300	results/experiments/toolchain-environment/20260729T171551Z-toolchain-formal01/boots/repetition-01/lower/python310/lib/python3.10/site-packages/pip/_vendor/pygments/formatters/svg.py
f	644	1000	1000	7335	64	35961439	1785345405.3772184690	results/experiments/toolchain-environment/20260729T171551Z-toolchain-formal01/boots/repetition-01/lower/python312/lib/python3.12/site-packages/pip/_vendor/pygments/formatters/svg.py
f	644	1000	1000	734	64	35962879	1785345423.3863576510	results/experiments/toolchain-environment/20260729T171551Z-toolchain-formal01/boots/repetition-01/lower/python312/lib/python3.12/site-packages/pip/_vendor/truststore/__pycache__/__init__.cpython-312.pyc
f	644	1000	1000	7356	64	35956579	1785345362.4872437340	results/experiments/toolchain-environment/20260729T171551Z-toolchain-formal01/boots/repetition-01/lower/python310/lib/python3.10/site-packages/setuptools/archive_util.py
f	644	1000	1000	7374	64	35957221	1785345365.0646149820	results/experiments/toolchain-environment/20260729T171551Z-toolchain-formal01/boots/repetition-01/lower/python310/lib/python3.10/site-packages/setuptools/command/sdist.py
f	644	1000	1000	7374	64	35957809	1785345369.0109603950	results/experiments/toolchain-environment/20260729T171551Z-toolchain-formal01/boots/repetition-01/lower/python310/lib/python3.10/site-packages/setuptools/_distutils/__pycache__/dir_util.cpython-310.pyc
f	644	1000	1000	738	64	35958643	1785345378.9435444300	results/experiments/toolchain-environment/20260729T171551Z-toolchain-formal01/boots/repetition-01/lower/python310/lib/python3.10/site-packages/pip/_internal/models/scheme.py
f	644	1000	1000	738	64	35960927	1785345403.2712474720	results/experiments/toolchain-environment/20260729T171551Z-toolchain-formal01/boots/repetition-01/lower/python312/lib/python3.12/site-packages/pip/_internal/models/scheme.py
f	644	1000	1000	7380	64	35962535	1785345417.2392450750	results/experiments/toolchain-environment/20260729T171551Z-toolchain-formal01/boots/repetition-01/lower/python312/lib/python3.12/site-packages/pip/_vendor/pygments/formatters/__pycache__/groff.cpython-312.pyc
f	644	1000	1000	7396	64	35958573	1785345378.7135402260	results/experiments/toolchain-environment/20260729T171551Z-toolchain-formal01/boots/repetition-01/lower/python310/lib/python3.10/site-packages/pip/_internal/commands/wheel.py
f	644	1000	1000	7410	64	35962951	1785345424.3623755290	results/experiments/toolchain-environment/20260729T171551Z-toolchain-formal01/boots/repetition-01/lower/python312/lib/python3.12/site-packages/pip/_vendor/urllib3/__pycache__/request.cpython-312.pyc
f	644	1000	1000	7411	64	35960199	1785345390.9174307900	results/experiments/toolchain-environment/20260729T171551Z-toolchain-formal01/boots/repetition-01/lower/python310/lib/python3.10/site-packages/pip/_vendor/packaging/__pycache__/_manylinux.cpython-310.pyc
f	644	1000	1000	74198	64	35957999	1785345371.5484092740	results/experiments/toolchain-environment/20260729T171551Z-toolchain-formal01/boots/repetition-01/lower/python310/lib/python3.10/site-packages/setuptools/_vendor/inflect/__pycache__/__init__.cpython-310.pyc
f	644	1000	1000	742	64	35959613	1785345382.6464305240	results/experiments/toolchain-environment/20260729T171551Z-toolchain-formal01/boots/repetition-01/lower/python310/lib/python3.10/site-packages/pip/__pycache__/__init__.cpython-310.pyc
f	644	1000	1000	7425	64	35959929	1785345387.0906933850	results/experiments/toolchain-environment/20260729T171551Z-toolchain-formal01/boots/repetition-01/lower/python310/lib/python3.10/site-packages/pip/_internal/utils/__pycache__/temp_dir.cpython-310.pyc
f	644	1000	1000	743	64	35956899	1785345363.6895747810	results/experiments/toolchain-environment/20260729T171551Z-toolchain-formal01/boots/repetition-01/lower/python310/lib/python3.10/site-packages/setuptools/_vendor/importlib_metadata/_collections.py
f	644	1000	1000	7445	64	35960569	1785345395.9563725710	results/experiments/toolchain-environment/20260729T171551Z-toolchain-formal01/boots/repetition-01/lower/python310/lib/python3.10/site-packages/pip/_vendor/rich/__pycache__/tree.cpython-310.pyc
f	644	1000	1000	7447	64	35962945	1785345424.2655233730	results/experiments/toolchain-environment/20260729T171551Z-toolchain-formal01/boots/repetition-01/lower/python312/lib/python3.12/site-packages/pip/_vendor/urllib3/packages/backports/__pycache__/weakref_finalize.cpython-312.pyc
f	644	1000	1000	745	64	35962465	1785345416.0389149730	results/experiments/toolchain-environment/20260729T171551Z-toolchain-formal01/boots/repetition-01/lower/python312/lib/python3.12/site-packages/pip/_vendor/packaging/__pycache__/__about__.cpython-312.pyc
f	644	1000	1000	7456	64	35960907	1785345403.1723974720	results/experiments/toolchain-environment/20260729T171551Z-toolchain-formal01/boots/repetition-01/lower/python312/lib/python3.12/site-packages/pip/_internal/metadata/importlib/_envs.py
f	644	1000	1000	7457	64	35958625	1785345378.8811760320	results/experiments/toolchain-environment/20260729T171551Z-toolchain-formal01/boots/repetition-01/lower/python310/lib/python3.10/site-packages/pip/_internal/metadata/importlib/_envs.py
f	644	1000	1000	747	64	35962353	1785345414.1431883860	results/experiments/toolchain-environment/20260729T171551Z-toolchain-formal01/boots/repetition-01/lower/python312/lib/python3.12/site-packages/pip/_vendor/chardet/__pycache__/resultdict.cpython-312.pyc
f	644	1000	1000	75	64	35958995	1785345380.2085005880	results/experiments/toolchain-environment/20260729T171551Z-toolchain-formal01/boots/repetition-01/lower/python310/lib/python3.10/site-packages/pip/_vendor/colorama/tests/__init__.py
f	644	1000	1000	75	64	35961269	1785345404.7061962160	results/experiments/toolchain-environment/20260729T171551Z-toolchain-formal01/boots/repetition-01/lower/python312/lib/python3.12/site-packages/pip/_vendor/colorama/tests/__init__.py
f	644	1000	1000	750	64	35962669	1785345419.9485120380	results/experiments/toolchain-environment/20260729T171551Z-toolchain-formal01/boots/repetition-01/lower/python312/lib/python3.12/site-packages/pip/_vendor/resolvelib/__pycache__/__init__.cpython-312.pyc
f	644	1000	1000	751	64	35960443	1785345394.1444924560	results/experiments/toolchain-environment/20260729T171551Z-toolchain-formal01/boots/repetition-01/lower/python310/lib/python3.10/site-packages/pip/_vendor/rich/__pycache__/_pick.cpython-310.pyc
f	644	1000	1000	7510	64	35960691	1785345397.6479511950	results/experiments/toolchain-environment/20260729T171551Z-toolchain-formal01/boots/repetition-01/lower/python310/lib/python3.10/site-packages/pip/_vendor/urllib3/util/__pycache__/ssltransport.cpython-310.pyc
f	644	1000	1000	75194	64	35962797	1785345422.2293364600	results/experiments/toolchain-environment/20260729T171551Z-toolchain-formal01/boots/repetition-01/lower/python312/lib/python3.12/site-packages/pip/_vendor/rich/__pycache__/progress.cpython-312.pyc
f	644	1000	1000	7527	64	35959755	1785345384.6394781690	results/experiments/toolchain-environment/20260729T171551Z-toolchain-formal01/boots/repetition-01/lower/python310/lib/python3.10/site-packages/pip/_internal/models/__pycache__/direct_url.cpython-310.pyc
f	644	1000	1000	7529	64	35958083	1785345373.0306116790	results/experiments/toolchain-environment/20260729T171551Z-toolchain-formal01/boots/repetition-01/lower/python310/lib/python3.10/site-packages/setuptools/_vendor/platformdirs/__pycache__/android.cpython-310.pyc
f	644	1000	1000	753	64	35957721	1785345367.6693383980	results/experiments/toolchain-environment/20260729T171551Z-toolchain-formal01/boots/repetition-01/lower/python310/lib/python3.10/site-packages/setuptools/_distutils/__pycache__/ccompiler.cpython-310.pyc
f	644	1000	1000	753	64	35959961	1785345387.4955476840	results/experiments/toolchain-environment/20260729T171551Z-toolchain-formal01/boots/repetition-01/lower/python310/lib/python3.10/site-packages/pip/_vendor/cachecontrol/__pycache__/__init__.cpython-310.pyc
f	644	1000	1000	7539	64	35960523	1785345395.2728816610	results/experiments/toolchain-environment/20260729T171551Z-toolchain-formal01/boots/repetition-01/lower/python310/lib/python3.10/site-packages/pip/_vendor/rich/__pycache__/panel.cpython-310.pyc
f	644	1000	1000	754	64	35958425	1785345377.7186565920	results/experiments/toolchain-environment/20260729T171551Z-toolchain-formal01/boots/repetition-01/lower/python310/lib/python3.10/site-packages/setuptools/tests/__pycache__/test_extern.cpython-310.pyc
f	644	1000	1000	7543	64	35957879	1785345369.9374413830	results/experiments/toolchain-environment/20260729T171551Z-toolchain-formal01/boots/repetition-01/lower/python310/lib/python3.10/site-packages/setuptools/_distutils/tests/__pycache__/test_install.cpython-310.pyc
f	644	1000	1000	7550	64	35959479	1785345382.1666728780	results/experiments/toolchain-environment/20260729T171551Z-toolchain-formal01/boots/repetition-01/lower/python310/lib/python3.10/site-packages/pip/_vendor/tenacity/retry.py
f	644	1000	1000	7563	64	35958461	1785345378.1901630350	results/experiments/toolchain-environment/20260729T171551Z-toolchain-formal01/boots/repetition-01/lower/python310/lib/python3.10/site-packages/setuptools/tests/__pycache__/test_windows_wrappers.cpython-310.pyc
f	644	1000	1000	7569	64	35962181	1785345411.5184296210	results/experiments/toolchain-environment/20260729T171551Z-toolchain-formal01/boots/repetition-01/lower/python312/lib/python3.12/site-packages/pip/_internal/utils/__pycache__/filesystem.cpython-312.pyc
f	644	1000	1000	75738	64	35958481	1785345378.3805341390	results/experiments/toolchain-environment/20260729T171551Z-toolchain-formal01/boots/repetition-01/lower/python310/lib/python3.10/site-packages/setuptools-79.0.1.dist-info/RECORD
f	644	1000	1000	7576	64	35959875	1785345386.2824448570	results/experiments/toolchain-environment/20260729T171551Z-toolchain-formal01/boots/repetition-01/lower/python310/lib/python3.10/site-packages/pip/_internal/resolution/resolvelib/__pycache__/requirements.cpython-310.pyc
f	644	1000	1000	7582	64	35958541	1785345378.5902052870	results/experiments/toolchain-environment/20260729T171551Z-toolchain-formal01/boots/repetition-01/lower/python310/lib/python3.10/site-packages/pip/_internal/commands/cache.py
f	644	1000	1000	760	64	35962263	1785345412.5964446170	results/experiments/toolchain-environment/20260729T171551Z-toolchain-formal01/boots/repetition-01/lower/python312/lib/python3.12/site-packages/pip/_vendor/certifi/__pycache__/__main__.cpython-312.pyc
f	644	1000	1000	7627	64	35962927	1785345424.0472837480	results/experiments/toolchain-environment/20260729T171551Z-toolchain-formal01/boots/repetition-01/lower/python312/lib/python3.12/site-packages/pip/_vendor/urllib3/contrib/__pycache__/socks.cpython-312.pyc
f	644	1000	1000	7634	64	35957437	1785345365.9471549440	results/experiments/toolchain-environment/20260729T171551Z-toolchain-formal01/boots/repetition-01/lower/python310/lib/python3.10/site-packages/setuptools/_vendor/autocommand-2.2.2.dist-info/LICENSE
f	644	1000	1000	7638	64	35958663	1785345379.0133831410	results/experiments/toolchain-environment/20260729T171551Z-toolchain-formal01/boots/repetition-01/lower/python310/lib/python3.10/site-packages/pip/_internal/network/lazy_wheel.py
f	644	1000	1000	7638	64	35960947	1785345403.3705669540	results/experiments/toolchain-environment/20260729T171551Z-toolchain-formal01/boots/repetition-01/lower/python312/lib/python3.12/site-packages/pip/_internal/network/lazy_wheel.py
f	644	1000	1000	7665	64	35962187	1785345411.6110648760	results/experiments/toolchain-environment/20260729T171551Z-toolchain-formal01/boots/repetition-01/lower/python312/lib/python3.12/site-packages/pip/_internal/utils/__pycache__/hashes.cpython-312.pyc
f	644	1000	1000	7680	64	35958603	1785345378.8055419070	results/experiments/toolchain-environment/20260729T171551Z-toolchain-formal01/boots/repetition-01/lower/python310/lib/python3.10/site-packages/pip/_internal/locations/_sysconfig.py
f	644	1000	1000	7680	64	35960885	1785345403.0710927240	results/experiments/toolchain-environment/20260729T171551Z-toolchain-formal01/boots/repetition-01/lower/python312/lib/python3.12/site-packages/pip/_internal/locations/_sysconfig.py
f	644	1000	1000	7693	64	35962091	1785345410.2362992130	results/experiments/toolchain-environment/20260729T171551Z-toolchain-formal01/boots/repetition-01/lower/python312/lib/python3.12/site-packages/pip/_internal/operations/__pycache__/check.cpython-312.pyc
f	644	1000	1000	7702	64	35958803	1785345379.5145548680	results/experiments/toolchain-environment/20260729T171551Z-toolchain-formal01/boots/repetition-01/lower/python310/lib/python3.10/site-packages/pip/_internal/utils/temp_dir.py
f	644	1000	1000	7703	64	35961943	1785345408.0423727250	results/experiments/toolchain-environment/20260729T171551Z-toolchain-formal01/boots/repetition-01/lower/python312/lib/python3.12/site-packages/pip/_internal/commands/__pycache__/download.cpython-312.pyc
f	644	1000	1000	771	64	35960221	1785345391.2108955360	results/experiments/toolchain-environment/20260729T171551Z-toolchain-formal01/boots/repetition-01/lower/python310/lib/python3.10/site-packages/pip/_vendor/pkg_resources/__pycache__/py31compat.cpython-310.pyc
f	644	1000	1000	77103	64	35962325	1785345413.5551776210	results/experiments/toolchain-environment/20260729T171551Z-toolchain-formal01/boots/repetition-01/lower/python312/lib/python3.12/site-packages/pip/_vendor/chardet/__pycache__/langgreekmodel.cpython-312.pyc
f	644	1000	1000	77163	64	35960721	1785345397.9618922320	results/experiments/toolchain-environment/20260729T171551Z-toolchain-formal01/boots/repetition-01/lower/python310/lib/python3.10/site-packages/pip-23.0.1.dist-info/RECORD
f	644	1000	1000	7726	64	35962219	1785345412.0739029700	results/experiments/toolchain-environment/20260729T171551Z-toolchain-formal01/boots/repetition-01/lower/python312/lib/python3.12/site-packages/pip/_internal/vcs/__pycache__/mercurial.cpython-312.pyc
f	644	1000	1000	77316	64	35963005	1785345424.9983871790	results/experiments/toolchain-environment/20260729T171551Z-toolchain-formal01/boots/repetition-01/lower/python312/lib/python3.12/site-packages/pip-24.0.dist-info/RECORD
f	644	1000	1000	7735	64	35961959	1785345408.2922323560	results/experiments/toolchain-environment/20260729T171551Z-toolchain-formal01/boots/repetition-01/lower/python312/lib/python3.12/site-packages/pip/_internal/commands/__pycache__/search.cpython-312.pyc
f	644	1000	1000	774	64	35958521	1785345378.5216806900	results/experiments/toolchain-environment/20260729T171551Z-toolchain-formal01/boots/repetition-01/lower/python310/lib/python3.10/site-packages/pip/_internal/cli/command_context.py
f	644	1000	1000	774	64	35958857	1785345379.6963668990	results/experiments/toolchain-environment/20260729T171551Z-toolchain-formal01/boots/repetition-01/lower/python310/lib/python3.10/site-packages/pip/_vendor/cachecontrol/wrapper.py
f	644	1000	1000	774	64	35960799	1785345402.6397048030	results/experiments/toolchain-environment/20260729T171551Z-toolchain-formal01/boots/repetition-01/lower/python312/lib/python3.12/site-packages/pip/_internal/cli/command_context.py
f	644	1000	1000	775	64	35957293	1785345365.3785950000	results/experiments/toolchain-environment/20260729T171551Z-toolchain-formal01/boots/repetition-01/lower/python310/lib/python3.10/site-packages/setuptools/tests/test_bdist_deprecations.py
f	644	1000	1000	77614	64	35962327	1785345413.6011784630	results/experiments/toolchain-environment/20260729T171551Z-toolchain-formal01/boots/repetition-01/lower/python312/lib/python3.12/site-packages/pip/_vendor/chardet/__pycache__/langhebrewmodel.cpython-312.pyc
f	644	1000	1000	77631	64	35962335	1785345413.8061822160	results/experiments/toolchain-environment/20260729T171551Z-toolchain-formal01/boots/repetition-01/lower/python312/lib/python3.12/site-packages/pip/_vendor/chardet/__pycache__/langturkishmodel.cpython-312.pyc
f	644	1000	1000	7777	64	35956715	1785345362.9443954960	results/experiments/toolchain-environment/20260729T171551Z-toolchain-formal01/boots/repetition-01/lower/python310/lib/python3.10/site-packages/setuptools/_distutils/command/build_clib.py
f	644	1000	1000	77792	64	35962333	1785345413.7551812830	results/experiments/toolchain-environment/20260729T171551Z-toolchain-formal01/boots/repetition-01/lower/python312/lib/python3.12/site-packages/pip/_vendor/chardet/__pycache__/langthaimodel.cpython-312.pyc
f	644	1000	1000	778	64	35958141	1785345373.8801799720	results/experiments/toolchain-environment/20260729T171551Z-toolchain-formal01/boots/repetition-01/lower/python310/lib/python3.10/site-packages/setuptools/_vendor/wheel/__pycache__/__main__.cpython-310.pyc
f	644	1000	1000	778	64	35958847	1785345379.6585837760	results/experiments/toolchain-environment/20260729T171551Z-toolchain-formal01/boots/repetition-01/lower/python310/lib/python3.10/site-packages/pip/_vendor/cachecontrol/compat.py
f	644	1000	1000	7792	64	35957815	1785345369.0945593880	results/experiments/toolchain-environment/20260729T171551Z-toolchain-formal01/boots/repetition-01/lower/python310/lib/python3.10/site-packages/setuptools/_distutils/__pycache__/extension.cpython-310.pyc
f	644	1000	1000	7797	64	35962413	1785345415.2091046450	results/experiments/toolchain-environment/20260729T171551Z-toolchain-formal01/boots/repetition-01/lower/python312/lib/python3.12/site-packages/pip/_vendor/distlib/__pycache__/markers.cpython-312.pyc
f	644	1000	1000	781	64	35957099	1785345364.5132807420	results/experiments/toolchain-environment/20260729T171551Z-toolchain-formal01/boots/repetition-01/lower/python310/lib/python3.10/site-packages/setuptools/_vendor/wheel/_setuptools_logging.py
f	644	1000	1000	7814	64	35959745	1785345384.5246464630	results/experiments/toolchain-environment/20260729T171551Z-toolchain-formal01/boots/repetition-01/lower/python310/lib/python3.10/site-packages/pip/_internal/metadata/importlib/__pycache__/_envs.cpython-310.pyc
f	644	1000	1000	7819	64	35957331	1785345365.5556160300	results/experiments/toolchain-environment/20260729T171551Z-toolchain-formal01/boots/repetition-01/lower/python310/lib/python3.10/site-packages/setuptools/tests/test_find_packages.py
f	644	1000	1000	7819	64	35959871	1785345386.2173506730	results/experiments/toolchain-environment/20260729T171551Z-toolchain-formal01/boots/repetition-01/lower/python310/lib/python3.10/site-packages/pip/_internal/resolution/resolvelib/__pycache__/provider.cpython-310.pyc
f	644	1000	1000	7825	64	35962245	1785345412.3604621680	results/experiments/toolchain-environment/20260729T171551Z-toolchain-formal01/boots/repetition-01/lower/python312/lib/python3.12/site-packages/pip/_vendor/cachecontrol/caches/__pycache__/file_cache.cpython-312.pyc
f	644	1000	1000	7833	64	35958117	1785345373.5365260250	results/experiments/toolchain-environment/20260729T171551Z-toolchain-formal01/boots/repetition-01/lower/python310/lib/python3.10/site-packages/setuptools/_vendor/typeguard/__pycache__/_functions.cpython-310.pyc
f	644	1000	1000	78344	64	35961333	1785345404.9700204700	results/experiments/toolchain-environment/20260729T171551Z-toolchain-formal01/boots/repetition-01/lower/python312/lib/python3.12/site-packages/pip/_vendor/idna/idnadata.py
f	644	1000	1000	784	64	35962003	1785345408.9070458940	results/experiments/toolchain-environment/20260729T171551Z-toolchain-formal01/boots/repetition-01/lower/python312/lib/python3.12/site-packages/pip/_internal/__pycache__/main.cpython-312.pyc
f	644	1000	1000	7842	64	35958517	1785345378.5055157080	results/experiments/toolchain-environment/20260729T171551Z-toolchain-formal01/boots/repetition-01/lower/python310/lib/python3.10/site-packages/pip/_internal/cli/base_command.py
f	644	1000	1000	7881	64	35957365	1785345365.7060911740	results/experiments/toolchain-environment/20260729T171551Z-toolchain-formal01/boots/repetition-01/lower/python310/lib/python3.10/site-packages/setuptools/tests/test_windows_wrappers.py
f	644	1000	1000	790	64	35957233	1785345365.1103730220	results/experiments/toolchain-environment/20260729T171551Z-toolchain-formal01/boots/repetition-01/lower/python310/lib/python3.10/site-packages/setuptools/compat/py311.py
f	644	1000	1000	7914	64	35958473	1785345378.3225330790	results/experiments/toolchain-environment/20260729T171551Z-toolchain-formal01/boots/repetition-01/lower/python310/lib/python3.10/site-packages/setuptools/__pycache__/wheel.cpython-310.pyc
f	644	1000	1000	7925	64	35960423	1785345393.8430618170	results/experiments/toolchain-environment/20260729T171551Z-toolchain-formal01/boots/repetition-01/lower/python310/lib/python3.10/site-packages/pip/_vendor/rich/__pycache__/_cell_widths.cpython-310.pyc
f	644	1000	1000	7934	64	35958357	1785345376.8194083590	results/experiments/toolchain-environment/20260729T171551Z-toolchain-formal01/boots/repetition-01/lower/python310/lib/python3.10/site-packages/setuptools/tests/config/__pycache__/test_expand.cpython-310.pyc
f	644	1000	1000	7937	64	35962077	1785345410.0001125380	results/experiments/toolchain-environment/20260729T171551Z-toolchain-formal01/boots/repetition-01/lower/python312/lib/python3.12/site-packages/pip/_internal/operations/build/__pycache__/build_tracker.cpython-312.pyc
f	644	1000	1000	7937	64	35962691	1785345420.3283562800	results/experiments/toolchain-environment/20260729T171551Z-toolchain-formal01/boots/repetition-01/lower/python312/lib/python3.12/site-packages/pip/_vendor/rich/__pycache__/_cell_widths.cpython-312.pyc
f	644	1000	1000	7944	64	35960819	1785345402.7280599520	results/experiments/toolchain-environment/20260729T171551Z-toolchain-formal01/boots/repetition-01/lower/python312/lib/python3.12/site-packages/pip/_internal/commands/cache.py
f	644	1000	1000	795	64	35958789	1785345379.4616120340	results/experiments/toolchain-environment/20260729T171551Z-toolchain-formal01/boots/repetition-01/lower/python310/lib/python3.10/site-packages/pip/_internal/utils/inject_securetransport.py
f	644	1000	1000	795	64	35962169	1785345411.3371365220	results/experiments/toolchain-environment/20260729T171551Z-toolchain-formal01/boots/repetition-01/lower/python312/lib/python3.12/site-packages/pip/_internal/utils/__pycache__/datetime.cpython-312.pyc
f	644	1000	1000	7954	64	35959379	1785345381.7235952520	results/experiments/toolchain-environment/20260729T171551Z-toolchain-formal01/boots/repetition-01/lower/python310/lib/python3.10/site-packages/pip/_vendor/rich/default_styles.py
f	644	1000	1000	7954	64	35961925	1785345407.7813648210	results/experiments/toolchain-environment/20260729T171551Z-toolchain-formal01/boots/repetition-01/lower/python312/lib/python3.12/site-packages/pip/_internal/cli/__pycache__/spinners.cpython-312.pyc
f	644	1000	1000	7978	64	35956679	1785345362.8105515960	results/experiments/toolchain-environment/20260729T171551Z-toolchain-formal01/boots/repetition-01/lower/python310/lib/python3.10/site-packages/setuptools/_distutils/file_util.py
f	644	1000	1000	798	64	35957299	1785345365.4052970370	results/experiments/toolchain-environment/20260729T171551Z-toolchain-formal01/boots/repetition-01/lower/python310/lib/python3.10/site-packages/setuptools/tests/test_build.py
f	644	1000	1000	798	64	35959987	1785345387.8777536670	results/experiments/toolchain-environment/20260729T171551Z-toolchain-formal01/boots/repetition-01/lower/python310/lib/python3.10/site-packages/pip/_vendor/cachecontrol/__pycache__/wrapper.cpython-310.pyc
f	644	1000	1000	798	64	35960451	1785345394.2565877330	results/experiments/toolchain-environment/20260729T171551Z-toolchain-formal01/boots/repetition-01/lower/python310/lib/python3.10/site-packages/pip/_vendor/rich/__pycache__/_timer.cpython-310.pyc
f	644	1000	1000	7988	64	35956845	1785345363.5002622370	results/experiments/toolchain-environment/20260729T171551Z-toolchain-formal01/boots/repetition-01/lower/python310/lib/python3.10/site-packages/setuptools/_distutils/tests/test_util.py
f	644	1000	1000	799	64	35958027	1785345372.0314181000	results/experiments/toolchain-environment/20260729T171551Z-toolchain-formal01/boots/repetition-01/lower/python310/lib/python3.10/site-packages/setuptools/_vendor/jaraco/text/__pycache__/strip-prefix.cpython-310.pyc
f	644	1000	1000	799	64	35958353	1785345376.7580556780	results/experiments/toolchain-environment/20260729T171551Z-toolchain-formal01/boots/repetition-01/lower/python310/lib/python3.10/site-packages/setuptools/tests/config/downloads/__pycache__/preload.cpython-310.pyc
f	644	1000	1000	799	64	35961589	1785345405.9542344760	results/experiments/toolchain-environment/20260729T171551Z-toolchain-formal01/boots/repetition-01/lower/python312/lib/python3.12/site-packages/pip/_vendor/rich/_fileno.py
f	644	1000	1000	799	64	35961889	1785345407.2698021870	results/experiments/toolchain-environment/20260729T171551Z-toolchain-formal01/boots/repetition-01/lower/python312/lib/python3.12/site-packages/pip/__pycache__/__init__.cpython-312.pyc
f	644	1000	1000	8	64	35957491	1785345366.1804967200	results/experiments/toolchain-environment/20260729T171551Z-toolchain-formal01/boots/repetition-01/lower/python310/lib/python3.10/site-packages/setuptools/_vendor/inflect-7.3.1.dist-info/top_level.txt
f	644	1000	1000	8002	64	35958063	1785345372.6784281130	results/experiments/toolchain-environment/20260729T171551Z-toolchain-formal01/boots/repetition-01/lower/python310/lib/python3.10/site-packages/setuptools/_vendor/packaging/__pycache__/markers.cpython-310.pyc
f	644	1000	1000	8011	64	35959485	1785345382.1912102100	results/experiments/toolchain-environment/20260729T171551Z-toolchain-formal01/boots/repetition-01/lower/python310/lib/python3.10/site-packages/pip/_vendor/tenacity/wait.py
f	644	1000	1000	80114	64	35958833	1785345379.6135566780	results/experiments/toolchain-environment/20260729T171551Z-toolchain-formal01/boots/repetition-01/lower/python310/lib/python3.10/site-packages/pip/_vendor/typing_extensions.py
f	644	1000	1000	8024	64	35961753	1785345406.6642791330	results/experiments/toolchain-environment/20260729T171551Z-toolchain-formal01/boots/repetition-01/lower/python312/lib/python3.12/site-packages/pip/_vendor/tenacity/wait.py
f	644	1000	1000	8027	64	35962591	1785345418.4174175730	results/experiments/toolchain-environment/20260729T171551Z-toolchain-formal01/boots/repetition-01/lower/python312/lib/python3.12/site-packages/pip/_vendor/pyparsing/__pycache__/__init__.cpython-312.pyc
f	644	1000	1000	803	64	35957177	1785345364.8902876280	results/experiments/toolchain-environment/20260729T171551Z-toolchain-formal01/boots/repetition-01/lower/python310/lib/python3.10/site-packages/setuptools/command/__init__.py
f	644	1000	1000	8033	64	35957901	1785345370.2401711080	results/experiments/toolchain-environment/20260729T171551Z-toolchain-formal01/boots/repetition-01/lower/python310/lib/python3.10/site-packages/setuptools/_distutils/tests/__pycache__/test_util.cpython-310.pyc
f	644	1000	1000	806	64	35960019	1785345388.3062935220	results/experiments/toolchain-environment/20260729T171551Z-toolchain-formal01/boots/repetition-01/lower/python310/lib/python3.10/site-packages/pip/_vendor/chardet/__pycache__/codingstatemachinedict.cpython-310.pyc
f	644	1000	1000	8060	64	35960463	1785345394.4273283910	results/experiments/toolchain-environment/20260729T171551Z-toolchain-formal01/boots/repetition-01/lower/python310/lib/python3.10/site-packages/pip/_vendor/rich/__pycache__/align.cpython-310.pyc
f	644	1000	1000	8082	64	35961645	1785345406.2060200170	results/experiments/toolchain-environment/20260729T171551Z-toolchain-formal01/boots/repetition-01/lower/python312/lib/python3.12/site-packages/pip/_vendor/rich/default_styles.py
f	644	1000	1000	81	64	35956879	1785345363.6193892920	results/experiments/toolchain-environment/20260729T171551Z-toolchain-formal01/boots/repetition-01/lower/python310/lib/python3.10/site-packages/setuptools/_vendor/backports/__init__.py
f	644	1000	1000	81	64	35957565	1785345366.5053688310	results/experiments/toolchain-environment/20260729T171551Z-toolchain-formal01/boots/repetition-01/lower/python310/lib/python3.10/site-packages/setuptools/_vendor/more_itertools-10.3.0.dist-info/WHEEL
f	644	1000	1000	81	64	35957607	1785345366.6973206390	results/experiments/toolchain-environment/20260729T171551Z-toolchain-formal01/boots/repetition-01/lower/python310/lib/python3.10/site-packages/setuptools/_vendor/tomli-2.0.1.dist-info/WHEEL
f	644	1000	1000	81	64	35957635	1785345366.8183228500	results/experiments/toolchain-environment/20260729T171551Z-toolchain-formal01/boots/repetition-01/lower/python310/lib/python3.10/site-packages/setuptools/_vendor/typing_extensions-4.12.2.dist-info/WHEEL
f	644	1000	1000	8125	64	35961999	1785345408.8435787620	results/experiments/toolchain-environment/20260729T171551Z-toolchain-formal01/boots/repetition-01/lower/python312/lib/python3.12/site-packages/pip/_internal/locations/__pycache__/_sysconfig.cpython-312.pyc
f	644	1000	1000	8131	64	35958261	1785345375.5684827410	results/experiments/toolchain-environment/20260729T171551Z-toolchain-formal01/boots/repetition-01/lower/python310/lib/python3.10/site-packages/setuptools/command/__pycache__/sdist.cpython-310.pyc
f	644	1000	1000	8165	64	35959421	1785345381.9165987800	results/experiments/toolchain-environment/20260729T171551Z-toolchain-formal01/boots/repetition-01/lower/python310/lib/python3.10/site-packages/pip/_vendor/rich/progress_bar.py
f	644	1000	1000	8165	64	35961687	1785345406.3886504490	results/experiments/toolchain-environment/20260729T171551Z-toolchain-formal01/boots/repetition-01/lower/python312/lib/python3.12/site-packages/pip/_vendor/rich/progress_bar.py
f	644	1000	1000	8167	64	35958507	1785345378.4755034710	results/experiments/toolchain-environment/20260729T171551Z-toolchain-formal01/boots/repetition-01/lower/python310/lib/python3.10/site-packages/pip/_internal/self_outdated_check.py
f	644	1000	1000	8171	64	35960499	1785345394.9378938150	results/experiments/toolchain-environment/20260729T171551Z-toolchain-formal01/boots/repetition-01/lower/python310/lib/python3.10/site-packages/pip/_vendor/rich/__pycache__/highlighter.cpython-310.pyc
f	644	1000	1000	8181	64	35958623	1785345378.8723582940	results/experiments/toolchain-environment/20260729T171551Z-toolchain-formal01/boots/repetition-01/lower/python310/lib/python3.10/site-packages/pip/_internal/metadata/importlib/_dists.py
f	644	1000	1000	8198	64	35959405	1785345381.8465975000	results/experiments/toolchain-environment/20260729T171551Z-toolchain-formal01/boots/repetition-01/lower/python310/lib/python3.10/site-packages/pip/_vendor/rich/markup.py
f	644	1000	1000	8198	64	35961671	1785345406.3170237530	results/experiments/toolchain-environment/20260729T171551Z-toolchain-formal01/boots/repetition-01/lower/python312/lib/python3.12/site-packages/pip/_vendor/rich/markup.py
f	644	1000	1000	82	64	35957583	1785345366.5843185750	results/experiments/toolchain-environment/20260729T171551Z-toolchain-formal01/boots/repetition-01/lower/python310/lib/python3.10/site-packages/setuptools/_vendor/packaging-24.2.dist-info/WHEEL
f	644	1000	1000	82	64	35957649	1785345366.8781681440	results/experiments/toolchain-environment/20260729T171551Z-toolchain-formal01/boots/repetition-01/lower/python310/lib/python3.10/site-packages/setuptools/_vendor/wheel-0.45.1.dist-info/WHEEL
f	644	1000	1000	820	64	35956613	1785345362.5961132820	results/experiments/toolchain-environment/20260729T171551Z-toolchain-formal01/boots/repetition-01/lower/python310/lib/python3.10/site-packages/setuptools/launch.py
f	644	1000	1000	8202	64	35957779	1785345368.5594819260	results/experiments/toolchain-environment/20260729T171551Z-toolchain-formal01/boots/repetition-01/lower/python310/lib/python3.10/site-packages/setuptools/_distutils/compilers/C/__pycache__/cygwin.cpython-310.pyc
f	644	1000	1000	8217	64	35959509	1785345382.2681913150	results/experiments/toolchain-environment/20260729T171551Z-toolchain-formal01/boots/repetition-01/lower/python310/lib/python3.10/site-packages/pip/_vendor/urllib3/exceptions.py
f	644	1000	1000	8217	64	35961817	1785345406.9143169280	results/experiments/toolchain-environment/20260729T171551Z-toolchain-formal01/boots/repetition-01/lower/python312/lib/python3.12/site-packages/pip/_vendor/urllib3/exceptions.py
f	644	1000	1000	8232	64	35957151	1785345364.7602852540	results/experiments/toolchain-environment/20260729T171551Z-toolchain-formal01/boots/repetition-01/lower/python310/lib/python3.10/site-packages/setuptools/_vendor/wheel/vendored/packaging/markers.py
f	644	1000	1000	8233	64	35960373	1785345393.2240559470	results/experiments/toolchain-environment/20260729T171551Z-toolchain-formal01/boots/repetition-01/lower/python310/lib/python3.10/site-packages/pip/_vendor/requests/__pycache__/auth.cpython-310.pyc
f	644	1000	1000	8241	64	35962395	1785345414.9169687640	results/experiments/toolchain-environment/20260729T171551Z-toolchain-formal01/boots/repetition-01/lower/python312/lib/python3.12/site-packages/pip/_vendor/colorama/__pycache__/win32.cpython-312.pyc
f	644	1000	1000	8243	64	35957915	1785345370.4195925300	results/experiments/toolchain-environment/20260729T171551Z-toolchain-formal01/boots/repetition-01/lower/python310/lib/python3.10/site-packages/setuptools/_distutils/__pycache__/version.cpython-310.pyc
f	644	1000	1000	8256	64	35957417	1785345365.8953819230	results/experiments/toolchain-environment/20260729T171551Z-toolchain-formal01/boots/repetition-01/lower/python310/lib/python3.10/site-packages/setuptools/tests/integration/test_pip_install_sdist.py
f	644	1000	1000	8258	64	35962583	1785345418.2821103350	results/experiments/toolchain-environment/20260729T171551Z-toolchain-formal01/boots/repetition-01/lower/python312/lib/python3.12/site-packages/pip/_vendor/pygments/__pycache__/token.cpython-312.pyc
f	644	1000	1000	82682	64	35960479	1785345394.6608948260	results/experiments/toolchain-environment/20260729T171551Z-toolchain-formal01/boots/repetition-01/lower/python310/lib/python3.10/site-packages/pip/_vendor/rich/__pycache__/console.cpython-310.pyc
f	644	1000	1000	8270	64	35960485	1785345394.7442768520	results/experiments/toolchain-environment/20260729T171551Z-toolchain-formal01/boots/repetition-01/lower/python310/lib/python3.10/site-packages/pip/_vendor/rich/__pycache__/control.cpython-310.pyc
f	644	1000	1000	828	64	35959411	1785345381.8716507000	results/experiments/toolchain-environment/20260729T171551Z-toolchain-formal01/boots/repetition-01/lower/python310/lib/python3.10/site-packages/pip/_vendor/rich/pager.py
f	644	1000	1000	828	64	35961677	1785345406.3435975350	results/experiments/toolchain-environment/20260729T171551Z-toolchain-formal01/boots/repetition-01/lower/python312/lib/python3.12/site-packages/pip/_vendor/rich/pager.py
f	644	1000	1000	8286	64	35958427	1785345377.7454424030	results/experiments/toolchain-environment/20260729T171551Z-toolchain-formal01/boots/repetition-01/lower/python310/lib/python3.10/site-packages/setuptools/tests/__pycache__/test_find_packages.cpython-310.pyc
f	644	1000	1000	8291	64	35959877	1785345386.3166792310	results/experiments/toolchain-environment/20260729T171551Z-toolchain-formal01/boots/repetition-01/lower/python310/lib/python3.10/site-packages/pip/_internal/resolution/resolvelib/__pycache__/resolver.cpython-310.pyc
f	644	1000	1000	8294	64	35960081	1785345389.3359659720	results/experiments/toolchain-environment/20260729T171551Z-toolchain-formal01/boots/repetition-01/lower/python310/lib/python3.10/site-packages/pip/_vendor/chardet/metadata/__pycache__/languages.cpython-310.pyc
f	644	1000	1000	8294	64	35960647	1785345397.0413442420	results/experiments/toolchain-environment/20260729T171551Z-toolchain-formal01/boots/repetition-01/lower/python310/lib/python3.10/site-packages/pip/_vendor/urllib3/__pycache__/fields.cpython-310.pyc
f	644	1000	1000	8297	64	35960905	1785345403.1620139260	results/experiments/toolchain-environment/20260729T171551Z-toolchain-formal01/boots/repetition-01/lower/python312/lib/python3.12/site-packages/pip/_internal/metadata/importlib/_dists.py
f	644	1000	1000	8307	64	35960635	1785345396.8391787050	results/experiments/toolchain-environment/20260729T171551Z-toolchain-formal01/boots/repetition-01/lower/python310/lib/python3.10/site-packages/pip/_vendor/urllib3/contrib/__pycache__/appengine.cpython-310.pyc
f	644	1000	1000	83118	64	35962317	1785345413.3951746910	results/experiments/toolchain-environment/20260729T171551Z-toolchain-formal01/boots/repetition-01/lower/python312/lib/python3.12/site-packages/pip/_vendor/chardet/__pycache__/johabfreq.cpython-312.pyc
f	644	1000	1000	83191	64	35962329	1785345413.6481793230	results/experiments/toolchain-environment/20260729T171551Z-toolchain-formal01/boots/repetition-01/lower/python312/lib/python3.12/site-packages/pip/_vendor/chardet/__pycache__/langhungarianmodel.cpython-312.pyc
f	644	1000	1000	83237	64	35962323	1785345413.5071767410	results/experiments/toolchain-environment/20260729T171551Z-toolchain-formal01/boots/repetition-01/lower/python312/lib/python3.12/site-packages/pip/_vendor/chardet/__pycache__/langbulgarianmodel.cpython-312.pyc
f	644	1000	1000	835	64	35958453	1785345378.0895288190	results/experiments/toolchain-environment/20260729T171551Z-toolchain-formal01/boots/repetition-01/lower/python310/lib/python3.10/site-packages/setuptools/tests/__pycache__/test_unicode_utils.cpython-310.pyc
f	644	1000	1000	8355	64	35957673	1785345366.9893259740	results/experiments/toolchain-environment/20260729T171551Z-toolchain-formal01/boots/repetition-01/lower/python310/lib/python3.10/site-packages/_distutils_hack/__pycache__/__init__.cpython-310.pyc
f	644	1000	1000	8378	64	35961039	1785345403.7875419630	results/experiments/toolchain-environment/20260729T171551Z-toolchain-formal01/boots/repetition-01/lower/python312/lib/python3.12/site-packages/pip/_internal/self_outdated_check.py
f	644	1000	1000	8392	64	35957909	1785345370.3463873100	results/experiments/toolchain-environment/20260729T171551Z-toolchain-formal01/boots/repetition-01/lower/python310/lib/python3.10/site-packages/setuptools/_distutils/__pycache__/text_file.cpython-310.pyc
f	644	1000	1000	840	64	35958147	1785345373.9630526950	results/experiments/toolchain-environment/20260729T171551Z-toolchain-formal01/boots/repetition-01/lower/python310/lib/python3.10/site-packages/setuptools/_vendor/wheel/__pycache__/bdist_wheel.cpython-310.pyc
f	644	1000	1000	8411	64	35957109	1785345364.5582815640	results/experiments/toolchain-environment/20260729T171551Z-toolchain-formal01/boots/repetition-01/lower/python310/lib/python3.10/site-packages/setuptools/_vendor/wheel/wheelfile.py
f	644	1000	1000	842	64	35960861	1785345402.9544047400	results/experiments/toolchain-environment/20260729T171551Z-toolchain-formal01/boots/repetition-01/lower/python312/lib/python3.12/site-packages/pip/_internal/distributions/installed.py
f	644	1000	1000	842	64	35962713	1785345420.7543094450	results/experiments/toolchain-environment/20260729T171551Z-toolchain-formal01/boots/repetition-01/lower/python312/lib/python3.12/site-packages/pip/_vendor/rich/__pycache__/_pick.cpython-312.pyc
f	644	1000	1000	843	64	35956553	1785345362.4132423820	results/experiments/toolchain-environment/20260729T171551Z-toolchain-formal01/boots/repetition-01/lower/python310/lib/python3.10/site-packages/pkg_resources/tests/data/my-test-package_zipped-egg/my_test_package-1.0-py3.7.egg
f	644	1000	1000	843	64	35957531	1785345366.3573144280	results/experiments/toolchain-environment/20260729T171551Z-toolchain-formal01/boots/repetition-01/lower/python310/lib/python3.10/site-packages/setuptools/_vendor/jaraco.functools-4.0.1.dist-info/RECORD
f	644	1000	1000	8446	64	35957877	1785345369.9091712410	results/experiments/toolchain-environment/20260729T171551Z-toolchain-formal01/boots/repetition-01/lower/python310/lib/python3.10/site-packages/setuptools/_distutils/tests/__pycache__/test_filelist.cpython-310.pyc
f	644	1000	1000	845	64	35957291	1785345365.3696792750	results/experiments/toolchain-environment/20260729T171551Z-toolchain-formal01/boots/repetition-01/lower/python310/lib/python3.10/site-packages/setuptools/tests/test_archive_util.py
f	644	1000	1000	8451	64	35962137	1785345410.8401279150	results/experiments/toolchain-environment/20260729T171551Z-toolchain-formal01/boots/repetition-01/lower/python312/lib/python3.12/site-packages/pip/_internal/resolution/resolvelib/__pycache__/base.cpython-312.pyc
f	644	1000	1000	8478	64	35959313	1785345381.4125895660	results/experiments/toolchain-environment/20260729T171551Z-toolchain-formal01/boots/repetition-01/lower/python310/lib/python3.10/site-packages/pip/_vendor/rich/__main__.py
f	644	1000	1000	8478	64	35961577	1785345405.8963241180	results/experiments/toolchain-environment/20260729T171551Z-toolchain-formal01/boots/repetition-01/lower/python312/lib/python3.12/site-packages/pip/_vendor/rich/__main__.py
f	644	1000	1000	8487	64	35959097	1785345380.6011851140	results/experiments/toolchain-environment/20260729T171551Z-toolchain-formal01/boots/repetition-01/lower/python310/lib/python3.10/site-packages/pip/_vendor/packaging/markers.py
f	644	1000	1000	8487	64	35961363	1785345405.0852263200	results/experiments/toolchain-environment/20260729T171551Z-toolchain-formal01/boots/repetition-01/lower/python312/lib/python3.12/site-packages/pip/_vendor/packaging/markers.py
f	644	1000	1000	849	64	35957889	1785345370.0739678870	results/experiments/toolchain-environment/20260729T171551Z-toolchain-formal01/boots/repetition-01/lower/python310/lib/python3.10/site-packages/setuptools/_distutils/tests/__pycache__/test_log.cpython-310.pyc
f	644	1000	1000	849	64	35959059	1785345380.4624414250	results/experiments/toolchain-environment/20260729T171551Z-toolchain-formal01/boots/repetition-01/lower/python310/lib/python3.10/site-packages/pip/_vendor/idna/__init__.py
f	644	1000	1000	849	64	35961325	1785345404.9329681500	results/experiments/toolchain-environment/20260729T171551Z-toolchain-formal01/boots/repetition-01/lower/python312/lib/python3.12/site-packages/pip/_vendor/idna/__init__.py
f	644	1000	1000	8490	64	35957699	1785345367.3754437460	results/experiments/toolchain-environment/20260729T171551Z-toolchain-formal01/boots/repetition-01/lower/python310/lib/python3.10/site-packages/pkg_resources/tests/__pycache__/test_working_set.cpython-310.pyc
f	644	1000	1000	850	64	35962513	1785345416.8432378240	results/experiments/toolchain-environment/20260729T171551Z-toolchain-formal01/boots/repetition-01/lower/python312/lib/python3.12/site-packages/pip/_vendor/pygments/__pycache__/__main__.cpython-312.pyc
f	644	1000	1000	8505	64	35958961	1785345380.1025656170	results/experiments/toolchain-environment/20260729T171551Z-toolchain-formal01/boots/repetition-01/lower/python310/lib/python3.10/site-packages/pip/_vendor/chardet/utf1632prober.py
f	644	1000	1000	8505	64	35961251	1785345404.6498704250	results/experiments/toolchain-environment/20260729T171551Z-toolchain-formal01/boots/repetition-01/lower/python312/lib/python3.12/site-packages/pip/_vendor/chardet/utf1632prober.py
f	644	1000	1000	8508	64	35957949	1785345370.8554773520	results/experiments/toolchain-environment/20260729T171551Z-toolchain-formal01/boots/repetition-01/lower/python310/lib/python3.10/site-packages/setuptools/_vendor/autocommand/__pycache__/autoparse.cpython-310.pyc
f	644	1000	1000	8511	64	35962593	1785345418.4582673980	results/experiments/toolchain-environment/20260729T171551Z-toolchain-formal01/boots/repetition-01/lower/python312/lib/python3.12/site-packages/pip/_vendor/pyparsing/__pycache__/actions.cpython-312.pyc
f	644	1000	1000	8514	64	35960469	1785345394.5107315490	results/experiments/toolchain-environment/20260729T171551Z-toolchain-formal01/boots/repetition-01/lower/python310/lib/python3.10/site-packages/pip/_vendor/rich/__pycache__/box.cpython-310.pyc
f	644	1000	1000	8527	64	35959785	1785345385.0356789340	results/experiments/toolchain-environment/20260729T171551Z-toolchain-formal01/boots/repetition-01/lower/python310/lib/python3.10/site-packages/pip/_internal/network/__pycache__/lazy_wheel.cpython-310.pyc
f	644	1000	1000	854	64	35960777	1785345402.5715829430	results/experiments/toolchain-environment/20260729T171551Z-toolchain-formal01/boots/repetition-01/lower/python312/lib/python3.12/site-packages/pip/__main__.py
f	644	1000	1000	8563	64	35959949	1785345387.3820445380	results/experiments/toolchain-environment/20260729T171551Z-toolchain-formal01/boots/repetition-01/lower/python310/lib/python3.10/site-packages/pip/_internal/vcs/__pycache__/subversion.cpython-310.pyc
f	644	1000	1000	8579	64	35959511	1785345382.2756053440	results/experiments/toolchain-environment/20260729T171551Z-toolchain-formal01/boots/repetition-01/lower/python310/lib/python3.10/site-packages/pip/_vendor/urllib3/fields.py
f	644	1000	1000	8579	64	35961819	1785345406.9227784630	results/experiments/toolchain-environment/20260729T171551Z-toolchain-formal01/boots/repetition-01/lower/python312/lib/python3.12/site-packages/pip/_vendor/urllib3/fields.py
f	644	1000	1000	8579	64	35961907	1785345407.4898542310	results/experiments/toolchain-environment/20260729T171551Z-toolchain-formal01/boots/repetition-01/lower/python312/lib/python3.12/site-packages/pip/_internal/cli/__pycache__/autocompletion.cpython-312.pyc
f	644	1000	1000	858	64	35958577	1785345378.7215403720	results/experiments/toolchain-environment/20260729T171551Z-toolchain-formal01/boots/repetition-01/lower/python310/lib/python3.10/site-packages/pip/_internal/distributions/__init__.py
f	644	1000	1000	858	64	35960171	1785345390.5367464430	results/experiments/toolchain-environment/20260729T171551Z-toolchain-formal01/boots/repetition-01/lower/python310/lib/python3.10/site-packages/pip/_vendor/idna/__pycache__/compat.cpython-310.pyc
f	644	1000	1000	858	64	35960857	1785345402.9329558550	results/experiments/toolchain-environment/20260729T171551Z-toolchain-formal01/boots/repetition-01/lower/python312/lib/python3.12/site-packages/pip/_internal/distributions/__init__.py
f	644	1000	1000	8588	64	35956737	1785345363.0423436450	results/experiments/toolchain-environment/20260729T171551Z-toolchain-formal01/boots/repetition-01/lower/python310/lib/python3.10/site-packages/setuptools/_distutils/command/install_lib.py
f	644	1000	1000	8602	64	35956521	1785345362.2973632920	results/experiments/toolchain-environment/20260729T171551Z-toolchain-formal01/boots/repetition-01/lower/python310/lib/python3.10/site-packages/pkg_resources/tests/test_working_set.py
f	644	1000	1000	8602	64	35961977	1785345408.5433274330	results/experiments/toolchain-environment/20260729T171551Z-toolchain-formal01/boots/repetition-01/lower/python312/lib/python3.12/site-packages/pip/_internal/distributions/__pycache__/sdist.cpython-312.pyc
f	644	1000	1000	861	64	35958165	1785345374.2064578480	results/experiments/toolchain-environment/20260729T171551Z-toolchain-formal01/boots/repetition-01/lower/python310/lib/python3.10/site-packages/setuptools/_vendor/wheel/__pycache__/util.cpython-310.pyc
f	644	1000	1000	8618	64	35956823	1785345363.4042604850	results/experiments/toolchain-environment/20260729T171551Z-toolchain-formal01/boots/repetition-01/lower/python310/lib/python3.10/site-packages/setuptools/_distutils/tests/test_install.py
f	644	1000	1000	8624	64	35956639	1785345362.6774223920	results/experiments/toolchain-environment/20260729T171551Z-toolchain-formal01/boots/repetition-01/lower/python310/lib/python3.10/site-packages/setuptools/wheel.py
f	644	1000	1000	8627	64	35960105	1785345389.6484511140	results/experiments/toolchain-environment/20260729T171551Z-toolchain-formal01/boots/repetition-01/lower/python310/lib/python3.10/site-packages/pip/_vendor/colorama/__pycache__/ansitowin32.cpython-310.pyc
f	644	1000	1000	8628	64	35960027	1785345388.4263593000	results/experiments/toolchain-environment/20260729T171551Z-toolchain-formal01/boots/repetition-01/lower/python310/lib/python3.10/site-packages/pip/_vendor/chardet/__pycache__/escsm.cpython-310.pyc
f	644	1000	1000	863	64	35959621	1785345382.7106132970	results/experiments/toolchain-environment/20260729T171551Z-toolchain-formal01/boots/repetition-01/lower/python310/lib/python3.10/site-packages/pip/_internal/__pycache__/__init__.cpython-310.pyc
f	644	1000	1000	8667	64	35962059	1785345409.7262140790	results/experiments/toolchain-environment/20260729T171551Z-toolchain-formal01/boots/repetition-01/lower/python312/lib/python3.12/site-packages/pip/_internal/network/__pycache__/download.cpython-312.pyc
f	644	1000	1000	867	64	35959977	1785345387.7241643000	results/experiments/toolchain-environment/20260729T171551Z-toolchain-formal01/boots/repetition-01/lower/python310/lib/python3.10/site-packages/pip/_vendor/cachecontrol/__pycache__/compat.cpython-310.pyc
f	644	1000	1000	8670	64	35961501	1785345405.6158435980	results/experiments/toolchain-environment/20260729T171551Z-toolchain-formal01/boots/repetition-01/lower/python312/lib/python3.12/site-packages/pip/_vendor/pyparsing/util.py
f	644	1000	1000	8688	64	35960877	1785345403.0362437080	results/experiments/toolchain-environment/20260729T171551Z-toolchain-formal01/boots/repetition-01/lower/python312/lib/python3.12/site-packages/pip/_internal/index/sources.py
f	644	1000	1000	87	64	35957593	1785345366.6353195070	results/experiments/toolchain-environment/20260729T171551Z-toolchain-formal01/boots/repetition-01/lower/python310/lib/python3.10/site-packages/setuptools/_vendor/platformdirs-4.2.2.dist-info/WHEEL
f	644	1000	1000	8701	64	35959979	1785345387.7570549070	results/experiments/toolchain-environment/20260729T171551Z-toolchain-formal01/boots/repetition-01/lower/python310/lib/python3.10/site-packages/pip/_vendor/cachecontrol/__pycache__/controller.cpython-310.pyc
f	644	1000	1000	8703	64	35962747	1785345421.3571191270	results/experiments/toolchain-environment/20260729T171551Z-toolchain-formal01/boots/repetition-01/lower/python312/lib/python3.12/site-packages/pip/_vendor/rich/__pycache__/columns.cpython-312.pyc
f	644	1000	1000	8716	64	35960345	1785345392.9120642210	results/experiments/toolchain-environment/20260729T171551Z-toolchain-formal01/boots/repetition-01/lower/python310/lib/python3.10/site-packages/pip/_vendor/pyparsing/__pycache__/util.cpython-310.pyc
f	644	1000	1000	873	64	35957501	1785345366.2203119250	results/experiments/toolchain-environment/20260729T171551Z-toolchain-formal01/boots/repetition-01/lower/python310/lib/python3.10/site-packages/setuptools/_vendor/jaraco.collections-5.1.0.dist-info/RECORD
f	644	1000	1000	8733	64	35960795	1785345402.6226178270	results/experiments/toolchain-environment/20260729T171551Z-toolchain-formal01/boots/repetition-01/lower/python312/lib/python3.12/site-packages/pip/_internal/cli/base_command.py
f	644	1000	1000	8746	64	35961747	1785345406.6391971800	results/experiments/toolchain-environment/20260729T171551Z-toolchain-formal01/boots/repetition-01/lower/python312/lib/python3.12/site-packages/pip/_vendor/tenacity/retry.py
f	644	1000	1000	8775	64	35957345	1785345365.6146637330	results/experiments/toolchain-environment/20260729T171551Z-toolchain-formal01/boots/repetition-01/lower/python310/lib/python3.10/site-packages/setuptools/tests/test_packageindex.py
f	644	1000	1000	8783	64	35960433	1785345394.0018039410	results/experiments/toolchain-environment/20260729T171551Z-toolchain-formal01/boots/repetition-01/lower/python310/lib/python3.10/site-packages/pip/_vendor/rich/__pycache__/_inspect.cpython-310.pyc
f	644	1000	1000	8783	64	35962459	1785345415.9665305380	results/experiments/toolchain-environment/20260729T171551Z-toolchain-formal01/boots/repetition-01/lower/python312/lib/python3.12/site-packages/pip/_vendor/msgpack/__pycache__/ext.cpython-312.pyc
f	644	1000	1000	87870	64	35957201	1785345364.9862893830	results/experiments/toolchain-environment/20260729T171551Z-toolchain-formal01/boots/repetition-01/lower/python310/lib/python3.10/site-packages/setuptools/command/easy_install.py
f	644	1000	1000	8809	64	35961391	1785345405.1845034660	results/experiments/toolchain-environment/20260729T171551Z-toolchain-formal01/boots/repetition-01/lower/python312/lib/python3.12/site-packages/pip/_vendor/platformdirs/unix.py
f	644	1000	1000	8821	64	35958805	1785345379.5224721810	results/experiments/toolchain-environment/20260729T171551Z-toolchain-formal01/boots/repetition-01/lower/python310/lib/python3.10/site-packages/pip/_internal/utils/unpacking.py
f	644	1000	1000	8821	64	35961089	1785345404.0043702150	results/experiments/toolchain-environment/20260729T171551Z-toolchain-formal01/boots/repetition-01/lower/python312/lib/python3.12/site-packages/pip/_internal/utils/unpacking.py
f	644	1000	1000	8829	64	35962199	1785345411.7999730860	results/experiments/toolchain-environment/20260729T171551Z-toolchain-formal01/boots/repetition-01/lower/python312/lib/python3.12/site-packages/pip/_internal/utils/__pycache__/subprocess.cpython-312.pyc
f	644	1000	1000	88371	64	35962421	1785345415.3512105040	results/experiments/toolchain-environment/20260729T171551Z-toolchain-formal01/boots/repetition-01/lower/python312/lib/python3.12/site-packages/pip/_vendor/distlib/__pycache__/util.cpython-312.pyc
f	644	1000	1000	886	64	35956875	1785345363.6106494500	results/experiments/toolchain-environment/20260729T171551Z-toolchain-formal01/boots/repetition-01/lower/python310/lib/python3.10/site-packages/setuptools/_vendor/autocommand/errors.py
f	644	1000	1000	887	64	35957335	1785345365.5721488900	results/experiments/toolchain-environment/20260729T171551Z-toolchain-formal01/boots/repetition-01/lower/python310/lib/python3.10/site-packages/setuptools/tests/test_glob.py
f	644	1000	1000	8875	64	35957601	1785345366.6656638370	results/experiments/toolchain-environment/20260729T171551Z-toolchain-formal01/boots/repetition-01/lower/python310/lib/python3.10/site-packages/setuptools/_vendor/tomli-2.0.1.dist-info/METADATA
f	644	1000	1000	888	64	35962657	1785345419.7453292640	results/experiments/toolchain-environment/20260729T171551Z-toolchain-formal01/boots/repetition-01/lower/python312/lib/python3.12/site-packages/pip/_vendor/requests/__pycache__/packages.cpython-312.pyc
f	644	1000	1000	8884	64	35956655	1785345362.7255163000	results/experiments/toolchain-environment/20260729T171551Z-toolchain-formal01/boots/repetition-01/lower/python310/lib/python3.10/site-packages/setuptools/_distutils/archive_util.py
f	644	1000	1000	890	64	35959353	1785345381.5995929840	results/experiments/toolchain-environment/20260729T171551Z-toolchain-formal01/boots/repetition-01/lower/python310/lib/python3.10/site-packages/pip/_vendor/rich/abc.py
f	644	1000	1000	890	64	35961619	1785345406.0831767980	results/experiments/toolchain-environment/20260729T171551Z-toolchain-formal01/boots/repetition-01/lower/python312/lib/python3.12/site-packages/pip/_vendor/rich/abc.py
f	644	1000	1000	8901	64	35957317	1785345365.4905124900	results/experiments/toolchain-environment/20260729T171551Z-toolchain-formal01/boots/repetition-01/lower/python310/lib/python3.10/site-packages/setuptools/tests/test_dist.py
f	644	1000	1000	8933	64	35957385	1785345365.7856182210	results/experiments/toolchain-environment/20260729T171551Z-toolchain-formal01/boots/repetition-01/lower/python310/lib/python3.10/site-packages/setuptools/tests/config/test_expand.py
f	644	1000	1000	8979	64	35959589	1785345382.5642096230	results/experiments/toolchain-environment/20260729T171551Z-toolchain-formal01/boots/repetition-01/lower/python310/lib/python3.10/site-packages/pip/_vendor/webencodings/labels.py
f	644	1000	1000	8979	64	35961877	1785345407.1969641470	results/experiments/toolchain-environment/20260729T171551Z-toolchain-formal01/boots/repetition-01/lower/python312/lib/python3.12/site-packages/pip/_vendor/webencodings/labels.py
f	644	1000	1000	8996	64	35957031	1785345364.2172753350	results/experiments/toolchain-environment/20260729T171551Z-toolchain-formal01/boots/repetition-01/lower/python310/lib/python3.10/site-packages/setuptools/_vendor/platformdirs/api.py
f	644	1000	1000	9008	64	35957353	1785345365.6513015310	results/experiments/toolchain-environment/20260729T171551Z-toolchain-formal01/boots/repetition-01/lower/python310/lib/python3.10/site-packages/setuptools/tests/test_setuptools.py
f	644	1000	1000	901	64	35961897	1785345407.3570641590	results/experiments/toolchain-environment/20260729T171551Z-toolchain-formal01/boots/repetition-01/lower/python312/lib/python3.12/site-packages/pip/_internal/__pycache__/__init__.cpython-312.pyc
f	644	1000	1000	9016	64	35957029	1785345364.2095118860	results/experiments/toolchain-environment/20260729T171551Z-toolchain-formal01/boots/repetition-01/lower/python310/lib/python3.10/site-packages/setuptools/_vendor/platformdirs/android.py
f	644	1000	1000	9018	64	35959743	1785345384.4922965000	results/experiments/toolchain-environment/20260729T171551Z-toolchain-formal01/boots/repetition-01/lower/python310/lib/python3.10/site-packages/pip/_internal/metadata/importlib/__pycache__/_dists.cpython-310.pyc
f	644	1000	1000	9023	64	35959223	1785345381.0615831490	results/experiments/toolchain-environment/20260729T171551Z-toolchain-formal01/boots/repetition-01/lower/python310/lib/python3.10/site-packages/pip/_vendor/pyparsing/exceptions.py
f	644	1000	1000	9033	64	35957069	1785345364.3773235280	results/experiments/toolchain-environment/20260729T171551Z-toolchain-formal01/boots/repetition-01/lower/python310/lib/python3.10/site-packages/setuptools/_vendor/typeguard/_decorators.py
f	644	1000	1000	9033	64	35960725	1785345398.0689073630	results/experiments/toolchain-environment/20260729T171551Z-toolchain-formal01/boots/repetition-01/lower/python310/bin/Activate.ps1
f	644	1000	1000	9033	64	35963009	1785345425.0953889560	results/experiments/toolchain-environment/20260729T171551Z-toolchain-formal01/boots/repetition-01/lower/python312/bin/Activate.ps1
f	644	1000	1000	904	64	35956961	1785345363.9245563220	results/experiments/toolchain-environment/20260729T171551Z-toolchain-formal01/boots/repetition-01/lower/python310/lib/python3.10/site-packages/setuptools/_vendor/jaraco/text/show-newlines.py
f	644	1000	1000	904	64	35962289	1785345412.9250320600	results/experiments/toolchain-environment/20260729T171551Z-toolchain-formal01/boots/repetition-01/lower/python312/lib/python3.12/site-packages/pip/_vendor/chardet/__pycache__/codingstatemachinedict.cpython-312.pyc
f	644	1000	1000	9044	64	35960693	1785345397.6813174280	results/experiments/toolchain-environment/20260729T171551Z-toolchain-formal01/boots/repetition-01/lower/python310/lib/python3.10/site-packages/pip/_vendor/urllib3/util/__pycache__/timeout.cpython-310.pyc
f	644	1000	1000	9049	64	35959663	1785345383.2576232970	results/experiments/toolchain-environment/20260729T171551Z-toolchain-formal01/boots/repetition-01/lower/python310/lib/python3.10/site-packages/pip/_internal/commands/__pycache__/configuration.cpython-310.pyc
f	644	1000	1000	9070	64	35961965	1785345408.3855226880	results/experiments/toolchain-environment/20260729T171551Z-toolchain-formal01/boots/repetition-01/lower/python312/lib/python3.12/site-packages/pip/_internal/commands/__pycache__/wheel.cpython-312.pyc
f	644	1000	1000	908	64	35957967	1785345371.0735928410	results/experiments/toolchain-environment/20260729T171551Z-toolchain-formal01/boots/repetition-01/lower/python310/lib/python3.10/site-packages/setuptools/_vendor/backports/tarfile/compat/__pycache__/py38.cpython-310.pyc
f	644	1000	1000	908	64	35958409	1785345377.4915178890	results/experiments/toolchain-environment/20260729T171551Z-toolchain-formal01/boots/repetition-01/lower/python310/lib/python3.10/site-packages/setuptools/tests/__pycache__/test_depends.cpython-310.pyc
f	644	1000	1000	90898	64	35958295	1785345376.0484915130	results/experiments/toolchain-environment/20260729T171551Z-toolchain-formal01/boots/repetition-01/lower/python310/lib/python3.10/site-packages/setuptools/config/_validate_pyproject/__pycache__/fastjsonschema_validations.cpython-310.pyc
f	644	1000	1000	91	64	35957427	1785345365.9180232580	results/experiments/toolchain-environment/20260729T171551Z-toolchain-formal01/boots/repetition-01/lower/python310/lib/python3.10/site-packages/setuptools-79.0.1.dist-info/WHEEL
f	644	1000	1000	91	64	35957475	1785345366.1041018160	results/experiments/toolchain-environment/20260729T171551Z-toolchain-formal01/boots/repetition-01/lower/python310/lib/python3.10/site-packages/setuptools/_vendor/importlib_metadata-8.0.0.dist-info/WHEEL
f	644	1000	1000	91	64	35957489	1785345366.1706537630	results/experiments/toolchain-environment/20260729T171551Z-toolchain-formal01/boots/repetition-01/lower/python310/lib/python3.10/site-packages/setuptools/_vendor/inflect-7.3.1.dist-info/WHEEL
f	644	1000	1000	91	64	35957505	1785345366.2412496980	results/experiments/toolchain-environment/20260729T171551Z-toolchain-formal01/boots/repetition-01/lower/python310/lib/python3.10/site-packages/setuptools/_vendor/jaraco.collections-5.1.0.dist-info/WHEEL
f	644	1000	1000	910	64	35959695	1785345383.8176335360	results/experiments/toolchain-environment/20260729T171551Z-toolchain-formal01/boots/repetition-01/lower/python310/lib/python3.10/site-packages/pip/_internal/distributions/__pycache__/__init__.cpython-310.pyc
f	644	1000	1000	9100	64	35958181	1785345374.4141121160	results/experiments/toolchain-environment/20260729T171551Z-toolchain-formal01/boots/repetition-01/lower/python310/lib/python3.10/site-packages/setuptools/_vendor/wheel/vendored/packaging/__pycache__/_parser.cpython-310.pyc
f	644	1000	1000	9110	64	35959165	1785345380.8495792730	results/experiments/toolchain-environment/20260729T171551Z-toolchain-formal01/boots/repetition-01/lower/python310/lib/python3.10/site-packages/pip/_vendor/pygments/util.py
f	644	1000	1000	9116	64	35961479	1785345405.5261122960	results/experiments/toolchain-environment/20260729T171551Z-toolchain-formal01/boots/repetition-01/lower/python312/lib/python3.12/site-packages/pip/_vendor/pyparsing/__init__.py
f	644	1000	1000	91648	64	35959041	1785345380.3995710460	results/experiments/toolchain-environment/20260729T171551Z-toolchain-formal01/boots/repetition-01/lower/python310/lib/python3.10/site-packages/pip/_vendor/distlib/w32.exe
f	644	1000	1000	9167	64	35960293	1785345392.1356058480	results/experiments/toolchain-environment/20260729T171551Z-toolchain-formal01/boots/repetition-01/lower/python310/lib/python3.10/site-packages/pip/_vendor/pygments/lexers/__pycache__/__init__.cpython-310.pyc
f	644	1000	1000	9169	64	35959461	1785345382.0916329840	results/experiments/toolchain-environment/20260729T171551Z-toolchain-formal01/boots/repetition-01/lower/python310/lib/python3.10/site-packages/pip/_vendor/rich/tree.py
f	644	1000	1000	9169	64	35961727	1785345406.5600495710	results/experiments/toolchain-environment/20260729T171551Z-toolchain-formal01/boots/repetition-01/lower/python312/lib/python3.12/site-packages/pip/_vendor/rich/tree.py
f	644	1000	1000	9171	64	35959215	1785345381.0252091770	results/experiments/toolchain-environment/20260729T171551Z-toolchain-formal01/boots/repetition-01/lower/python310/lib/python3.10/site-packages/pip/_vendor/pyparsing/__init__.py
f	644	1000	1000	9174	64	35960335	1785345392.7542977950	results/experiments/toolchain-environment/20260729T171551Z-toolchain-formal01/boots/repetition-01/lower/python310/lib/python3.10/site-packages/pip/_vendor/pyparsing/__pycache__/exceptions.cpython-310.pyc
f	644	1000	1000	9182	64	35962551	1785345417.6292629300	results/experiments/toolchain-environment/20260729T171551Z-toolchain-formal01/boots/repetition-01/lower/python312/lib/python3.12/site-packages/pip/_vendor/pygments/formatters/__pycache__/svg.cpython-312.pyc
f	644	1000	1000	92	64	35957403	1785345365.8493051480	results/experiments/toolchain-environment/20260729T171551Z-toolchain-formal01/boots/repetition-01/lower/python310/lib/python3.10/site-packages/setuptools/tests/indexes/test_links_priority/external.html
f	644	1000	1000	92	64	35957443	1785345365.9725002470	results/experiments/toolchain-environment/20260729T171551Z-toolchain-formal01/boots/repetition-01/lower/python310/lib/python3.10/site-packages/setuptools/_vendor/autocommand-2.2.2.dist-info/WHEEL
f	644	1000	1000	92	64	35957459	1785345366.0346525780	results/experiments/toolchain-environment/20260729T171551Z-toolchain-formal01/boots/repetition-01/lower/python310/lib/python3.10/site-packages/setuptools/_vendor/backports.tarfile-1.2.0.dist-info/WHEEL
f	644	1000	1000	92	64	35957519	1785345366.3043134600	results/experiments/toolchain-environment/20260729T171551Z-toolchain-formal01/boots/repetition-01/lower/python310/lib/python3.10/site-packages/setuptools/_vendor/jaraco.context-5.3.0.dist-info/WHEEL
f	644	1000	1000	92	64	35957533	1785345366.3673146110	results/experiments/toolchain-environment/20260729T171551Z-toolchain-formal01/boots/repetition-01/lower/python310/lib/python3.10/site-packages/setuptools/_vendor/jaraco.functools-4.0.1.dist-info/WHEEL
f	644	1000	1000	92	64	35957549	1785345366.4371137990	results/experiments/toolchain-environment/20260729T171551Z-toolchain-formal01/boots/repetition-01/lower/python310/lib/python3.10/site-packages/setuptools/_vendor/jaraco.text-3.12.1.dist-info/WHEEL
f	644	1000	1000	92	64	35957619	1785345366.7463215350	results/experiments/toolchain-environment/20260729T171551Z-toolchain-formal01/boots/repetition-01/lower/python310/lib/python3.10/site-packages/setuptools/_vendor/typeguard-4.3.0.dist-info/WHEEL
f	644	1000	1000	92	64	35957665	1785345366.9485360980	results/experiments/toolchain-environment/20260729T171551Z-toolchain-formal01/boots/repetition-01/lower/python310/lib/python3.10/site-packages/setuptools/_vendor/zipp-3.19.2.dist-info/WHEEL
f	644	1000	1000	92	64	35959603	1785345382.6035064420	results/experiments/toolchain-environment/20260729T171551Z-toolchain-formal01/boots/repetition-01/lower/python310/lib/python3.10/site-packages/pip-23.0.1.dist-info/WHEEL
f	644	1000	1000	92	64	35960767	1785345402.5488019710	results/experiments/toolchain-environment/20260729T171551Z-toolchain-formal01/boots/repetition-01/lower/python312/lib/python3.12/site-packages/pip-24.0.dist-info/WHEEL
f	644	1000	1000	920	64	35960375	1785345393.2506218780	results/experiments/toolchain-environment/20260729T171551Z-toolchain-formal01/boots/repetition-01/lower/python310/lib/python3.10/site-packages/pip/_vendor/requests/__pycache__/certs.cpython-310.pyc
f	644	1000	1000	9200	64	35958801	1785345379.5071834180	results/experiments/toolchain-environment/20260729T171551Z-toolchain-formal01/boots/repetition-01/lower/python310/lib/python3.10/site-packages/pip/_internal/utils/subprocess.py
f	644	1000	1000	9203	64	35962397	1785345414.9522031980	results/experiments/toolchain-environment/20260729T171551Z-toolchain-formal01/boots/repetition-01/lower/python312/lib/python3.12/site-packages/pip/_vendor/colorama/__pycache__/winterm.cpython-312.pyc
f	644	1000	1000	9207	64	35961085	1785345403.9851663420	results/experiments/toolchain-environment/20260729T171551Z-toolchain-formal01/boots/repetition-01/lower/python312/lib/python3.12/site-packages/pip/_internal/utils/subprocess.py
f	644	1000	1000	9209	64	35958093	1785345373.1893296600	results/experiments/toolchain-environment/20260729T171551Z-toolchain-formal01/boots/repetition-01/lower/python310/lib/python3.10/site-packages/setuptools/_vendor/platformdirs/__pycache__/windows.cpython-310.pyc
f	644	1000	1000	9210	64	35960633	1785345396.8047611650	results/experiments/toolchain-environment/20260729T171551Z-toolchain-formal01/boots/repetition-01/lower/python310/lib/python3.10/site-packages/pip/_vendor/urllib3/contrib/_securetransport/__pycache__/low_level.cpython-310.pyc
f	644	1000	1000	9222	64	35962735	1785345421.1554701330	results/experiments/toolchain-environment/20260729T171551Z-toolchain-formal01/boots/repetition-01/lower/python312/lib/python3.12/site-packages/pip/_vendor/rich/__pycache__/ansi.cpython-312.pyc
f	644	1000	1000	9240	64	35959953	1785345387.4382870020	results/experiments/toolchain-environment/20260729T171551Z-toolchain-formal01/boots/repetition-01/lower/python310/lib/python3.10/site-packages/pip/_internal/__pycache__/wheel_builder.cpython-310.pyc
f	644	1000	1000	9258	64	35960319	1785345392.5434227270	results/experiments/toolchain-environment/20260729T171551Z-toolchain-formal01/boots/repetition-01/lower/python310/lib/python3.10/site-packages/pip/_vendor/pygments/__pycache__/util.cpython-310.pyc
f	644	1000	1000	931	64	35960915	1785345403.2047791220	results/experiments/toolchain-environment/20260729T171551Z-toolchain-formal01/boots/repetition-01/lower/python312/lib/python3.12/site-packages/pip/_internal/models/candidate.py
f	644	1000	1000	9312	64	35961087	1785345403.9943639820	results/experiments/toolchain-environment/20260729T171551Z-toolchain-formal01/boots/repetition-01/lower/python312/lib/python3.12/site-packages/pip/_internal/utils/temp_dir.py
f	644	1000	1000	9342	64	35962753	1785345421.4602717370	results/experiments/toolchain-environment/20260729T171551Z-toolchain-formal01/boots/repetition-01/lower/python312/lib/python3.12/site-packages/pip/_vendor/rich/__pycache__/containers.cpython-312.pyc
f	644	1000	1000	935	64	35960357	1785345393.0225942130	results/experiments/toolchain-environment/20260729T171551Z-toolchain-formal01/boots/repetition-01/lower/python310/lib/python3.10/site-packages/pip/_vendor/pyproject_hooks/_in_process/__pycache__/__init__.cpython-310.pyc
f	644	1000	1000	936	64	35956827	1785345363.4212607950	results/experiments/toolchain-environment/20260729T171551Z-toolchain-formal01/boots/repetition-01/lower/python310/lib/python3.10/site-packages/setuptools/_distutils/tests/test_install_headers.py
f	644	1000	1000	9360	64	35960287	1785345392.0641679530	results/experiments/toolchain-environment/20260729T171551Z-toolchain-formal01/boots/repetition-01/lower/python310/lib/python3.10/site-packages/pip/_vendor/pygments/formatters/__pycache__/terminal256.cpython-310.pyc
f	644	1000	1000	9364	64	35956661	1785345362.7475315990	results/experiments/toolchain-environment/20260729T171551Z-toolchain-formal01/boots/repetition-01/lower/python310/lib/python3.10/site-packages/setuptools/_distutils/core.py
f	644	1000	1000	9367	64	35962991	1785345424.9233858050	results/experiments/toolchain-environment/20260729T171551Z-toolchain-formal01/boots/repetition-01/lower/python312/lib/python3.12/site-packages/pip/_vendor/webencodings/__pycache__/tests.cpython-312.pyc
f	644	1000	1000	9375	64	35959625	1785345382.7606142100	results/experiments/toolchain-environment/20260729T171551Z-toolchain-formal01/boots/repetition-01/lower/python310/lib/python3.10/site-packages/pip/_internal/__pycache__/cache.cpython-310.pyc
f	644	1000	1000	9381	64	35958051	1785345372.4864264150	results/experiments/toolchain-environment/20260729T171551Z-toolchain-formal01/boots/repetition-01/lower/python310/lib/python3.10/site-packages/setuptools/_vendor/packaging/__pycache__/_parser.cpython-310.pyc
f	644	1000	1000	9398	64	35960205	1785345390.9986634010	results/experiments/toolchain-environment/20260729T171551Z-toolchain-formal01/boots/repetition-01/lower/python310/lib/python3.10/site-packages/pip/_vendor/packaging/__pycache__/markers.cpython-310.pyc
f	644	1000	1000	94	64	35958869	1785345379.7295587980	results/experiments/toolchain-environment/20260729T171551Z-toolchain-formal01/boots/repetition-01/lower/python310/lib/python3.10/site-packages/pip/_vendor/certifi/__init__.py
f	644	1000	1000	94	64	35961147	1785345404.2099730790	results/experiments/toolchain-environment/20260729T171551Z-toolchain-formal01/boots/repetition-01/lower/python312/lib/python3.12/site-packages/pip/_vendor/certifi/__init__.py
f	644	1000	1000	9414	64	35962783	1785345421.9763318260	results/experiments/toolchain-environment/20260729T171551Z-toolchain-formal01/boots/repetition-01/lower/python312/lib/python3.12/site-packages/pip/_vendor/rich/__pycache__/markup.cpython-312.pyc
f	644	1000	1000	943	64	35957487	1785345366.1599262430	results/experiments/toolchain-environment/20260729T171551Z-toolchain-formal01/boots/repetition-01/lower/python310/lib/python3.10/site-packages/setuptools/_vendor/inflect-7.3.1.dist-info/RECORD
f	644	1000	1000	9471	64	35960595	1785345396.3206654990	results/experiments/toolchain-environment/20260729T171551Z-toolchain-formal01/boots/repetition-01/lower/python310/lib/python3.10/site-packages/pip/_vendor/tenacity/__pycache__/wait.cpython-310.pyc
f	644	1000	1000	9472	64	35960589	1785345396.2309378740	results/experiments/toolchain-environment/20260729T171551Z-toolchain-formal01/boots/repetition-01/lower/python310/lib/python3.10/site-packages/pip/_vendor/tenacity/__pycache__/retry.cpython-310.pyc
f	644	1000	1000	949	64	35960449	1785345394.2288404440	results/experiments/toolchain-environment/20260729T171551Z-toolchain-formal01/boots/repetition-01/lower/python310/lib/python3.10/site-packages/pip/_vendor/rich/__pycache__/_stack.cpython-310.pyc
f	644	1000	1000	9516	64	35958399	1785345377.3525264230	results/experiments/toolchain-environment/20260729T171551Z-toolchain-formal01/boots/repetition-01/lower/python310/lib/python3.10/site-packages/setuptools/tests/__pycache__/test_build_ext.cpython-310.pyc
f	644	1000	1000	9523	64	35961491	1785345405.5746829940	results/experiments/toolchain-environment/20260729T171551Z-toolchain-formal01/boots/repetition-01/lower/python312/lib/python3.12/site-packages/pip/_vendor/pyparsing/exceptions.py
f	644	1000	1000	95372	64	35958939	1785345380.0155640260	results/experiments/toolchain-environment/20260729T171551Z-toolchain-formal01/boots/repetition-01/lower/python310/lib/python3.10/site-packages/pip/_vendor/chardet/langturkishmodel.py
f	644	1000	1000	95372	64	35961223	1785345404.5420126370	results/experiments/toolchain-environment/20260729T171551Z-toolchain-formal01/boots/repetition-01/lower/python312/lib/python3.12/site-packages/pip/_vendor/chardet/langturkishmodel.py
f	644	1000	1000	9549	64	35957705	1785345367.4483343600	results/experiments/toolchain-environment/20260729T171551Z-toolchain-formal01/boots/repetition-01/lower/python310/lib/python3.10/site-packages/setuptools/__pycache__/_core_metadata.cpython-310.pyc
f	644	1000	1000	955	64	35961891	1785345407.2954924160	results/experiments/toolchain-environment/20260729T171551Z-toolchain-formal01/boots/repetition-01/lower/python312/lib/python3.12/site-packages/pip/__pycache__/__main__.cpython-312.pyc
f	644	1000	1000	9552	64	35956937	1785345363.8323064140	results/experiments/toolchain-environment/20260729T171551Z-toolchain-formal01/boots/repetition-01/lower/python310/lib/python3.10/site-packages/setuptools/_vendor/jaraco/context.py
f	644	1000	1000	9559	64	35962497	1785345416.5642836970	results/experiments/toolchain-environment/20260729T171551Z-toolchain-formal01/boots/repetition-01/lower/python312/lib/python3.12/site-packages/pip/_vendor/platformdirs/__pycache__/android.cpython-312.pyc
f	644	1000	1000	957	64	35959525	1785345382.3236062210	results/experiments/toolchain-environment/20260729T171551Z-toolchain-formal01/boots/repetition-01/lower/python310/lib/python3.10/site-packages/pip/_vendor/urllib3/contrib/_appengine_environ.py
f	644	1000	1000	957	64	35961797	1785345406.8229790210	results/experiments/toolchain-environment/20260729T171551Z-toolchain-formal01/boots/repetition-01/lower/python312/lib/python3.12/site-packages/pip/_vendor/urllib3/contrib/_appengine_environ.py
f	644	1000	1000	9573	64	35961395	1785345405.2000341490	results/experiments/toolchain-environment/20260729T171551Z-toolchain-formal01/boots/repetition-01/lower/python312/lib/python3.12/site-packages/pip/_vendor/platformdirs/windows.py
f	644	1000	1000	958	64	35960167	1785345390.4819777880	results/experiments/toolchain-environment/20260729T171551Z-toolchain-formal01/boots/repetition-01/lower/python310/lib/python3.10/site-packages/pip/_vendor/idna/__pycache__/__init__.cpython-310.pyc
f	644	1000	1000	9584	64	35961657	1785345406.2580894480	results/experiments/toolchain-environment/20260729T171551Z-toolchain-formal01/boots/repetition-01/lower/python312/lib/python3.12/site-packages/pip/_vendor/rich/highlighter.py
f	644	1000	1000	9585	64	35959391	1785345381.7816875440	results/experiments/toolchain-environment/20260729T171551Z-toolchain-formal01/boots/repetition-01/lower/python310/lib/python3.10/site-packages/pip/_vendor/rich/highlighter.py
f	644	1000	1000	9588	64	35957141	1785345364.7002841580	results/experiments/toolchain-environment/20260729T171551Z-toolchain-formal01/boots/repetition-01/lower/python310/lib/python3.10/site-packages/setuptools/_vendor/wheel/vendored/packaging/_manylinux.py
f	644	1000	1000	9612	64	35956991	1785345364.0506426400	results/experiments/toolchain-environment/20260729T171551Z-toolchain-formal01/boots/repetition-01/lower/python310/lib/python3.10/site-packages/setuptools/_vendor/packaging/_manylinux.py
f	644	1000	1000	9695	64	35959325	1785345381.4706876050	results/experiments/toolchain-environment/20260729T171551Z-toolchain-formal01/boots/repetition-01/lower/python310/lib/python3.10/site-packages/pip/_vendor/rich/_inspect.py
f	644	1000	1000	9695	64	35961591	1785345405.9626092890	results/experiments/toolchain-environment/20260729T171551Z-toolchain-formal01/boots/repetition-01/lower/python312/lib/python3.12/site-packages/pip/_vendor/rich/_inspect.py
f	644	1000	1000	971	64	35962701	1785345420.5222628340	results/experiments/toolchain-environment/20260729T171551Z-toolchain-formal01/boots/repetition-01/lower/python312/lib/python3.12/site-packages/pip/_vendor/rich/__pycache__/_fileno.cpython-312.pyc
f	644	1000	1000	972	64	35957247	1785345365.1665388820	results/experiments/toolchain-environment/20260729T171551Z-toolchain-formal01/boots/repetition-01/lower/python310/lib/python3.10/site-packages/setuptools/config/distutils.schema.json
f	644	1000	1000	972	64	35959381	1785345381.7335954340	results/experiments/toolchain-environment/20260729T171551Z-toolchain-formal01/boots/repetition-01/lower/python310/lib/python3.10/site-packages/pip/_vendor/rich/diagnose.py
f	644	1000	1000	972	64	35961647	1785345406.2158263100	results/experiments/toolchain-environment/20260729T171551Z-toolchain-formal01/boots/repetition-01/lower/python312/lib/python3.12/site-packages/pip/_vendor/rich/diagnose.py
f	644	1000	1000	9753	64	35962275	1785345412.7437922890	results/experiments/toolchain-environment/20260729T171551Z-toolchain-formal01/boots/repetition-01/lower/python312/lib/python3.12/site-packages/pip/_vendor/chardet/__pycache__/chardistribution.cpython-312.pyc
f	644	1000	1000	9766	64	35960825	1785345402.7598384220	results/experiments/toolchain-environment/20260729T171551Z-toolchain-formal01/boots/repetition-01/lower/python312/lib/python3.12/site-packages/pip/_internal/commands/configuration.py
f	644	1000	1000	9773	64	35958615	1785345378.8455426390	results/experiments/toolchain-environment/20260729T171551Z-toolchain-formal01/boots/repetition-01/lower/python310/lib/python3.10/site-packages/pip/_internal/metadata/pkg_resources.py
f	644	1000	1000	9778	64	35958153	1785345374.0241239990	results/experiments/toolchain-environment/20260729T171551Z-toolchain-formal01/boots/repetition-01/lower/python310/lib/python3.10/site-packages/setuptools/_vendor/wheel/cli/__pycache__/convert.cpython-310.pyc
f	644	1000	1000	97792	64	35959031	1785345380.3505701510	results/experiments/toolchain-environment/20260729T171551Z-toolchain-formal01/boots/repetition-01/lower/python310/lib/python3.10/site-packages/pip/_vendor/distlib/t32.exe
f	644	1000	1000	9784	64	35958677	1785345379.0596099970	results/experiments/toolchain-environment/20260729T171551Z-toolchain-formal01/boots/repetition-01/lower/python310/lib/python3.10/site-packages/pip/_internal/operations/freeze.py
f	644	1000	1000	9787	64	35960173	1785345390.5649601360	results/experiments/toolchain-environment/20260729T171551Z-toolchain-formal01/boots/repetition-01/lower/python310/lib/python3.10/site-packages/pip/_vendor/idna/__pycache__/core.cpython-310.pyc
f	644	1000	1000	9787	64	35962499	1785345416.6033515600	results/experiments/toolchain-environment/20260729T171551Z-toolchain-formal01/boots/repetition-01/lower/python312/lib/python3.12/site-packages/pip/_vendor/platformdirs/__pycache__/api.cpython-312.pyc
f	644	1000	1000	979	64	35958451	1785345378.0645283620	results/experiments/toolchain-environment/20260729T171551Z-toolchain-formal01/boots/repetition-01/lower/python310/lib/python3.10/site-packages/setuptools/tests/__pycache__/test_shutil_wrapper.cpython-310.pyc
f	644	1000	1000	97992	64	35959371	1785345381.6845945380	results/experiments/toolchain-environment/20260729T171551Z-toolchain-formal01/boots/repetition-01/lower/python310/lib/python3.10/site-packages/pip/_vendor/rich/console.py
f	644	1000	1000	98	64	35957369	1785345365.7243028640	results/experiments/toolchain-environment/20260729T171551Z-toolchain-formal01/boots/repetition-01/lower/python310/lib/python3.10/site-packages/setuptools/tests/textwrap.py
f	644	1000	1000	981	64	35959051	1785345380.4385717590	results/experiments/toolchain-environment/20260729T171551Z-toolchain-formal01/boots/repetition-01/lower/python310/lib/python3.10/site-packages/pip/_vendor/distro/__init__.py
f	644	1000	1000	981	64	35961317	1785345404.9074372990	results/experiments/toolchain-environment/20260729T171551Z-toolchain-formal01/boots/repetition-01/lower/python312/lib/python3.12/site-packages/pip/_vendor/distro/__init__.py
f	644	1000	1000	981	64	35962721	1785345420.9074685420	results/experiments/toolchain-environment/20260729T171551Z-toolchain-formal01/boots/repetition-01/lower/python312/lib/python3.12/site-packages/pip/_vendor/rich/__pycache__/_timer.cpython-312.pyc
f	644	1000	1000	9815	64	35958547	1785345378.6135383980	results/experiments/toolchain-environment/20260729T171551Z-toolchain-formal01/boots/repetition-01/lower/python310/lib/python3.10/site-packages/pip/_internal/commands/configuration.py
f	644	1000	1000	9816	64	35960979	1785345403.5249940250	results/experiments/toolchain-environment/20260729T171551Z-toolchain-formal01/boots/repetition-01/lower/python312/lib/python3.12/site-packages/pip/_internal/operations/freeze.py
f	644	1000	1000	9817	64	35960359	1785345393.0552636470	results/experiments/toolchain-environment/20260729T171551Z-toolchain-formal01/boots/repetition-01/lower/python310/lib/python3.10/site-packages/pip/_vendor/pyproject_hooks/_in_process/__pycache__/_in_process.cpython-310.pyc
f	644	1000	1000	98196	64	35958931	1785345379.9755632950	results/experiments/toolchain-environment/20260729T171551Z-toolchain-formal01/boots/repetition-01/lower/python310/lib/python3.10/site-packages/pip/_vendor/chardet/langhebrewmodel.py
f	644	1000	1000	98196	64	35961215	1785345404.4990118500	results/experiments/toolchain-environment/20260729T171551Z-toolchain-formal01/boots/repetition-01/lower/python312/lib/python3.12/site-packages/pip/_vendor/chardet/langhebrewmodel.py
f	644	1000	1000	9821	64	35959623	1785345382.7356137540	results/experiments/toolchain-environment/20260729T171551Z-toolchain-formal01/boots/repetition-01/lower/python310/lib/python3.10/site-packages/pip/_internal/__pycache__/build_env.cpython-310.pyc
f	644	1000	1000	9824	64	35961031	1785345403.7485408420	results/experiments/toolchain-environment/20260729T171551Z-toolchain-formal01/boots/repetition-01/lower/python312/lib/python3.12/site-packages/pip/_internal/resolution/resolvelib/provider.py
f	644	1000	1000	9825	64	35961933	1785345407.8801896920	results/experiments/toolchain-environment/20260729T171551Z-toolchain-formal01/boots/repetition-01/lower/python312/lib/python3.12/site-packages/pip/_internal/commands/__pycache__/cache.cpython-312.pyc
f	644	1000	1000	9827	64	35959917	1785345386.9036899650	results/experiments/toolchain-environment/20260729T171551Z-toolchain-formal01/boots/repetition-01/lower/python310/lib/python3.10/site-packages/pip/_internal/utils/__pycache__/logging.cpython-310.pyc
f	644	1000	1000	9842	64	35959361	1785345381.6352508110	results/experiments/toolchain-environment/20260729T171551Z-toolchain-formal01/boots/repetition-01/lower/python310/lib/python3.10/site-packages/pip/_vendor/rich/box.py
f	644	1000	1000	9842	64	35961627	1785345406.1253033110	results/experiments/toolchain-environment/20260729T171551Z-toolchain-formal01/boots/repetition-01/lower/python312/lib/python3.12/site-packages/pip/_vendor/rich/box.py
f	644	1000	1000	9842	64	35961961	1785345408.3240364000	results/experiments/toolchain-environment/20260729T171551Z-toolchain-formal01/boots/repetition-01/lower/python312/lib/python3.12/site-packages/pip/_internal/commands/__pycache__/show.cpython-312.pyc
f	644	1000	1000	98484	64	35958929	1785345379.9655631130	results/experiments/toolchain-environment/20260729T171551Z-toolchain-formal01/boots/repetition-01/lower/python310/lib/python3.10/site-packages/pip/_vendor/chardet/langgreekmodel.py
f	644	1000	1000	98484	64	35961213	1785345404.4880116490	results/experiments/toolchain-environment/20260729T171551Z-toolchain-formal01/boots/repetition-01/lower/python312/lib/python3.12/site-packages/pip/_vendor/chardet/langgreekmodel.py
f	644	1000	1000	9857	64	35960701	1785345397.7750127160	results/experiments/toolchain-environment/20260729T171551Z-toolchain-formal01/boots/repetition-01/lower/python310/lib/python3.10/site-packages/pip/_vendor/webencodings/__pycache__/__init__.cpython-310.pyc
f	644	1000	1000	986	64	35959149	1785345380.7825780480	results/experiments/toolchain-environment/20260729T171551Z-toolchain-formal01/boots/repetition-01/lower/python310/lib/python3.10/site-packages/pip/_vendor/pygments/modeline.py
f	644	1000	1000	986	64	35961455	1785345405.4450610290	results/experiments/toolchain-environment/20260729T171551Z-toolchain-formal01/boots/repetition-01/lower/python312/lib/python3.12/site-packages/pip/_vendor/pygments/modeline.py
f	644	1000	1000	9870	64	35962351	1785345414.0989252360	results/experiments/toolchain-environment/20260729T171551Z-toolchain-formal01/boots/repetition-01/lower/python312/lib/python3.12/site-packages/pip/_vendor/chardet/metadata/__pycache__/languages.cpython-312.pyc
f	644	1000	1000	988	64	35957995	1785345371.4694951300	results/experiments/toolchain-environment/20260729T171551Z-toolchain-formal01/boots/repetition-01/lower/python310/lib/python3.10/site-packages/setuptools/_vendor/importlib_metadata/__pycache__/diagnose.cpython-310.pyc
f	644	1000	1000	9893	64	35961769	1785345406.7179856470	results/experiments/toolchain-environment/20260729T171551Z-toolchain-formal01/boots/repetition-01/lower/python312/lib/python3.12/site-packages/pip/_vendor/truststore/_api.py
f	644	1000	1000	990	64	35958631	1785345378.8964206720	results/experiments/toolchain-environment/20260729T171551Z-toolchain-formal01/boots/repetition-01/lower/python310/lib/python3.10/site-packages/pip/_internal/models/candidate.py
f	644	1000	1000	9914	64	35958747	1785345379.3083965710	results/experiments/toolchain-environment/20260729T171551Z-toolchain-formal01/boots/repetition-01/lower/python310/lib/python3.10/site-packages/pip/_internal/resolution/resolvelib/provider.py
f	644	1000	1000	99218	64	35961637	1785345406.1710424510	results/experiments/toolchain-environment/20260729T171551Z-toolchain-formal01/boots/repetition-01/lower/python312/lib/python3.12/site-packages/pip/_vendor/rich/console.py
f	644	1000	1000	996	64	35962437	1785345415.5521040850	results/experiments/toolchain-environment/20260729T171551Z-toolchain-formal01/boots/repetition-01/lower/python312/lib/python3.12/site-packages/pip/_vendor/idna/__pycache__/__init__.cpython-312.pyc
f	644	1000	1000	99612	64	35962445	1785345415.6992168760	results/experiments/toolchain-environment/20260729T171551Z-toolchain-formal01/boots/repetition-01/lower/python312/lib/python3.12/site-packages/pip/_vendor/idna/__pycache__/idnadata.cpython-312.pyc
f	644	1000	1000	999	64	35957603	1785345366.6763202560	results/experiments/toolchain-environment/20260729T171551Z-toolchain-formal01/boots/repetition-01/lower/python310/lib/python3.10/site-packages/setuptools/_vendor/tomli-2.0.1.dist-info/RECORD
f	644	1000	1000	99987	64	35960219	1785345391.1827682220	results/experiments/toolchain-environment/20260729T171551Z-toolchain-formal01/boots/repetition-01/lower/python310/lib/python3.10/site-packages/pip/_vendor/pkg_resources/__pycache__/__init__.cpython-310.pyc
f	755	1000	1000	401	64	35960711	1785345397.9211231800	results/experiments/toolchain-environment/20260729T171551Z-toolchain-formal01/boots/repetition-01/lower/python310/bin/pip
f	755	1000	1000	401	64	35960713	1785345397.9237685860	results/experiments/toolchain-environment/20260729T171551Z-toolchain-formal01/boots/repetition-01/lower/python310/bin/pip3
f	755	1000	1000	401	64	35960715	1785345397.9269771130	results/experiments/toolchain-environment/20260729T171551Z-toolchain-formal01/boots/repetition-01/lower/python310/bin/pip3.10
f	755	1000	1000	401	64	35962995	1785345424.9593864640	results/experiments/toolchain-environment/20260729T171551Z-toolchain-formal01/boots/repetition-01/lower/python312/bin/pip
f	755	1000	1000	401	64	35962997	1785345424.9619552980	results/experiments/toolchain-environment/20260729T171551Z-toolchain-formal01/boots/repetition-01/lower/python312/bin/pip3
f	755	1000	1000	401	64	35962999	1785345424.9639726570	results/experiments/toolchain-environment/20260729T171551Z-toolchain-formal01/boots/repetition-01/lower/python312/bin/pip3.12
f	755	1000	1000	5232024	64	35956485	1785345358.7161748610	results/experiments/toolchain-environment/20260729T171551Z-toolchain-formal01/boots/repetition-01/lower/python310/bin/python3.10
f	755	1000	1000	5232024	64	35956487	1785345358.9921799020	results/experiments/toolchain-environment/20260729T171551Z-toolchain-formal01/boots/repetition-01/lower/python310/bin/python
f	755	1000	1000	5232024	64	35956489	1785345359.2581847600	results/experiments/toolchain-environment/20260729T171551Z-toolchain-formal01/boots/repetition-01/lower/python310/bin/python3
f	755	1000	1000	8020928	64	35960751	1785345398.9449102170	results/experiments/toolchain-environment/20260729T171551Z-toolchain-formal01/boots/repetition-01/lower/python312/bin/python3.12
f	755	1000	1000	8020928	64	35960753	1785345399.4289190730	results/experiments/toolchain-environment/20260729T171551Z-toolchain-formal01/boots/repetition-01/lower/python312/bin/python
f	755	1000	1000	8020928	64	35960755	1785345399.8349265010	results/experiments/toolchain-environment/20260729T171551Z-toolchain-formal01/boots/repetition-01/lower/python312/bin/python3
l	777	1000	1000	3	64	35956479	1785345358.4261695660	results/experiments/toolchain-environment/20260729T171551Z-toolchain-formal01/boots/repetition-01/lower/python310/lib64
l	777	1000	1000	3	64	35960745	1785345398.4819017460	results/experiments/toolchain-environment/20260729T171551Z-toolchain-formal01/boots/repetition-01/lower/python312/lib64
