d	755	1000	1000	4096	64	35963131	1785345512.9950019340	results/experiments/toolchain-environment/20260729T171551Z-toolchain-formal01/boots/repetition-02/lower
d	755	1000	1000	4096	64	35963139	1785345470.5812229350	results/experiments/toolchain-environment/20260729T171551Z-toolchain-formal01/boots/repetition-02/lower/python310
d	755	1000	1000	4096	64	35963141	1785345470.5672226780	results/experiments/toolchain-environment/20260729T171551Z-toolchain-formal01/boots/repetition-02/lower/python310/include
d	755	1000	1000	4096	64	35963143	1785345470.5732227880	results/experiments/toolchain-environment/20260729T171551Z-toolchain-formal01/boots/repetition-02/lower/python310/lib
d	755	1000	1000	4096	64	35963145	1785345470.5752228250	results/experiments/toolchain-environment/20260729T171551Z-toolchain-formal01/boots/repetition-02/lower/python310/lib/python3.10
d	755	1000	1000	4096	64	35963147	1785345495.4986804350	results/experiments/toolchain-environment/20260729T171551Z-toolchain-formal01/boots/repetition-02/lower/python310/lib/python3.10/site-packages
d	755	1000	1000	4096	64	35963151	1785345512.6319952610	results/experiments/toolchain-environment/20260729T171551Z-toolchain-formal01/boots/repetition-02/lower/python310/bin
d	755	1000	1000	4096	64	35963163	1785345478.2633639370	results/experiments/toolchain-environment/20260729T171551Z-toolchain-formal01/boots/repetition-02/lower/python310/lib/python3.10/site-packages/_distutils_hack
d	755	1000	1000	4096	64	35963169	1785345478.3213650020	results/experiments/toolchain-environment/20260729T171551Z-toolchain-formal01/boots/repetition-02/lower/python310/lib/python3.10/site-packages/pkg_resources
d	755	1000	1000	4096	64	35963177	1785345478.3493655160	results/experiments/toolchain-environment/20260729T171551Z-toolchain-formal01/boots/repetition-02/lower/python310/lib/python3.10/site-packages/pkg_resources/tests
d	755	1000	1000	4096	64	35963193	1785345474.3862927700	results/experiments/toolchain-environment/20260729T171551Z-toolchain-formal01/boots/repetition-02/lower/python310/lib/python3.10/site-packages/pkg_resources/tests/data
d	755	1000	1000	4096	64	35963195	1785345478.3793660670	results/experiments/toolchain-environment/20260729T171551Z-toolchain-formal01/boots/repetition-02/lower/python310/lib/python3.10/site-packages/pkg_resources/tests/data/my-test-package-source
d	755	1000	1000	4096	64	35963201	1785345474.3182915220	results/experiments/toolchain-environment/20260729T171551Z-toolchain-formal01/boots/repetition-02/lower/python310/lib/python3.10/site-packages/pkg_resources/tests/data/my-test-package-zip
d	755	1000	1000	4096	64	35963205	1785345474.3292917240	results/experiments/toolchain-environment/20260729T171551Z-toolchain-formal01/boots/repetition-02/lower/python310/lib/python3.10/site-packages/pkg_resources/tests/data/my-test-package_unpacked-egg
d	755	1000	1000	4096	64	35963207	1785345474.3322917790	results/experiments/toolchain-environment/20260729T171551Z-toolchain-formal01/boots/repetition-02/lower/python310/lib/python3.10/site-packages/pkg_resources/tests/data/my-test-package_unpacked-egg/my_test_package-1.0-py3.7.egg
d	755	1000	1000	4096	64	35963209	1785345474.3822926970	results/experiments/toolchain-environment/20260729T171551Z-toolchain-formal01/boots/repetition-02/lower/python310/lib/python3.10/site-packages/pkg_resources/tests/data/my-test-package_unpacked-egg/my_test_package-1.0-py3.7.egg/EGG-INFO
d	755	1000	1000	4096	64	35963221	1785345474.3912928620	results/experiments/toolchain-environment/20260729T171551Z-toolchain-formal01/boots/repetition-02/lower/python310/lib/python3.10/site-packages/pkg_resources/tests/data/my-test-package_zipped-egg
d	755	1000	1000	4096	64	35963225	1785345478.5833698120	results/experiments/toolchain-environment/20260729T171551Z-toolchain-formal01/boots/repetition-02/lower/python310/lib/python3.10/site-packages/setuptools
d	755	1000	1000	4096	64	35963313	1785345478.6293706560	results/experiments/toolchain-environment/20260729T171551Z-toolchain-formal01/boots/repetition-02/lower/python310/lib/python3.10/site-packages/setuptools/_distutils
d	755	1000	1000	4096	64	35963371	1785345478.8263742720	results/experiments/toolchain-environment/20260729T171551Z-toolchain-formal01/boots/repetition-02/lower/python310/lib/python3.10/site-packages/setuptools/_distutils/command
d	755	1000	1000	4096	64	35963413	1785345479.4693860770	results/experiments/toolchain-environment/20260729T171551Z-toolchain-formal01/boots/repetition-02/lower/python310/lib/python3.10/site-packages/setuptools/_distutils/compat
d	755	1000	1000	4096	64	35963421	1785345475.0193043890	results/experiments/toolchain-environment/20260729T171551Z-toolchain-formal01/boots/repetition-02/lower/python310/lib/python3.10/site-packages/setuptools/_distutils/compilers
d	755	1000	1000	4096	64	35963423	1785345479.5563876740	results/experiments/toolchain-environment/20260729T171551Z-toolchain-formal01/boots/repetition-02/lower/python310/lib/python3.10/site-packages/setuptools/_distutils/compilers/C
d	755	1000	1000	4096	64	35963437	1785345479.6863900610	results/experiments/toolchain-environment/20260729T171551Z-toolchain-formal01/boots/repetition-02/lower/python310/lib/python3.10/site-packages/setuptools/_distutils/compilers/C/tests
d	755	1000	1000	4096	64	35963449	1785345480.3314019020	results/experiments/toolchain-environment/20260729T171551Z-toolchain-formal01/boots/repetition-02/lower/python310/lib/python3.10/site-packages/setuptools/_distutils/tests
d	755	1000	1000	4096	64	35963523	1785345480.3654025270	results/experiments/toolchain-environment/20260729T171551Z-toolchain-formal01/boots/repetition-02/lower/python310/lib/python3.10/site-packages/setuptools/_distutils/tests/compat
d	755	1000	1000	4096	64	35963529	1785345485.7655016760	results/experiments/toolchain-environment/20260729T171551Z-toolchain-formal01/boots/repetition-02/lower/python310/lib/python3.10/site-packages/setuptools/_vendor
d	755	1000	1000	4096	64	35963533	1785345482.3934397600	results/experiments/toolchain-environment/20260729T171551Z-toolchain-formal01/boots/repetition-02/lower/python310/lib/python3.10/site-packages/setuptools/_vendor/autocommand
d	755	1000	1000	4096	64	35963547	1785345482.6544445520	results/experiments/toolchain-environment/20260729T171551Z-toolchain-formal01/boots/repetition-02/lower/python310/lib/python3.10/site-packages/setuptools/_vendor/backports
d	755	1000	1000	4096	64	35963551	1785345482.7104455810	results/experiments/toolchain-environment/20260729T171551Z-toolchain-formal01/boots/repetition-02/lower/python310/lib/python3.10/site-packages/setuptools/_vendor/backports/tarfile
d	755	1000	1000	4096	64	35963557	1785345482.7964471600	results/experiments/toolchain-environment/20260729T171551Z-toolchain-formal01/boots/repetition-02/lower/python310/lib/python3.10/site-packages/setuptools/_vendor/backports/tarfile/compat
d	755	1000	1000	4096	64	35963563	1785345482.9134493080	results/experiments/toolchain-environment/20260729T171551Z-toolchain-formal01/boots/repetition-02/lower/python310/lib/python3.10/site-packages/setuptools/_vendor/importlib_metadata
d	755	1000	1000	4096	64	35963585	1785345483.2324551650	results/experiments/toolchain-environment/20260729T171551Z-toolchain-formal01/boots/repetition-02/lower/python310/lib/python3.10/site-packages/setuptools/_vendor/importlib_metadata/compat
d	755	1000	1000	4096	64	35963593	1785345483.4004582490	results/experiments/toolchain-environment/20260729T171551Z-toolchain-formal01/boots/repetition-02/lower/python310/lib/python3.10/site-packages/setuptools/_vendor/inflect
d	755	1000	1000	4096	64	35963599	1785345483.4364589110	results/experiments/toolchain-environment/20260729T171551Z-toolchain-formal01/boots/repetition-02/lower/python310/lib/python3.10/site-packages/setuptools/_vendor/inflect/compat
d	755	1000	1000	4096	64	35963605	1785345483.6114621240	results/experiments/toolchain-environment/20260729T171551Z-toolchain-formal01/boots/repetition-02/lower/python310/lib/python3.10/site-packages/setuptools/_vendor/jaraco
d	755	1000	1000	4096	64	35963609	1785345483.5814615730	results/experiments/toolchain-environment/20260729T171551Z-toolchain-formal01/boots/repetition-02/lower/python310/lib/python3.10/site-packages/setuptools/_vendor/jaraco/collections
d	755	1000	1000	4096	64	35963615	1785345483.6484628030	results/experiments/toolchain-environment/20260729T171551Z-toolchain-formal01/boots/repetition-02/lower/python310/lib/python3.10/site-packages/setuptools/_vendor/jaraco/functools
d	755	1000	1000	4096	64	35963623	1785345483.7234641800	results/experiments/toolchain-environment/20260729T171551Z-toolchain-formal01/boots/repetition-02/lower/python310/lib/python3.10/site-packages/setuptools/_vendor/jaraco/text
d	755	1000	1000	4096	64	35963639	1785345484.0664704780	results/experiments/toolchain-environment/20260729T171551Z-toolchain-formal01/boots/repetition-02/lower/python310/lib/python3.10/site-packages/setuptools/_vendor/more_itertools
d	755	1000	1000	4096	64	35963655	1785345484.2744742970	results/experiments/toolchain-environment/20260729T171551Z-toolchain-formal01/boots/repetition-02/lower/python310/lib/python3.10/site-packages/setuptools/_vendor/packaging
d	755	1000	1000	4096	64	35963687	1785345484.5554794570	results/experiments/toolchain-environment/20260729T171551Z-toolchain-formal01/boots/repetition-02/lower/python310/lib/python3.10/site-packages/setuptools/_vendor/packaging/licenses
d	755	1000	1000	4096	64	35963693	1785345484.9264862700	results/experiments/toolchain-environment/20260729T171551Z-toolchain-formal01/boots/repetition-02/lower/python310/lib/python3.10/site-packages/setuptools/_vendor/platformdirs
d	755	1000	1000	4096	64	35963713	1785345477.9973590540	results/experiments/toolchain-environment/20260729T171551Z-toolchain-formal01/boots/repetition-02/lower/python310/lib/python3.10/site-packages/setuptools/_vendor/platformdirs-4.2.2.dist-info
d	755	1000	1000	4096	64	35963715	1785345476.0933241030	results/experiments/toolchain-environment/20260729T171551Z-toolchain-formal01/boots/repetition-02/lower/python310/lib/python3.10/site-packages/setuptools/_vendor/platformdirs-4.2.2.dist-info/licenses
d	755	1000	1000	4096	64	35963719	1785345485.2004913010	results/experiments/toolchain-environment/20260729T171551Z-toolchain-formal01/boots/repetition-02/lower/python310/lib/python3.10/site-packages/setuptools/_vendor/tomli
d	755	1000	1000	4096	64	35963731	1785345485.3384938350	results/experiments/toolchain-environment/20260729T171551Z-toolchain-formal01/boots/repetition-02/lower/python310/lib/python3.10/site-packages/setuptools/_vendor/typeguard
d	755	1000	1000	4096	64	35963761	1785345485.8135025570	results/experiments/toolchain-environment/20260729T171551Z-toolchain-formal01/boots/repetition-02/lower/python310/lib/python3.10/site-packages/setuptools/_vendor/wheel
d	755	1000	1000	4096	64	35963781	1785345485.9775055690	results/experiments/toolchain-environment/20260729T171551Z-toolchain-formal01/boots/repetition-02/lower/python310/lib/python3.10/site-packages/setuptools/_vendor/wheel/cli
d	755	1000	1000	4096	64	35963793	1785345486.2695109310	results/experiments/toolchain-environment/20260729T171551Z-toolchain-formal01/boots/repetition-02/lower/python310/lib/python3.10/site-packages/setuptools/_vendor/wheel/vendored
d	755	1000	1000	4096	64	35963799	1785345486.3275119960	results/experiments/toolchain-environment/20260729T171551Z-toolchain-formal01/boots/repetition-02/lower/python310/lib/python3.10/site-packages/setuptools/_vendor/wheel/vendored/packaging
d	755	1000	1000	4096	64	35963833	1785345487.0335249610	results/experiments/toolchain-environment/20260729T171551Z-toolchain-formal01/boots/repetition-02/lower/python310/lib/python3.10/site-packages/setuptools/_vendor/zipp
d	755	1000	1000	4096	64	35963839	1785345487.0645255300	results/experiments/toolchain-environment/20260729T171551Z-toolchain-formal01/boots/repetition-02/lower/python310/lib/python3.10/site-packages/setuptools/_vendor/zipp/compat
d	755	1000	1000	4096	64	35963845	1785345487.2425287980	results/experiments/toolchain-environment/20260729T171551Z-toolchain-formal01/boots/repetition-02/lower/python310/lib/python3.10/site-packages/setuptools/command
d	755	1000	1000	4096	64	35963897	1785345487.9285413960	results/experiments/toolchain-environment/20260729T171551Z-toolchain-formal01/boots/repetition-02/lower/python310/lib/python3.10/site-packages/setuptools/compat
d	755	1000	1000	4096	64	35963909	1785345488.0615438390	results/experiments/toolchain-environment/20260729T171551Z-toolchain-formal01/boots/repetition-02/lower/python310/lib/python3.10/site-packages/setuptools/config
d	755	1000	1000	4096	64	35963927	1785345488.1195449040	results/experiments/toolchain-environment/20260729T171551Z-toolchain-formal01/boots/repetition-02/lower/python310/lib/python3.10/site-packages/setuptools/config/_validate_pyproject
d	755	1000	1000	4096	64	35963943	1785345488.8025574470	results/experiments/toolchain-environment/20260729T171551Z-toolchain-formal01/boots/repetition-02/lower/python310/lib/python3.10/site-packages/setuptools/tests
d	755	1000	1000	4096	64	35964041	1785345488.8295579430	results/experiments/toolchain-environment/20260729T171551Z-toolchain-formal01/boots/repetition-02/lower/python310/lib/python3.10/site-packages/setuptools/tests/compat
d	755	1000	1000	4096	64	35964047	1785345488.8965591730	results/experiments/toolchain-environment/20260729T171551Z-toolchain-formal01/boots/repetition-02/lower/python310/lib/python3.10/site-packages/setuptools/tests/config
d	755	1000	1000	4096	64	35964063	1785345488.9265597240	results/experiments/toolchain-environment/20260729T171551Z-toolchain-formal01/boots/repetition-02/lower/python310/lib/python3.10/site-packages/setuptools/tests/config/downloads
d	755	1000	1000	4096	64	35964069	1785345477.3773476730	results/experiments/toolchain-environment/20260729T171551Z-toolchain-formal01/boots/repetition-02/lower/python310/lib/python3.10/site-packages/setuptools/tests/indexes
d	755	1000	1000	4096	64	35964071	1785345477.3893478930	results/experiments/toolchain-environment/20260729T171551Z-toolchain-formal01/boots/repetition-02/lower/python310/lib/python3.10/site-packages/setuptools/tests/indexes/test_links_priority
d	755	1000	1000	4096	64	35964075	1785345477.3913479290	results/experiments/toolchain-environment/20260729T171551Z-toolchain-formal01/boots/repetition-02/lower/python310/lib/python3.10/site-packages/setuptools/tests/indexes/test_links_priority/simple
d	755	1000	1000	4096	64	35964077	1785345477.3973480400	results/experiments/toolchain-environment/20260729T171551Z-toolchain-formal01/boots/repetition-02/lower/python310/lib/python3.10/site-packages/setuptools/tests/indexes/test_links_priority/simple/foobar
d	755	1000	1000	4096	64	35964081	1785345489.2365654180	results/experiments/toolchain-environment/20260729T171551Z-toolchain-formal01/boots/repetition-02/lower/python310/lib/python3.10/site-packages/setuptools/tests/integration
d	755	1000	1000	4096	64	35964089	1785345490.6555914790	results/experiments/toolchain-environment/20260729T171551Z-toolchain-formal01/boots/repetition-02/lower/python310/lib/python3.10/site-packages/setuptools-79.0.1.dist-info
d	755	1000	1000	4096	64	35964091	1785345477.4293486270	results/experiments/toolchain-environment/20260729T171551Z-toolchain-formal01/boots/repetition-02/lower/python310/lib/python3.10/site-packages/setuptools-79.0.1.dist-info/licenses
d	755	1000	1000	4096	64	35964103	1785345477.4973498760	results/experiments/toolchain-environment/20260729T171551Z-toolchain-formal01/boots/repetition-02/lower/python310/lib/python3.10/site-packages/setuptools/_vendor/autocommand-2.2.2.dist-info
d	755	1000	1000	4096	64	35964117	1785345477.5503508490	results/experiments/toolchain-environment/20260729T171551Z-toolchain-formal01/boots/repetition-02/lower/python310/lib/python3.10/site-packages/setuptools/_vendor/backports.tarfile-1.2.0.dist-info
d	755	1000	1000	4096	64	35964133	1785345477.6043518400	results/experiments/toolchain-environment/20260729T171551Z-toolchain-formal01/boots/repetition-02/lower/python310/lib/python3.10/site-packages/setuptools/_vendor/importlib_metadata-8.0.0.dist-info
d	755	1000	1000	4096	64	35964149	1785345477.6503526840	results/experiments/toolchain-environment/20260729T171551Z-toolchain-formal01/boots/repetition-02/lower/python310/lib/python3.10/site-packages/setuptools/_vendor/inflect-7.3.1.dist-info
d	755	1000	1000	4096	64	35964163	1785345477.7043536750	results/experiments/toolchain-environment/20260729T171551Z-toolchain-formal01/boots/repetition-02/lower/python310/lib/python3.10/site-packages/setuptools/_vendor/jaraco.collections-5.1.0.dist-info
d	755	1000	1000	4096	64	35964179	1785345477.7513545380	results/experiments/toolchain-environment/20260729T171551Z-toolchain-formal01/boots/repetition-02/lower/python310/lib/python3.10/site-packages/setuptools/_vendor/jaraco.context-5.3.0.dist-info
d	755	1000	1000	4096	64	35964193	1785345477.7973553830	results/experiments/toolchain-environment/20260729T171551Z-toolchain-formal01/boots/repetition-02/lower/python310/lib/python3.10/site-packages/setuptools/_vendor/jaraco.functools-4.0.1.dist-info
d	755	1000	1000	4096	64	35964207	1785345477.8503563550	results/experiments/toolchain-environment/20260729T171551Z-toolchain-formal01/boots/repetition-02/lower/python310/lib/python3.10/site-packages/setuptools/_vendor/jaraco.text-3.12.1.dist-info
d	755	1000	1000	4096	64	35964223	1785345477.8973572180	results/experiments/toolchain-environment/20260729T171551Z-toolchain-formal01/boots/repetition-02/lower/python310/lib/python3.10/site-packages/setuptools/_vendor/more_itertools-10.3.0.dist-info
d	755	1000	1000	4096	64	35964237	1785345477.9593583560	results/experiments/toolchain-environment/20260729T171551Z-toolchain-formal01/boots/repetition-02/lower/python310/lib/python3.10/site-packages/setuptools/_vendor/packaging-24.2.dist-info
d	755	1000	1000	4096	64	35964265	1785345478.0433598990	results/experiments/toolchain-environment/20260729T171551Z-toolchain-formal01/boots/repetition-02/lower/python310/lib/python3.10/site-packages/setuptools/_vendor/tomli-2.0.1.dist-info
d	755	1000	1000	4096	64	35964279	1785345478.0973608900	results/experiments/toolchain-environment/20260729T171551Z-toolchain-formal01/boots/repetition-02/lower/python310/lib/python3.10/site-packages/setuptools/_vendor/typeguard-4.3.0.dist-info
d	755	1000	1000	4096	64	35964295	1785345478.1353615870	results/experiments/toolchain-environment/20260729T171551Z-toolchain-formal01/boots/repetition-02/lower/python310/lib/python3.10/site-packages/setuptools/_vendor/typing_extensions-4.12.2.dist-info
d	755	1000	1000	4096	64	35964307	1785345478.1903625970	results/experiments/toolchain-environment/20260729T171551Z-toolchain-formal01/boots/repetition-02/lower/python310/lib/python3.10/site-packages/setuptools/_vendor/wheel-0.45.1.dist-info
d	755	1000	1000	4096	64	35964323	1785345478.2443635880	results/experiments/toolchain-environment/20260729T171551Z-toolchain-formal01/boots/repetition-02/lower/python310/lib/python3.10/site-packages/setuptools/_vendor/zipp-3.19.2.dist-info
d	755	1000	1000	4096	64	35964339	1785345495.5746818310	results/experiments/toolchain-environment/20260729T171551Z-toolchain-formal01/boots/repetition-02/lower/python310/lib/python3.10/site-packages/pip
d	755	1000	1000	4096	64	35964341	1785345478.2913644510	results/experiments/toolchain-environment/20260729T171551Z-toolchain-formal01/boots/repetition-02/lower/python310/lib/python3.10/site-packages/_distutils_hack/__pycache__
d	755	1000	1000	4096	64	35964347	1785345478.3323652040	results/experiments/toolchain-environment/20260729T171551Z-toolchain-formal01/boots/repetition-02/lower/python310/lib/python3.10/site-packages/pkg_resources/__pycache__
d	755	1000	1000	4096	64	35964351	1785345478.5613694080	results/experiments/toolchain-environment/20260729T171551Z-toolchain-formal01/boots/repetition-02/lower/python310/lib/python3.10/site-packages/pkg_resources/tests/__pycache__
d	755	1000	1000	4096	64	35964355	1785345478.3903662680	results/experiments/toolchain-environment/20260729T171551Z-toolchain-formal01/boots/repetition-02/lower/python310/lib/python3.10/site-packages/pkg_resources/tests/data/my-test-package-source/__pycache__
d	755	1000	1000	4096	64	35964371	1785345490.6035905240	results/experiments/toolchain-environment/20260729T171551Z-toolchain-formal01/boots/repetition-02/lower/python310/lib/python3.10/site-packages/setuptools/__pycache__
d	755	1000	1000	4096	64	35964377	1785345482.0534335170	results/experiments/toolchain-environment/20260729T171551Z-toolchain-formal01/boots/repetition-02/lower/python310/lib/python3.10/site-packages/setuptools/_distutils/__pycache__
d	755	1000	1000	4096	64	35964395	1785345479.4493857100	results/experiments/toolchain-environment/20260729T171551Z-toolchain-formal01/boots/repetition-02/lower/python310/lib/python3.10/site-packages/setuptools/_distutils/command/__pycache__
d	755	1000	1000	4096	64	35964499	1785345479.5343872700	results/experiments/toolchain-environment/20260729T171551Z-toolchain-formal01/boots/repetition-02/lower/python310/lib/python3.10/site-packages/setuptools/_distutils/compat/__pycache__
d	755	1000	1000	4096	64	35964507	1785345479.9173943020	results/experiments/toolchain-environment/20260729T171551Z-toolchain-formal01/boots/repetition-02/lower/python310/lib/python3.10/site-packages/setuptools/_distutils/compilers/C/__pycache__
d	755	1000	1000	4096	64	35964517	1785345479.8493930540	results/experiments/toolchain-environment/20260729T171551Z-toolchain-formal01/boots/repetition-02/lower/python310/lib/python3.10/site-packages/setuptools/_distutils/compilers/C/tests/__pycache__
d	755	1000	1000	4096	64	35964561	1785345481.7974288180	results/experiments/toolchain-environment/20260729T171551Z-toolchain-formal01/boots/repetition-02/lower/python310/lib/python3.10/site-packages/setuptools/_distutils/tests/__pycache__
d	755	1000	1000	4096	64	35964565	1785345480.4074032970	results/experiments/toolchain-environment/20260729T171551Z-toolchain-formal01/boots/repetition-02/lower/python310/lib/python3.10/site-packages/setuptools/_distutils/tests/compat/__pycache__
d	755	1000	1000	4096	64	35964671	1785345482.6114437630	results/experiments/toolchain-environment/20260729T171551Z-toolchain-formal01/boots/repetition-02/lower/python310/lib/python3.10/site-packages/setuptools/_vendor/autocommand/__pycache__
d	755	1000	1000	4096	64	35964685	1785345482.6704448460	results/experiments/toolchain-environment/20260729T171551Z-toolchain-formal01/boots/repetition-02/lower/python310/lib/python3.10/site-packages/setuptools/_vendor/backports/__pycache__
d	755	1000	1000	4096	64	35964689	1785345482.7704466820	results/experiments/toolchain-environment/20260729T171551Z-toolchain-formal01/boots/repetition-02/lower/python310/lib/python3.10/site-packages/setuptools/_vendor/backports/tarfile/__pycache__
d	755	1000	1000	4096	64	35964695	1785345482.8584482980	results/experiments/toolchain-environment/20260729T171551Z-toolchain-formal01/boots/repetition-02/lower/python310/lib/python3.10/site-packages/setuptools/_vendor/backports/tarfile/compat/__pycache__
d	755	1000	1000	4096	64	35964701	1785345483.3504573310	results/experiments/toolchain-environment/20260729T171551Z-toolchain-formal01/boots/repetition-02/lower/python310/lib/python3.10/site-packages/setuptools/_vendor/importlib_metadata/__pycache__
d	755	1000	1000	4096	64	35964719	1785345483.3174567260	results/experiments/toolchain-environment/20260729T171551Z-toolchain-formal01/boots/repetition-02/lower/python310/lib/python3.10/site-packages/setuptools/_vendor/importlib_metadata/compat/__pycache__
d	755	1000	1000	4096	64	35964729	1785345483.4144585070	results/experiments/toolchain-environment/20260729T171551Z-toolchain-formal01/boots/repetition-02/lower/python310/lib/python3.10/site-packages/setuptools/_vendor/inflect/__pycache__
d	755	1000	1000	4096	64	35964733	1785345483.4854598100	results/experiments/toolchain-environment/20260729T171551Z-toolchain-formal01/boots/repetition-02/lower/python310/lib/python3.10/site-packages/setuptools/_vendor/inflect/compat/__pycache__
d	755	1000	1000	4096	64	35964739	1785345483.5944618110	results/experiments/toolchain-environment/20260729T171551Z-toolchain-formal01/boots/repetition-02/lower/python310/lib/python3.10/site-packages/setuptools/_vendor/jaraco/collections/__pycache__
d	755	1000	1000	4096	64	35964743	1785345483.6194622710	results/experiments/toolchain-environment/20260729T171551Z-toolchain-formal01/boots/repetition-02/lower/python310/lib/python3.10/site-packages/setuptools/_vendor/jaraco/__pycache__
d	755	1000	1000	4096	64	35964747	1785345483.6714632250	results/experiments/toolchain-environment/20260729T171551Z-toolchain-formal01/boots/repetition-02/lower/python310/lib/python3.10/site-packages/setuptools/_vendor/jaraco/functools/__pycache__
d	755	1000	1000	4096	64	35964751	1785345484.0094694320	results/experiments/toolchain-environment/20260729T171551Z-toolchain-formal01/boots/repetition-02/lower/python310/lib/python3.10/site-packages/setuptools/_vendor/jaraco/text/__pycache__
d	755	1000	1000	4096	64	35964765	1785345484.2214733250	results/experiments/toolchain-environment/20260729T171551Z-toolchain-formal01/boots/repetition-02/lower/python310/lib/python3.10/site-packages/setuptools/_vendor/more_itertools/__pycache__
d	755	1000	1000	4096	64	35964773	1785345484.8884855720	results/experiments/toolchain-environment/20260729T171551Z-toolchain-formal01/boots/repetition-02/lower/python310/lib/python3.10/site-packages/setuptools/_vendor/packaging/__pycache__
d	755	1000	1000	4096	64	35964789	1785345484.6184806140	results/experiments/toolchain-environment/20260729T171551Z-toolchain-formal01/boots/repetition-02/lower/python310/lib/python3.10/site-packages/setuptools/_vendor/packaging/licenses/__pycache__
d	755	1000	1000	4096	64	35964809	1785345485.1674906950	results/experiments/toolchain-environment/20260729T171551Z-toolchain-formal01/boots/repetition-02/lower/python310/lib/python3.10/site-packages/setuptools/_vendor/platformdirs/__pycache__
d	755	1000	1000	4096	64	35964827	1785345485.3014931550	results/experiments/toolchain-environment/20260729T171551Z-toolchain-formal01/boots/repetition-02/lower/python310/lib/python3.10/site-packages/setuptools/_vendor/tomli/__pycache__
d	755	1000	1000	4096	64	35964837	1785345485.7265009590	results/experiments/toolchain-environment/20260729T171551Z-toolchain-formal01/boots/repetition-02/lower/python310/lib/python3.10/site-packages/setuptools/_vendor/typeguard/__pycache__
d	755	1000	1000	4096	64	35964865	1785345485.7775018960	results/experiments/toolchain-environment/20260729T171551Z-toolchain-formal01/boots/repetition-02/lower/python310/lib/python3.10/site-packages/setuptools/_vendor/__pycache__
d	755	1000	1000	4096	64	35964869	1785345486.9845240600	results/experiments/toolchain-environment/20260729T171551Z-toolchain-formal01/boots/repetition-02/lower/python310/lib/python3.10/site-packages/setuptools/_vendor/wheel/__pycache__
d	755	1000	1000	4096	64	35964881	1785345486.1405085620	results/experiments/toolchain-environment/20260729T171551Z-toolchain-formal01/boots/repetition-02/lower/python310/lib/python3.10/site-packages/setuptools/_vendor/wheel/cli/__pycache__
d	755	1000	1000	4096	64	35964899	1785345486.2855112250	results/experiments/toolchain-environment/20260729T171551Z-toolchain-formal01/boots/repetition-02/lower/python310/lib/python3.10/site-packages/setuptools/_vendor/wheel/vendored/__pycache__
d	755	1000	1000	4096	64	35964903	1785345486.9415232710	results/experiments/toolchain-environment/20260729T171551Z-toolchain-formal01/boots/repetition-02/lower/python310/lib/python3.10/site-packages/setuptools/_vendor/wheel/vendored/packaging/__pycache__
d	755	1000	1000	4096	64	35964933	1785345487.1565272190	results/experiments/toolchain-environment/20260729T171551Z-toolchain-formal01/boots/repetition-02/lower/python310/lib/python3.10/site-packages/setuptools/_vendor/zipp/__pycache__
d	755	1000	1000	4096	64	35964937	1785345487.1175265030	results/experiments/toolchain-environment/20260729T171551Z-toolchain-formal01/boots/repetition-02/lower/python310/lib/python3.10/site-packages/setuptools/_vendor/zipp/compat/__pycache__
d	755	1000	1000	4096	64	35964949	1785345487.9135411210	results/experiments/toolchain-environment/20260729T171551Z-toolchain-formal01/boots/repetition-02/lower/python310/lib/python3.10/site-packages/setuptools/command/__pycache__
d	755	1000	1000	4096	64	35964999	1785345488.0435435080	results/experiments/toolchain-environment/20260729T171551Z-toolchain-formal01/boots/repetition-02/lower/python310/lib/python3.10/site-packages/setuptools/compat/__pycache__
d	755	1000	1000	4096	64	35965011	1785345488.4075501930	results/experiments/toolchain-environment/20260729T171551Z-toolchain-formal01/boots/repetition-02/lower/python310/lib/python3.10/site-packages/setuptools/config/__pycache__
d	755	1000	1000	4096	64	35965017	1785345488.3185485580	results/experiments/toolchain-environment/20260729T171551Z-toolchain-formal01/boots/repetition-02/lower/python310/lib/python3.10/site-packages/setuptools/config/_validate_pyproject/__pycache__
d	755	1000	1000	4096	64	35965067	1785345490.4945885220	results/experiments/toolchain-environment/20260729T171551Z-toolchain-formal01/boots/repetition-02/lower/python310/lib/python3.10/site-packages/setuptools/tests/__pycache__
d	755	1000	1000	4096	64	35965071	1785345488.8785588430	results/experiments/toolchain-environment/20260729T171551Z-toolchain-formal01/boots/repetition-02/lower/python310/lib/python3.10/site-packages/setuptools/tests/compat/__pycache__
d	755	1000	1000	4096	64	35965077	1785345489.1395636360	results/experiments/toolchain-environment/20260729T171551Z-toolchain-formal01/boots/repetition-02/lower/python310/lib/python3.10/site-packages/setuptools/tests/config/__pycache__
d	755	1000	1000	4096	64	35965081	1785345488.9735605870	results/experiments/toolchain-environment/20260729T171551Z-toolchain-formal01/boots/repetition-02/lower/python310/lib/python3.10/site-packages/setuptools/tests/config/downloads/__pycache__
d	755	1000	1000	4096	64	35965103	1785345489.3035666480	results/experiments/toolchain-environment/20260729T171551Z-toolchain-formal01/boots/repetition-02/lower/python310/lib/python3.10/site-packages/setuptools/tests/integration/__pycache__
d	755	1000	1000	4096	64	35965235	1785345495.6636834660	results/experiments/toolchain-environment/20260729T171551Z-toolchain-formal01/boots/repetition-02/lower/python310/lib/python3.10/site-packages/pip/_internal
d	755	1000	1000	4096	64	35965255	1785345495.7516850820	results/experiments/toolchain-environment/20260729T171551Z-toolchain-formal01/boots/repetition-02/lower/python310/lib/python3.10/site-packages/pip/_internal/cli
d	755	1000	1000	4096	64	35965281	1785345496.1066916030	results/experiments/toolchain-environment/20260729T171551Z-toolchain-formal01/boots/repetition-02/lower/python310/lib/python3.10/site-packages/pip/_internal/commands
d	755	1000	1000	4096	64	35965319	1785345496.7417032690	results/experiments/toolchain-environment/20260729T171551Z-toolchain-formal01/boots/repetition-02/lower/python310/lib/python3.10/site-packages/pip/_internal/distributions
d	755	1000	1000	4096	64	35965331	1785345496.9457070160	results/experiments/toolchain-environment/20260729T171551Z-toolchain-formal01/boots/repetition-02/lower/python310/lib/python3.10/site-packages/pip/_internal/index
d	755	1000	1000	4096	64	35965341	1785345497.0817095150	results/experiments/toolchain-environment/20260729T171551Z-toolchain-formal01/boots/repetition-02/lower/python310/lib/python3.10/site-packages/pip/_internal/locations
d	755	1000	1000	4096	64	35965351	1785345497.2307122520	results/experiments/toolchain-environment/20260729T171551Z-toolchain-formal01/boots/repetition-02/lower/python310/lib/python3.10/site-packages/pip/_internal/metadata
d	755	1000	1000	4096	64	35965361	1785345497.3287140520	results/experiments/toolchain-environment/20260729T171551Z-toolchain-formal01/boots/repetition-02/lower/python310/lib/python3.10/site-packages/pip/_internal/metadata/importlib
d	755	1000	1000	4096	64	35965371	1785345497.5077173410	results/experiments/toolchain-environment/20260729T171551Z-toolchain-formal01/boots/repetition-02/lower/python310/lib/python3.10/site-packages/pip/_internal/models
d	755	1000	1000	4096	64	35965397	1785345497.8797241750	results/experiments/toolchain-environment/20260729T171551Z-toolchain-formal01/boots/repetition-02/lower/python310/lib/python3.10/site-packages/pip/_internal/network
d	755	1000	1000	4096	64	35965425	1785345498.1537292080	results/experiments/toolchain-environment/20260729T171551Z-toolchain-formal01/boots/repetition-02/lower/python310/lib/python3.10/site-packages/pip/_internal/operations
d	755	1000	1000	4096	64	35965435	1785345498.1867298150	results/experiments/toolchain-environment/20260729T171551Z-toolchain-formal01/boots/repetition-02/lower/python310/lib/python3.10/site-packages/pip/_internal/operations/build
d	755	1000	1000	4096	64	35965453	1785345498.5367362450	results/experiments/toolchain-environment/20260729T171551Z-toolchain-formal01/boots/repetition-02/lower/python310/lib/python3.10/site-packages/pip/_internal/operations/install
d	755	1000	1000	4096	64	35965463	1785345498.8267415730	results/experiments/toolchain-environment/20260729T171551Z-toolchain-formal01/boots/repetition-02/lower/python310/lib/python3.10/site-packages/pip/_internal/req
d	755	1000	1000	4096	64	35965477	1785345499.0717460740	results/experiments/toolchain-environment/20260729T171551Z-toolchain-formal01/boots/repetition-02/lower/python310/lib/python3.10/site-packages/pip/_internal/resolution
d	755	1000	1000	4096	64	35965483	1785345499.1357472500	results/experiments/toolchain-environment/20260729T171551Z-toolchain-formal01/boots/repetition-02/lower/python310/lib/python3.10/site-packages/pip/_internal/resolution/legacy
d	755	1000	1000	4096	64	35965489	1785345499.2167487380	results/experiments/toolchain-environment/20260729T171551Z-toolchain-formal01/boots/repetition-02/lower/python310/lib/python3.10/site-packages/pip/_internal/resolution/resolvelib
d	755	1000	1000	4096	64	35965509	1785345499.5827554620	results/experiments/toolchain-environment/20260729T171551Z-toolchain-formal01/boots/repetition-02/lower/python310/lib/python3.10/site-packages/pip/_internal/utils
d	755	1000	1000	4096	64	35965567	1785345500.4337710970	results/experiments/toolchain-environment/20260729T171551Z-toolchain-formal01/boots/repetition-02/lower/python310/lib/python3.10/site-packages/pip/_internal/vcs
d	755	1000	1000	4096	64	35965581	1785345500.6517751020	results/experiments/toolchain-environment/20260729T171551Z-toolchain-formal01/boots/repetition-02/lower/python310/lib/python3.10/site-packages/pip/_vendor
d	755	1000	1000	4096	64	35965591	1785345500.6907758190	results/experiments/toolchain-environment/20260729T171551Z-toolchain-formal01/boots/repetition-02/lower/python310/lib/python3.10/site-packages/pip/_vendor/cachecontrol
d	755	1000	1000	4096	64	35965613	1785345500.8477787040	results/experiments/toolchain-environment/20260729T171551Z-toolchain-formal01/boots/repetition-02/lower/python310/lib/python3.10/site-packages/pip/_vendor/cachecontrol/caches
d	755	1000	1000	4096	64	35965621	1785345501.1857849140	results/experiments/toolchain-environment/20260729T171551Z-toolchain-formal01/boots/repetition-02/lower/python310/lib/python3.10/site-packages/pip/_vendor/certifi
d	755	1000	1000	4096	64	35965631	1785345501.2867867690	results/experiments/toolchain-environment/20260729T171551Z-toolchain-formal01/boots/repetition-02/lower/python310/lib/python3.10/site-packages/pip/_vendor/chardet
d	755	1000	1000	4096	64	35965721	1785345501.4857904260	results/experiments/toolchain-environment/20260729T171551Z-toolchain-formal01/boots/repetition-02/lower/python310/lib/python3.10/site-packages/pip/_vendor/chardet/cli
d	755	1000	1000	4096	64	35965727	1785345502.6248113540	results/experiments/toolchain-environment/20260729T171551Z-toolchain-formal01/boots/repetition-02/lower/python310/lib/python3.10/site-packages/pip/_vendor/chardet/metadata
d	755	1000	1000	4096	64	35965733	1785345502.9688176750	results/experiments/toolchain-environment/20260729T171551Z-toolchain-formal01/boots/repetition-02/lower/python310/lib/python3.10/site-packages/pip/_vendor/colorama
d	755	1000	1000	4096	64	35965747	1785345503.1328206880	results/experiments/toolchain-environment/20260729T171551Z-toolchain-formal01/boots/repetition-02/lower/python310/lib/python3.10/site-packages/pip/_vendor/colorama/tests
d	755	1000	1000	4096	64	35965763	1785345503.4868271930	results/experiments/toolchain-environment/20260729T171551Z-toolchain-formal01/boots/repetition-02/lower/python310/lib/python3.10/site-packages/pip/_vendor/distlib
d	755	1000	1000	4096	64	35965803	1785345503.9518357370	results/experiments/toolchain-environment/20260729T171551Z-toolchain-formal01/boots/repetition-02/lower/python310/lib/python3.10/site-packages/pip/_vendor/distro
d	755	1000	1000	4096	64	35965811	1785345504.0508375570	results/experiments/toolchain-environment/20260729T171551Z-toolchain-formal01/boots/repetition-02/lower/python310/lib/python3.10/site-packages/pip/_vendor/idna
d	755	1000	1000	4096	64	35965829	1785345504.3628432900	results/experiments/toolchain-environment/20260729T171551Z-toolchain-formal01/boots/repetition-02/lower/python310/lib/python3.10/site-packages/pip/_vendor/msgpack
d	755	1000	1000	4096	64	35965839	1785345504.5058459170	results/experiments/toolchain-environment/20260729T171551Z-toolchain-formal01/boots/repetition-02/lower/python310/lib/python3.10/site-packages/pip/_vendor/packaging
d	755	1000	1000	4096	64	35965863	1785345504.8998531580	results/experiments/toolchain-environment/20260729T171551Z-toolchain-formal01/boots/repetition-02/lower/python310/lib/python3.10/site-packages/pip/_vendor/pkg_resources
d	755	1000	1000	4096	64	35965869	1785345504.9698544440	results/experiments/toolchain-environment/20260729T171551Z-toolchain-formal01/boots/repetition-02/lower/python310/lib/python3.10/site-packages/pip/_vendor/platformdirs
d	755	1000	1000	4096	64	35965887	1785345505.2098588540	results/experiments/toolchain-environment/20260729T171551Z-toolchain-formal01/boots/repetition-02/lower/python310/lib/python3.10/site-packages/pip/_vendor/pygments
d	755	1000	1000	4096	64	35965921	1785345505.3698617940	results/experiments/toolchain-environment/20260729T171551Z-toolchain-formal01/boots/repetition-02/lower/python310/lib/python3.10/site-packages/pip/_vendor/pygments/filters
d	755	1000	1000	4096	64	35965925	1785345505.4348629890	results/experiments/toolchain-environment/20260729T171551Z-toolchain-formal01/boots/repetition-02/lower/python310/lib/python3.10/site-packages/pip/_vendor/pygments/formatters
d	755	1000	1000	4096	64	35965977	1785345505.9658727470	results/experiments/toolchain-environment/20260729T171551Z-toolchain-formal01/boots/repetition-02/lower/python310/lib/python3.10/site-packages/pip/_vendor/pygments/lexers
d	755	1000	1000	4096	64	35965985	1785345506.3108790870	results/experiments/toolchain-environment/20260729T171551Z-toolchain-formal01/boots/repetition-02/lower/python310/lib/python3.10/site-packages/pip/_vendor/pygments/styles
d	755	1000	1000	4096	64	35965989	1785345506.4768821380	results/experiments/toolchain-environment/20260729T171551Z-toolchain-formal01/boots/repetition-02/lower/python310/lib/python3.10/site-packages/pip/_vendor/pyparsing
d	755	1000	1000	4096	64	35966011	1785345506.6638855740	results/experiments/toolchain-environment/20260729T171551Z-toolchain-formal01/boots/repetition-02/lower/python310/lib/python3.10/site-packages/pip/_vendor/pyparsing/diagram
d	755	1000	1000	4096	64	35966015	1785345506.9708912160	results/experiments/toolchain-environment/20260729T171551Z-toolchain-formal01/boots/repetition-02/lower/python310/lib/python3.10/site-packages/pip/_vendor/pyproject_hooks
d	755	1000	1000	4096	64	35966023	1785345507.1048936780	results/experiments/toolchain-environment/20260729T171551Z-toolchain-formal01/boots/repetition-02/lower/python310/lib/python3.10/site-packages/pip/_vendor/pyproject_hooks/_in_process
d	755	1000	1000	4096	64	35966029	1785345507.1978953870	results/experiments/toolchain-environment/20260729T171551Z-toolchain-formal01/boots/repetition-02/lower/python310/lib/python3.10/site-packages/pip/_vendor/requests
d	755	1000	1000	4096	64	35966067	1785345507.8399071860	results/experiments/toolchain-environment/20260729T171551Z-toolchain-formal01/boots/repetition-02/lower/python310/lib/python3.10/site-packages/pip/_vendor/resolvelib
d	755	1000	1000	4096	64	35966079	1785345507.8839079950	results/experiments/toolchain-environment/20260729T171551Z-toolchain-formal01/boots/repetition-02/lower/python310/lib/python3.10/site-packages/pip/_vendor/resolvelib/compat
d	755	1000	1000	4096	64	35966085	1785345508.0849116890	results/experiments/toolchain-environment/20260729T171551Z-toolchain-formal01/boots/repetition-02/lower/python310/lib/python3.10/site-packages/pip/_vendor/rich
d	755	1000	1000	4096	64	35966239	1785345510.6509588490	results/experiments/toolchain-environment/20260729T171551Z-toolchain-formal01/boots/repetition-02/lower/python310/lib/python3.10/site-packages/pip/_vendor/tenacity
d	755	1000	1000	4096	64	35966275	1785345510.9729647680	results/experiments/toolchain-environment/20260729T171551Z-toolchain-formal01/boots/repetition-02/lower/python310/lib/python3.10/site-packages/pip/_vendor/tomli
d	755	1000	1000	4096	64	35966285	1785345511.1299676530	results/experiments/toolchain-environment/20260729T171551Z-toolchain-formal01/boots/repetition-02/lower/python310/lib/python3.10/site-packages/pip/_vendor/urllib3
d	755	1000	1000	4096	64	35966309	1785345511.2709702450	results/experiments/toolchain-environment/20260729T171551Z-toolchain-formal01/boots/repetition-02/lower/python310/lib/python3.10/site-packages/pip/_vendor/urllib3/contrib
d	755	1000	1000	4096	64	35966325	1785345511.3309713480	results/experiments/toolchain-environment/20260729T171551Z-toolchain-formal01/boots/repetition-02/lower/python310/lib/python3.10/site-packages/pip/_vendor/urllib3/contrib/_securetransport
d	755	1000	1000	4096	64	35966333	1785345511.6889779280	results/experiments/toolchain-environment/20260729T171551Z-toolchain-formal01/boots/repetition-02/lower/python310/lib/python3.10/site-packages/pip/_vendor/urllib3/packages
d	755	1000	1000	4096	64	35966339	1785345511.7239785710	results/experiments/toolchain-environment/20260729T171551Z-toolchain-formal01/boots/repetition-02/lower/python310/lib/python3.10/site-packages/pip/_vendor/urllib3/packages/backports
d	755	1000	1000	4096	64	35966345	1785345511.9319823940	results/experiments/toolchain-environment/20260729T171551Z-toolchain-formal01/boots/repetition-02/lower/python310/lib/python3.10/site-packages/pip/_vendor/urllib3/util
d	755	1000	1000	4096	64	35966373	1785345512.3529901330	results/experiments/toolchain-environment/20260729T171551Z-toolchain-formal01/boots/repetition-02/lower/python310/lib/python3.10/site-packages/pip/_vendor/webencodings
d	755	1000	1000	4096	64	35966385	1785345512.5349934780	results/experiments/toolchain-environment/20260729T171551Z-toolchain-formal01/boots/repetition-02/lower/python310/lib/python3.10/site-packages/pip-23.0.1.dist-info
d	755	1000	1000	4096	64	35966399	1785345495.6466831530	results/experiments/toolchain-environment/20260729T171551Z-toolchain-formal01/boots/repetition-02/lower/python310/lib/python3.10/site-packages/pip/__pycache__
d	755	1000	1000	4096	64	35966407	1785345500.6297746980	results/experiments/toolchain-environment/20260729T171551Z-toolchain-formal01/boots/repetition-02/lower/python310/lib/python3.10/site-packages/pip/_internal/__pycache__
d	755	1000	1000	4096	64	35966415	1785345496.0826911630	results/experiments/toolchain-environment/20260729T171551Z-toolchain-formal01/boots/repetition-02/lower/python310/lib/python3.10/site-packages/pip/_internal/cli/__pycache__
d	755	1000	1000	4096	64	35966449	1785345496.6647018540	results/experiments/toolchain-environment/20260729T171551Z-toolchain-formal01/boots/repetition-02/lower/python310/lib/python3.10/site-packages/pip/_internal/commands/__pycache__
d	755	1000	1000	4096	64	35966491	1785345496.8957060980	results/experiments/toolchain-environment/20260729T171551Z-toolchain-formal01/boots/repetition-02/lower/python310/lib/python3.10/site-packages/pip/_internal/distributions/__pycache__
d	755	1000	1000	4096	64	35966505	1785345497.0607091290	results/experiments/toolchain-environment/20260729T171551Z-toolchain-formal01/boots/repetition-02/lower/python310/lib/python3.10/site-packages/pip/_internal/index/__pycache__
d	755	1000	1000	4096	64	35966515	1785345497.1857114250	results/experiments/toolchain-environment/20260729T171551Z-toolchain-formal01/boots/repetition-02/lower/python310/lib/python3.10/site-packages/pip/_internal/locations/__pycache__
d	755	1000	1000	4096	64	35966527	1785345497.4877169730	results/experiments/toolchain-environment/20260729T171551Z-toolchain-formal01/boots/repetition-02/lower/python310/lib/python3.10/site-packages/pip/_internal/metadata/__pycache__
d	755	1000	1000	4096	64	35966535	1785345497.4527163300	results/experiments/toolchain-environment/20260729T171551Z-toolchain-formal01/boots/repetition-02/lower/python310/lib/python3.10/site-packages/pip/_internal/metadata/importlib/__pycache__
d	755	1000	1000	4096	64	35966547	1785345497.8597238070	results/experiments/toolchain-environment/20260729T171551Z-toolchain-formal01/boots/repetition-02/lower/python310/lib/python3.10/site-packages/pip/_internal/models/__pycache__
d	755	1000	1000	4096	64	35966573	1785345498.1337288410	results/experiments/toolchain-environment/20260729T171551Z-toolchain-formal01/boots/repetition-02/lower/python310/lib/python3.10/site-packages/pip/_internal/network/__pycache__
d	755	1000	1000	4096	64	35966591	1785345498.7587403230	results/experiments/toolchain-environment/20260729T171551Z-toolchain-formal01/boots/repetition-02/lower/python310/lib/python3.10/site-packages/pip/_internal/operations/__pycache__
d	755	1000	1000	4096	64	35966595	1785345498.4467345910	results/experiments/toolchain-environment/20260729T171551Z-toolchain-formal01/boots/repetition-02/lower/python310/lib/python3.10/site-packages/pip/_internal/operations/build/__pycache__
d	755	1000	1000	4096	64	35966617	1785345498.7027392950	results/experiments/toolchain-environment/20260729T171551Z-toolchain-formal01/boots/repetition-02/lower/python310/lib/python3.10/site-packages/pip/_internal/operations/install/__pycache__
d	755	1000	1000	4096	64	35966631	1785345499.0527457250	results/experiments/toolchain-environment/20260729T171551Z-toolchain-formal01/boots/repetition-02/lower/python310/lib/python3.10/site-packages/pip/_internal/req/__pycache__
d	755	1000	1000	4096	64	35966645	1785345499.1137468450	results/experiments/toolchain-environment/20260729T171551Z-toolchain-formal01/boots/repetition-02/lower/python310/lib/python3.10/site-packages/pip/_internal/resolution/__pycache__
d	755	1000	1000	4096	64	35966651	1785345499.1937483150	results/experiments/toolchain-environment/20260729T171551Z-toolchain-formal01/boots/repetition-02/lower/python310/lib/python3.10/site-packages/pip/_internal/resolution/legacy/__pycache__
d	755	1000	1000	4096	64	35966657	1785345499.5387546540	results/experiments/toolchain-environment/20260729T171551Z-toolchain-formal01/boots/repetition-02/lower/python310/lib/python3.10/site-packages/pip/_internal/resolution/resolvelib/__pycache__
d	755	1000	1000	4096	64	35966679	1785345500.4157707670	results/experiments/toolchain-environment/20260729T171551Z-toolchain-formal01/boots/repetition-02/lower/python310/lib/python3.10/site-packages/pip/_internal/utils/__pycache__
d	755	1000	1000	4096	64	35966737	1785345500.5997741470	results/experiments/toolchain-environment/20260729T171551Z-toolchain-formal01/boots/repetition-02/lower/python310/lib/python3.10/site-packages/pip/_internal/vcs/__pycache__
d	755	1000	1000	4096	64	35966753	1785345511.1139673590	results/experiments/toolchain-environment/20260729T171551Z-toolchain-formal01/boots/repetition-02/lower/python310/lib/python3.10/site-packages/pip/_vendor/__pycache__
d	755	1000	1000	4096	64	35966757	1785345501.1627844910	results/experiments/toolchain-environment/20260729T171551Z-toolchain-formal01/boots/repetition-02/lower/python310/lib/python3.10/site-packages/pip/_vendor/cachecontrol/__pycache__
d	755	1000	1000	4096	64	35966767	1785345500.9477805410	results/experiments/toolchain-environment/20260729T171551Z-toolchain-formal01/boots/repetition-02/lower/python310/lib/python3.10/site-packages/pip/_vendor/cachecontrol/caches/__pycache__
d	755	1000	1000	4096	64	35966787	1785345501.2647863650	results/experiments/toolchain-environment/20260729T171551Z-toolchain-formal01/boots/repetition-02/lower/python310/lib/python3.10/site-packages/pip/_vendor/certifi/__pycache__
d	755	1000	1000	4096	64	35966795	1785345502.9438172150	results/experiments/toolchain-environment/20260729T171551Z-toolchain-formal01/boots/repetition-02/lower/python310/lib/python3.10/site-packages/pip/_vendor/chardet/__pycache__
d	755	1000	1000	4096	64	35966809	1785345501.5377913810	results/experiments/toolchain-environment/20260729T171551Z-toolchain-formal01/boots/repetition-02/lower/python310/lib/python3.10/site-packages/pip/_vendor/chardet/cli/__pycache__
d	755	1000	1000	4096	64	35966885	1785345502.6758122910	results/experiments/toolchain-environment/20260729T171551Z-toolchain-formal01/boots/repetition-02/lower/python310/lib/python3.10/site-packages/pip/_vendor/chardet/metadata/__pycache__
d	755	1000	1000	4096	64	35966907	1785345503.4648267890	results/experiments/toolchain-environment/20260729T171551Z-toolchain-formal01/boots/repetition-02/lower/python310/lib/python3.10/site-packages/pip/_vendor/colorama/__pycache__
d	755	1000	1000	4096	64	35966917	1785345503.3998255950	results/experiments/toolchain-environment/20260729T171551Z-toolchain-formal01/boots/repetition-02/lower/python310/lib/python3.10/site-packages/pip/_vendor/colorama/tests/__pycache__
d	755	1000	1000	4096	64	35966937	1785345503.9328353880	results/experiments/toolchain-environment/20260729T171551Z-toolchain-formal01/boots/repetition-02/lower/python310/lib/python3.10/site-packages/pip/_vendor/distlib/__pycache__
d	755	1000	1000	4096	64	35966965	1785345504.0268371160	results/experiments/toolchain-environment/20260729T171551Z-toolchain-formal01/boots/repetition-02/lower/python310/lib/python3.10/site-packages/pip/_vendor/distro/__pycache__
d	755	1000	1000	4096	64	35966973	1785345504.3388428490	results/experiments/toolchain-environment/20260729T171551Z-toolchain-formal01/boots/repetition-02/lower/python310/lib/python3.10/site-packages/pip/_vendor/idna/__pycache__
d	755	1000	1000	4096	64	35966991	1785345504.4848455320	results/experiments/toolchain-environment/20260729T171551Z-toolchain-formal01/boots/repetition-02/lower/python310/lib/python3.10/site-packages/pip/_vendor/msgpack/__pycache__
d	755	1000	1000	4096	64	35967001	1785345504.8658525330	results/experiments/toolchain-environment/20260729T171551Z-toolchain-formal01/boots/repetition-02/lower/python310/lib/python3.10/site-packages/pip/_vendor/packaging/__pycache__
d	755	1000	1000	4096	64	35967025	1785345504.9488540580	results/experiments/toolchain-environment/20260729T171551Z-toolchain-formal01/boots/repetition-02/lower/python310/lib/python3.10/site-packages/pip/_vendor/pkg_resources/__pycache__
d	755	1000	1000	4096	64	35967031	1785345505.1908585050	results/experiments/toolchain-environment/20260729T171551Z-toolchain-formal01/boots/repetition-02/lower/python310/lib/python3.10/site-packages/pip/_vendor/platformdirs/__pycache__
d	755	1000	1000	4096	64	35967049	1785345506.4538817150	results/experiments/toolchain-environment/20260729T171551Z-toolchain-formal01/boots/repetition-02/lower/python310/lib/python3.10/site-packages/pip/_vendor/pygments/__pycache__
d	755	1000	1000	4096	64	35967061	1785345505.3838620520	results/experiments/toolchain-environment/20260729T171551Z-toolchain-formal01/boots/repetition-02/lower/python310/lib/python3.10/site-packages/pip/_vendor/pygments/filters/__pycache__
d	755	1000	1000	4096	64	35967067	1785345505.9098717180	results/experiments/toolchain-environment/20260729T171551Z-toolchain-formal01/boots/repetition-02/lower/python310/lib/python3.10/site-packages/pip/_vendor/pygments/formatters/__pycache__
d	755	1000	1000	4096	64	35967099	1785345506.0598744740	results/experiments/toolchain-environment/20260729T171551Z-toolchain-formal01/boots/repetition-02/lower/python310/lib/python3.10/site-packages/pip/_vendor/pygments/lexers/__pycache__
d	755	1000	1000	4096	64	35967119	1785345506.3288794180	results/experiments/toolchain-environment/20260729T171551Z-toolchain-formal01/boots/repetition-02/lower/python310/lib/python3.10/site-packages/pip/_vendor/pygments/styles/__pycache__
d	755	1000	1000	4096	64	35967129	1785345506.9448907380	results/experiments/toolchain-environment/20260729T171551Z-toolchain-formal01/boots/repetition-02/lower/python310/lib/python3.10/site-packages/pip/_vendor/pyparsing/__pycache__
d	755	1000	1000	4096	64	35967139	1785345506.6808858870	results/experiments/toolchain-environment/20260729T171551Z-toolchain-formal01/boots/repetition-02/lower/python310/lib/python3.10/site-packages/pip/_vendor/pyparsing/diagram/__pycache__
d	755	1000	1000	4096	64	35967155	1785345507.0768931640	results/experiments/toolchain-environment/20260729T171551Z-toolchain-formal01/boots/repetition-02/lower/python310/lib/python3.10/site-packages/pip/_vendor/pyproject_hooks/__pycache__
d	755	1000	1000	4096	64	35967163	1785345507.1728949280	results/experiments/toolchain-environment/20260729T171551Z-toolchain-formal01/boots/repetition-02/lower/python310/lib/python3.10/site-packages/pip/_vendor/pyproject_hooks/_in_process/__pycache__
d	755	1000	1000	4096	64	35967169	1785345507.8159067450	results/experiments/toolchain-environment/20260729T171551Z-toolchain-formal01/boots/repetition-02/lower/python310/lib/python3.10/site-packages/pip/_vendor/requests/__pycache__
d	755	1000	1000	4096	64	35967215	1785345508.0639113030	results/experiments/toolchain-environment/20260729T171551Z-toolchain-formal01/boots/repetition-02/lower/python310/lib/python3.10/site-packages/pip/_vendor/resolvelib/__pycache__
d	755	1000	1000	4096	64	35967219	1785345507.9349089320	results/experiments/toolchain-environment/20260729T171551Z-toolchain-formal01/boots/repetition-02/lower/python310/lib/python3.10/site-packages/pip/_vendor/resolvelib/compat/__pycache__
d	755	1000	1000	4096	64	35967233	1785345510.5949578200	results/experiments/toolchain-environment/20260729T171551Z-toolchain-formal01/boots/repetition-02/lower/python310/lib/python3.10/site-packages/pip/_vendor/rich/__pycache__
d	755	1000	1000	4096	64	35967409	1785345510.9569644740	results/experiments/toolchain-environment/20260729T171551Z-toolchain-formal01/boots/repetition-02/lower/python310/lib/python3.10/site-packages/pip/_vendor/tenacity/__pycache__
d	755	1000	1000	4096	64	35967433	1785345511.0809667530	results/experiments/toolchain-environment/20260729T171551Z-toolchain-formal01/boots/repetition-02/lower/python310/lib/python3.10/site-packages/pip/_vendor/tomli/__pycache__
d	755	1000	1000	4096	64	35967445	1785345511.9109820080	results/experiments/toolchain-environment/20260729T171551Z-toolchain-formal01/boots/repetition-02/lower/python310/lib/python3.10/site-packages/pip/_vendor/urllib3/__pycache__
d	755	1000	1000	4096	64	35967457	1785345511.5829759800	results/experiments/toolchain-environment/20260729T171551Z-toolchain-formal01/boots/repetition-02/lower/python310/lib/python3.10/site-packages/pip/_vendor/urllib3/contrib/__pycache__
d	755	1000	1000	4096	64	35967475	1785345511.4189729650	results/experiments/toolchain-environment/20260729T171551Z-toolchain-formal01/boots/repetition-02/lower/python310/lib/python3.10/site-packages/pip/_vendor/urllib3/contrib/_securetransport/__pycache__
d	755	1000	1000	4096	64	35967499	1785345511.8139802260	results/experiments/toolchain-environment/20260729T171551Z-toolchain-formal01/boots/repetition-02/lower/python310/lib/python3.10/site-packages/pip/_vendor/urllib3/packages/__pycache__
d	755	1000	1000	4096	64	35967503	1785345511.7779795640	results/experiments/toolchain-environment/20260729T171551Z-toolchain-formal01/boots/repetition-02/lower/python310/lib/python3.10/site-packages/pip/_vendor/urllib3/packages/backports/__pycache__
d	755	1000	1000	4096	64	35967517	1785345512.3299897100	results/experiments/toolchain-environment/20260729T171551Z-toolchain-formal01/boots/repetition-02/lower/python310/lib/python3.10/site-packages/pip/_vendor/urllib3/util/__pycache__
d	755	1000	1000	4096	64	35967545	1785345512.4819925040	results/experiments/toolchain-environment/20260729T171551Z-toolchain-formal01/boots/repetition-02/lower/python310/lib/python3.10/site-packages/pip/_vendor/webencodings/__pycache__
d	755	1000	1000	4096	64	35967579	1785345513.0200507010	results/experiments/toolchain-environment/20260729T171551Z-toolchain-formal01/boots/repetition-02/lower/python312
d	755	1000	1000	4096	64	35967581	1785345513.0060021360	results/experiments/toolchain-environment/20260729T171551Z-toolchain-formal01/boots/repetition-02/lower/python312/include
d	755	1000	1000	4096	64	35967583	1785345513.0060021360	results/experiments/toolchain-environment/20260729T171551Z-toolchain-formal01/boots/repetition-02/lower/python312/include/python3.12
d	755	1000	1000	4096	64	35967585	1785345513.0120022460	results/experiments/toolchain-environment/20260729T171551Z-toolchain-formal01/boots/repetition-02/lower/python312/lib
d	755	1000	1000	4096	64	35967587	1785345513.0140022830	results/experiments/toolchain-environment/20260729T171551Z-toolchain-formal01/boots/repetition-02/lower/python312/lib/python3.12
d	755	1000	1000	4096	64	35967589	1785345516.8660730930	results/experiments/toolchain-environment/20260729T171551Z-toolchain-formal01/boots/repetition-02/lower/python312/lib/python3.12/site-packages
d	755	1000	1000	4096	64	35967593	1785345542.8955518290	results/experiments/toolchain-environment/20260729T171551Z-toolchain-formal01/boots/repetition-02/lower/python312/bin
d	755	1000	1000	4096	64	35967601	1785345528.6882904740	results/experiments/toolchain-environment/20260729T171551Z-toolchain-formal01/boots/repetition-02/lower/python312/lib/python3.12/site-packages/pip/_vendor/colorama/tests/__pycache__
d	755	1000	1000	4096	64	35967619	1785345542.8075502090	results/experiments/toolchain-environment/20260729T171551Z-toolchain-formal01/boots/repetition-02/lower/python312/lib/python3.12/site-packages/pip-24.0.dist-info
d	755	1000	1000	4096	64	35967635	1785345521.4731577950	results/experiments/toolchain-environment/20260729T171551Z-toolchain-formal01/boots/repetition-02/lower/python312/lib/python3.12/site-packages/pip
d	755	1000	1000	4096	64	35967643	1785345521.5471591560	results/experiments/toolchain-environment/20260729T171551Z-toolchain-formal01/boots/repetition-02/lower/python312/lib/python3.12/site-packages/pip/_internal
d	755	1000	1000	4096	64	35967651	1785345521.6441609390	results/experiments/toolchain-environment/20260729T171551Z-toolchain-formal01/boots/repetition-02/lower/python312/lib/python3.12/site-packages/pip/_internal/cli
d	755	1000	1000	4096	64	35967677	1785345522.0861690670	results/experiments/toolchain-environment/20260729T171551Z-toolchain-formal01/boots/repetition-02/lower/python312/lib/python3.12/site-packages/pip/_internal/commands
d	755	1000	1000	4096	64	35967717	1785345522.8021822320	results/experiments/toolchain-environment/20260729T171551Z-toolchain-formal01/boots/repetition-02/lower/python312/lib/python3.12/site-packages/pip/_internal/distributions
d	755	1000	1000	4096	64	35967731	1785345523.0401866080	results/experiments/toolchain-environment/20260729T171551Z-toolchain-formal01/boots/repetition-02/lower/python312/lib/python3.12/site-packages/pip/_internal/index
d	755	1000	1000	4096	64	35967741	1785345523.1651889070	results/experiments/toolchain-environment/20260729T171551Z-toolchain-formal01/boots/repetition-02/lower/python312/lib/python3.12/site-packages/pip/_internal/locations
d	755	1000	1000	4096	64	35967753	1785345523.3171917020	results/experiments/toolchain-environment/20260729T171551Z-toolchain-formal01/boots/repetition-02/lower/python312/lib/python3.12/site-packages/pip/_internal/metadata
d	755	1000	1000	4096	64	35967761	1785345523.4111934300	results/experiments/toolchain-environment/20260729T171551Z-toolchain-formal01/boots/repetition-02/lower/python312/lib/python3.12/site-packages/pip/_internal/metadata/importlib
d	755	1000	1000	4096	64	35967773	1785345523.5761964650	results/experiments/toolchain-environment/20260729T171551Z-toolchain-formal01/boots/repetition-02/lower/python312/lib/python3.12/site-packages/pip/_internal/models
d	755	1000	1000	4096	64	35967799	1785345523.9022024590	results/experiments/toolchain-environment/20260729T171551Z-toolchain-formal01/boots/repetition-02/lower/python312/lib/python3.12/site-packages/pip/_internal/network
d	755	1000	1000	4096	64	35967817	1785345524.1402068360	results/experiments/toolchain-environment/20260729T171551Z-toolchain-formal01/boots/repetition-02/lower/python312/lib/python3.12/site-packages/pip/_internal/operations
d	755	1000	1000	4096	64	35967821	1785345524.1732074430	results/experiments/toolchain-environment/20260729T171551Z-toolchain-formal01/boots/repetition-02/lower/python312/lib/python3.12/site-packages/pip/_internal/operations/build
d	755	1000	1000	4096	64	35967843	1785345524.5062135660	results/experiments/toolchain-environment/20260729T171551Z-toolchain-formal01/boots/repetition-02/lower/python312/lib/python3.12/site-packages/pip/_internal/operations/install
d	755	1000	1000	4096	64	35967855	1785345524.6552163060	results/experiments/toolchain-environment/20260729T171551Z-toolchain-formal01/boots/repetition-02/lower/python312/lib/python3.12/site-packages/pip/_internal/req
d	755	1000	1000	4096	64	35967869	1785345524.8412197260	results/experiments/toolchain-environment/20260729T171551Z-toolchain-formal01/boots/repetition-02/lower/python312/lib/python3.12/site-packages/pip/_internal/resolution
d	755	1000	1000	4096	64	35967875	1785345524.9012208300	results/experiments/toolchain-environment/20260729T171551Z-toolchain-formal01/boots/repetition-02/lower/python312/lib/python3.12/site-packages/pip/_internal/resolution/legacy
d	755	1000	1000	4096	64	35967881	1785345524.9782222460	results/experiments/toolchain-environment/20260729T171551Z-toolchain-formal01/boots/repetition-02/lower/python312/lib/python3.12/site-packages/pip/_internal/resolution/resolvelib
d	755	1000	1000	4096	64	35967903	1785345525.2992281480	results/experiments/toolchain-environment/20260729T171551Z-toolchain-formal01/boots/repetition-02/lower/python312/lib/python3.12/site-packages/pip/_internal/utils
d	755	1000	1000	4096	64	35967959	1785345526.0962428050	results/experiments/toolchain-environment/20260729T171551Z-toolchain-formal01/boots/repetition-02/lower/python312/lib/python3.12/site-packages/pip/_internal/vcs
d	755	1000	1000	4096	64	35967975	1785345526.3012465750	results/experiments/toolchain-environment/20260729T171551Z-toolchain-formal01/boots/repetition-02/lower/python312/lib/python3.12/site-packages/pip/_vendor
d	755	1000	1000	4096	64	35967979	1785345526.3282470720	results/experiments/toolchain-environment/20260729T171551Z-toolchain-formal01/boots/repetition-02/lower/python312/lib/python3.12/site-packages/pip/_vendor/cachecontrol
d	755	1000	1000	4096	64	35967989	1785345526.4462492420	results/experiments/toolchain-environment/20260729T171551Z-toolchain-formal01/boots/repetition-02/lower/python312/lib/python3.12/site-packages/pip/_vendor/cachecontrol/caches
d	755	1000	1000	4096	64	35968007	1785345526.6852536370	results/experiments/toolchain-environment/20260729T171551Z-toolchain-formal01/boots/repetition-02/lower/python312/lib/python3.12/site-packages/pip/_vendor/certifi
d	755	1000	1000	4096	64	35968017	1785345526.7792553660	results/experiments/toolchain-environment/20260729T171551Z-toolchain-formal01/boots/repetition-02/lower/python312/lib/python3.12/site-packages/pip/_vendor/chardet
d	755	1000	1000	4096	64	35968031	1785345526.9742589520	results/experiments/toolchain-environment/20260729T171551Z-toolchain-formal01/boots/repetition-02/lower/python312/lib/python3.12/site-packages/pip/_vendor/chardet/cli
d	755	1000	1000	4096	64	35968097	1785345528.0772792370	results/experiments/toolchain-environment/20260729T171551Z-toolchain-formal01/boots/repetition-02/lower/python312/lib/python3.12/site-packages/pip/_vendor/chardet/metadata
d	755	1000	1000	4096	64	35968119	1785345528.3722846630	results/experiments/toolchain-environment/20260729T171551Z-toolchain-formal01/boots/repetition-02/lower/python312/lib/python3.12/site-packages/pip/_vendor/colorama
d	755	1000	1000	4096	64	35968129	1785345528.4952869250	results/experiments/toolchain-environment/20260729T171551Z-toolchain-formal01/boots/repetition-02/lower/python312/lib/python3.12/site-packages/pip/_vendor/colorama/tests
d	755	1000	1000	4096	64	35968149	1785345528.7652918910	results/experiments/toolchain-environment/20260729T171551Z-toolchain-formal01/boots/repetition-02/lower/python312/lib/python3.12/site-packages/pip/_vendor/distlib
d	755	1000	1000	4096	64	35968177	1785345529.2353005350	results/experiments/toolchain-environment/20260729T171551Z-toolchain-formal01/boots/repetition-02/lower/python312/lib/python3.12/site-packages/pip/_vendor/distro
d	755	1000	1000	4096	64	35968185	1785345529.3353023740	results/experiments/toolchain-environment/20260729T171551Z-toolchain-formal01/boots/repetition-02/lower/python312/lib/python3.12/site-packages/pip/_vendor/idna
d	755	1000	1000	4096	64	35968203	1785345529.6463080930	results/experiments/toolchain-environment/20260729T171551Z-toolchain-formal01/boots/repetition-02/lower/python312/lib/python3.12/site-packages/pip/_vendor/msgpack
d	755	1000	1000	4096	64	35968213	1785345529.7773105030	results/experiments/toolchain-environment/20260729T171551Z-toolchain-formal01/boots/repetition-02/lower/python312/lib/python3.12/site-packages/pip/_vendor/packaging
d	755	1000	1000	4096	64	35968237	1785345530.1743178050	results/experiments/toolchain-environment/20260729T171551Z-toolchain-formal01/boots/repetition-02/lower/python312/lib/python3.12/site-packages/pip/_vendor/pkg_resources
d	755	1000	1000	4096	64	35968241	1785345530.2153185590	results/experiments/toolchain-environment/20260729T171551Z-toolchain-formal01/boots/repetition-02/lower/python312/lib/python3.12/site-packages/pip/_vendor/platformdirs
d	755	1000	1000	4096	64	35968259	1785345530.4863235430	results/experiments/toolchain-environment/20260729T171551Z-toolchain-formal01/boots/repetition-02/lower/python312/lib/python3.12/site-packages/pip/_vendor/pygments
d	755	1000	1000	4096	64	35968271	1785345530.6663268540	results/experiments/toolchain-environment/20260729T171551Z-toolchain-formal01/boots/repetition-02/lower/python312/lib/python3.12/site-packages/pip/_vendor/pygments/filters
d	755	1000	1000	4096	64	35968277	1785345530.7463283260	results/experiments/toolchain-environment/20260729T171551Z-toolchain-formal01/boots/repetition-02/lower/python312/lib/python3.12/site-packages/pip/_vendor/pygments/formatters
d	755	1000	1000	4096	64	35968309	1785345531.6523449900	results/experiments/toolchain-environment/20260729T171551Z-toolchain-formal01/boots/repetition-02/lower/python312/lib/python3.12/site-packages/pip/_vendor/pygments/lexers
d	755	1000	1000	4096	64	35968329	1785345532.3383576080	results/experiments/toolchain-environment/20260729T171551Z-toolchain-formal01/boots/repetition-02/lower/python312/lib/python3.12/site-packages/pip/_vendor/pygments/styles
d	755	1000	1000	4096	64	35968339	1785345532.5493614890	results/experiments/toolchain-environment/20260729T171551Z-toolchain-formal01/boots/repetition-02/lower/python312/lib/python3.12/site-packages/pip/_vendor/pyparsing
d	755	1000	1000	4096	64	35968349	1785345533.0303703370	results/experiments/toolchain-environment/20260729T171551Z-toolchain-formal01/boots/repetition-02/lower/python312/lib/python3.12/site-packages/pip/_vendor/pyparsing/diagram
d	755	1000	1000	4096	64	35968365	1785345533.5193793320	results/experiments/toolchain-environment/20260729T171551Z-toolchain-formal01/boots/repetition-02/lower/python312/lib/python3.12/site-packages/pip/_vendor/pyproject_hooks
d	755	1000	1000	4096	64	35968373	1785345533.7423834340	results/experiments/toolchain-environment/20260729T171551Z-toolchain-formal01/boots/repetition-02/lower/python312/lib/python3.12/site-packages/pip/_vendor/pyproject_hooks/_in_process
d	755	1000	1000	4096	64	35968379	1785345533.8863860830	results/experiments/toolchain-environment/20260729T171551Z-toolchain-formal01/boots/repetition-02/lower/python312/lib/python3.12/site-packages/pip/_vendor/requests
d	755	1000	1000	4096	64	35968417	1785345534.8684041470	results/experiments/toolchain-environment/20260729T171551Z-toolchain-formal01/boots/repetition-02/lower/python312/lib/python3.12/site-packages/pip/_vendor/resolvelib
d	755	1000	1000	4096	64	35968421	1785345534.9054048280	results/experiments/toolchain-environment/20260729T171551Z-toolchain-formal01/boots/repetition-02/lower/python312/lib/python3.12/site-packages/pip/_vendor/resolvelib/compat
d	755	1000	1000	4096	64	35968435	1785345535.1914100890	results/experiments/toolchain-environment/20260729T171551Z-toolchain-formal01/boots/repetition-02/lower/python312/lib/python3.12/site-packages/pip/_vendor/rich
d	755	1000	1000	4096	64	35968593	1785345539.1404827390	results/experiments/toolchain-environment/20260729T171551Z-toolchain-formal01/boots/repetition-02/lower/python312/lib/python3.12/site-packages/pip/_vendor/tenacity
d	755	1000	1000	4096	64	35968617	1785345539.4804889940	results/experiments/toolchain-environment/20260729T171551Z-toolchain-formal01/boots/repetition-02/lower/python312/lib/python3.12/site-packages/pip/_vendor/tomli
d	755	1000	1000	4096	64	35968627	1785345539.6284917170	results/experiments/toolchain-environment/20260729T171551Z-toolchain-formal01/boots/repetition-02/lower/python312/lib/python3.12/site-packages/pip/_vendor/truststore
d	755	1000	1000	4096	64	35968643	1785345539.8754962620	results/experiments/toolchain-environment/20260729T171551Z-toolchain-formal01/boots/repetition-02/lower/python312/lib/python3.12/site-packages/pip/_vendor/urllib3
d	755	1000	1000	4096	64	35968655	1785345540.0564995920	results/experiments/toolchain-environment/20260729T171551Z-toolchain-formal01/boots/repetition-02/lower/python312/lib/python3.12/site-packages/pip/_vendor/urllib3/contrib
d	755	1000	1000	4096	64	35968661	1785345541.3515234190	results/experiments/toolchain-environment/20260729T171551Z-toolchain-formal01/boots/repetition-02/lower/python312/lib/python3.12/site-packages/pip/_vendor/urllib3/contrib/_securetransport
d	755	1000	1000	4096	64	35968685	1785345541.7615309630	results/experiments/toolchain-environment/20260729T171551Z-toolchain-formal01/boots/repetition-02/lower/python312/lib/python3.12/site-packages/pip/_vendor/urllib3/packages
d	755	1000	1000	4096	64	35968689	1785345541.7965316070	results/experiments/toolchain-environment/20260729T171551Z-toolchain-formal01/boots/repetition-02/lower/python312/lib/python3.12/site-packages/pip/_vendor/urllib3/packages/backports
d	755	1000	1000	4096	64	35968705	1785345542.0885369800	results/experiments/toolchain-environment/20260729T171551Z-toolchain-formal01/boots/repetition-02/lower/python312/lib/python3.12/site-packages/pip/_vendor/urllib3/util
d	755	1000	1000	4096	64	35968735	1785345542.6295469340	results/experiments/toolchain-environment/20260729T171551Z-toolchain-formal01/boots/repetition-02/lower/python312/lib/python3.12/site-packages/pip/_vendor/webencodings
d	755	1000	1000	4096	64	35968749	1785345521.5311588620	results/experiments/toolchain-environment/20260729T171551Z-toolchain-formal01/boots/repetition-02/lower/python312/lib/python3.12/site-packages/pip/__pycache__
d	755	1000	1000	4096	64	35968757	1785345526.2862462990	results/experiments/toolchain-environment/20260729T171551Z-toolchain-formal01/boots/repetition-02/lower/python312/lib/python3.12/site-packages/pip/_internal/__pycache__
d	755	1000	1000	4096	64	35968765	1785345522.0641686620	results/experiments/toolchain-environment/20260729T171551Z-toolchain-formal01/boots/repetition-02/lower/python312/lib/python3.12/site-packages/pip/_internal/cli/__pycache__
d	755	1000	1000	4096	64	35968791	1785345522.7511812950	results/experiments/toolchain-environment/20260729T171551Z-toolchain-formal01/boots/repetition-02/lower/python312/lib/python3.12/site-packages/pip/_internal/commands/__pycache__
d	755	1000	1000	4096	64	35968831	1785345522.9941857630	results/experiments/toolchain-environment/20260729T171551Z-toolchain-formal01/boots/repetition-02/lower/python312/lib/python3.12/site-packages/pip/_internal/distributions/__pycache__
d	755	1000	1000	4096	64	35968845	1785345523.1451885390	results/experiments/toolchain-environment/20260729T171551Z-toolchain-formal01/boots/repetition-02/lower/python312/lib/python3.12/site-packages/pip/_internal/index/__pycache__
d	755	1000	1000	4096	64	35968855	1785345523.2731908930	results/experiments/toolchain-environment/20260729T171551Z-toolchain-formal01/boots/repetition-02/lower/python312/lib/python3.12/site-packages/pip/_internal/locations/__pycache__
d	755	1000	1000	4096	64	35968867	1785345523.5561960970	results/experiments/toolchain-environment/20260729T171551Z-toolchain-formal01/boots/repetition-02/lower/python312/lib/python3.12/site-packages/pip/_internal/metadata/__pycache__
d	755	1000	1000	4096	64	35968875	1785345523.5231954900	results/experiments/toolchain-environment/20260729T171551Z-toolchain-formal01/boots/repetition-02/lower/python312/lib/python3.12/site-packages/pip/_internal/metadata/importlib/__pycache__
d	755	1000	1000	4096	64	35968887	1785345523.8862021650	results/experiments/toolchain-environment/20260729T171551Z-toolchain-formal01/boots/repetition-02/lower/python312/lib/python3.12/site-packages/pip/_internal/models/__pycache__
d	755	1000	1000	4096	64	35968913	1785345524.1222065050	results/experiments/toolchain-environment/20260729T171551Z-toolchain-formal01/boots/repetition-02/lower/python312/lib/python3.12/site-packages/pip/_internal/network/__pycache__
d	755	1000	1000	4096	64	35968931	1785345524.6152155710	results/experiments/toolchain-environment/20260729T171551Z-toolchain-formal01/boots/repetition-02/lower/python312/lib/python3.12/site-packages/pip/_internal/operations/__pycache__
d	755	1000	1000	4096	64	35968935	1785345524.4202119840	results/experiments/toolchain-environment/20260729T171551Z-toolchain-formal01/boots/repetition-02/lower/python312/lib/python3.12/site-packages/pip/_internal/operations/build/__pycache__
d	755	1000	1000	4096	64	35968957	1785345524.5842150000	results/experiments/toolchain-environment/20260729T171551Z-toolchain-formal01/boots/repetition-02/lower/python312/lib/python3.12/site-packages/pip/_internal/operations/install/__pycache__
d	755	1000	1000	4096	64	35968969	1785345524.8232193950	results/experiments/toolchain-environment/20260729T171551Z-toolchain-formal01/boots/repetition-02/lower/python312/lib/python3.12/site-packages/pip/_internal/req/__pycache__
d	755	1000	1000	4096	64	35968983	1785345524.8812204620	results/experiments/toolchain-environment/20260729T171551Z-toolchain-formal01/boots/repetition-02/lower/python312/lib/python3.12/site-packages/pip/_internal/resolution/__pycache__
d	755	1000	1000	4096	64	35968989	1785345524.9532217860	results/experiments/toolchain-environment/20260729T171551Z-toolchain-formal01/boots/repetition-02/lower/python312/lib/python3.12/site-packages/pip/_internal/resolution/legacy/__pycache__
d	755	1000	1000	4096	64	35968995	1785345525.2592274130	results/experiments/toolchain-environment/20260729T171551Z-toolchain-formal01/boots/repetition-02/lower/python312/lib/python3.12/site-packages/pip/_internal/resolution/resolvelib/__pycache__
d	755	1000	1000	4096	64	35969017	1785345526.0802425110	results/experiments/toolchain-environment/20260729T171551Z-toolchain-formal01/boots/repetition-02/lower/python312/lib/python3.12/site-packages/pip/_internal/utils/__pycache__
d	755	1000	1000	4096	64	35969083	1785345526.2582457840	results/experiments/toolchain-environment/20260729T171551Z-toolchain-formal01/boots/repetition-02/lower/python312/lib/python3.12/site-packages/pip/_internal/vcs/__pycache__
d	755	1000	1000	4096	64	35969099	1785345539.8538534120	results/experiments/toolchain-environment/20260729T171551Z-toolchain-formal01/boots/repetition-02/lower/python312/lib/python3.12/site-packages/pip/_vendor/__pycache__
d	755	1000	1000	4096	64	35969103	1785345526.6692533430	results/experiments/toolchain-environment/20260729T171551Z-toolchain-formal01/boots/repetition-02/lower/python312/lib/python3.12/site-packages/pip/_vendor/cachecontrol/__pycache__
d	755	1000	1000	4096	64	35969113	1785345526.5192505840	results/experiments/toolchain-environment/20260729T171551Z-toolchain-formal01/boots/repetition-02/lower/python312/lib/python3.12/site-packages/pip/_vendor/cachecontrol/caches/__pycache__
d	755	1000	1000	4096	64	35969131	1785345526.7592549980	results/experiments/toolchain-environment/20260729T171551Z-toolchain-formal01/boots/repetition-02/lower/python312/lib/python3.12/site-packages/pip/_vendor/certifi/__pycache__
d	755	1000	1000	4096	64	35969139	1785345528.3562843680	results/experiments/toolchain-environment/20260729T171551Z-toolchain-formal01/boots/repetition-02/lower/python312/lib/python3.12/site-packages/pip/_vendor/chardet/__pycache__
d	755	1000	1000	4096	64	35969153	1785345527.0272599270	results/experiments/toolchain-environment/20260729T171551Z-toolchain-formal01/boots/repetition-02/lower/python312/lib/python3.12/site-packages/pip/_vendor/chardet/cli/__pycache__
d	755	1000	1000	4096	64	35969243	1785345528.1312802300	results/experiments/toolchain-environment/20260729T171551Z-toolchain-formal01/boots/repetition-02/lower/python312/lib/python3.12/site-packages/pip/_vendor/chardet/metadata/__pycache__
d	755	1000	1000	4096	64	35969265	1785345528.7482915780	results/experiments/toolchain-environment/20260729T171551Z-toolchain-formal01/boots/repetition-02/lower/python312/lib/python3.12/site-packages/pip/_vendor/colorama/__pycache__
d	755	1000	1000	4096	64	35969305	1785345529.2173002040	results/experiments/toolchain-environment/20260729T171551Z-toolchain-formal01/boots/repetition-02/lower/python312/lib/python3.12/site-packages/pip/_vendor/distlib/__pycache__
d	755	1000	1000	4096	64	35969333	1785345529.3163020240	results/experiments/toolchain-environment/20260729T171551Z-toolchain-formal01/boots/repetition-02/lower/python312/lib/python3.12/site-packages/pip/_vendor/distro/__pycache__
d	755	1000	1000	4096	64	35969341	1785345529.6263077260	results/experiments/toolchain-environment/20260729T171551Z-toolchain-formal01/boots/repetition-02/lower/python312/lib/python3.12/site-packages/pip/_vendor/idna/__pycache__
d	755	1000	1000	4096	64	35969359	1785345529.7583101540	results/experiments/toolchain-environment/20260729T171551Z-toolchain-formal01/boots/repetition-02/lower/python312/lib/python3.12/site-packages/pip/_vendor/msgpack/__pycache__
d	755	1000	1000	4096	64	35969369	1785345530.1383171430	results/experiments/toolchain-environment/20260729T171551Z-toolchain-formal01/boots/repetition-02/lower/python312/lib/python3.12/site-packages/pip/_vendor/packaging/__pycache__
d	755	1000	1000	4096	64	35969393	1785345530.1923181360	results/experiments/toolchain-environment/20260729T171551Z-toolchain-formal01/boots/repetition-02/lower/python312/lib/python3.12/site-packages/pip/_vendor/pkg_resources/__pycache__
d	755	1000	1000	4096	64	35969397	1785345530.4663231760	results/experiments/toolchain-environment/20260729T171551Z-toolchain-formal01/boots/repetition-02/lower/python312/lib/python3.12/site-packages/pip/_vendor/platformdirs/__pycache__
d	755	1000	1000	4096	64	35969415	1785345532.4943604780	results/experiments/toolchain-environment/20260729T171551Z-toolchain-formal01/boots/repetition-02/lower/python312/lib/python3.12/site-packages/pip/_vendor/pygments/__pycache__
d	755	1000	1000	4096	64	35969427	1785345530.6793270940	results/experiments/toolchain-environment/20260729T171551Z-toolchain-formal01/boots/repetition-02/lower/python312/lib/python3.12/site-packages/pip/_vendor/pygments/filters/__pycache__
d	755	1000	1000	4096	64	35969433	1785345531.4943420840	results/experiments/toolchain-environment/20260729T171551Z-toolchain-formal01/boots/repetition-02/lower/python312/lib/python3.12/site-packages/pip/_vendor/pygments/formatters/__pycache__
d	755	1000	1000	4096	64	35969465	1785345531.8753490920	results/experiments/toolchain-environment/20260729T171551Z-toolchain-formal01/boots/repetition-02/lower/python312/lib/python3.12/site-packages/pip/_vendor/pygments/lexers/__pycache__
d	755	1000	1000	4096	64	35969485	1785345532.3493578110	results/experiments/toolchain-environment/20260729T171551Z-toolchain-formal01/boots/repetition-02/lower/python312/lib/python3.12/site-packages/pip/_vendor/pygments/styles/__pycache__
d	755	1000	1000	4096	64	35969495	1785345533.4773785590	results/experiments/toolchain-environment/20260729T171551Z-toolchain-formal01/boots/repetition-02/lower/python312/lib/python3.12/site-packages/pip/_vendor/pyparsing/__pycache__
d	755	1000	1000	4096	64	35969505	1785345533.0483706680	results/experiments/toolchain-environment/20260729T171551Z-toolchain-formal01/boots/repetition-02/lower/python312/lib/python3.12/site-packages/pip/_vendor/pyparsing/diagram/__pycache__
d	755	1000	1000	4096	64	35969521	1785345533.6953825700	results/experiments/toolchain-environment/20260729T171551Z-toolchain-formal01/boots/repetition-02/lower/python312/lib/python3.12/site-packages/pip/_vendor/pyproject_hooks/__pycache__
d	755	1000	1000	4096	64	35969529	1785345533.8563855310	results/experiments/toolchain-environment/20260729T171551Z-toolchain-formal01/boots/repetition-02/lower/python312/lib/python3.12/site-packages/pip/_vendor/pyproject_hooks/_in_process/__pycache__
d	755	1000	1000	4096	64	35969535	1785345534.8474037610	results/experiments/toolchain-environment/20260729T171551Z-toolchain-formal01/boots/repetition-02/lower/python312/lib/python3.12/site-packages/pip/_vendor/requests/__pycache__
d	755	1000	1000	4096	64	35969573	1785345535.1524093710	results/experiments/toolchain-environment/20260729T171551Z-toolchain-formal01/boots/repetition-02/lower/python312/lib/python3.12/site-packages/pip/_vendor/resolvelib/__pycache__
d	755	1000	1000	4096	64	35969577	1785345534.9574057840	results/experiments/toolchain-environment/20260729T171551Z-toolchain-formal01/boots/repetition-02/lower/python312/lib/python3.12/site-packages/pip/_vendor/resolvelib/compat/__pycache__
d	755	1000	1000	4096	64	35969591	1785345539.0824816720	results/experiments/toolchain-environment/20260729T171551Z-toolchain-formal01/boots/repetition-02/lower/python312/lib/python3.12/site-packages/pip/_vendor/rich/__pycache__
d	755	1000	1000	4096	64	35969771	1785345539.4624886630	results/experiments/toolchain-environment/20260729T171551Z-toolchain-formal01/boots/repetition-02/lower/python312/lib/python3.12/site-packages/pip/_vendor/tenacity/__pycache__
d	755	1000	1000	4096	64	35969795	1785345539.6074913310	results/experiments/toolchain-environment/20260729T171551Z-toolchain-formal01/boots/repetition-02/lower/python312/lib/python3.12/site-packages/pip/_vendor/tomli/__pycache__
d	755	1000	1000	4096	64	35969805	1785345539.8113317120	results/experiments/toolchain-environment/20260729T171551Z-toolchain-formal01/boots/repetition-02/lower/python312/lib/python3.12/site-packages/pip/_vendor/truststore/__pycache__
d	755	1000	1000	4096	64	35969821	1785345542.0585364280	results/experiments/toolchain-environment/20260729T171551Z-toolchain-formal01/boots/repetition-02/lower/python312/lib/python3.12/site-packages/pip/_vendor/urllib3/__pycache__
d	755	1000	1000	4096	64	35969833	1785345541.6565290310	results/experiments/toolchain-environment/20260729T171551Z-toolchain-formal01/boots/repetition-02/lower/python312/lib/python3.12/site-packages/pip/_vendor/urllib3/contrib/__pycache__
d	755	1000	1000	4096	64	35969839	1785345541.4665255350	results/experiments/toolchain-environment/20260729T171551Z-toolchain-formal01/boots/repetition-02/lower/python312/lib/python3.12/site-packages/pip/_vendor/urllib3/contrib/_securetransport/__pycache__
d	755	1000	1000	4096	64	35969863	1785345541.9425342930	results/experiments/toolchain-environment/20260729T171551Z-toolchain-formal01/boots/repetition-02/lower/python312/lib/python3.12/site-packages/pip/_vendor/urllib3/packages/__pycache__
d	755	1000	1000	4096	64	35969867	1785345541.8985334840	results/experiments/toolchain-environment/20260729T171551Z-toolchain-formal01/boots/repetition-02/lower/python312/lib/python3.12/site-packages/pip/_vendor/urllib3/packages/backports/__pycache__
d	755	1000	1000	4096	64	35969883	1785345542.6045464740	results/experiments/toolchain-environment/20260729T171551Z-toolchain-formal01/boots/repetition-02/lower/python312/lib/python3.12/site-packages/pip/_vendor/urllib3/util/__pycache__
d	755	1000	1000	4096	64	35969921	1785345542.7555492530	results/experiments/toolchain-environment/20260729T171551Z-toolchain-formal01/boots/repetition-02/lower/python312/lib/python3.12/site-packages/pip/_vendor/webencodings/__pycache__
f	644	1000	1000	0	64	35963175	1785345474.2342899800	results/experiments/toolchain-environment/20260729T171551Z-toolchain-formal01/boots/repetition-02/lower/python310/lib/python3.10/site-packages/pkg_resources/py.typed
f	644	1000	1000	0	64	35963179	1785345474.2412901090	results/experiments/toolchain-environment/20260729T171551Z-toolchain-formal01/boots/repetition-02/lower/python310/lib/python3.10/site-packages/pkg_resources/tests/__init__.py
f	644	1000	1000	0	64	35963197	1785345474.3002911920	results/experiments/toolchain-environment/20260729T171551Z-toolchain-formal01/boots/repetition-02/lower/python310/lib/python3.10/site-packages/pkg_resources/tests/data/my-test-package-source/setup.cfg
f	644	1000	1000	0	64	35963519	1785345475.3933112540	results/experiments/toolchain-environment/20260729T171551Z-toolchain-formal01/boots/repetition-02/lower/python310/lib/python3.10/site-packages/setuptools/_distutils/tests/test_versionpredicate.py
f	644	1000	1000	0	64	35963525	1785345475.4103115660	results/experiments/toolchain-environment/20260729T171551Z-toolchain-formal01/boots/repetition-02/lower/python310/lib/python3.10/site-packages/setuptools/_distutils/tests/compat/__init__.py
f	644	1000	1000	0	64	35963559	1785345475.5123134380	results/experiments/toolchain-environment/20260729T171551Z-toolchain-formal01/boots/repetition-02/lower/python310/lib/python3.10/site-packages/setuptools/_vendor/backports/tarfile/compat/__init__.py
f	644	1000	1000	0	64	35963583	1785345475.5993150350	results/experiments/toolchain-environment/20260729T171551Z-toolchain-formal01/boots/repetition-02/lower/python310/lib/python3.10/site-packages/setuptools/_vendor/importlib_metadata/py.typed
f	644	1000	1000	0	64	35963587	1785345475.6083152000	results/experiments/toolchain-environment/20260729T171551Z-toolchain-formal01/boots/repetition-02/lower/python310/lib/python3.10/site-packages/setuptools/_vendor/importlib_metadata/compat/__init__.py
f	644	1000	1000	0	64	35963597	1785345475.6443158610	results/experiments/toolchain-environment/20260729T171551Z-toolchain-formal01/boots/repetition-02/lower/python310/lib/python3.10/site-packages/setuptools/_vendor/inflect/py.typed
f	644	1000	1000	0	64	35963601	1785345475.6533160260	results/experiments/toolchain-environment/20260729T171551Z-toolchain-formal01/boots/repetition-02/lower/python310/lib/python3.10/site-packages/setuptools/_vendor/inflect/compat/__init__.py
f	644	1000	1000	0	64	35963613	1785345475.6883166690	results/experiments/toolchain-environment/20260729T171551Z-toolchain-formal01/boots/repetition-02/lower/python310/lib/python3.10/site-packages/setuptools/_vendor/jaraco/collections/py.typed
f	644	1000	1000	0	64	35963621	1785345475.7143171460	results/experiments/toolchain-environment/20260729T171551Z-toolchain-formal01/boots/repetition-02/lower/python310/lib/python3.10/site-packages/setuptools/_vendor/jaraco/functools/py.typed
f	644	1000	1000	0	64	35963649	1785345475.8253191830	results/experiments/toolchain-environment/20260729T171551Z-toolchain-formal01/boots/repetition-02/lower/python310/lib/python3.10/site-packages/setuptools/_vendor/more_itertools/py.typed
f	644	1000	1000	0	64	35963675	1785345475.9313211290	results/experiments/toolchain-environment/20260729T171551Z-toolchain-formal01/boots/repetition-02/lower/python310/lib/python3.10/site-packages/setuptools/_vendor/packaging/py.typed
f	644	1000	1000	0	64	35963705	1785345476.0533233690	results/experiments/toolchain-environment/20260729T171551Z-toolchain-formal01/boots/repetition-02/lower/python310/lib/python3.10/site-packages/setuptools/_vendor/platformdirs/py.typed
f	644	1000	1000	0	64	35963759	1785345476.2583271320	results/experiments/toolchain-environment/20260729T171551Z-toolchain-formal01/boots/repetition-02/lower/python310/lib/python3.10/site-packages/setuptools/_vendor/typeguard/py.typed
f	644	1000	1000	0	64	35963795	1785345476.3913295730	results/experiments/toolchain-environment/20260729T171551Z-toolchain-formal01/boots/repetition-02/lower/python310/lib/python3.10/site-packages/setuptools/_vendor/wheel/vendored/__init__.py
f	644	1000	1000	0	64	35963807	1785345476.4433305270	results/experiments/toolchain-environment/20260729T171551Z-toolchain-formal01/boots/repetition-02/lower/python310/lib/python3.10/site-packages/setuptools/_vendor/wheel/vendored/packaging/__init__.py
f	644	1000	1000	0	64	35963841	1785345476.6003334090	results/experiments/toolchain-environment/20260729T171551Z-toolchain-formal01/boots/repetition-02/lower/python310/lib/python3.10/site-packages/setuptools/_vendor/zipp/compat/__init__.py
f	644	1000	1000	0	64	35963899	1785345476.8033371360	results/experiments/toolchain-environment/20260729T171551Z-toolchain-formal01/boots/repetition-02/lower/python310/lib/python3.10/site-packages/setuptools/compat/__init__.py
f	644	1000	1000	0	64	35964043	1785345477.2903460760	results/experiments/toolchain-environment/20260729T171551Z-toolchain-formal01/boots/repetition-02/lower/python310/lib/python3.10/site-packages/setuptools/tests/compat/__init__.py
f	644	1000	1000	0	64	35964049	1785345477.3053463510	results/experiments/toolchain-environment/20260729T171551Z-toolchain-formal01/boots/repetition-02/lower/python310/lib/python3.10/site-packages/setuptools/tests/config/__init__.py
f	644	1000	1000	0	64	35964083	1785345477.4053481870	results/experiments/toolchain-environment/20260729T171551Z-toolchain-formal01/boots/repetition-02/lower/python310/lib/python3.10/site-packages/setuptools/tests/integration/__init__.py
f	644	1000	1000	0	64	35964127	1785345477.5343505550	results/experiments/toolchain-environment/20260729T171551Z-toolchain-formal01/boots/repetition-02/lower/python310/lib/python3.10/site-packages/setuptools/_vendor/backports.tarfile-1.2.0.dist-info/REQUESTED
f	644	1000	1000	0	64	35964143	1785345477.5893515650	results/experiments/toolchain-environment/20260729T171551Z-toolchain-formal01/boots/repetition-02/lower/python310/lib/python3.10/site-packages/setuptools/_vendor/importlib_metadata-8.0.0.dist-info/REQUESTED
f	644	1000	1000	0	64	35964173	1785345477.6883533820	results/experiments/toolchain-environment/20260729T171551Z-toolchain-formal01/boots/repetition-02/lower/python310/lib/python3.10/site-packages/setuptools/_vendor/jaraco.collections-5.1.0.dist-info/REQUESTED
f	644	1000	1000	0	64	35964217	1785345477.8353560800	results/experiments/toolchain-environment/20260729T171551Z-toolchain-formal01/boots/repetition-02/lower/python310/lib/python3.10/site-packages/setuptools/_vendor/jaraco.text-3.12.1.dist-info/REQUESTED
f	644	1000	1000	0	64	35964233	1785345477.8893570710	results/experiments/toolchain-environment/20260729T171551Z-toolchain-formal01/boots/repetition-02/lower/python310/lib/python3.10/site-packages/setuptools/_vendor/more_itertools-10.3.0.dist-info/REQUESTED
f	644	1000	1000	0	64	35964251	1785345477.9523582280	results/experiments/toolchain-environment/20260729T171551Z-toolchain-formal01/boots/repetition-02/lower/python310/lib/python3.10/site-packages/setuptools/_vendor/packaging-24.2.dist-info/REQUESTED
f	644	1000	1000	0	64	35964261	1785345477.9903589260	results/experiments/toolchain-environment/20260729T171551Z-toolchain-formal01/boots/repetition-02/lower/python310/lib/python3.10/site-packages/setuptools/_vendor/platformdirs-4.2.2.dist-info/REQUESTED
f	644	1000	1000	0	64	35964275	1785345478.0363597700	results/experiments/toolchain-environment/20260729T171551Z-toolchain-formal01/boots/repetition-02/lower/python310/lib/python3.10/site-packages/setuptools/_vendor/tomli-2.0.1.dist-info/REQUESTED
f	644	1000	1000	0	64	35964317	1785345478.1753623220	results/experiments/toolchain-environment/20260729T171551Z-toolchain-formal01/boots/repetition-02/lower/python310/lib/python3.10/site-packages/setuptools/_vendor/wheel-0.45.1.dist-info/REQUESTED
f	644	1000	1000	0	64	35964333	1785345478.2293633130	results/experiments/toolchain-environment/20260729T171551Z-toolchain-formal01/boots/repetition-02/lower/python310/lib/python3.10/site-packages/setuptools/_vendor/zipp-3.19.2.dist-info/REQUESTED
f	644	1000	1000	0	64	35965223	1785345490.6285909830	results/experiments/toolchain-environment/20260729T171551Z-toolchain-formal01/boots/repetition-02/lower/python310/lib/python3.10/site-packages/setuptools-79.0.1.dist-info/REQUESTED
f	644	1000	1000	0	64	35965427	1785345491.4776065760	results/experiments/toolchain-environment/20260729T171551Z-toolchain-formal01/boots/repetition-02/lower/python310/lib/python3.10/site-packages/pip/_internal/operations/__init__.py
f	644	1000	1000	0	64	35965437	1785345491.5166072920	results/experiments/toolchain-environment/20260729T171551Z-toolchain-formal01/boots/repetition-02/lower/python310/lib/python3.10/site-packages/pip/_internal/operations/build/__init__.py
f	644	1000	1000	0	64	35965479	1785345491.6696101020	results/experiments/toolchain-environment/20260729T171551Z-toolchain-formal01/boots/repetition-02/lower/python310/lib/python3.10/site-packages/pip/_internal/resolution/__init__.py
f	644	1000	1000	0	64	35965485	1785345491.6886104520	results/experiments/toolchain-environment/20260729T171551Z-toolchain-formal01/boots/repetition-02/lower/python310/lib/python3.10/site-packages/pip/_internal/resolution/legacy/__init__.py
f	644	1000	1000	0	64	35965491	1785345491.7106108560	results/experiments/toolchain-environment/20260729T171551Z-toolchain-formal01/boots/repetition-02/lower/python310/lib/python3.10/site-packages/pip/_internal/resolution/resolvelib/__init__.py
f	644	1000	1000	0	64	35965511	1785345491.7956124170	results/experiments/toolchain-environment/20260729T171551Z-toolchain-formal01/boots/repetition-02/lower/python310/lib/python3.10/site-packages/pip/_internal/utils/__init__.py
f	644	1000	1000	0	64	35965723	1785345492.7166293330	results/experiments/toolchain-environment/20260729T171551Z-toolchain-formal01/boots/repetition-02/lower/python310/lib/python3.10/site-packages/pip/_vendor/chardet/cli/__init__.py
f	644	1000	1000	0	64	35965729	1785345492.7336296450	results/experiments/toolchain-environment/20260729T171551Z-toolchain-formal01/boots/repetition-02/lower/python310/lib/python3.10/site-packages/pip/_vendor/chardet/metadata/__init__.py
f	644	1000	1000	0	64	35966081	1785345494.1396554710	results/experiments/toolchain-environment/20260729T171551Z-toolchain-formal01/boots/repetition-02/lower/python310/lib/python3.10/site-packages/pip/_vendor/resolvelib/compat/__init__.py
f	644	1000	1000	0	64	35966311	1785345495.1806745930	results/experiments/toolchain-environment/20260729T171551Z-toolchain-formal01/boots/repetition-02/lower/python310/lib/python3.10/site-packages/pip/_vendor/urllib3/contrib/__init__.py
f	644	1000	1000	0	64	35966327	1785345495.2466758060	results/experiments/toolchain-environment/20260729T171551Z-toolchain-formal01/boots/repetition-02/lower/python310/lib/python3.10/site-packages/pip/_vendor/urllib3/contrib/_securetransport/__init__.py
f	644	1000	1000	0	64	35966335	1785345495.2766763570	results/experiments/toolchain-environment/20260729T171551Z-toolchain-formal01/boots/repetition-02/lower/python310/lib/python3.10/site-packages/pip/_vendor/urllib3/packages/__init__.py
f	644	1000	1000	0	64	35966341	1785345495.2966767240	results/experiments/toolchain-environment/20260729T171551Z-toolchain-formal01/boots/repetition-02/lower/python310/lib/python3.10/site-packages/pip/_vendor/urllib3/packages/backports/__init__.py
f	644	1000	1000	0	64	35967565	1785345512.5089930000	results/experiments/toolchain-environment/20260729T171551Z-toolchain-formal01/boots/repetition-02/lower/python310/lib/python3.10/site-packages/pip-23.0.1.dist-info/REQUESTED
f	644	1000	1000	0	64	35967819	1785345517.4980847120	results/experiments/toolchain-environment/20260729T171551Z-toolchain-formal01/boots/repetition-02/lower/python312/lib/python3.12/site-packages/pip/_internal/operations/__init__.py
f	644	1000	1000	0	64	35967823	1785345517.5060848590	results/experiments/toolchain-environment/20260729T171551Z-toolchain-formal01/boots/repetition-02/lower/python312/lib/python3.12/site-packages/pip/_internal/operations/build/__init__.py
f	644	1000	1000	0	64	35967871	1785345517.6940883160	results/experiments/toolchain-environment/20260729T171551Z-toolchain-formal01/boots/repetition-02/lower/python312/lib/python3.12/site-packages/pip/_internal/resolution/__init__.py
f	644	1000	1000	0	64	35967877	1785345517.7130886650	results/experiments/toolchain-environment/20260729T171551Z-toolchain-formal01/boots/repetition-02/lower/python312/lib/python3.12/site-packages/pip/_internal/resolution/legacy/__init__.py
f	644	1000	1000	0	64	35967883	1785345517.7320890140	results/experiments/toolchain-environment/20260729T171551Z-toolchain-formal01/boots/repetition-02/lower/python312/lib/python3.12/site-packages/pip/_internal/resolution/resolvelib/__init__.py
f	644	1000	1000	0	64	35967905	1785345517.8180905950	results/experiments/toolchain-environment/20260729T171551Z-toolchain-formal01/boots/repetition-02/lower/python312/lib/python3.12/site-packages/pip/_internal/utils/__init__.py
f	644	1000	1000	0	64	35968033	1785345518.2680988680	results/experiments/toolchain-environment/20260729T171551Z-toolchain-formal01/boots/repetition-02/lower/python312/lib/python3.12/site-packages/pip/_vendor/chardet/cli/__init__.py
f	644	1000	1000	0	64	35968099	1785345518.5401038690	results/experiments/toolchain-environment/20260729T171551Z-toolchain-formal01/boots/repetition-02/lower/python312/lib/python3.12/site-packages/pip/_vendor/chardet/metadata/__init__.py
f	644	1000	1000	0	64	35968423	1785345519.8401277700	results/experiments/toolchain-environment/20260729T171551Z-toolchain-formal01/boots/repetition-02/lower/python312/lib/python3.12/site-packages/pip/_vendor/resolvelib/compat/__init__.py
f	644	1000	1000	0	64	35968657	1785345521.0131493370	results/experiments/toolchain-environment/20260729T171551Z-toolchain-formal01/boots/repetition-02/lower/python312/lib/python3.12/site-packages/pip/_vendor/urllib3/contrib/__init__.py
f	644	1000	1000	0	64	35968663	1785345521.0321496870	results/experiments/toolchain-environment/20260729T171551Z-toolchain-formal01/boots/repetition-02/lower/python312/lib/python3.12/site-packages/pip/_vendor/urllib3/contrib/_securetransport/__init__.py
f	644	1000	1000	0	64	35968687	1785345521.1481518200	results/experiments/toolchain-environment/20260729T171551Z-toolchain-formal01/boots/repetition-02/lower/python312/lib/python3.12/site-packages/pip/_vendor/urllib3/packages/__init__.py
f	644	1000	1000	0	64	35968691	1785345521.1611520590	results/experiments/toolchain-environment/20260729T171551Z-toolchain-formal01/boots/repetition-02/lower/python312/lib/python3.12/site-packages/pip/_vendor/urllib3/packages/backports/__init__.py
f	644	1000	1000	0	64	35969941	1785345542.7825497500	results/experiments/toolchain-environment/20260729T171551Z-toolchain-formal01/boots/repetition-02/lower/python312/lib/python3.12/site-packages/pip-24.0.dist-info/REQUESTED
f	644	1000	1000	1	64	35963215	1785345474.3611389540	results/experiments/toolchain-environment/20260729T171551Z-toolchain-formal01/boots/repetition-02/lower/python310/lib/python3.10/site-packages/pkg_resources/tests/data/my-test-package_unpacked-egg/my_test_package-1.0-py3.7.egg/EGG-INFO/dependency_links.txt
f	644	1000	1000	1	64	35963217	1785345474.3712924950	results/experiments/toolchain-environment/20260729T171551Z-toolchain-formal01/boots/repetition-02/lower/python310/lib/python3.10/site-packages/pkg_resources/tests/data/my-test-package_unpacked-egg/my_test_package-1.0-py3.7.egg/EGG-INFO/top_level.txt
f	644	1000	1000	1	64	35963219	1785345474.3832927150	results/experiments/toolchain-environment/20260729T171551Z-toolchain-formal01/boots/repetition-02/lower/python310/lib/python3.10/site-packages/pkg_resources/tests/data/my-test-package_unpacked-egg/my_test_package-1.0-py3.7.egg/EGG-INFO/zip-safe
f	644	1000	1000	10	64	35964131	1785345477.5514412140	results/experiments/toolchain-environment/20260729T171551Z-toolchain-formal01/boots/repetition-02/lower/python310/lib/python3.10/site-packages/setuptools/_vendor/backports.tarfile-1.2.0.dist-info/top_level.txt
f	644	1000	1000	10	64	35964293	1785345478.0983335100	results/experiments/toolchain-environment/20260729T171551Z-toolchain-formal01/boots/repetition-02/lower/python310/lib/python3.10/site-packages/setuptools/_vendor/typeguard-4.3.0.dist-info/top_level.txt
f	644	1000	1000	10003	64	35966367	1785345495.4246790750	results/experiments/toolchain-environment/20260729T171551Z-toolchain-formal01/boots/repetition-02/lower/python310/lib/python3.10/site-packages/pip/_vendor/urllib3/util/timeout.py
f	644	1000	1000	10014	64	35969685	1785345537.7684958650	results/experiments/toolchain-environment/20260729T171551Z-toolchain-formal01/boots/repetition-02/lower/python312/lib/python3.12/site-packages/pip/_vendor/rich/__pycache__/highlighter.cpython-312.pyc
f	644	1000	1000	10019	64	35967337	1785345509.6309053620	results/experiments/toolchain-environment/20260729T171551Z-toolchain-formal01/boots/repetition-02/lower/python310/lib/python3.10/site-packages/pip/_vendor/rich/__pycache__/logging.cpython-310.pyc
f	644	1000	1000	1002	64	35969347	1785345529.4063036800	results/experiments/toolchain-environment/20260729T171551Z-toolchain-formal01/boots/repetition-02/lower/python312/lib/python3.12/site-packages/pip/_vendor/idna/__pycache__/compat.cpython-312.pyc
f	644	1000	1000	10032	64	35965639	1785345492.3673826640	results/experiments/toolchain-environment/20260729T171551Z-toolchain-formal01/boots/repetition-02/lower/python310/lib/python3.10/site-packages/pip/_vendor/chardet/chardistribution.py
f	644	1000	1000	10032	64	35968025	1785345518.2448206410	results/experiments/toolchain-environment/20260729T171551Z-toolchain-formal01/boots/repetition-02/lower/python312/lib/python3.12/site-packages/pip/_vendor/chardet/chardistribution.py
f	644	1000	1000	10035	64	35967771	1785345517.3330404380	results/experiments/toolchain-environment/20260729T171551Z-toolchain-formal01/boots/repetition-02/lower/python312/lib/python3.12/site-packages/pip/_internal/metadata/pkg_resources.py
f	644	1000	1000	100461	64	35964867	1785345485.7755018590	results/experiments/toolchain-environment/20260729T171551Z-toolchain-formal01/boots/repetition-02/lower/python310/lib/python3.10/site-packages/setuptools/_vendor/__pycache__/typing_extensions.cpython-310.pyc
f	644	1000	1000	10048	64	35964817	1785345485.0274881240	results/experiments/toolchain-environment/20260729T171551Z-toolchain-formal01/boots/repetition-02/lower/python310/lib/python3.10/site-packages/setuptools/_vendor/platformdirs/__pycache__/api.cpython-310.pyc
f	644	1000	1000	10065	64	35966435	1785345495.9676890500	results/experiments/toolchain-environment/20260729T171551Z-toolchain-formal01/boots/repetition-02/lower/python310/lib/python3.10/site-packages/pip/_internal/cli/__pycache__/parser.cpython-310.pyc
f	644	1000	1000	10074	64	35965181	1785345490.2995849410	results/experiments/toolchain-environment/20260729T171551Z-toolchain-formal01/boots/repetition-02/lower/python310/lib/python3.10/site-packages/setuptools/tests/__pycache__/test_setuptools.cpython-310.pyc
f	644	1000	1000	10094	64	35969259	1785345528.2999093700	results/experiments/toolchain-environment/20260729T171551Z-toolchain-formal01/boots/repetition-02/lower/python312/lib/python3.12/site-packages/pip/_vendor/chardet/__pycache__/utf1632prober.cpython-312.pyc
f	644	1000	1000	10096	64	35964475	1785345479.0963792290	results/experiments/toolchain-environment/20260729T171551Z-toolchain-formal01/boots/repetition-02/lower/python310/lib/python3.10/site-packages/setuptools/_distutils/command/__pycache__/build_py.cpython-310.pyc
f	644	1000	1000	10096	64	35966091	1785345494.1726560770	results/experiments/toolchain-environment/20260729T171551Z-toolchain-formal01/boots/repetition-02/lower/python310/lib/python3.10/site-packages/pip/_vendor/rich/_cell_widths.py
f	644	1000	1000	10096	64	35968441	1785345519.9362478930	results/experiments/toolchain-environment/20260729T171551Z-toolchain-formal01/boots/repetition-02/lower/python312/lib/python3.12/site-packages/pip/_vendor/rich/_cell_widths.py
f	644	1000	1000	10099	64	35963973	1785345477.0652117030	results/experiments/toolchain-environment/20260729T171551Z-toolchain-formal01/boots/repetition-02/lower/python310/lib/python3.10/site-packages/setuptools/tests/test_build_ext.py
f	644	1000	1000	1011	64	35964659	1785345482.1844359230	results/experiments/toolchain-environment/20260729T171551Z-toolchain-formal01/boots/repetition-02/lower/python310/lib/python3.10/site-packages/setuptools/__pycache__/_itertools.cpython-310.pyc
f	644	1000	1000	10125	64	35963711	1785345476.0814353260	results/experiments/toolchain-environment/20260729T171551Z-toolchain-formal01/boots/repetition-02/lower/python310/lib/python3.10/site-packages/setuptools/_vendor/platformdirs/windows.py
f	644	1000	1000	101363	64	35965687	1785345492.5816268540	results/experiments/toolchain-environment/20260729T171551Z-toolchain-formal01/boots/repetition-02/lower/python310/lib/python3.10/site-packages/pip/_vendor/chardet/langhungarianmodel.py
f	644	1000	1000	101363	64	35968079	1785345518.4621024350	results/experiments/toolchain-environment/20260729T171551Z-toolchain-formal01/boots/repetition-02/lower/python312/lib/python3.12/site-packages/pip/_vendor/chardet/langhungarianmodel.py
f	644	1000	1000	1015	64	35965513	1785345491.8046916190	results/experiments/toolchain-environment/20260729T171551Z-toolchain-formal01/boots/repetition-02/lower/python310/lib/python3.10/site-packages/pip/_internal/utils/_log.py
f	644	1000	1000	1015	64	35967909	1785345517.8344076960	results/experiments/toolchain-environment/20260729T171551Z-toolchain-formal01/boots/repetition-02/lower/python312/lib/python3.12/site-packages/pip/_internal/utils/_log.py
f	644	1000	1000	10168	64	35968727	1785345521.3589757010	results/experiments/toolchain-environment/20260729T171551Z-toolchain-formal01/boots/repetition-02/lower/python312/lib/python3.12/site-packages/pip/_vendor/urllib3/util/timeout.py
f	644	1000	1000	10169	64	35967151	1785345506.9016617030	results/experiments/toolchain-environment/20260729T171551Z-toolchain-formal01/boots/repetition-02/lower/python310/lib/python3.10/site-packages/pip/_vendor/pyparsing/__pycache__/unicode.cpython-310.pyc
f	644	1000	1000	1017	64	35969105	1785345526.3366428070	results/experiments/toolchain-environment/20260729T171551Z-toolchain-formal01/boots/repetition-02/lower/python312/lib/python3.12/site-packages/pip/_vendor/cachecontrol/__pycache__/__init__.cpython-312.pyc
f	644	1000	1000	10174	64	35963803	1785345476.4234471340	results/experiments/toolchain-environment/20260729T171551Z-toolchain-formal01/boots/repetition-02/lower/python310/lib/python3.10/site-packages/setuptools/_vendor/wheel/vendored/packaging/LICENSE.APACHE
f	644	1000	1000	10174	64	35964243	1785345477.9213576590	results/experiments/toolchain-environment/20260729T171551Z-toolchain-formal01/boots/repetition-02/lower/python310/lib/python3.10/site-packages/setuptools/_vendor/packaging-24.2.dist-info/LICENSE.APACHE
f	644	1000	1000	10187	64	35966041	1785345493.9986528810	results/experiments/toolchain-environment/20260729T171551Z-toolchain-formal01/boots/repetition-02/lower/python310/lib/python3.10/site-packages/pip/_vendor/requests/auth.py
f	644	1000	1000	10187	64	35968391	1785345519.6914562710	results/experiments/toolchain-environment/20260729T171551Z-toolchain-formal01/boots/repetition-02/lower/python312/lib/python3.12/site-packages/pip/_vendor/requests/auth.py
f	644	1000	1000	101888	64	35965799	1785345493.1336369930	results/experiments/toolchain-environment/20260729T171551Z-toolchain-formal01/boots/repetition-02/lower/python310/lib/python3.10/site-packages/pip/_vendor/distlib/w64.exe
f	644	1000	1000	102	64	35966233	1785345494.8846691560	results/experiments/toolchain-environment/20260729T171551Z-toolchain-formal01/boots/repetition-02/lower/python310/lib/python3.10/site-packages/pip/_vendor/rich/themes.py
f	644	1000	1000	102	64	35968585	1785345520.7544475380	results/experiments/toolchain-environment/20260729T171551Z-toolchain-formal01/boots/repetition-02/lower/python312/lib/python3.12/site-packages/pip/_vendor/rich/themes.py
f	644	1000	1000	1021	64	35963791	1785345476.3831924950	results/experiments/toolchain-environment/20260729T171551Z-toolchain-formal01/boots/repetition-02/lower/python310/lib/python3.10/site-packages/setuptools/_vendor/wheel/cli/unpack.py
f	644	1000	1000	10216	64	35967135	1785345506.5664463000	results/experiments/toolchain-environment/20260729T171551Z-toolchain-formal01/boots/repetition-02/lower/python310/lib/python3.10/site-packages/pip/_vendor/pyparsing/__pycache__/common.cpython-310.pyc
f	644	1000	1000	1023	64	35964093	1785345477.4306122820	results/experiments/toolchain-environment/20260729T171551Z-toolchain-formal01/boots/repetition-02/lower/python310/lib/python3.10/site-packages/setuptools-79.0.1.dist-info/licenses/LICENSE
f	644	1000	1000	1023	64	35964121	1785345477.5134679440	results/experiments/toolchain-environment/20260729T171551Z-toolchain-formal01/boots/repetition-02/lower/python310/lib/python3.10/site-packages/setuptools/_vendor/backports.tarfile-1.2.0.dist-info/LICENSE
f	644	1000	1000	1023	64	35964153	1785345477.6211008710	results/experiments/toolchain-environment/20260729T171551Z-toolchain-formal01/boots/repetition-02/lower/python310/lib/python3.10/site-packages/setuptools/_vendor/inflect-7.3.1.dist-info/LICENSE
f	644	1000	1000	1023	64	35964167	1785345477.6666466150	results/experiments/toolchain-environment/20260729T171551Z-toolchain-formal01/boots/repetition-02/lower/python310/lib/python3.10/site-packages/setuptools/_vendor/jaraco.collections-5.1.0.dist-info/LICENSE
f	644	1000	1000	1023	64	35964183	1785345477.7212009390	results/experiments/toolchain-environment/20260729T171551Z-toolchain-formal01/boots/repetition-02/lower/python310/lib/python3.10/site-packages/setuptools/_vendor/jaraco.context-5.3.0.dist-info/LICENSE
f	644	1000	1000	1023	64	35964197	1785345477.7682916550	results/experiments/toolchain-environment/20260729T171551Z-toolchain-formal01/boots/repetition-02/lower/python310/lib/python3.10/site-packages/setuptools/_vendor/jaraco.functools-4.0.1.dist-info/LICENSE
f	644	1000	1000	1023	64	35964211	1785345477.8141194590	results/experiments/toolchain-environment/20260729T171551Z-toolchain-formal01/boots/repetition-02/lower/python310/lib/python3.10/site-packages/setuptools/_vendor/jaraco.text-3.12.1.dist-info/LICENSE
f	644	1000	1000	1023	64	35964327	1785345478.2071872170	results/experiments/toolchain-environment/20260729T171551Z-toolchain-formal01/boots/repetition-02/lower/python310/lib/python3.10/site-packages/setuptools/_vendor/zipp-3.19.2.dist-info/LICENSE
f	644	1000	1000	10230	64	35968337	1785345519.4851212430	results/experiments/toolchain-environment/20260729T171551Z-toolchain-formal01/boots/repetition-02/lower/python312/lib/python3.12/site-packages/pip/_vendor/pygments/util.py
f	644	1000	1000	10231	64	35968955	1785345524.4834918810	results/experiments/toolchain-environment/20260729T171551Z-toolchain-formal01/boots/repetition-02/lower/python312/lib/python3.12/site-packages/pip/_internal/operations/__pycache__/freeze.cpython-312.pyc
f	644	1000	1000	10236	64	35963665	1785345475.8873203220	results/experiments/toolchain-environment/20260729T171551Z-toolchain-formal01/boots/repetition-02/lower/python310/lib/python3.10/site-packages/setuptools/_vendor/packaging/_parser.py
f	644	1000	1000	10243	64	35965239	1785345490.7085924520	results/experiments/toolchain-environment/20260729T171551Z-toolchain-formal01/boots/repetition-02/lower/python310/lib/python3.10/site-packages/pip/_internal/build_env.py
f	644	1000	1000	10243	64	35967647	1785345516.8937303420	results/experiments/toolchain-environment/20260729T171551Z-toolchain-formal01/boots/repetition-02/lower/python312/lib/python3.12/site-packages/pip/_internal/build_env.py
f	644	1000	1000	1026	64	35963527	1785345475.4200070430	results/experiments/toolchain-environment/20260729T171551Z-toolchain-formal01/boots/repetition-02/lower/python310/lib/python3.10/site-packages/setuptools/_distutils/tests/compat/py39.py
f	644	1000	1000	1026	64	35966967	1785345503.9609565130	results/experiments/toolchain-environment/20260729T171551Z-toolchain-formal01/boots/repetition-02/lower/python310/lib/python3.10/site-packages/pip/_vendor/distro/__pycache__/__init__.cpython-310.pyc
f	644	1000	1000	10275	64	35968803	1785345522.2753048920	results/experiments/toolchain-environment/20260729T171551Z-toolchain-formal01/boots/repetition-02/lower/python312/lib/python3.12/site-packages/pip/_internal/commands/__pycache__/debug.cpython-312.pyc
f	644	1000	1000	102774	64	35965691	1785345492.6006272020	results/experiments/toolchain-environment/20260729T171551Z-toolchain-formal01/boots/repetition-02/lower/python310/lib/python3.10/site-packages/pip/_vendor/chardet/langthaimodel.py
f	644	1000	1000	102774	64	35968083	1785345518.4821835590	results/experiments/toolchain-environment/20260729T171551Z-toolchain-formal01/boots/repetition-02/lower/python312/lib/python3.12/site-packages/pip/_vendor/chardet/langthaimodel.py
f	644	1000	1000	10279	64	35966545	1785345497.4863010650	results/experiments/toolchain-environment/20260729T171551Z-toolchain-formal01/boots/repetition-02/lower/python310/lib/python3.10/site-packages/pip/_internal/metadata/__pycache__/pkg_resources.cpython-310.pyc
f	644	1000	1000	1029	64	35964755	1785345483.7944654840	results/experiments/toolchain-environment/20260729T171551Z-toolchain-formal01/boots/repetition-02/lower/python310/lib/python3.10/site-packages/setuptools/_vendor/jaraco/text/__pycache__/layouts.cpython-310.pyc
f	644	1000	1000	1030	64	35965381	1785345491.3276038210	results/experiments/toolchain-environment/20260729T171551Z-toolchain-formal01/boots/repetition-02/lower/python310/lib/python3.10/site-packages/pip/_internal/models/index.py
f	644	1000	1000	1030	64	35967783	1785345517.3716073610	results/experiments/toolchain-environment/20260729T171551Z-toolchain-formal01/boots/repetition-02/lower/python312/lib/python3.12/site-packages/pip/_internal/models/index.py
f	644	1000	1000	1033	64	35965619	1785345492.2756212330	results/experiments/toolchain-environment/20260729T171551Z-toolchain-formal01/boots/repetition-02/lower/python310/lib/python3.10/site-packages/pip/_vendor/cachecontrol/caches/redis_cache.py
f	644	1000	1000	10341	64	35966949	1785345503.6727748540	results/experiments/toolchain-environment/20260729T171551Z-toolchain-formal01/boots/repetition-02/lower/python310/lib/python3.10/site-packages/pip/_vendor/distlib/__pycache__/manifest.cpython-310.pyc
f	644	1000	1000	10347	64	35963815	1785345476.4869740970	results/experiments/toolchain-environment/20260729T171551Z-toolchain-formal01/boots/repetition-02/lower/python310/lib/python3.10/site-packages/setuptools/_vendor/wheel/vendored/packaging/_parser.py
f	644	1000	1000	10368	64	35966131	1785345494.3646596040	results/experiments/toolchain-environment/20260729T171551Z-toolchain-formal01/boots/repetition-02/lower/python310/lib/python3.10/site-packages/pip/_vendor/rich/align.py
f	644	1000	1000	10368	64	35968483	1785345520.1818559880	results/experiments/toolchain-environment/20260729T171551Z-toolchain-formal01/boots/repetition-02/lower/python312/lib/python3.12/site-packages/pip/_vendor/rich/align.py
f	644	1000	1000	1037	64	35963535	1785345475.4373120620	results/experiments/toolchain-environment/20260729T171551Z-toolchain-formal01/boots/repetition-02/lower/python310/lib/python3.10/site-packages/setuptools/_vendor/autocommand/__init__.py
f	644	1000	1000	10370	64	35967649	1785345516.9004330390	results/experiments/toolchain-environment/20260729T171551Z-toolchain-formal01/boots/repetition-02/lower/python312/lib/python3.12/site-packages/pip/_internal/cache.py
f	644	1000	1000	103796	64	35963595	1785345475.6373157330	results/experiments/toolchain-environment/20260729T171551Z-toolchain-formal01/boots/repetition-02/lower/python310/lib/python3.10/site-packages/setuptools/_vendor/inflect/__init__.py
f	644	1000	1000	1038	64	35969549	1785345534.4215824210	results/experiments/toolchain-environment/20260729T171551Z-toolchain-formal01/boots/repetition-02/lower/python312/lib/python3.12/site-packages/pip/_vendor/requests/__pycache__/certs.cpython-312.pyc
f	644	1000	1000	10388	64	35967621	1785345516.8309461500	results/experiments/toolchain-environment/20260729T171551Z-toolchain-formal01/boots/repetition-02/lower/python312/lib/python3.12/site-packages/pip-24.0.dist-info/AUTHORS.txt
f	644	1000	1000	1039	64	35964331	1785345478.2234082620	results/experiments/toolchain-environment/20260729T171551Z-toolchain-formal01/boots/repetition-02/lower/python310/lib/python3.10/site-packages/setuptools/_vendor/zipp-3.19.2.dist-info/RECORD
f	644	1000	1000	10393	64	35963743	1785345476.1883258460	results/experiments/toolchain-environment/20260729T171551Z-toolchain-formal01/boots/repetition-02/lower/python310/lib/python3.10/site-packages/setuptools/_vendor/typeguard/_functions.py
f	644	1000	1000	104	64	35964321	1785345478.1916110910	results/experiments/toolchain-environment/20260729T171551Z-toolchain-formal01/boots/repetition-02/lower/python310/lib/python3.10/site-packages/setuptools/_vendor/wheel-0.45.1.dist-info/entry_points.txt
f	644	1000	1000	1040	64	35965051	1785345488.6055538290	results/experiments/toolchain-environment/20260729T171551Z-toolchain-formal01/boots/repetition-02/lower/python310/lib/python3.10/site-packages/setuptools/__pycache__/launch.cpython-310.pyc
f	644	1000	1000	10406	64	35963227	1785345474.3984446700	results/experiments/toolchain-environment/20260729T171551Z-toolchain-formal01/boots/repetition-02/lower/python310/lib/python3.10/site-packages/setuptools/__init__.py
f	644	1000	1000	10407	64	35966479	1785345496.5237388760	results/experiments/toolchain-environment/20260729T171551Z-toolchain-formal01/boots/repetition-02/lower/python310/lib/python3.10/site-packages/pip/_internal/commands/__pycache__/list.cpython-310.pyc
f	644	1000	1000	1042	64	35963931	1785345476.9093390820	results/experiments/toolchain-environment/20260729T171551Z-toolchain-formal01/boots/repetition-02/lower/python310/lib/python3.10/site-packages/setuptools/config/_validate_pyproject/__init__.py
f	644	1000	1000	10420	64	35969595	1785345535.3124123150	results/experiments/toolchain-environment/20260729T171551Z-toolchain-formal01/boots/repetition-02/lower/python312/lib/python3.12/site-packages/pip/_vendor/rich/__pycache__/__main__.cpython-312.pyc
f	644	1000	1000	104562	64	35965681	1785345492.5526263210	results/experiments/toolchain-environment/20260729T171551Z-toolchain-formal01/boots/repetition-02/lower/python310/lib/python3.10/site-packages/pip/_vendor/chardet/langbulgarianmodel.py
f	644	1000	1000	104562	64	35968073	1785345518.4311018650	results/experiments/toolchain-environment/20260729T171551Z-toolchain-formal01/boots/repetition-02/lower/python312/lib/python3.12/site-packages/pip/_vendor/chardet/langbulgarianmodel.py
f	644	1000	1000	10489	64	35969673	1785345537.5064526770	results/experiments/toolchain-environment/20260729T171551Z-toolchain-formal01/boots/repetition-02/lower/python312/lib/python3.12/site-packages/pip/_vendor/rich/__pycache__/default_styles.cpython-312.pyc
f	644	1000	1000	10492	64	35969007	1785345525.1637764160	results/experiments/toolchain-environment/20260729T171551Z-toolchain-formal01/boots/repetition-02/lower/python312/lib/python3.12/site-packages/pip/_internal/resolution/resolvelib/__pycache__/provider.cpython-312.pyc
f	644	1000	1000	105	64	35963199	1785345474.3108539560	results/experiments/toolchain-environment/20260729T171551Z-toolchain-formal01/boots/repetition-02/lower/python310/lib/python3.10/site-packages/pkg_resources/tests/data/my-test-package-source/setup.py
f	644	1000	1000	10505	64	35969715	1785345538.4382807420	results/experiments/toolchain-environment/20260729T171551Z-toolchain-formal01/boots/repetition-02/lower/python312/lib/python3.12/site-packages/pip/_vendor/rich/__pycache__/progress_bar.cpython-312.pyc
f	644	1000	1000	1052	64	35966707	1785345499.9900633650	results/experiments/toolchain-environment/20260729T171551Z-toolchain-formal01/boots/repetition-02/lower/python310/lib/python3.10/site-packages/pip/_internal/utils/__pycache__/filetypes.cpython-310.pyc
f	644	1000	1000	10529	64	35969859	1785345541.7111863320	results/experiments/toolchain-environment/20260729T171551Z-toolchain-formal01/boots/repetition-02/lower/python312/lib/python3.12/site-packages/pip/_vendor/urllib3/__pycache__/fields.cpython-312.pyc
f	644	1000	1000	1053	64	35964227	1785345477.8675707460	results/experiments/toolchain-environment/20260729T171551Z-toolchain-formal01/boots/repetition-02/lower/python310/lib/python3.10/site-packages/setuptools/_vendor/more_itertools-10.3.0.dist-info/LICENSE
f	644	1000	1000	1053	64	35966397	1785345512.6120920300	results/experiments/toolchain-environment/20260729T171551Z-toolchain-formal01/boots/repetition-02/lower/python310/bin/activate.csh
f	644	1000	1000	105366	64	35969227	1785345527.8052742350	results/experiments/toolchain-environment/20260729T171551Z-toolchain-formal01/boots/repetition-02/lower/python312/lib/python3.12/site-packages/pip/_vendor/chardet/__pycache__/langrussianmodel.cpython-312.pyc
f	644	1000	1000	1054	64	35966143	1785345494.4306608160	results/experiments/toolchain-environment/20260729T171551Z-toolchain-formal01/boots/repetition-02/lower/python310/lib/python3.10/site-packages/pip/_vendor/rich/color_triplet.py
f	644	1000	1000	1054	64	35967627	1785345542.8785303320	results/experiments/toolchain-environment/20260729T171551Z-toolchain-formal01/boots/repetition-02/lower/python312/bin/activate.csh
f	644	1000	1000	1054	64	35968495	1785345520.2634430850	results/experiments/toolchain-environment/20260729T171551Z-toolchain-formal01/boots/repetition-02/lower/python312/lib/python3.12/site-packages/pip/_vendor/rich/color_triplet.py
f	644	1000	1000	1055	64	35968833	1785345522.8111823980	results/experiments/toolchain-environment/20260729T171551Z-toolchain-formal01/boots/repetition-02/lower/python312/lib/python3.12/site-packages/pip/_internal/distributions/__pycache__/__init__.cpython-312.pyc
f	644	1000	1000	10561	64	35963671	1785345475.9134803470	results/experiments/toolchain-environment/20260729T171551Z-toolchain-formal01/boots/repetition-02/lower/python310/lib/python3.10/site-packages/setuptools/_vendor/packaging/markers.py
f	644	1000	1000	10569	64	35968771	1785345521.7281624840	results/experiments/toolchain-environment/20260729T171551Z-toolchain-formal01/boots/repetition-02/lower/python312/lib/python3.12/site-packages/pip/_internal/cli/__pycache__/base_command.cpython-312.pyc
f	644	1000	1000	10574	64	35966191	1785345494.6566649680	results/experiments/toolchain-environment/20260729T171551Z-toolchain-formal01/boots/repetition-02/lower/python310/lib/python3.10/site-packages/pip/_vendor/rich/panel.py
f	644	1000	1000	10574	64	35968543	1785345520.5131401440	results/experiments/toolchain-environment/20260729T171551Z-toolchain-formal01/boots/repetition-02/lower/python312/lib/python3.12/site-packages/pip/_vendor/rich/panel.py
f	644	1000	1000	10579	64	35966375	1785345495.4564137610	results/experiments/toolchain-environment/20260729T171551Z-toolchain-formal01/boots/repetition-02/lower/python310/lib/python3.10/site-packages/pip/_vendor/webencodings/__init__.py
f	644	1000	1000	10579	64	35968737	1785345521.4021070750	results/experiments/toolchain-environment/20260729T171551Z-toolchain-formal01/boots/repetition-02/lower/python312/lib/python3.12/site-packages/pip/_vendor/webencodings/__init__.py
f	644	1000	1000	10590	64	35964483	1785345479.2233815610	results/experiments/toolchain-environment/20260729T171551Z-toolchain-formal01/boots/repetition-02/lower/python310/lib/python3.10/site-packages/setuptools/_distutils/command/__pycache__/config.cpython-310.pyc
f	644	1000	1000	10596	64	35964893	1785345486.1706796880	results/experiments/toolchain-environment/20260729T171551Z-toolchain-formal01/boots/repetition-02/lower/python310/lib/python3.10/site-packages/setuptools/_vendor/wheel/__pycache__/macosx_libfile.cpython-310.pyc
f	644	1000	1000	1060	64	35964991	1785345487.8305395970	results/experiments/toolchain-environment/20260729T171551Z-toolchain-formal01/boots/repetition-02/lower/python310/lib/python3.10/site-packages/setuptools/command/__pycache__/saveopts.cpython-310.pyc
f	644	1000	1000	10622	64	35969589	1785345535.1464092610	results/experiments/toolchain-environment/20260729T171551Z-toolchain-formal01/boots/repetition-02/lower/python312/lib/python3.12/site-packages/pip/_vendor/resolvelib/__pycache__/structs.cpython-312.pyc
f	644	1000	1000	1064	64	35966095	1785345494.1956565000	results/experiments/toolchain-environment/20260729T171551Z-toolchain-formal01/boots/repetition-02/lower/python310/lib/python3.10/site-packages/pip/_vendor/rich/_emoji_replace.py
f	644	1000	1000	1064	64	35968445	1785345519.9649531030	results/experiments/toolchain-environment/20260729T171551Z-toolchain-formal01/boots/repetition-02/lower/python312/lib/python3.12/site-packages/pip/_vendor/rich/_emoji_replace.py
f	644	1000	1000	10643	64	35963707	1785345476.0634413820	results/experiments/toolchain-environment/20260729T171551Z-toolchain-formal01/boots/repetition-02/lower/python310/lib/python3.10/site-packages/setuptools/_vendor/platformdirs/unix.py
f	644	1000	1000	10646	64	35968361	1785345519.5782598620	results/experiments/toolchain-environment/20260729T171551Z-toolchain-formal01/boots/repetition-02/lower/python312/lib/python3.12/site-packages/pip/_vendor/pyparsing/unicode.py
f	644	1000	1000	10666	64	35969015	1785345525.2812278180	results/experiments/toolchain-environment/20260729T171551Z-toolchain-formal01/boots/repetition-02/lower/python312/lib/python3.12/site-packages/pip/_internal/__pycache__/self_outdated_check.cpython-312.pyc
f	644	1000	1000	10678	64	35965753	1785345492.8376315560	results/experiments/toolchain-environment/20260729T171551Z-toolchain-formal01/boots/repetition-02/lower/python310/lib/python3.10/site-packages/pip/_vendor/colorama/tests/ansitowin32_test.py
f	644	1000	1000	10678	64	35968135	1785345518.6723477230	results/experiments/toolchain-environment/20260729T171551Z-toolchain-formal01/boots/repetition-02/lower/python312/lib/python3.12/site-packages/pip/_vendor/colorama/tests/ansitowin32_test.py
f	644	1000	1000	10696	64	35967033	1785345504.9791248840	results/experiments/toolchain-environment/20260729T171551Z-toolchain-formal01/boots/repetition-02/lower/python310/lib/python3.10/site-packages/pip/_vendor/platformdirs/__pycache__/__init__.cpython-310.pyc
f	644	1000	1000	107	64	35965363	1785345491.2396022050	results/experiments/toolchain-environment/20260729T171551Z-toolchain-formal01/boots/repetition-02/lower/python310/lib/python3.10/site-packages/pip/_internal/metadata/importlib/__init__.py
f	644	1000	1000	1072	64	35964269	1785345478.0145728320	results/experiments/toolchain-environment/20260729T171551Z-toolchain-formal01/boots/repetition-02/lower/python310/lib/python3.10/site-packages/setuptools/_vendor/tomli-2.0.1.dist-info/LICENSE
f	644	1000	1000	10734	64	35965241	1785345490.7175926170	results/experiments/toolchain-environment/20260729T171551Z-toolchain-formal01/boots/repetition-02/lower/python310/lib/python3.10/site-packages/pip/_internal/cache.py
f	644	1000	1000	1075	64	35965447	1785345491.5606081010	results/experiments/toolchain-environment/20260729T171551Z-toolchain-formal01/boots/repetition-02/lower/python310/lib/python3.10/site-packages/pip/_internal/operations/build/wheel.py
f	644	1000	1000	1075	64	35967833	1785345517.5561136720	results/experiments/toolchain-environment/20260729T171551Z-toolchain-formal01/boots/repetition-02/lower/python312/lib/python3.12/site-packages/pip/_internal/operations/build/wheel.py
f	644	1000	1000	1075	64	35969335	1785345529.2449161680	results/experiments/toolchain-environment/20260729T171551Z-toolchain-formal01/boots/repetition-02/lower/python312/lib/python3.12/site-packages/pip/_vendor/distro/__pycache__/__init__.cpython-312.pyc
f	644	1000	1000	10766	64	35963491	1785345475.2844544070	results/experiments/toolchain-environment/20260729T171551Z-toolchain-formal01/boots/repetition-02/lower/python310/lib/python3.10/site-packages/setuptools/_distutils/tests/test_filelist.py
f	644	1000	1000	10781	64	35967667	1785345516.9639208840	results/experiments/toolchain-environment/20260729T171551Z-toolchain-formal01/boots/repetition-02/lower/python312/lib/python3.12/site-packages/pip/_internal/cli/parser.py
f	644	1000	1000	10787	64	35966007	1785345493.8913750930	results/experiments/toolchain-environment/20260729T171551Z-toolchain-formal01/boots/repetition-02/lower/python310/lib/python3.10/site-packages/pip/_vendor/pyparsing/unicode.py
f	644	1000	1000	1079	64	35965759	1785345492.8756322540	results/experiments/toolchain-environment/20260729T171551Z-toolchain-formal01/boots/repetition-02/lower/python310/lib/python3.10/site-packages/pip/_vendor/colorama/tests/utils.py
f	644	1000	1000	1079	64	35968141	1785345518.7002094790	results/experiments/toolchain-environment/20260729T171551Z-toolchain-formal01/boots/repetition-02/lower/python312/lib/python3.12/site-packages/pip/_vendor/colorama/tests/utils.py
f	644	1000	1000	108032	64	35965789	1785345493.0596356330	results/experiments/toolchain-environment/20260729T171551Z-toolchain-formal01/boots/repetition-02/lower/python310/lib/python3.10/site-packages/pip/_vendor/distlib/t64.exe
f	644	1000	1000	1081	64	35965833	1785345493.2692372030	results/experiments/toolchain-environment/20260729T171551Z-toolchain-formal01/boots/repetition-02/lower/python310/lib/python3.10/site-packages/pip/_vendor/msgpack/exceptions.py
f	644	1000	1000	1081	64	35968207	1785345518.9506474860	results/experiments/toolchain-environment/20260729T171551Z-toolchain-formal01/boots/repetition-02/lower/python312/lib/python3.12/site-packages/pip/_vendor/msgpack/exceptions.py
f	644	1000	1000	1081	64	35969625	1785345536.2825266640	results/experiments/toolchain-environment/20260729T171551Z-toolchain-formal01/boots/repetition-02/lower/python312/lib/python3.12/site-packages/pip/_vendor/rich/__pycache__/_stack.cpython-312.pyc
f	644	1000	1000	10811	64	35966289	1785345495.0786727200	results/experiments/toolchain-environment/20260729T171551Z-toolchain-formal01/boots/repetition-02/lower/python310/lib/python3.10/site-packages/pip/_vendor/urllib3/_collections.py
f	644	1000	1000	10813	64	35967541	1785345512.2947160050	results/experiments/toolchain-environment/20260729T171551Z-toolchain-formal01/boots/repetition-02/lower/python310/lib/python3.10/site-packages/pip/_vendor/urllib3/util/__pycache__/url.cpython-310.pyc
f	644	1000	1000	10817	64	35965271	1785345490.8435949320	results/experiments/toolchain-environment/20260729T171551Z-toolchain-formal01/boots/repetition-02/lower/python310/lib/python3.10/site-packages/pip/_internal/cli/parser.py
f	644	1000	1000	10820	64	35965781	1785345492.9996345310	results/experiments/toolchain-environment/20260729T171551Z-toolchain-formal01/boots/repetition-02/lower/python310/lib/python3.10/site-packages/pip/_vendor/distlib/resources.py
f	644	1000	1000	10820	64	35968167	1785345518.7995409730	results/experiments/toolchain-environment/20260729T171551Z-toolchain-formal01/boots/repetition-02/lower/python312/lib/python3.12/site-packages/pip/_vendor/distlib/resources.py
f	644	1000	1000	10823	64	35967479	1785345511.3769346660	results/experiments/toolchain-environment/20260729T171551Z-toolchain-formal01/boots/repetition-02/lower/python310/lib/python3.10/site-packages/pip/_vendor/urllib3/contrib/_securetransport/__pycache__/bindings.cpython-310.pyc
f	644	1000	1000	108287	64	35965865	1785345493.3916417310	results/experiments/toolchain-environment/20260729T171551Z-toolchain-formal01/boots/repetition-02/lower/python310/lib/python3.10/site-packages/pip/_vendor/pkg_resources/__init__.py
f	644	1000	1000	10834	64	35964573	1785345480.4794046190	results/experiments/toolchain-environment/20260729T171551Z-toolchain-formal01/boots/repetition-02/lower/python310/lib/python3.10/site-packages/setuptools/_distutils/tests/__pycache__/test_archive_util.cpython-310.pyc
f	644	1000	1000	108491	64	35963553	1785345475.4943131080	results/experiments/toolchain-environment/20260729T171551Z-toolchain-formal01/boots/repetition-02/lower/python310/lib/python3.10/site-packages/setuptools/_vendor/backports/tarfile/__init__.py
f	644	1000	1000	10870	64	35964821	1785345485.0934893360	results/experiments/toolchain-environment/20260729T171551Z-toolchain-formal01/boots/repetition-02/lower/python310/lib/python3.10/site-packages/setuptools/_vendor/platformdirs/__pycache__/unix.cpython-310.pyc
f	644	1000	1000	10888	64	35969913	1785345542.4635438800	results/experiments/toolchain-environment/20260729T171551Z-toolchain-formal01/boots/repetition-02/lower/python312/lib/python3.12/site-packages/pip/_vendor/urllib3/util/__pycache__/ssltransport.cpython-312.pyc
f	644	1000	1000	1089	64	35963717	1785345476.0951843790	results/experiments/toolchain-environment/20260729T171551Z-toolchain-formal01/boots/repetition-02/lower/python310/lib/python3.10/site-packages/setuptools/_vendor/platformdirs-4.2.2.dist-info/licenses/LICENSE
f	644	1000	1000	10927	64	35966027	1785345493.9522714070	results/experiments/toolchain-environment/20260729T171551Z-toolchain-formal01/boots/repetition-02/lower/python310/lib/python3.10/site-packages/pip/_vendor/pyproject_hooks/_in_process/_in_process.py
f	644	1000	1000	10927	64	35968377	1785345519.6289587840	results/experiments/toolchain-environment/20260729T171551Z-toolchain-formal01/boots/repetition-02/lower/python312/lib/python3.12/site-packages/pip/_vendor/pyproject_hooks/_in_process/_in_process.py
f	644	1000	1000	1093	64	35966387	1785345495.5026805080	results/experiments/toolchain-environment/20260729T171551Z-toolchain-formal01/boots/repetition-02/lower/python310/lib/python3.10/site-packages/pip-23.0.1.dist-info/LICENSE.txt
f	644	1000	1000	1093	64	35967623	1785345516.8365630180	results/experiments/toolchain-environment/20260729T171551Z-toolchain-formal01/boots/repetition-02/lower/python312/lib/python3.12/site-packages/pip-24.0.dist-info/LICENSE.txt
f	644	1000	1000	109364	64	35968239	1785345519.0681135760	results/experiments/toolchain-environment/20260729T171551Z-toolchain-formal01/boots/repetition-02/lower/python312/lib/python3.12/site-packages/pip/_vendor/pkg_resources/__init__.py
f	644	1000	1000	1097	64	35966713	1785345500.0803159470	results/experiments/toolchain-environment/20260729T171551Z-toolchain-formal01/boots/repetition-02/lower/python310/lib/python3.10/site-packages/pip/_internal/utils/__pycache__/inject_securetransport.cpython-310.pyc
f	644	1000	1000	10974	64	35967449	1785345511.1660369960	results/experiments/toolchain-environment/20260729T171551Z-toolchain-formal01/boots/repetition-02/lower/python310/lib/python3.10/site-packages/pip/_vendor/urllib3/__pycache__/_collections.cpython-310.pyc
f	644	1000	1000	10990	64	35965135	1785345489.6845736450	results/experiments/toolchain-environment/20260729T171551Z-toolchain-formal01/boots/repetition-02/lower/python310/lib/python3.10/site-packages/setuptools/tests/__pycache__/test_build_py.cpython-310.pyc
f	644	1000	1000	11009	64	35964549	1785345480.1663568130	results/experiments/toolchain-environment/20260729T171551Z-toolchain-formal01/boots/repetition-02/lower/python310/lib/python3.10/site-packages/setuptools/_distutils/__pycache__/fancy_getopt.cpython-310.pyc
f	644	1000	1000	11011	64	35964629	1785345481.5944250900	results/experiments/toolchain-environment/20260729T171551Z-toolchain-formal01/boots/repetition-02/lower/python310/lib/python3.10/site-packages/setuptools/_distutils/tests/__pycache__/test_sysconfig.cpython-310.pyc
f	644	1000	1000	1102	64	35963591	1785345475.6273155490	results/experiments/toolchain-environment/20260729T171551Z-toolchain-formal01/boots/repetition-02/lower/python310/lib/python3.10/site-packages/setuptools/_vendor/importlib_metadata/compat/py39.py
f	644	1000	1000	11036	64	35966315	1785345495.1993372500	results/experiments/toolchain-environment/20260729T171551Z-toolchain-formal01/boots/repetition-02/lower/python310/lib/python3.10/site-packages/pip/_vendor/urllib3/contrib/appengine.py
f	644	1000	1000	11036	64	35968669	1785345521.0659629510	results/experiments/toolchain-environment/20260729T171551Z-toolchain-formal01/boots/repetition-02/lower/python312/lib/python3.12/site-packages/pip/_vendor/urllib3/contrib/appengine.py
f	644	1000	1000	11045	64	35969671	1785345537.4584517940	results/experiments/toolchain-environment/20260729T171551Z-toolchain-formal01/boots/repetition-02/lower/python312/lib/python3.12/site-packages/pip/_vendor/rich/__pycache__/control.cpython-312.pyc
f	644	1000	1000	1105	64	35967197	1785345507.6179339490	results/experiments/toolchain-environment/20260729T171551Z-toolchain-formal01/boots/repetition-02/lower/python310/lib/python3.10/site-packages/pip/_vendor/requests/__pycache__/hooks.cpython-310.pyc
f	644	1000	1000	1107	64	35963771	1785345476.3018984340	results/experiments/toolchain-environment/20260729T171551Z-toolchain-formal01/boots/repetition-02/lower/python310/lib/python3.10/site-packages/setuptools/_vendor/wheel/bdist_wheel.py
f	644	1000	1000	1107	64	35964311	1785345478.1533619180	results/experiments/toolchain-environment/20260729T171551Z-toolchain-formal01/boots/repetition-02/lower/python310/lib/python3.10/site-packages/setuptools/_vendor/wheel-0.45.1.dist-info/LICENSE.txt
f	644	1000	1000	11105	64	35967493	1785345511.6107398620	results/experiments/toolchain-environment/20260729T171551Z-toolchain-formal01/boots/repetition-02/lower/python310/lib/python3.10/site-packages/pip/_vendor/urllib3/__pycache__/exceptions.cpython-310.pyc
f	644	1000	1000	111130	64	35968641	1785345520.9611483810	results/experiments/toolchain-environment/20260729T171551Z-toolchain-formal01/boots/repetition-02/lower/python312/lib/python3.12/site-packages/pip/_vendor/typing_extensions.py
f	644	1000	1000	11128	64	35965739	1785345492.7706303250	results/experiments/toolchain-environment/20260729T171551Z-toolchain-formal01/boots/repetition-02/lower/python310/lib/python3.10/site-packages/pip/_vendor/colorama/ansitowin32.py
f	644	1000	1000	11128	64	35968125	1785345518.6371550040	results/experiments/toolchain-environment/20260729T171551Z-toolchain-formal01/boots/repetition-02/lower/python312/lib/python3.12/site-packages/pip/_vendor/colorama/ansitowin32.py
f	644	1000	1000	1113	64	35965163	1785345490.0735807900	results/experiments/toolchain-environment/20260729T171551Z-toolchain-formal01/boots/repetition-02/lower/python310/lib/python3.10/site-packages/setuptools/tests/__pycache__/test_glob.cpython-310.pyc
f	644	1000	1000	11139	64	35966517	1785345497.0909984550	results/experiments/toolchain-environment/20260729T171551Z-toolchain-formal01/boots/repetition-02/lower/python310/lib/python3.10/site-packages/pip/_internal/locations/__pycache__/__init__.cpython-310.pyc
f	644	1000	1000	11147	64	35966955	1785345503.7724782760	results/experiments/toolchain-environment/20260729T171551Z-toolchain-formal01/boots/repetition-02/lower/python310/lib/python3.10/site-packages/pip/_vendor/distlib/__pycache__/resources.cpython-310.pyc
f	644	1000	1000	1115	64	35965527	1785345491.8636136660	results/experiments/toolchain-environment/20260729T171551Z-toolchain-formal01/boots/repetition-02/lower/python310/lib/python3.10/site-packages/pip/_internal/utils/distutils_args.py
f	644	1000	1000	11155	64	35963345	1785345474.7519097140	results/experiments/toolchain-environment/20260729T171551Z-toolchain-formal01/boots/repetition-02/lower/python310/lib/python3.10/site-packages/setuptools/_distutils/extension.py
f	644	1000	1000	11162	64	35969481	1785345532.2701161120	results/experiments/toolchain-environment/20260729T171551Z-toolchain-formal01/boots/repetition-02/lower/python312/lib/python3.12/site-packages/pip/_vendor/pygments/__pycache__/sphinxext.cpython-312.pyc
f	644	1000	1000	11174	64	35965979	1785345493.7676486380	results/experiments/toolchain-environment/20260729T171551Z-toolchain-formal01/boots/repetition-02/lower/python310/lib/python3.10/site-packages/pip/_vendor/pygments/lexers/__init__.py
f	644	1000	1000	11207	64	35964373	1785345478.5901089320	results/experiments/toolchain-environment/20260729T171551Z-toolchain-formal01/boots/repetition-02/lower/python310/lib/python3.10/site-packages/setuptools/__pycache__/__init__.cpython-310.pyc
f	644	1000	1000	1121	64	35963741	1785345476.1805630490	results/experiments/toolchain-environment/20260729T171551Z-toolchain-formal01/boots/repetition-02/lower/python310/lib/python3.10/site-packages/setuptools/_vendor/typeguard/_exceptions.py
f	644	1000	1000	11217	64	35964745	1785345483.6174622340	results/experiments/toolchain-environment/20260729T171551Z-toolchain-formal01/boots/repetition-02/lower/python310/lib/python3.10/site-packages/setuptools/_vendor/jaraco/__pycache__/context.cpython-310.pyc
f	644	1000	1000	11219	64	35969075	1785345525.9970024650	results/experiments/toolchain-environment/20260729T171551Z-toolchain-formal01/boots/repetition-02/lower/python312/lib/python3.12/site-packages/pip/_internal/utils/__pycache__/unpacking.cpython-312.pyc
f	644	1000	1000	11222	64	35965091	1785345489.0735624240	results/experiments/toolchain-environment/20260729T171551Z-toolchain-formal01/boots/repetition-02/lower/python310/lib/python3.10/site-packages/setuptools/tests/config/__pycache__/test_pyprojecttoml.cpython-310.pyc
f	644	1000	1000	11233	64	35964529	1785345479.8803180900	results/experiments/toolchain-environment/20260729T171551Z-toolchain-formal01/boots/repetition-02/lower/python310/lib/python3.10/site-packages/setuptools/_distutils/compilers/C/__pycache__/unix.cpython-310.pyc
f	644	1000	1000	11255	64	35969915	1785345542.5165448550	results/experiments/toolchain-environment/20260729T171551Z-toolchain-formal01/boots/repetition-02/lower/python312/lib/python3.12/site-packages/pip/_vendor/urllib3/util/__pycache__/timeout.cpython-312.pyc
f	644	1000	1000	11260	64	35964527	1785345479.8464665100	results/experiments/toolchain-environment/20260729T171551Z-toolchain-formal01/boots/repetition-02/lower/python310/lib/python3.10/site-packages/setuptools/_distutils/compilers/C/tests/__pycache__/test_unix.cpython-310.pyc
f	644	1000	1000	11294	64	35968883	1785345523.5211820000	results/experiments/toolchain-environment/20260729T171551Z-toolchain-formal01/boots/repetition-02/lower/python312/lib/python3.12/site-packages/pip/_internal/metadata/importlib/__pycache__/_envs.cpython-312.pyc
f	644	1000	1000	1130	64	35964283	1785345478.0601491280	results/experiments/toolchain-environment/20260729T171551Z-toolchain-formal01/boots/repetition-02/lower/python310/lib/python3.10/site-packages/setuptools/_vendor/typeguard-4.3.0.dist-info/LICENSE
f	644	1000	1000	1130	64	35964501	1785345479.4779908100	results/experiments/toolchain-environment/20260729T171551Z-toolchain-formal01/boots/repetition-02/lower/python310/lib/python3.10/site-packages/setuptools/_distutils/compat/__pycache__/__init__.cpython-310.pyc
f	644	1000	1000	1130	64	35968637	1785345520.9431672710	results/experiments/toolchain-environment/20260729T171551Z-toolchain-formal01/boots/repetition-02/lower/python312/lib/python3.12/site-packages/pip/_vendor/truststore/_ssl_constants.py
f	644	1000	1000	11303	64	35966199	1785345494.6976657210	results/experiments/toolchain-environment/20260729T171551Z-toolchain-formal01/boots/repetition-02/lower/python310/lib/python3.10/site-packages/pip/_vendor/rich/prompt.py
f	644	1000	1000	11303	64	35968551	1785345520.5621139330	results/experiments/toolchain-environment/20260729T171551Z-toolchain-formal01/boots/repetition-02/lower/python312/lib/python3.12/site-packages/pip/_vendor/rich/prompt.py
f	644	1000	1000	11313	64	35968893	1785345523.6428641880	results/experiments/toolchain-environment/20260729T171551Z-toolchain-formal01/boots/repetition-02/lower/python312/lib/python3.12/site-packages/pip/_internal/models/__pycache__/direct_url.cpython-312.pyc
f	644	1000	1000	1132	64	35965301	1785345490.9785974110	results/experiments/toolchain-environment/20260729T171551Z-toolchain-formal01/boots/repetition-02/lower/python310/lib/python3.10/site-packages/pip/_internal/commands/help.py
f	644	1000	1000	1132	64	35965831	1785345493.2606393250	results/experiments/toolchain-environment/20260729T171551Z-toolchain-formal01/boots/repetition-02/lower/python310/lib/python3.10/site-packages/pip/_vendor/msgpack/__init__.py
f	644	1000	1000	1132	64	35967697	1785345517.0767287970	results/experiments/toolchain-environment/20260729T171551Z-toolchain-formal01/boots/repetition-02/lower/python312/lib/python3.12/site-packages/pip/_internal/commands/help.py
f	644	1000	1000	1132	64	35968205	1785345518.9432219040	results/experiments/toolchain-environment/20260729T171551Z-toolchain-formal01/boots/repetition-02/lower/python312/lib/python3.12/site-packages/pip/_vendor/msgpack/__init__.py
f	644	1000	1000	11323	64	35966489	1785345496.7130475810	results/experiments/toolchain-environment/20260729T171551Z-toolchain-formal01/boots/repetition-02/lower/python310/lib/python3.10/site-packages/pip/_internal/__pycache__/configuration.cpython-310.pyc
f	644	1000	1000	11343	64	35964625	1785345481.5136109140	results/experiments/toolchain-environment/20260729T171551Z-toolchain-formal01/boots/repetition-02/lower/python310/lib/python3.10/site-packages/setuptools/_distutils/tests/__pycache__/test_sdist.cpython-310.pyc
f	644	1000	1000	11358	64	35964137	1785345477.5673511610	results/experiments/toolchain-environment/20260729T171551Z-toolchain-formal01/boots/repetition-02/lower/python310/lib/python3.10/site-packages/setuptools/_vendor/importlib_metadata-8.0.0.dist-info/LICENSE
f	644	1000	1000	11372	64	35968647	1785345520.9781486940	results/experiments/toolchain-environment/20260729T171551Z-toolchain-formal01/boots/repetition-02/lower/python312/lib/python3.12/site-packages/pip/_vendor/urllib3/_collections.py
f	644	1000	1000	1139	64	35966563	1785345497.7387145960	results/experiments/toolchain-environment/20260729T171551Z-toolchain-formal01/boots/repetition-02/lower/python310/lib/python3.10/site-packages/pip/_internal/models/__pycache__/scheme.cpython-310.pyc
f	644	1000	1000	113909	64	35969655	1785345537.2934487580	results/experiments/toolchain-environment/20260729T171551Z-toolchain-formal01/boots/repetition-02/lower/python312/lib/python3.12/site-packages/pip/_vendor/rich/__pycache__/console.cpython-312.pyc
f	644	1000	1000	11410	64	35965411	1785345509.9692830030	results/experiments/toolchain-environment/20260729T171551Z-toolchain-formal01/boots/repetition-02/lower/python310/lib/python3.10/site-packages/pip/_vendor/rich/__pycache__/prompt.cpython-310.pyc
f	644	1000	1000	11420	64	35967533	1785345512.1615156450	results/experiments/toolchain-environment/20260729T171551Z-toolchain-formal01/boots/repetition-02/lower/python310/lib/python3.10/site-packages/pip/_vendor/urllib3/util/__pycache__/ssl_.cpython-310.pyc
f	644	1000	1000	11429	64	35964257	1785345477.9760354510	results/experiments/toolchain-environment/20260729T171551Z-toolchain-formal01/boots/repetition-02/lower/python310/lib/python3.10/site-packages/setuptools/_vendor/platformdirs-4.2.2.dist-info/METADATA
f	644	1000	1000	11488	64	35965845	1785345493.3106402440	results/experiments/toolchain-environment/20260729T171551Z-toolchain-formal01/boots/repetition-02/lower/python310/lib/python3.10/site-packages/pip/_vendor/packaging/_manylinux.py
f	644	1000	1000	11488	64	35968219	1785345518.9911557810	results/experiments/toolchain-environment/20260729T171551Z-toolchain-formal01/boots/repetition-02/lower/python312/lib/python3.12/site-packages/pip/_vendor/packaging/_manylinux.py
f	644	1000	1000	11500	64	35967161	1785345507.0730901250	results/experiments/toolchain-environment/20260729T171551Z-toolchain-formal01/boots/repetition-02/lower/python310/lib/python3.10/site-packages/pip/_vendor/pyproject_hooks/__pycache__/_impl.cpython-310.pyc
f	644	1000	1000	1153	64	35964677	1785345482.4874414860	results/experiments/toolchain-environment/20260729T171551Z-toolchain-formal01/boots/repetition-02/lower/python310/lib/python3.10/site-packages/setuptools/_vendor/autocommand/__pycache__/autocommand.cpython-310.pyc
f	644	1000	1000	11533	64	35965507	1785345491.7882728640	results/experiments/toolchain-environment/20260729T171551Z-toolchain-formal01/boots/repetition-02/lower/python310/lib/python3.10/site-packages/pip/_internal/resolution/resolvelib/resolver.py
f	644	1000	1000	11543	64	35969011	1785345525.2247815300	results/experiments/toolchain-environment/20260729T171551Z-toolchain-formal01/boots/repetition-02/lower/python312/lib/python3.12/site-packages/pip/_internal/resolution/resolvelib/__pycache__/requirements.cpython-312.pyc
f	644	1000	1000	1155	64	35966347	1785345495.3246354450	results/experiments/toolchain-environment/20260729T171551Z-toolchain-formal01/boots/repetition-02/lower/python310/lib/python3.10/site-packages/pip/_vendor/urllib3/util/__init__.py
f	644	1000	1000	1155	64	35968707	1785345521.2465057510	results/experiments/toolchain-environment/20260729T171551Z-toolchain-formal01/boots/repetition-02/lower/python312/lib/python3.12/site-packages/pip/_vendor/urllib3/util/__init__.py
f	644	1000	1000	11555	64	35969767	1785345539.0802479850	results/experiments/toolchain-environment/20260729T171551Z-toolchain-formal01/boots/repetition-02/lower/python312/lib/python3.12/site-packages/pip/_vendor/rich/__pycache__/tree.cpython-312.pyc
f	644	1000	1000	115811	64	35964349	1785345478.3303651670	results/experiments/toolchain-environment/20260729T171551Z-toolchain-formal01/boots/repetition-02/lower/python310/lib/python3.10/site-packages/pkg_resources/__pycache__/__init__.cpython-310.pyc
f	644	1000	1000	1159	64	35966649	1785345499.1126095800	results/experiments/toolchain-environment/20260729T171551Z-toolchain-formal01/boots/repetition-02/lower/python310/lib/python3.10/site-packages/pip/_internal/resolution/__pycache__/base.cpython-310.pyc
f	644	1000	1000	116	64	35965279	1785345490.8815956300	results/experiments/toolchain-environment/20260729T171551Z-toolchain-formal01/boots/repetition-02/lower/python310/lib/python3.10/site-packages/pip/_internal/cli/status_codes.py
f	644	1000	1000	116	64	35967675	1785345516.9955840150	results/experiments/toolchain-environment/20260729T171551Z-toolchain-formal01/boots/repetition-02/lower/python312/lib/python3.12/site-packages/pip/_internal/cli/status_codes.py
f	644	1000	1000	11603	64	35967937	1785345517.9402615080	results/experiments/toolchain-environment/20260729T171551Z-toolchain-formal01/boots/repetition-02/lower/python312/lib/python3.12/site-packages/pip/_internal/utils/logging.py
f	644	1000	1000	11611	64	35966957	1785345503.8061357710	results/experiments/toolchain-environment/20260729T171551Z-toolchain-formal01/boots/repetition-02/lower/python310/lib/python3.10/site-packages/pip/_vendor/distlib/__pycache__/scripts.cpython-310.pyc
f	644	1000	1000	1162	64	35965219	1785345490.6005904680	results/experiments/toolchain-environment/20260729T171551Z-toolchain-formal01/boots/repetition-02/lower/python310/lib/python3.10/site-packages/setuptools/__pycache__/windows_support.cpython-310.pyc
f	644	1000	1000	11632	64	35965545	1785345491.9416150980	results/experiments/toolchain-environment/20260729T171551Z-toolchain-formal01/boots/repetition-02/lower/python310/lib/python3.10/site-packages/pip/_internal/utils/logging.py
f	644	1000	1000	1164	64	35965329	1785345491.1045997250	results/experiments/toolchain-environment/20260729T171551Z-toolchain-formal01/boots/repetition-02/lower/python310/lib/python3.10/site-packages/pip/_internal/distributions/wheel.py
f	644	1000	1000	11642	64	35963543	1785345475.4679755890	results/experiments/toolchain-environment/20260729T171551Z-toolchain-formal01/boots/repetition-02/lower/python310/lib/python3.10/site-packages/setuptools/_vendor/autocommand/autoparse.py
f	644	1000	1000	1166	64	35964877	1785345485.9175500990	results/experiments/toolchain-environment/20260729T171551Z-toolchain-formal01/boots/repetition-02/lower/python310/lib/python3.10/site-packages/setuptools/_vendor/wheel/__pycache__/_setuptools_logging.cpython-310.pyc
f	644	1000	1000	1167	64	35966697	1785345499.8312362430	results/experiments/toolchain-environment/20260729T171551Z-toolchain-formal01/boots/repetition-02/lower/python310/lib/python3.10/site-packages/pip/_internal/utils/__pycache__/distutils_args.cpython-310.pyc
f	644	1000	1000	1168	64	35969559	1785345534.6136904160	results/experiments/toolchain-environment/20260729T171551Z-toolchain-formal01/boots/repetition-02/lower/python312/lib/python3.12/site-packages/pip/_vendor/requests/__pycache__/hooks.cpython-312.pyc
f	644	1000	1000	11680	64	35969847	1785345541.5005261600	results/experiments/toolchain-environment/20260729T171551Z-toolchain-formal01/boots/repetition-02/lower/python312/lib/python3.12/site-packages/pip/_vendor/urllib3/contrib/__pycache__/appengine.cpython-312.pyc
f	644	1000	1000	1169	64	35964723	1785345483.2780365480	results/experiments/toolchain-environment/20260729T171551Z-toolchain-formal01/boots/repetition-02/lower/python310/lib/python3.10/site-packages/setuptools/_vendor/importlib_metadata/compat/__pycache__/py311.cpython-310.pyc
f	644	1000	1000	1169	64	35965531	1785345491.8814059880	results/experiments/toolchain-environment/20260729T171551Z-toolchain-formal01/boots/repetition-02/lower/python310/lib/python3.10/site-packages/pip/_internal/utils/encoding.py
f	644	1000	1000	1169	64	35967925	1785345517.8950403560	results/experiments/toolchain-environment/20260729T171551Z-toolchain-formal01/boots/repetition-02/lower/python312/lib/python3.12/site-packages/pip/_internal/utils/encoding.py
f	644	1000	1000	11712	64	35966923	1785345503.2389755760	results/experiments/toolchain-environment/20260729T171551Z-toolchain-formal01/boots/repetition-02/lower/python310/lib/python3.10/site-packages/pip/_vendor/colorama/tests/__pycache__/ansitowin32_test.cpython-310.pyc
f	644	1000	1000	11729	64	35965577	1785345492.0976179640	results/experiments/toolchain-environment/20260729T171551Z-toolchain-formal01/boots/repetition-02/lower/python310/lib/python3.10/site-packages/pip/_internal/vcs/subversion.py
f	644	1000	1000	11729	64	35967969	1785345518.0575191720	results/experiments/toolchain-environment/20260729T171551Z-toolchain-formal01/boots/repetition-02/lower/python312/lib/python3.12/site-packages/pip/_internal/vcs/subversion.py
f	644	1000	1000	1173	64	35966939	1785345503.4974621580	results/experiments/toolchain-environment/20260729T171551Z-toolchain-formal01/boots/repetition-02/lower/python310/lib/python3.10/site-packages/pip/_vendor/distlib/__pycache__/__init__.cpython-310.pyc
f	644	1000	1000	11735	64	35967333	1785345509.5659389080	results/experiments/toolchain-environment/20260729T171551Z-toolchain-formal01/boots/repetition-02/lower/python310/lib/python3.10/site-packages/pip/_vendor/rich/__pycache__/live.cpython-310.pyc
f	644	1000	1000	1174	64	35965121	1785345489.4705697150	results/experiments/toolchain-environment/20260729T171551Z-toolchain-formal01/boots/repetition-02/lower/python310/lib/python3.10/site-packages/setuptools/tests/__pycache__/test_bdist_deprecations.cpython-310.pyc
f	644	1000	1000	1175	64	35967525	1785345512.0351175480	results/experiments/toolchain-environment/20260729T171551Z-toolchain-formal01/boots/repetition-02/lower/python310/lib/python3.10/site-packages/pip/_vendor/urllib3/util/__pycache__/queue.cpython-310.pyc
f	644	1000	1000	11753	64	35965975	1785345493.7576484540	results/experiments/toolchain-environment/20260729T171551Z-toolchain-formal01/boots/repetition-02/lower/python310/lib/python3.10/site-packages/pip/_vendor/pygments/formatters/terminal256.py
f	644	1000	1000	11753	64	35968305	1785345519.3332167990	results/experiments/toolchain-environment/20260729T171551Z-toolchain-formal01/boots/repetition-02/lower/python312/lib/python3.12/site-packages/pip/_vendor/pygments/formatters/terminal256.py
f	644	1000	1000	1176	64	35965873	1785345493.4156421720	results/experiments/toolchain-environment/20260729T171551Z-toolchain-formal01/boots/repetition-02/lower/python310/lib/python3.10/site-packages/pip/_vendor/platformdirs/__main__.py
f	644	1000	1000	11776	64	35963253	1785345474.4722943480	results/experiments/toolchain-environment/20260729T171551Z-toolchain-formal01/boots/repetition-02/lower/python310/lib/python3.10/site-packages/setuptools/cli-32.exe
f	644	1000	1000	11776	64	35963259	1785345474.4923203190	results/experiments/toolchain-environment/20260729T171551Z-toolchain-formal01/boots/repetition-02/lower/python310/lib/python3.10/site-packages/setuptools/cli.exe
f	644	1000	1000	11776	64	35963273	1785345474.5352253310	results/experiments/toolchain-environment/20260729T171551Z-toolchain-formal01/boots/repetition-02/lower/python310/lib/python3.10/site-packages/setuptools/gui-32.exe
f	644	1000	1000	11776	64	35963279	1785345474.5522652900	results/experiments/toolchain-environment/20260729T171551Z-toolchain-formal01/boots/repetition-02/lower/python310/lib/python3.10/site-packages/setuptools/gui.exe
f	644	1000	1000	11777	64	35968923	1785345524.0252047210	results/experiments/toolchain-environment/20260729T171551Z-toolchain-formal01/boots/repetition-02/lower/python312/lib/python3.12/site-packages/pip/_internal/network/__pycache__/lazy_wheel.cpython-312.pyc
f	644	1000	1000	11787	64	35963455	1785345475.1433066650	results/experiments/toolchain-environment/20260729T171551Z-toolchain-formal01/boots/repetition-02/lower/python310/lib/python3.10/site-packages/setuptools/_distutils/tests/test_archive_util.py
f	644	1000	1000	11801	64	35967973	1785345518.0725606750	results/experiments/toolchain-environment/20260729T171551Z-toolchain-formal01/boots/repetition-02/lower/python312/lib/python3.12/site-packages/pip/_internal/wheel_builder.py
f	644	1000	1000	11813	64	35963933	1785345476.9173392280	results/experiments/toolchain-environment/20260729T171551Z-toolchain-formal01/boots/repetition-02/lower/python310/lib/python3.10/site-packages/setuptools/config/_validate_pyproject/error_reporting.py
f	644	1000	1000	11844	64	35963427	1785345475.0351486500	results/experiments/toolchain-environment/20260729T171551Z-toolchain-formal01/boots/repetition-02/lower/python310/lib/python3.10/site-packages/setuptools/_distutils/compilers/C/cygwin.py
f	644	1000	1000	11863	64	35969293	1785345528.5968247220	results/experiments/toolchain-environment/20260729T171551Z-toolchain-formal01/boots/repetition-02/lower/python312/lib/python3.12/site-packages/pip/_vendor/colorama/tests/__pycache__/initialise_test.cpython-312.pyc
f	644	1000	1000	119	64	35963635	1785345475.7691180510	results/experiments/toolchain-environment/20260729T171551Z-toolchain-formal01/boots/repetition-02/lower/python310/lib/python3.10/site-packages/setuptools/_vendor/jaraco/text/to-dvorak.py
f	644	1000	1000	119	64	35963637	1785345475.7785303660	results/experiments/toolchain-environment/20260729T171551Z-toolchain-formal01/boots/repetition-02/lower/python310/lib/python3.10/site-packages/setuptools/_vendor/jaraco/text/to-qwerty.py
f	644	1000	1000	11903	64	35966179	1785345494.6046640130	results/experiments/toolchain-environment/20260729T171551Z-toolchain-formal01/boots/repetition-02/lower/python310/lib/python3.10/site-packages/pip/_vendor/rich/logging.py
f	644	1000	1000	11903	64	35968531	1785345520.4555778500	results/experiments/toolchain-environment/20260729T171551Z-toolchain-formal01/boots/repetition-02/lower/python312/lib/python3.12/site-packages/pip/_vendor/rich/logging.py
f	644	1000	1000	11920	64	35966021	1785345493.9336542620	results/experiments/toolchain-environment/20260729T171551Z-toolchain-formal01/boots/repetition-02/lower/python310/lib/python3.10/site-packages/pip/_vendor/pyproject_hooks/_impl.py
f	644	1000	1000	11920	64	35968371	1785345519.6104128920	results/experiments/toolchain-environment/20260729T171551Z-toolchain-formal01/boots/repetition-02/lower/python312/lib/python3.12/site-packages/pip/_vendor/pyproject_hooks/_impl.py
f	644	1000	1000	1193	64	35965549	1785345491.9606154470	results/experiments/toolchain-environment/20260729T171551Z-toolchain-formal01/boots/repetition-02/lower/python310/lib/python3.10/site-packages/pip/_internal/utils/models.py
f	644	1000	1000	1193	64	35967941	1785345517.9560964060	results/experiments/toolchain-environment/20260729T171551Z-toolchain-formal01/boots/repetition-02/lower/python312/lib/python3.12/site-packages/pip/_internal/utils/models.py
f	644	1000	1000	1196	64	35969531	1785345533.7663838760	results/experiments/toolchain-environment/20260729T171551Z-toolchain-formal01/boots/repetition-02/lower/python312/lib/python3.12/site-packages/pip/_vendor/pyproject_hooks/_in_process/__pycache__/__init__.cpython-312.pyc
f	644	1000	1000	11974	64	35969645	1785345536.9845381960	results/experiments/toolchain-environment/20260729T171551Z-toolchain-formal01/boots/repetition-02/lower/python312/lib/python3.12/site-packages/pip/_vendor/rich/__pycache__/box.cpython-312.pyc
f	644	1000	1000	11978	64	35963229	1785345474.4041064940	results/experiments/toolchain-environment/20260729T171551Z-toolchain-formal01/boots/repetition-02/lower/python310/lib/python3.10/site-packages/setuptools/_core_metadata.py
f	644	1000	1000	1198	64	35965229	1785345490.6755918460	results/experiments/toolchain-environment/20260729T171551Z-toolchain-formal01/boots/repetition-02/lower/python310/lib/python3.10/site-packages/pip/__main__.py
f	644	1000	1000	11986	64	35963511	1785345475.3633429500	results/experiments/toolchain-environment/20260729T171551Z-toolchain-formal01/boots/repetition-02/lower/python310/lib/python3.10/site-packages/setuptools/_distutils/tests/test_sysconfig.py
f	644	1000	1000	12	64	35964115	1785345477.4983066200	results/experiments/toolchain-environment/20260729T171551Z-toolchain-formal01/boots/repetition-02/lower/python310/lib/python3.10/site-packages/setuptools/_vendor/autocommand-2.2.2.dist-info/top_level.txt
f	644	1000	1000	1200	64	35963353	1785345474.7789496950	results/experiments/toolchain-environment/20260729T171551Z-toolchain-formal01/boots/repetition-02/lower/python310/lib/python3.10/site-packages/setuptools/_distutils/log.py
f	644	1000	1000	12095	64	35966577	1785345497.9209226620	results/experiments/toolchain-environment/20260729T171551Z-toolchain-formal01/boots/repetition-02/lower/python310/lib/python3.10/site-packages/pip/_internal/network/__pycache__/auth.cpython-310.pyc
f	644	1000	1000	12101	64	35963359	1785345474.7993003510	results/experiments/toolchain-environment/20260729T171551Z-toolchain-formal01/boots/repetition-02/lower/python310/lib/python3.10/site-packages/setuptools/_distutils/text_file.py
f	644	1000	1000	12117	64	35969923	1785345542.6365470630	results/experiments/toolchain-environment/20260729T171551Z-toolchain-formal01/boots/repetition-02/lower/python312/lib/python3.12/site-packages/pip/_vendor/webencodings/__pycache__/__init__.cpython-312.pyc
f	644	1000	1000	12130	64	35968311	1785345519.3595285850	results/experiments/toolchain-environment/20260729T171551Z-toolchain-formal01/boots/repetition-02/lower/python312/lib/python3.12/site-packages/pip/_vendor/pygments/lexers/__init__.py
f	644	1000	1000	1215	64	35969815	1785345539.7710917210	results/experiments/toolchain-environment/20260729T171551Z-toolchain-formal01/boots/repetition-02/lower/python312/lib/python3.12/site-packages/pip/_vendor/truststore/__pycache__/_ssl_constants.cpython-312.pyc
f	644	1000	1000	12159	64	35965021	1785345488.1635457120	results/experiments/toolchain-environment/20260729T171551Z-toolchain-formal01/boots/repetition-02/lower/python310/lib/python3.10/site-packages/setuptools/config/_validate_pyproject/__pycache__/error_reporting.cpython-310.pyc
f	644	1000	1000	12173	64	35966829	1785345501.7952945130	results/experiments/toolchain-environment/20260729T171551Z-toolchain-formal01/boots/repetition-02/lower/python310/lib/python3.10/site-packages/pip/_vendor/chardet/__pycache__/euckrfreq.cpython-310.pyc
f	644	1000	1000	12173	64	35969073	1785345525.9695533310	results/experiments/toolchain-environment/20260729T171551Z-toolchain-formal01/boots/repetition-02/lower/python312/lib/python3.12/site-packages/pip/_internal/utils/__pycache__/temp_dir.cpython-312.pyc
f	644	1000	1000	12176	64	35965655	1785345492.4356241720	results/experiments/toolchain-environment/20260729T171551Z-toolchain-formal01/boots/repetition-02/lower/python310/lib/python3.10/site-packages/pip/_vendor/chardet/escsm.py
f	644	1000	1000	12176	64	35968047	1785345518.3235074070	results/experiments/toolchain-environment/20260729T171551Z-toolchain-formal01/boots/repetition-02/lower/python312/lib/python3.12/site-packages/pip/_vendor/chardet/escsm.py
f	644	1000	1000	12191	64	35969375	1785345529.8513118640	results/experiments/toolchain-environment/20260729T171551Z-toolchain-formal01/boots/repetition-02/lower/python312/lib/python3.12/site-packages/pip/_vendor/packaging/__pycache__/_manylinux.cpython-312.pyc
f	644	1000	1000	12193	64	35969609	1785345535.7960335240	results/experiments/toolchain-environment/20260729T171551Z-toolchain-formal01/boots/repetition-02/lower/python312/lib/python3.12/site-packages/pip/_vendor/rich/__pycache__/_inspect.cpython-312.pyc
f	644	1000	1000	12197	64	35969185	1785345527.2742644690	results/experiments/toolchain-environment/20260729T171551Z-toolchain-formal01/boots/repetition-02/lower/python312/lib/python3.12/site-packages/pip/_vendor/chardet/__pycache__/euckrfreq.cpython-312.pyc
f	644	1000	1000	1220	64	35967419	1785345510.7905967880	results/experiments/toolchain-environment/20260729T171551Z-toolchain-formal01/boots/repetition-02/lower/python310/lib/python3.10/site-packages/pip/_vendor/tenacity/__pycache__/before.cpython-310.pyc
f	644	1000	1000	1220	64	35967519	1785345511.9422361510	results/experiments/toolchain-environment/20260729T171551Z-toolchain-formal01/boots/repetition-02/lower/python310/lib/python3.10/site-packages/pip/_vendor/urllib3/util/__pycache__/__init__.cpython-310.pyc
f	644	1000	1000	12208	64	35967149	1785345506.8580352870	results/experiments/toolchain-environment/20260729T171551Z-toolchain-formal01/boots/repetition-02/lower/python310/lib/python3.10/site-packages/pip/_vendor/pyparsing/__pycache__/testing.cpython-310.pyc
f	644	1000	1000	1221	64	35965323	1785345491.0746338550	results/experiments/toolchain-environment/20260729T171551Z-toolchain-formal01/boots/repetition-02/lower/python310/lib/python3.10/site-packages/pip/_internal/distributions/base.py
f	644	1000	1000	12213	64	35969709	1785345538.3194676340	results/experiments/toolchain-environment/20260729T171551Z-toolchain-formal01/boots/repetition-02/lower/python312/lib/python3.12/site-packages/pip/_vendor/rich/__pycache__/panel.cpython-312.pyc
f	644	1000	1000	122164	64	35969819	1785345539.8508046550	results/experiments/toolchain-environment/20260729T171551Z-toolchain-formal01/boots/repetition-02/lower/python312/lib/python3.12/site-packages/pip/_vendor/__pycache__/typing_extensions.cpython-312.pyc
f	644	1000	1000	123	64	35964037	1785345477.2775366760	results/experiments/toolchain-environment/20260729T171551Z-toolchain-formal01/boots/repetition-02/lower/python310/lib/python3.10/site-packages/setuptools/tests/text.py
f	644	1000	1000	12301	64	35967019	1785345504.7867094960	results/experiments/toolchain-environment/20260729T171551Z-toolchain-formal01/boots/repetition-02/lower/python310/lib/python3.10/site-packages/pip/_vendor/packaging/__pycache__/tags.cpython-310.pyc
f	644	1000	1000	12313	64	35964553	1785345480.2165969950	results/experiments/toolchain-environment/20260729T171551Z-toolchain-formal01/boots/repetition-02/lower/python310/lib/python3.10/site-packages/setuptools/_distutils/__pycache__/filelist.cpython-310.pyc
f	644	1000	1000	12343	64	35965309	1785345491.0185981460	results/experiments/toolchain-environment/20260729T171551Z-toolchain-formal01/boots/repetition-02/lower/python310/lib/python3.10/site-packages/pip/_internal/commands/list.py
f	644	1000	1000	1236	64	35966105	1785345494.2396573080	results/experiments/toolchain-environment/20260729T171551Z-toolchain-formal01/boots/repetition-02/lower/python310/lib/python3.10/site-packages/pip/_vendor/rich/_loop.py
f	644	1000	1000	1236	64	35968457	1785345520.0304615530	results/experiments/toolchain-environment/20260729T171551Z-toolchain-formal01/boots/repetition-02/lower/python312/lib/python3.12/site-packages/pip/_vendor/rich/_loop.py
f	644	1000	1000	12382	64	35967263	1785345508.5950901840	results/experiments/toolchain-environment/20260729T171551Z-toolchain-formal01/boots/repetition-02/lower/python310/lib/python3.10/site-packages/pip/_vendor/rich/__pycache__/_spinners.cpython-310.pyc
f	644	1000	1000	12384	64	35969257	1785345528.2729089790	results/experiments/toolchain-environment/20260729T171551Z-toolchain-formal01/boots/repetition-02/lower/python312/lib/python3.12/site-packages/pip/_vendor/chardet/__pycache__/universaldetector.cpython-312.pyc
f	644	1000	1000	124	64	35966393	1785345495.5236808940	results/experiments/toolchain-environment/20260729T171551Z-toolchain-formal01/boots/repetition-02/lower/python310/lib/python3.10/site-packages/pip-23.0.1.dist-info/entry_points.txt
f	644	1000	1000	1240	64	35963475	1785345475.2209213840	results/experiments/toolchain-environment/20260729T171551Z-toolchain-formal01/boots/repetition-02/lower/python310/lib/python3.10/site-packages/setuptools/_distutils/tests/test_clean.py
f	644	1000	1000	12406	64	35964057	1785345477.3373469380	results/experiments/toolchain-environment/20260729T171551Z-toolchain-formal01/boots/repetition-02/lower/python310/lib/python3.10/site-packages/setuptools/tests/config/test_pyprojecttoml.py
f	644	1000	1000	12438	64	35969639	1785345536.8444404980	results/experiments/toolchain-environment/20260729T171551Z-toolchain-formal01/boots/repetition-02/lower/python312/lib/python3.12/site-packages/pip/_vendor/rich/__pycache__/align.cpython-312.pyc
f	644	1000	1000	12465	64	35969013	1785345525.2562659700	results/experiments/toolchain-environment/20260729T171551Z-toolchain-formal01/boots/repetition-02/lower/python312/lib/python3.12/site-packages/pip/_internal/resolution/resolvelib/__pycache__/resolver.cpython-312.pyc
f	644	1000	1000	12484	64	35966635	1785345498.8804154160	results/experiments/toolchain-environment/20260729T171551Z-toolchain-formal01/boots/repetition-02/lower/python310/lib/python3.10/site-packages/pip/_internal/req/__pycache__/constructors.cpython-310.pyc
f	644	1000	1000	125	64	35967631	1785345516.8591750900	results/experiments/toolchain-environment/20260729T171551Z-toolchain-formal01/boots/repetition-02/lower/python312/lib/python3.12/site-packages/pip-24.0.dist-info/entry_points.txt
f	644	1000	1000	1250	64	35964891	1785345486.1371706550	results/experiments/toolchain-environment/20260729T171551Z-toolchain-formal01/boots/repetition-02/lower/python310/lib/python3.10/site-packages/setuptools/_vendor/wheel/cli/__pycache__/unpack.cpython-310.pyc
f	644	1000	1000	1251	64	35964757	1785345483.8474664570	results/experiments/toolchain-environment/20260729T171551Z-toolchain-formal01/boots/repetition-02/lower/python310/lib/python3.10/site-packages/setuptools/_vendor/jaraco/text/__pycache__/show-newlines.cpython-310.pyc
f	644	1000	1000	12529	64	35966585	1785345498.0584711850	results/experiments/toolchain-environment/20260729T171551Z-toolchain-formal01/boots/repetition-02/lower/python310/lib/python3.10/site-packages/pip/_internal/network/__pycache__/session.cpython-310.pyc
f	644	1000	1000	12529	64	35969793	1785345539.4594886080	results/experiments/toolchain-environment/20260729T171551Z-toolchain-formal01/boots/repetition-02/lower/python312/lib/python3.12/site-packages/pip/_vendor/tenacity/__pycache__/wait.cpython-312.pyc
f	644	1000	1000	12544	64	35964419	1785345478.9607153690	results/experiments/toolchain-environment/20260729T171551Z-toolchain-formal01/boots/repetition-02/lower/python310/lib/python3.10/site-packages/setuptools/_distutils/command/__pycache__/bdist_rpm.cpython-310.pyc
f	644	1000	1000	12547	64	35967705	1785345517.1087185540	results/experiments/toolchain-environment/20260729T171551Z-toolchain-formal01/boots/repetition-02/lower/python312/lib/python3.12/site-packages/pip/_internal/commands/list.py
f	644	1000	1000	12556	64	35969409	1785345530.3966806020	results/experiments/toolchain-environment/20260729T171551Z-toolchain-formal01/boots/repetition-02/lower/python312/lib/python3.12/site-packages/pip/_vendor/platformdirs/__pycache__/unix.cpython-312.pyc
f	644	1000	1000	1258	64	35966221	1785345494.8206679800	results/experiments/toolchain-environment/20260729T171551Z-toolchain-formal01/boots/repetition-02/lower/python310/lib/python3.10/site-packages/pip/_vendor/rich/styled.py
f	644	1000	1000	1258	64	35968573	1785345520.6913039980	results/experiments/toolchain-environment/20260729T171551Z-toolchain-formal01/boots/repetition-02/lower/python312/lib/python3.12/site-packages/pip/_vendor/rich/styled.py
f	644	1000	1000	1259	64	35964231	1785345477.8834971060	results/experiments/toolchain-environment/20260729T171551Z-toolchain-formal01/boots/repetition-02/lower/python310/lib/python3.10/site-packages/setuptools/_vendor/more_itertools-10.3.0.dist-info/RECORD
f	644	1000	1000	12592	64	35967899	1785345517.8046790350	results/experiments/toolchain-environment/20260729T171551Z-toolchain-formal01/boots/repetition-02/lower/python312/lib/python3.12/site-packages/pip/_internal/resolution/resolvelib/resolver.py
f	644	1000	1000	12595	64	35963173	1785345474.2282898700	results/experiments/toolchain-environment/20260729T171551Z-toolchain-formal01/boots/repetition-02/lower/python310/lib/python3.10/site-packages/pkg_resources/api_tests.txt
f	644	1000	1000	12598	64	35969093	1785345526.2243251960	results/experiments/toolchain-environment/20260729T171551Z-toolchain-formal01/boots/repetition-02/lower/python312/lib/python3.12/site-packages/pip/_internal/vcs/__pycache__/subversion.cpython-312.pyc
f	644	1000	1000	1261	64	35963285	1785345474.5682961110	results/experiments/toolchain-environment/20260729T171551Z-toolchain-formal01/boots/repetition-02/lower/python310/lib/python3.10/site-packages/setuptools/logging.py
f	644	1000	1000	12619	64	35963365	1785345474.8193007180	results/experiments/toolchain-environment/20260729T171551Z-toolchain-formal01/boots/repetition-02/lower/python310/lib/python3.10/site-packages/setuptools/_distutils/version.py
f	644	1000	1000	1262	64	35969885	1785345542.0995088860	results/experiments/toolchain-environment/20260729T171551Z-toolchain-formal01/boots/repetition-02/lower/python312/lib/python3.12/site-packages/pip/_vendor/urllib3/util/__pycache__/__init__.cpython-312.pyc
f	644	1000	1000	126203	64	35963171	1785345474.2212897410	results/experiments/toolchain-environment/20260729T171551Z-toolchain-formal01/boots/repetition-02/lower/python310/lib/python3.10/site-packages/pkg_resources/__init__.py
f	644	1000	1000	12634	64	35963785	1785345476.3545457130	results/experiments/toolchain-environment/20260729T171551Z-toolchain-formal01/boots/repetition-02/lower/python310/lib/python3.10/site-packages/setuptools/_vendor/wheel/cli/convert.py
f	644	1000	1000	12655	64	35966743	1785345500.5031873820	results/experiments/toolchain-environment/20260729T171551Z-toolchain-formal01/boots/repetition-02/lower/python310/lib/python3.10/site-packages/pip/_internal/vcs/__pycache__/git.cpython-310.pyc
f	644	1000	1000	1267	64	35966801	1785345501.3680965510	results/experiments/toolchain-environment/20260729T171551Z-toolchain-formal01/boots/repetition-02/lower/python310/lib/python3.10/site-packages/pip/_vendor/chardet/__pycache__/big5prober.cpython-310.pyc
f	644	1000	1000	12718	64	35968853	1785345523.1431968690	results/experiments/toolchain-environment/20260729T171551Z-toolchain-formal01/boots/repetition-02/lower/python312/lib/python3.12/site-packages/pip/_internal/index/__pycache__/sources.cpython-312.pyc
f	644	1000	1000	1272	64	35963405	1785345474.9645266530	results/experiments/toolchain-environment/20260729T171551Z-toolchain-formal01/boots/repetition-02/lower/python310/lib/python3.10/site-packages/setuptools/_distutils/command/install_headers.py
f	644	1000	1000	12724	64	35963397	1785345474.9332548120	results/experiments/toolchain-environment/20260729T171551Z-toolchain-formal01/boots/repetition-02/lower/python310/lib/python3.10/site-packages/setuptools/_distutils/command/config.py
f	644	1000	1000	1274	64	35966819	1785345501.6394174400	results/experiments/toolchain-environment/20260729T171551Z-toolchain-formal01/boots/repetition-02/lower/python310/lib/python3.10/site-packages/pip/_vendor/chardet/__pycache__/cp949prober.cpython-310.pyc
f	644	1000	1000	1274	64	35966847	1785345502.1133974960	results/experiments/toolchain-environment/20260729T171551Z-toolchain-formal01/boots/repetition-02/lower/python310/lib/python3.10/site-packages/pip/_vendor/chardet/__pycache__/johabprober.cpython-310.pyc
f	644	1000	1000	1275	64	35966831	1785345501.8237725310	results/experiments/toolchain-environment/20260729T171551Z-toolchain-formal01/boots/repetition-02/lower/python310/lib/python3.10/site-packages/pip/_vendor/chardet/__pycache__/euckrprober.cpython-310.pyc
f	644	1000	1000	1275	64	35966835	1785345501.8944037530	results/experiments/toolchain-environment/20260729T171551Z-toolchain-formal01/boots/repetition-02/lower/python310/lib/python3.10/site-packages/pip/_vendor/chardet/__pycache__/euctwprober.cpython-310.pyc
f	644	1000	1000	1275	64	35969045	1785345525.6800409550	results/experiments/toolchain-environment/20260729T171551Z-toolchain-formal01/boots/repetition-02/lower/python312/lib/python3.12/site-packages/pip/_internal/utils/__pycache__/filetypes.cpython-312.pyc
f	644	1000	1000	1277	64	35967727	1785345517.1871617210	results/experiments/toolchain-environment/20260729T171551Z-toolchain-formal01/boots/repetition-02/lower/python312/lib/python3.12/site-packages/pip/_internal/distributions/wheel.py
f	644	1000	1000	12779	64	35968763	1785345521.6184984360	results/experiments/toolchain-environment/20260729T171551Z-toolchain-formal01/boots/repetition-02/lower/python312/lib/python3.12/site-packages/pip/_internal/__pycache__/cache.cpython-312.pyc
f	644	1000	1000	128035	64	35965689	1785345492.5916270370	results/experiments/toolchain-environment/20260729T171551Z-toolchain-formal01/boots/repetition-02/lower/python310/lib/python3.10/site-packages/pip/_vendor/chardet/langrussianmodel.py
f	644	1000	1000	128035	64	35968081	1785345518.4732791160	results/experiments/toolchain-environment/20260729T171551Z-toolchain-formal01/boots/repetition-02/lower/python312/lib/python3.12/site-packages/pip/_vendor/chardet/langrussianmodel.py
f	644	1000	1000	12813	64	35968193	1785345518.8904478540	results/experiments/toolchain-environment/20260729T171551Z-toolchain-formal01/boots/repetition-02/lower/python312/lib/python3.12/site-packages/pip/_vendor/idna/core.py
f	644	1000	1000	1282	64	35967847	1785345517.6126408390	results/experiments/toolchain-environment/20260729T171551Z-toolchain-formal01/boots/repetition-02/lower/python312/lib/python3.12/site-packages/pip/_internal/operations/install/editable_legacy.py
f	644	1000	1000	1283	64	35966839	1785345501.9639317660	results/experiments/toolchain-environment/20260729T171551Z-toolchain-formal01/boots/repetition-02/lower/python310/lib/python3.10/site-packages/pip/_vendor/chardet/__pycache__/gb2312prober.cpython-310.pyc
f	644	1000	1000	1283	64	35968903	1785345523.7777814880	results/experiments/toolchain-environment/20260729T171551Z-toolchain-formal01/boots/repetition-02/lower/python312/lib/python3.12/site-packages/pip/_internal/models/__pycache__/scheme.cpython-312.pyc
f	644	1000	1000	1286	64	35966045	1785345494.0136531560	results/experiments/toolchain-environment/20260729T171551Z-toolchain-formal01/boots/repetition-02/lower/python310/lib/python3.10/site-packages/pip/_vendor/requests/compat.py
f	644	1000	1000	1286	64	35968395	1785345519.7151254720	results/experiments/toolchain-environment/20260729T171551Z-toolchain-formal01/boots/repetition-02/lower/python312/lib/python3.12/site-packages/pip/_vendor/requests/compat.py
f	644	1000	1000	1288	64	35966149	1785345494.4566597640	results/experiments/toolchain-environment/20260729T171551Z-toolchain-formal01/boots/repetition-02/lower/python310/lib/python3.10/site-packages/pip/_vendor/rich/constrain.py
f	644	1000	1000	1288	64	35968501	1785345520.2991362090	results/experiments/toolchain-environment/20260729T171551Z-toolchain-formal01/boots/repetition-02/lower/python312/lib/python3.12/site-packages/pip/_vendor/rich/constrain.py
f	644	1000	1000	12936	64	35965871	1785345493.4076420250	results/experiments/toolchain-environment/20260729T171551Z-toolchain-formal01/boots/repetition-02/lower/python310/lib/python3.10/site-packages/pip/_vendor/platformdirs/__init__.py
f	644	1000	1000	12936	64	35965995	1785345493.8324251580	results/experiments/toolchain-environment/20260729T171551Z-toolchain-formal01/boots/repetition-02/lower/python310/lib/python3.10/site-packages/pip/_vendor/pyparsing/common.py
f	644	1000	1000	12950	64	35965819	1785345493.2166484960	results/experiments/toolchain-environment/20260729T171551Z-toolchain-formal01/boots/repetition-02/lower/python310/lib/python3.10/site-packages/pip/_vendor/idna/core.py
f	644	1000	1000	1297	64	35965119	1785345489.4415165290	results/experiments/toolchain-environment/20260729T171551Z-toolchain-formal01/boots/repetition-02/lower/python310/lib/python3.10/site-packages/setuptools/tests/__pycache__/test_archive_util.cpython-310.pyc
f	644	1000	1000	1298	64	35964615	1785345481.3204200600	results/experiments/toolchain-environment/20260729T171551Z-toolchain-formal01/boots/repetition-02/lower/python310/lib/python3.10/site-packages/setuptools/_distutils/tests/__pycache__/test_install_headers.cpython-310.pyc
f	644	1000	1000	1299	64	35968987	1785345524.8795811670	results/experiments/toolchain-environment/20260729T171551Z-toolchain-formal01/boots/repetition-02/lower/python312/lib/python3.12/site-packages/pip/_internal/resolution/__pycache__/base.cpython-312.pyc
f	644	1000	1000	1303	64	35963747	1785345476.2056935630	results/experiments/toolchain-environment/20260729T171551Z-toolchain-formal01/boots/repetition-02/lower/python310/lib/python3.10/site-packages/setuptools/_vendor/typeguard/_memo.py
f	644	1000	1000	1303	64	35967107	1785345506.0909975330	results/experiments/toolchain-environment/20260729T171551Z-toolchain-formal01/boots/repetition-02/lower/python310/lib/python3.10/site-packages/pip/_vendor/pygments/__pycache__/modeline.cpython-310.pyc
f	644	1000	1000	13036	64	35967023	1785345504.8630934750	results/experiments/toolchain-environment/20260729T171551Z-toolchain-formal01/boots/repetition-02/lower/python310/lib/python3.10/site-packages/pip/_vendor/packaging/__pycache__/version.cpython-310.pyc
f	644	1000	1000	1305	64	35966379	1785345495.4756800120	results/experiments/toolchain-environment/20260729T171551Z-toolchain-formal01/boots/repetition-02/lower/python310/lib/python3.10/site-packages/pip/_vendor/webencodings/mklabels.py
f	644	1000	1000	1305	64	35967243	1785345508.2455266710	results/experiments/toolchain-environment/20260729T171551Z-toolchain-formal01/boots/repetition-02/lower/python310/lib/python3.10/site-packages/pip/_vendor/rich/__pycache__/_emoji_replace.cpython-310.pyc
f	644	1000	1000	1305	64	35968741	1785345521.4216523070	results/experiments/toolchain-environment/20260729T171551Z-toolchain-formal01/boots/repetition-02/lower/python312/lib/python3.12/site-packages/pip/_vendor/webencodings/mklabels.py
f	644	1000	1000	13079	64	35965253	1785345490.7683432700	results/experiments/toolchain-environment/20260729T171551Z-toolchain-formal01/boots/repetition-02/lower/python310/lib/python3.10/site-packages/pip/_internal/wheel_builder.py
f	644	1000	1000	1308	64	35964111	1785345477.4832143970	results/experiments/toolchain-environment/20260729T171551Z-toolchain-formal01/boots/repetition-02/lower/python310/lib/python3.10/site-packages/setuptools/_vendor/autocommand-2.2.2.dist-info/RECORD
f	644	1000	1000	1310	64	35967423	1785345510.8461221830	results/experiments/toolchain-environment/20260729T171551Z-toolchain-formal01/boots/repetition-02/lower/python310/lib/python3.10/site-packages/pip/_vendor/tenacity/__pycache__/nap.cpython-310.pyc
f	644	1000	1000	13110	64	35969509	1785345533.1073717530	results/experiments/toolchain-environment/20260729T171551Z-toolchain-formal01/boots/repetition-02/lower/python312/lib/python3.12/site-packages/pip/_vendor/pyparsing/__pycache__/exceptions.cpython-312.pyc
f	644	1000	1000	13114	64	35969413	1785345530.4623231020	results/experiments/toolchain-environment/20260729T171551Z-toolchain-formal01/boots/repetition-02/lower/python312/lib/python3.12/site-packages/pip/_vendor/platformdirs/__pycache__/windows.cpython-312.pyc
f	644	1000	1000	1314	64	35963571	1785345475.5546545660	results/experiments/toolchain-environment/20260729T171551Z-toolchain-formal01/boots/repetition-02/lower/python310/lib/python3.10/site-packages/setuptools/_vendor/importlib_metadata/_compat.py
f	644	1000	1000	132	64	35965257	1785345490.7775937190	results/experiments/toolchain-environment/20260729T171551Z-toolchain-formal01/boots/repetition-02/lower/python310/lib/python3.10/site-packages/pip/_internal/cli/__init__.py
f	644	1000	1000	132	64	35967653	1785345516.9085415720	results/experiments/toolchain-environment/20260729T171551Z-toolchain-formal01/boots/repetition-02/lower/python312/lib/python3.12/site-packages/pip/_internal/cli/__init__.py
f	644	1000	1000	13202	64	35966439	1785345496.0244025750	results/experiments/toolchain-environment/20260729T171551Z-toolchain-formal01/boots/repetition-02/lower/python310/lib/python3.10/site-packages/pip/_internal/cli/__pycache__/req_command.cpython-310.pyc
f	644	1000	1000	1322	64	35964725	1785345483.3144566700	results/experiments/toolchain-environment/20260729T171551Z-toolchain-formal01/boots/repetition-02/lower/python310/lib/python3.10/site-packages/setuptools/_vendor/importlib_metadata/compat/__pycache__/py39.cpython-310.pyc
f	644	1000	1000	1324	64	35965005	1785345487.9885558940	results/experiments/toolchain-environment/20260729T171551Z-toolchain-formal01/boots/repetition-02/lower/python310/lib/python3.10/site-packages/setuptools/compat/__pycache__/py311.cpython-310.pyc
f	644	1000	1000	13295	64	35969623	1785345536.2174289630	results/experiments/toolchain-environment/20260729T171551Z-toolchain-formal01/boots/repetition-02/lower/python312/lib/python3.12/site-packages/pip/_vendor/rich/__pycache__/_spinners.cpython-312.pyc
f	644	1000	1000	13300	64	35969517	1785345533.3983771060	results/experiments/toolchain-environment/20260729T171551Z-toolchain-formal01/boots/repetition-02/lower/python312/lib/python3.12/site-packages/pip/_vendor/pyparsing/__pycache__/unicode.cpython-312.pyc
f	644	1000	1000	13305	64	35965029	1785345488.3155485040	results/experiments/toolchain-environment/20260729T171551Z-toolchain-formal01/boots/repetition-02/lower/python310/lib/python3.10/site-packages/setuptools/config/_validate_pyproject/__pycache__/formats.cpython-310.pyc
f	644	1000	1000	1332	64	35967305	1785345509.2440151020	results/experiments/toolchain-environment/20260729T171551Z-toolchain-formal01/boots/repetition-02/lower/python310/lib/python3.10/site-packages/pip/_vendor/rich/__pycache__/diagnose.cpython-310.pyc
f	644	1000	1000	13326	64	35968801	1785345522.2340622580	results/experiments/toolchain-environment/20260729T171551Z-toolchain-formal01/boots/repetition-02/lower/python312/lib/python3.12/site-packages/pip/_internal/commands/__pycache__/configuration.cpython-312.pyc
f	644	1000	1000	1335	64	35963625	1785345475.7244715790	results/experiments/toolchain-environment/20260729T171551Z-toolchain-formal01/boots/repetition-02/lower/python310/lib/python3.10/site-packages/setuptools/_vendor/jaraco/text/Lorem ipsum.txt
f	644	1000	1000	13359	64	35965191	1785345490.4215871810	results/experiments/toolchain-environment/20260729T171551Z-toolchain-formal01/boots/repetition-02/lower/python310/lib/python3.10/site-packages/setuptools/tests/__pycache__/test_wheel.cpython-310.pyc
f	644	1000	1000	1336	64	35966607	1785345498.3774308070	results/experiments/toolchain-environment/20260729T171551Z-toolchain-formal01/boots/repetition-02/lower/python310/lib/python3.10/site-packages/pip/_internal/operations/build/__pycache__/wheel.cpython-310.pyc
f	644	1000	1000	1338	64	35967415	1785345510.7270377760	results/experiments/toolchain-environment/20260729T171551Z-toolchain-formal01/boots/repetition-02/lower/python310/lib/python3.10/site-packages/pip/_vendor/tenacity/__pycache__/_utils.cpython-310.pyc
f	644	1000	1000	13387	64	35968345	1785345519.5090883090	results/experiments/toolchain-environment/20260729T171551Z-toolchain-formal01/boots/repetition-02/lower/python312/lib/python3.12/site-packages/pip/_vendor/pyparsing/common.py
f	644	1000	1000	1340	64	35966557	1785345497.6404494120	results/experiments/toolchain-environment/20260729T171551Z-toolchain-formal01/boots/repetition-02/lower/python310/lib/python3.10/site-packages/pip/_internal/models/__pycache__/index.cpython-310.pyc
f	644	1000	1000	13402	64	35966005	1785345493.8836507690	results/experiments/toolchain-environment/20260729T171551Z-toolchain-formal01/boots/repetition-02/lower/python310/lib/python3.10/site-packages/pip/_vendor/pyparsing/testing.py
f	644	1000	1000	13412	64	35963835	1785345476.5834290070	results/experiments/toolchain-environment/20260729T171551Z-toolchain-formal01/boots/repetition-02/lower/python310/lib/python3.10/site-packages/setuptools/_vendor/zipp/__init__.py
f	644	1000	1000	1342	64	35967417	1785345510.7578393830	results/experiments/toolchain-environment/20260729T171551Z-toolchain-formal01/boots/repetition-02/lower/python310/lib/python3.10/site-packages/pip/_vendor/tenacity/__pycache__/after.cpython-310.pyc
f	644	1000	1000	1343	64	35963895	1785345476.7974180670	results/experiments/toolchain-environment/20260729T171551Z-toolchain-formal01/boots/repetition-02/lower/python310/lib/python3.10/site-packages/setuptools/command/test.py
f	644	1000	1000	1344	64	35963805	1785345476.4342731070	results/experiments/toolchain-environment/20260729T171551Z-toolchain-formal01/boots/repetition-02/lower/python310/lib/python3.10/site-packages/setuptools/_vendor/wheel/vendored/packaging/LICENSE.BSD
f	644	1000	1000	1344	64	35964245	1785345477.9303406370	results/experiments/toolchain-environment/20260729T171551Z-toolchain-formal01/boots/repetition-02/lower/python310/lib/python3.10/site-packages/setuptools/_vendor/packaging-24.2.dist-info/LICENSE.BSD
f	644	1000	1000	134451	64	35963531	1785345475.4293119150	results/experiments/toolchain-environment/20260729T171551Z-toolchain-formal01/boots/repetition-02/lower/python310/lib/python3.10/site-packages/setuptools/_vendor/typing_extensions.py
f	644	1000	1000	1347	64	35967035	1785345505.0091867470	results/experiments/toolchain-environment/20260729T171551Z-toolchain-formal01/boots/repetition-02/lower/python310/lib/python3.10/site-packages/pip/_vendor/platformdirs/__pycache__/__main__.cpython-310.pyc
f	644	1000	1000	13488	64	35968359	1785345519.5700338510	results/experiments/toolchain-environment/20260729T171551Z-toolchain-formal01/boots/repetition-02/lower/python312/lib/python3.12/site-packages/pip/_vendor/pyparsing/testing.py
f	644	1000	1000	135	64	35964045	1785345477.2992669570	results/experiments/toolchain-environment/20260729T171551Z-toolchain-formal01/boots/repetition-02/lower/python310/lib/python3.10/site-packages/setuptools/tests/compat/py39.py
f	644	1000	1000	135	64	35967763	1785345517.2968870180	results/experiments/toolchain-environment/20260729T171551Z-toolchain-formal01/boots/repetition-02/lower/python312/lib/python3.12/site-packages/pip/_internal/metadata/importlib/__init__.py
f	644	1000	1000	13529	64	35965243	1785345490.7255927640	results/experiments/toolchain-environment/20260729T171551Z-toolchain-formal01/boots/repetition-02/lower/python310/lib/python3.10/site-packages/pip/_internal/configuration.py
f	644	1000	1000	13530	64	35969501	1785345532.7473651320	results/experiments/toolchain-environment/20260729T171551Z-toolchain-formal01/boots/repetition-02/lower/python312/lib/python3.12/site-packages/pip/_vendor/pyparsing/__pycache__/common.cpython-312.pyc
f	644	1000	1000	13539	64	35968881	1785345523.4872437630	results/experiments/toolchain-environment/20260729T171551Z-toolchain-formal01/boots/repetition-02/lower/python312/lib/python3.12/site-packages/pip/_internal/metadata/importlib/__pycache__/_dists.cpython-312.pyc
f	644	1000	1000	1354	64	35963755	1785345476.2413331070	results/experiments/toolchain-environment/20260729T171551Z-toolchain-formal01/boots/repetition-02/lower/python310/lib/python3.10/site-packages/setuptools/_vendor/typeguard/_union_transformer.py
f	644	1000	1000	1354	64	35965457	1785345491.5956923440	results/experiments/toolchain-environment/20260729T171551Z-toolchain-formal01/boots/repetition-02/lower/python310/lib/python3.10/site-packages/pip/_internal/operations/install/editable_legacy.py
f	644	1000	1000	13560	64	35965731	1785345492.7426298110	results/experiments/toolchain-environment/20260729T171551Z-toolchain-formal01/boots/repetition-02/lower/python310/lib/python3.10/site-packages/pip/_vendor/chardet/metadata/languages.py
f	644	1000	1000	13560	64	35968101	1785345518.5501040530	results/experiments/toolchain-environment/20260729T171551Z-toolchain-formal01/boots/repetition-02/lower/python312/lib/python3.12/site-packages/pip/_vendor/chardet/metadata/languages.py
f	644	1000	1000	13564	64	35963941	1785345476.9605317930	results/experiments/toolchain-environment/20260729T171551Z-toolchain-formal01/boots/repetition-02/lower/python310/lib/python3.10/site-packages/setuptools/config/_validate_pyproject/formats.py
f	644	1000	1000	13566	64	35965659	1785345492.4536245030	results/experiments/toolchain-environment/20260729T171551Z-toolchain-formal01/boots/repetition-02/lower/python310/lib/python3.10/site-packages/pip/_vendor/chardet/euckrfreq.py
f	644	1000	1000	13566	64	35968051	1785345518.3391178800	results/experiments/toolchain-environment/20260729T171551Z-toolchain-formal01/boots/repetition-02/lower/python312/lib/python3.12/site-packages/pip/_vendor/chardet/euckrfreq.py
f	644	1000	1000	1360	64	35964125	1785345477.5285395650	results/experiments/toolchain-environment/20260729T171551Z-toolchain-formal01/boots/repetition-02/lower/python310/lib/python3.10/site-packages/setuptools/_vendor/backports.tarfile-1.2.0.dist-info/RECORD
f	644	1000	1000	13609	64	35969857	1785345541.6825295090	results/experiments/toolchain-environment/20260729T171551Z-toolchain-formal01/boots/repetition-02/lower/python312/lib/python3.12/site-packages/pip/_vendor/urllib3/__pycache__/exceptions.cpython-312.pyc
f	644	1000	1000	1365	64	35964021	1785345477.2243448640	results/experiments/toolchain-environment/20260729T171551Z-toolchain-formal01/boots/repetition-02/lower/python310/lib/python3.10/site-packages/setuptools/tests/test_setopt.py
f	644	1000	1000	13668	64	35969061	1785345525.7772369390	results/experiments/toolchain-environment/20260729T171551Z-toolchain-formal01/boots/repetition-02/lower/python312/lib/python3.12/site-packages/pip/_internal/utils/__pycache__/logging.cpython-312.pyc
f	644	1000	1000	13670	64	35969697	1785345538.0704630530	results/experiments/toolchain-environment/20260729T171551Z-toolchain-formal01/boots/repetition-02/lower/python312/lib/python3.12/site-packages/pip/_vendor/rich/__pycache__/logging.cpython-312.pyc
f	644	1000	1000	1371	64	35966881	1785345502.5636186350	results/experiments/toolchain-environment/20260729T171551Z-toolchain-formal01/boots/repetition-02/lower/python310/lib/python3.10/site-packages/pip/_vendor/chardet/__pycache__/mbcsgroupprober.cpython-310.pyc
f	644	1000	1000	13744	64	35966637	1785345498.9208707620	results/experiments/toolchain-environment/20260729T171551Z-toolchain-formal01/boots/repetition-02/lower/python310/lib/python3.10/site-packages/pip/_internal/req/__pycache__/req_file.cpython-310.pyc
f	644	1000	1000	13746	64	35967453	1785345511.2228721890	results/experiments/toolchain-environment/20260729T171551Z-toolchain-formal01/boots/repetition-02/lower/python310/lib/python3.10/site-packages/pip/_vendor/urllib3/__pycache__/connection.cpython-310.pyc
f	644	1000	1000	1375	64	35966497	1785345496.8281815090	results/experiments/toolchain-environment/20260729T171551Z-toolchain-formal01/boots/repetition-02/lower/python310/lib/python3.10/site-packages/pip/_internal/distributions/__pycache__/installed.cpython-310.pyc
f	644	1000	1000	1376	64	35966261	1785345494.9536704230	results/experiments/toolchain-environment/20260729T171551Z-toolchain-formal01/boots/repetition-02/lower/python310/lib/python3.10/site-packages/pip/_vendor/tenacity/before.py
f	644	1000	1000	13763	64	35969097	1785345526.2841908680	results/experiments/toolchain-environment/20260729T171551Z-toolchain-formal01/boots/repetition-02/lower/python312/lib/python3.12/site-packages/pip/_internal/__pycache__/wheel_builder.cpython-312.pyc
f	644	1000	1000	1379	64	35965595	1785345492.1725385980	results/experiments/toolchain-environment/20260729T171551Z-toolchain-formal01/boots/repetition-02/lower/python310/lib/python3.10/site-packages/pip/_vendor/cachecontrol/_cmd.py
f	644	1000	1000	138	64	35963301	1785345474.6144012690	results/experiments/toolchain-environment/20260729T171551Z-toolchain-formal01/boots/repetition-02/lower/python310/lib/python3.10/site-packages/setuptools/script.tmpl
f	644	1000	1000	138	64	35966019	1785345493.9253907350	results/experiments/toolchain-environment/20260729T171551Z-toolchain-formal01/boots/repetition-02/lower/python310/lib/python3.10/site-packages/pip/_vendor/pyproject_hooks/_compat.py
f	644	1000	1000	138	64	35968369	1785345519.6030016380	results/experiments/toolchain-environment/20260729T171551Z-toolchain-formal01/boots/repetition-02/lower/python312/lib/python3.12/site-packages/pip/_vendor/pyproject_hooks/_compat.py
f	644	1000	1000	13824	64	35963257	1785345474.4852945880	results/experiments/toolchain-environment/20260729T171551Z-toolchain-formal01/boots/repetition-02/lower/python310/lib/python3.10/site-packages/setuptools/cli-arm64.exe
f	644	1000	1000	13824	64	35963277	1785345474.5465886230	results/experiments/toolchain-environment/20260729T171551Z-toolchain-formal01/boots/repetition-02/lower/python310/lib/python3.10/site-packages/setuptools/gui-arm64.exe
f	644	1000	1000	1383	64	35966265	1785345494.9756708280	results/experiments/toolchain-environment/20260729T171551Z-toolchain-formal01/boots/repetition-02/lower/python310/lib/python3.10/site-packages/pip/_vendor/tenacity/nap.py
f	644	1000	1000	1383	64	35968607	1785345520.8369684230	results/experiments/toolchain-environment/20260729T171551Z-toolchain-formal01/boots/repetition-02/lower/python312/lib/python3.12/site-packages/pip/_vendor/tenacity/nap.py
f	644	1000	1000	1384	64	35969307	1785345528.7741007680	results/experiments/toolchain-environment/20260729T171551Z-toolchain-formal01/boots/repetition-02/lower/python312/lib/python3.12/site-packages/pip/_vendor/distlib/__pycache__/__init__.cpython-312.pyc
f	644	1000	1000	138418	64	35964769	1785345484.1544720940	results/experiments/toolchain-environment/20260729T171551Z-toolchain-formal01/boots/repetition-02/lower/python310/lib/python3.10/site-packages/setuptools/_vendor/more_itertools/__pycache__/more.cpython-310.pyc
f	644	1000	1000	13859	64	35964957	1785345487.3422590350	results/experiments/toolchain-environment/20260729T171551Z-toolchain-formal01/boots/repetition-02/lower/python310/lib/python3.10/site-packages/setuptools/command/__pycache__/bdist_egg.cpython-310.pyc
f	644	1000	1000	1386	64	35967995	1785345518.1360953780	results/experiments/toolchain-environment/20260729T171551Z-toolchain-formal01/boots/repetition-02/lower/python312/lib/python3.12/site-packages/pip/_vendor/cachecontrol/caches/redis_cache.py
f	644	1000	1000	1387	64	35968459	1785345520.0406428960	results/experiments/toolchain-environment/20260729T171551Z-toolchain-formal01/boots/repetition-02/lower/python312/lib/python3.12/site-packages/pip/_vendor/rich/_null_file.py
f	644	1000	1000	138869	64	35966845	1785345502.0778013030	results/experiments/toolchain-environment/20260729T171551Z-toolchain-formal01/boots/repetition-02/lower/python310/lib/python3.10/site-packages/pip/_vendor/chardet/__pycache__/johabfreq.cpython-310.pyc
f	644	1000	1000	139	64	35963335	1785345474.7165093220	results/experiments/toolchain-environment/20260729T171551Z-toolchain-formal01/boots/repetition-02/lower/python310/lib/python3.10/site-packages/setuptools/_distutils/debug.py
f	644	1000	1000	13909	64	35967083	1785345505.6963485200	results/experiments/toolchain-environment/20260729T171551Z-toolchain-formal01/boots/repetition-02/lower/python310/lib/python3.10/site-packages/pip/_vendor/pygments/formatters/__pycache__/latex.cpython-310.pyc
f	644	1000	1000	1391	64	35966201	1785345494.7076659040	results/experiments/toolchain-environment/20260729T171551Z-toolchain-formal01/boots/repetition-02/lower/python310/lib/python3.10/site-packages/pip/_vendor/rich/protocol.py
f	644	1000	1000	1391	64	35968553	1785345520.5729652000	results/experiments/toolchain-environment/20260729T171551Z-toolchain-formal01/boots/repetition-02/lower/python312/lib/python3.12/site-packages/pip/_vendor/rich/protocol.py
f	644	1000	1000	13922	64	35966331	1785345495.2676761910	results/experiments/toolchain-environment/20260729T171551Z-toolchain-formal01/boots/repetition-02/lower/python310/lib/python3.10/site-packages/pip/_vendor/urllib3/contrib/_securetransport/low_level.py
f	644	1000	1000	13922	64	35968667	1785345521.0559482890	results/experiments/toolchain-environment/20260729T171551Z-toolchain-formal01/boots/repetition-02/lower/python312/lib/python3.12/site-packages/pip/_vendor/urllib3/contrib/_securetransport/low_level.py
f	644	1000	1000	13936	64	35964299	1785345478.1133611830	results/experiments/toolchain-environment/20260729T171551Z-toolchain-formal01/boots/repetition-02/lower/python310/lib/python3.10/site-packages/setuptools/_vendor/typing_extensions-4.12.2.dist-info/LICENSE
f	644	1000	1000	13938	64	35964925	1785345486.8285793370	results/experiments/toolchain-environment/20260729T171551Z-toolchain-formal01/boots/repetition-02/lower/python310/lib/python3.10/site-packages/setuptools/_vendor/wheel/vendored/packaging/__pycache__/tags.cpython-310.pyc
f	644	1000	1000	1396	64	35963457	1785345475.1515575580	results/experiments/toolchain-environment/20260729T171551Z-toolchain-formal01/boots/repetition-02/lower/python310/lib/python3.10/site-packages/setuptools/_distutils/tests/test_bdist.py
f	644	1000	1000	1397	64	35966035	1785345493.9754787400	results/experiments/toolchain-environment/20260729T171551Z-toolchain-formal01/boots/repetition-02/lower/python310/lib/python3.10/site-packages/pip/_vendor/requests/_internal_utils.py
f	644	1000	1000	14006	64	35967715	1785345517.1481699790	results/experiments/toolchain-environment/20260729T171551Z-toolchain-formal01/boots/repetition-02/lower/python312/lib/python3.12/site-packages/pip/_internal/configuration.py
f	644	1000	1000	14007	64	35966173	1785345494.5766634980	results/experiments/toolchain-environment/20260729T171551Z-toolchain-formal01/boots/repetition-02/lower/python310/lib/python3.10/site-packages/pip/_vendor/rich/layout.py
f	644	1000	1000	14007	64	35968525	1785345520.4251385260	results/experiments/toolchain-environment/20260729T171551Z-toolchain-formal01/boots/repetition-02/lower/python312/lib/python3.12/site-packages/pip/_vendor/rich/layout.py
f	644	1000	1000	140235	64	35966093	1785345494.1866563340	results/experiments/toolchain-environment/20260729T171551Z-toolchain-formal01/boots/repetition-02/lower/python310/lib/python3.10/site-packages/pip/_vendor/rich/_emoji_codes.py
f	644	1000	1000	140235	64	35968443	1785345519.9531298480	results/experiments/toolchain-environment/20260729T171551Z-toolchain-formal01/boots/repetition-02/lower/python312/lib/python3.12/site-packages/pip/_vendor/rich/_emoji_codes.py
f	644	1000	1000	1403	64	35967253	1785345508.4015214390	results/experiments/toolchain-environment/20260729T171551Z-toolchain-formal01/boots/repetition-02/lower/python310/lib/python3.10/site-packages/pip/_vendor/rich/__pycache__/_loop.cpython-310.pyc
f	644	1000	1000	14039	64	35969547	1785345534.3772906510	results/experiments/toolchain-environment/20260729T171551Z-toolchain-formal01/boots/repetition-02/lower/python312/lib/python3.12/site-packages/pip/_vendor/requests/__pycache__/auth.cpython-312.pyc
f	644	1000	1000	14082	64	35965173	1785345490.1975830670	results/experiments/toolchain-environment/20260729T171551Z-toolchain-formal01/boots/repetition-02/lower/python310/lib/python3.10/site-packages/setuptools/tests/__pycache__/test_packageindex.cpython-310.pyc
f	644	1000	1000	1409	64	35964513	1785345479.6303169800	results/experiments/toolchain-environment/20260729T171551Z-toolchain-formal01/boots/repetition-02/lower/python310/lib/python3.10/site-packages/setuptools/_distutils/compilers/C/__pycache__/errors.cpython-310.pyc
f	644	1000	1000	14097	64	35969493	1785345532.4873603490	results/experiments/toolchain-environment/20260729T171551Z-toolchain-formal01/boots/repetition-02/lower/python312/lib/python3.12/site-packages/pip/_vendor/pygments/__pycache__/util.cpython-312.pyc
f	644	1000	1000	141	64	35963901	1785345476.8119028440	results/experiments/toolchain-environment/20260729T171551Z-toolchain-formal01/boots/repetition-02/lower/python310/lib/python3.10/site-packages/setuptools/compat/py310.py
f	644	1000	1000	1415	64	35966701	1785345499.8917611390	results/experiments/toolchain-environment/20260729T171551Z-toolchain-formal01/boots/repetition-02/lower/python310/lib/python3.10/site-packages/pip/_internal/utils/__pycache__/encoding.cpython-310.pyc
f	644	1000	1000	14168	64	35968161	1785345518.7737879250	results/experiments/toolchain-environment/20260729T171551Z-toolchain-formal01/boots/repetition-02/lower/python312/lib/python3.12/site-packages/pip/_vendor/distlib/manifest.py
f	644	1000	1000	1417	64	35965449	1785345491.5696082660	results/experiments/toolchain-environment/20260729T171551Z-toolchain-formal01/boots/repetition-02/lower/python310/lib/python3.10/site-packages/pip/_internal/operations/build/wheel_editable.py
f	644	1000	1000	1417	64	35966343	1785345495.3106769810	results/experiments/toolchain-environment/20260729T171551Z-toolchain-formal01/boots/repetition-02/lower/python310/lib/python3.10/site-packages/pip/_vendor/urllib3/packages/backports/makefile.py
f	644	1000	1000	1417	64	35967835	1785345517.5656297960	results/experiments/toolchain-environment/20260729T171551Z-toolchain-formal01/boots/repetition-02/lower/python312/lib/python3.12/site-packages/pip/_internal/operations/build/wheel_editable.py
f	644	1000	1000	1417	64	35968005	1785345518.1747199850	results/experiments/toolchain-environment/20260729T171551Z-toolchain-formal01/boots/repetition-02/lower/python312/lib/python3.12/site-packages/pip/_vendor/cachecontrol/wrapper.py
f	644	1000	1000	1417	64	35968693	1785345521.1762513120	results/experiments/toolchain-environment/20260729T171551Z-toolchain-formal01/boots/repetition-02/lower/python312/lib/python3.12/site-packages/pip/_vendor/urllib3/packages/backports/makefile.py
f	644	1000	1000	14172	64	35966175	1785345494.5866861290	results/experiments/toolchain-environment/20260729T171551Z-toolchain-formal01/boots/repetition-02/lower/python310/lib/python3.10/site-packages/pip/_vendor/rich/live.py
f	644	1000	1000	14173	64	35969381	1785345529.9576015350	results/experiments/toolchain-environment/20260729T171551Z-toolchain-formal01/boots/repetition-02/lower/python312/lib/python3.12/site-packages/pip/_vendor/packaging/__pycache__/markers.cpython-312.pyc
f	644	1000	1000	14186	64	35963977	1785345477.0792239800	results/experiments/toolchain-environment/20260729T171551Z-toolchain-formal01/boots/repetition-02/lower/python310/lib/python3.10/site-packages/setuptools/tests/test_build_py.py
f	644	1000	1000	1419	64	35965053	1785345488.6273430920	results/experiments/toolchain-environment/20260729T171551Z-toolchain-formal01/boots/repetition-02/lower/python310/lib/python3.10/site-packages/setuptools/__pycache__/logging.cpython-310.pyc
f	644	1000	1000	14198	64	35964967	1785345487.4865332790	results/experiments/toolchain-environment/20260729T171551Z-toolchain-formal01/boots/repetition-02/lower/python310/lib/python3.10/site-packages/setuptools/command/__pycache__/build_ext.cpython-310.pyc
f	644	1000	1000	1420	64	35966471	1785345496.4040762970	results/experiments/toolchain-environment/20260729T171551Z-toolchain-formal01/boots/repetition-02/lower/python310/lib/python3.10/site-packages/pip/_internal/commands/__pycache__/help.cpython-310.pyc
f	644	1000	1000	1421	64	35967507	1785345511.7752140070	results/experiments/toolchain-environment/20260729T171551Z-toolchain-formal01/boots/repetition-02/lower/python310/lib/python3.10/site-packages/pip/_vendor/urllib3/packages/backports/__pycache__/makefile.cpython-310.pyc
f	644	1000	1000	1422	64	35965441	1785345491.5352555530	results/experiments/toolchain-environment/20260729T171551Z-toolchain-formal01/boots/repetition-02/lower/python310/lib/python3.10/site-packages/pip/_internal/operations/build/metadata.py
f	644	1000	1000	1422	64	35967827	1785345517.5281009170	results/experiments/toolchain-environment/20260729T171551Z-toolchain-formal01/boots/repetition-02/lower/python312/lib/python3.12/site-packages/pip/_internal/operations/build/metadata.py
f	644	1000	1000	1423	64	35966429	1785345495.8836875070	results/experiments/toolchain-environment/20260729T171551Z-toolchain-formal01/boots/repetition-02/lower/python310/lib/python3.10/site-packages/pip/_internal/cli/__pycache__/command_context.cpython-310.pyc
f	644	1000	1000	1425	64	35967277	1785345508.7972413140	results/experiments/toolchain-environment/20260729T171551Z-toolchain-formal01/boots/repetition-02/lower/python310/lib/python3.10/site-packages/pip/_vendor/rich/__pycache__/abc.cpython-310.pyc
f	644	1000	1000	14273	64	35968527	1785345520.4361286020	results/experiments/toolchain-environment/20260729T171551Z-toolchain-formal01/boots/repetition-02/lower/python312/lib/python3.12/site-packages/pip/_vendor/rich/live.py
f	644	1000	1000	14296	64	35968729	1785345521.3705471580	results/experiments/toolchain-environment/20260729T171551Z-toolchain-formal01/boots/repetition-02/lower/python312/lib/python3.12/site-packages/pip/_vendor/urllib3/util/url.py
f	644	1000	1000	14298	64	35966369	1785345495.4366792960	results/experiments/toolchain-environment/20260729T171551Z-toolchain-formal01/boots/repetition-02/lower/python310/lib/python3.10/site-packages/pip/_vendor/urllib3/util/url.py
f	644	1000	1000	14301	64	35964929	1785345486.9375231970	results/experiments/toolchain-environment/20260729T171551Z-toolchain-formal01/boots/repetition-02/lower/python310/lib/python3.10/site-packages/setuptools/_vendor/wheel/vendored/packaging/__pycache__/version.cpython-310.pyc
f	644	1000	1000	1431	64	35963667	1785345475.8963299410	results/experiments/toolchain-environment/20260729T171551Z-toolchain-formal01/boots/repetition-02/lower/python310/lib/python3.10/site-packages/setuptools/_vendor/packaging/_structures.py
f	644	1000	1000	1431	64	35963817	1785345476.4976320080	results/experiments/toolchain-environment/20260729T171551Z-toolchain-formal01/boots/repetition-02/lower/python310/lib/python3.10/site-packages/setuptools/_vendor/wheel/vendored/packaging/_structures.py
f	644	1000	1000	1431	64	35965849	1785345493.3284145250	results/experiments/toolchain-environment/20260729T171551Z-toolchain-formal01/boots/repetition-02/lower/python310/lib/python3.10/site-packages/pip/_vendor/packaging/_structures.py
f	644	1000	1000	1431	64	35968223	1785345519.0080299840	results/experiments/toolchain-environment/20260729T171551Z-toolchain-formal01/boots/repetition-02/lower/python312/lib/python3.12/site-packages/pip/_vendor/packaging/_structures.py
f	644	1000	1000	14336	64	35963255	1785345474.4791852650	results/experiments/toolchain-environment/20260729T171551Z-toolchain-formal01/boots/repetition-02/lower/python310/lib/python3.10/site-packages/setuptools/cli-64.exe
f	644	1000	1000	14336	64	35963275	1785345474.5409200320	results/experiments/toolchain-environment/20260729T171551Z-toolchain-formal01/boots/repetition-02/lower/python310/lib/python3.10/site-packages/setuptools/gui-64.exe
f	644	1000	1000	1435	64	35963855	1785345476.6473398310	results/experiments/toolchain-environment/20260729T171551Z-toolchain-formal01/boots/repetition-02/lower/python310/lib/python3.10/site-packages/setuptools/command/bdist_rpm.py
f	644	1000	1000	1438	64	35963243	1785345474.4425653090	results/experiments/toolchain-environment/20260729T171551Z-toolchain-formal01/boots/repetition-02/lower/python310/lib/python3.10/site-packages/setuptools/_reqs.py
f	644	1000	1000	14397	64	35969787	1785345539.3704869710	results/experiments/toolchain-environment/20260729T171551Z-toolchain-formal01/boots/repetition-02/lower/python312/lib/python3.12/site-packages/pip/_vendor/tenacity/__pycache__/retry.cpython-312.pyc
f	644	1000	1000	14408	64	35968761	1785345521.5851598550	results/experiments/toolchain-environment/20260729T171551Z-toolchain-formal01/boots/repetition-02/lower/python312/lib/python3.12/site-packages/pip/_internal/__pycache__/build_env.cpython-312.pyc
f	644	1000	1000	1444	64	35965231	1785345490.6835919930	results/experiments/toolchain-environment/20260729T171551Z-toolchain-formal01/boots/repetition-02/lower/python310/lib/python3.10/site-packages/pip/__pip-runner__.py
f	644	1000	1000	1444	64	35967641	1785345516.8806578980	results/experiments/toolchain-environment/20260729T171551Z-toolchain-formal01/boots/repetition-02/lower/python312/lib/python3.12/site-packages/pip/__pip-runner__.py
f	644	1000	1000	14441	64	35964645	1785345481.9254311670	results/experiments/toolchain-environment/20260729T171551Z-toolchain-formal01/boots/repetition-02/lower/python310/lib/python3.10/site-packages/setuptools/_distutils/__pycache__/util.cpython-310.pyc
f	644	1000	1000	1446	64	35964575	1785345480.5224054090	results/experiments/toolchain-environment/20260729T171551Z-toolchain-formal01/boots/repetition-02/lower/python310/lib/python3.10/site-packages/setuptools/_distutils/tests/__pycache__/test_bdist.cpython-310.pyc
f	644	1000	1000	14513	64	35969533	1785345533.8493854020	results/experiments/toolchain-environment/20260729T171551Z-toolchain-formal01/boots/repetition-02/lower/python312/lib/python3.12/site-packages/pip/_vendor/pyproject_hooks/_in_process/__pycache__/_in_process.cpython-312.pyc
f	644	1000	1000	1453	64	35967523	1785345512.0051985440	results/experiments/toolchain-environment/20260729T171551Z-toolchain-formal01/boots/repetition-02/lower/python310/lib/python3.10/site-packages/pip/_vendor/urllib3/util/__pycache__/proxy.cpython-310.pyc
f	644	1000	1000	14537	64	35965671	1785345492.5076254940	results/experiments/toolchain-environment/20260729T171551Z-toolchain-formal01/boots/repetition-02/lower/python310/lib/python3.10/site-packages/pip/_vendor/chardet/hebrewprober.py
f	644	1000	1000	14537	64	35968063	1785345518.3877955510	results/experiments/toolchain-environment/20260729T171551Z-toolchain-formal01/boots/repetition-02/lower/python312/lib/python3.12/site-packages/pip/_vendor/chardet/hebrewprober.py
f	644	1000	1000	1459	64	35964593	1785345480.9304128990	results/experiments/toolchain-environment/20260729T171551Z-toolchain-formal01/boots/repetition-02/lower/python310/lib/python3.10/site-packages/setuptools/_distutils/tests/__pycache__/test_clean.cpython-310.pyc
f	644	1000	1000	1463	64	35967369	1785345510.0055724390	results/experiments/toolchain-environment/20260729T171551Z-toolchain-formal01/boots/repetition-02/lower/python310/lib/python3.10/site-packages/pip/_vendor/rich/__pycache__/protocol.cpython-310.pyc
f	644	1000	1000	14642	64	35963447	1785345475.1203137890	results/experiments/toolchain-environment/20260729T171551Z-toolchain-formal01/boots/repetition-02/lower/python310/lib/python3.10/site-packages/setuptools/_distutils/compilers/C/tests/test_unix.py
f	644	1000	1000	146589	64	35969395	1785345530.1883180620	results/experiments/toolchain-environment/20260729T171551Z-toolchain-formal01/boots/repetition-02/lower/python312/lib/python3.12/site-packages/pip/_vendor/pkg_resources/__pycache__/__init__.cpython-312.pyc
f	644	1000	1000	14665	64	35965861	1785345493.3806833450	results/experiments/toolchain-environment/20260729T171551Z-toolchain-formal01/boots/repetition-02/lower/python310/lib/python3.10/site-packages/pip/_vendor/packaging/version.py
f	644	1000	1000	14665	64	35968235	1785345519.0568181210	results/experiments/toolchain-environment/20260729T171551Z-toolchain-formal01/boots/repetition-02/lower/python312/lib/python3.12/site-packages/pip/_vendor/packaging/version.py
f	644	1000	1000	1468	64	35969891	1785345542.2105392250	results/experiments/toolchain-environment/20260729T171551Z-toolchain-formal01/boots/repetition-02/lower/python312/lib/python3.12/site-packages/pip/_vendor/urllib3/util/__pycache__/queue.cpython-312.pyc
f	644	1000	1000	1474	64	35965443	1785345491.5436077880	results/experiments/toolchain-environment/20260729T171551Z-toolchain-formal01/boots/repetition-02/lower/python310/lib/python3.10/site-packages/pip/_internal/operations/build/metadata_editable.py
f	644	1000	1000	1474	64	35967829	1785345517.5372456990	results/experiments/toolchain-environment/20260729T171551Z-toolchain-formal01/boots/repetition-02/lower/python312/lib/python3.12/site-packages/pip/_internal/operations/build/metadata_editable.py
f	644	1000	1000	14758	64	35967331	1785345509.5294856000	results/experiments/toolchain-environment/20260729T171551Z-toolchain-formal01/boots/repetition-02/lower/python310/lib/python3.10/site-packages/pip/_vendor/rich/__pycache__/layout.cpython-310.pyc
f	644	1000	1000	1476	64	35968245	1785345519.0865488740	results/experiments/toolchain-environment/20260729T171551Z-toolchain-formal01/boots/repetition-02/lower/python312/lib/python3.12/site-packages/pip/_vendor/platformdirs/__main__.py
f	644	1000	1000	14768	64	35969467	1785345531.6743453950	results/experiments/toolchain-environment/20260729T171551Z-toolchain-formal01/boots/repetition-02/lower/python312/lib/python3.12/site-packages/pip/_vendor/pygments/lexers/__pycache__/__init__.cpython-312.pyc
f	644	1000	1000	1481	64	35966431	1785345495.9106880030	results/experiments/toolchain-environment/20260729T171551Z-toolchain-formal01/boots/repetition-02/lower/python310/lib/python3.10/site-packages/pip/_internal/cli/__pycache__/main.cpython-310.pyc
f	644	1000	1000	14811	64	35965775	1785345492.9576337600	results/experiments/toolchain-environment/20260729T171551Z-toolchain-formal01/boots/repetition-02/lower/python310/lib/python3.10/site-packages/pip/_vendor/distlib/manifest.py
f	644	1000	1000	1482	64	35967185	1785345507.5069299480	results/experiments/toolchain-environment/20260729T171551Z-toolchain-formal01/boots/repetition-02/lower/python310/lib/python3.10/site-packages/pip/_vendor/requests/__pycache__/compat.cpython-310.pyc
f	644	1000	1000	148370	64	35963645	1785345475.8093188900	results/experiments/toolchain-environment/20260729T171551Z-toolchain-formal01/boots/repetition-02/lower/python310/lib/python3.10/site-packages/setuptools/_vendor/more_itertools/more.py
f	644	1000	1000	14841	64	35969527	1785345533.6883824400	results/experiments/toolchain-environment/20260729T171551Z-toolchain-formal01/boots/repetition-02/lower/python312/lib/python3.12/site-packages/pip/_vendor/pyproject_hooks/__pycache__/_impl.cpython-312.pyc
f	644	1000	1000	14848	64	35965713	1785345492.6856287630	results/experiments/toolchain-environment/20260729T171551Z-toolchain-formal01/boots/repetition-02/lower/python310/lib/python3.10/site-packages/pip/_vendor/chardet/universaldetector.py
f	644	1000	1000	14848	64	35968111	1785345518.5909867200	results/experiments/toolchain-environment/20260729T171551Z-toolchain-formal01/boots/repetition-02/lower/python312/lib/python3.12/site-packages/pip/_vendor/chardet/universaldetector.py
f	644	1000	1000	1485	64	35963451	1785345475.1286695510	results/experiments/toolchain-environment/20260729T171551Z-toolchain-formal01/boots/repetition-02/lower/python310/lib/python3.10/site-packages/setuptools/_distutils/tests/__init__.py
f	644	1000	1000	14897	64	35969717	1785345538.4706799410	results/experiments/toolchain-environment/20260729T171551Z-toolchain-formal01/boots/repetition-02/lower/python312/lib/python3.12/site-packages/pip/_vendor/rich/__pycache__/prompt.cpython-312.pyc
f	644	1000	1000	149	64	35963641	1785345475.7889108990	results/experiments/toolchain-environment/20260729T171551Z-toolchain-formal01/boots/repetition-02/lower/python310/lib/python3.10/site-packages/setuptools/_vendor/more_itertools/__init__.py
f	644	1000	1000	1490	64	35967473	1785345511.3093151590	results/experiments/toolchain-environment/20260729T171551Z-toolchain-formal01/boots/repetition-02/lower/python310/lib/python3.10/site-packages/pip/_vendor/urllib3/contrib/__pycache__/_appengine_environ.cpython-310.pyc
f	644	1000	1000	14906	64	35963297	1785345474.6030605540	results/experiments/toolchain-environment/20260729T171551Z-toolchain-formal01/boots/repetition-02/lower/python310/lib/python3.10/site-packages/setuptools/sandbox.py
f	644	1000	1000	14917	64	35969845	1785345541.4625254610	results/experiments/toolchain-environment/20260729T171551Z-toolchain-formal01/boots/repetition-02/lower/python312/lib/python3.12/site-packages/pip/_vendor/urllib3/contrib/_securetransport/__pycache__/low_level.cpython-312.pyc
f	644	1000	1000	1493	64	35963697	1785345476.0173227080	results/experiments/toolchain-environment/20260729T171551Z-toolchain-formal01/boots/repetition-02/lower/python310/lib/python3.10/site-packages/setuptools/_vendor/platformdirs/__main__.py
f	644	1000	1000	1495	64	35968385	1785345519.6571244060	results/experiments/toolchain-environment/20260729T171551Z-toolchain-formal01/boots/repetition-02/lower/python312/lib/python3.12/site-packages/pip/_vendor/requests/_internal_utils.py
f	644	1000	1000	1496	64	35963245	1785345474.4482150810	results/experiments/toolchain-environment/20260729T171551Z-toolchain-formal01/boots/repetition-02/lower/python310/lib/python3.10/site-packages/setuptools/_shutil.py
f	644	1000	1000	1496	64	35966259	1785345494.9456702770	results/experiments/toolchain-environment/20260729T171551Z-toolchain-formal01/boots/repetition-02/lower/python310/lib/python3.10/site-packages/pip/_vendor/tenacity/after.py
f	644	1000	1000	14981	64	35964497	1785345479.4466723460	results/experiments/toolchain-environment/20260729T171551Z-toolchain-formal01/boots/repetition-02/lower/python310/lib/python3.10/site-packages/setuptools/_distutils/command/__pycache__/sdist.cpython-310.pyc
f	644	1000	1000	1499	64	35963913	1785345476.8471489900	results/experiments/toolchain-environment/20260729T171551Z-toolchain-formal01/boots/repetition-02/lower/python310/lib/python3.10/site-packages/setuptools/config/__init__.py
f	644	1000	1000	1500	64	35964215	1785345477.8292796060	results/experiments/toolchain-environment/20260729T171551Z-toolchain-formal01/boots/repetition-02/lower/python310/lib/python3.10/site-packages/setuptools/_vendor/jaraco.text-3.12.1.dist-info/RECORD
f	644	1000	1000	15006	64	35964109	1785345477.4754708880	results/experiments/toolchain-environment/20260729T171551Z-toolchain-formal01/boots/repetition-02/lower/python310/lib/python3.10/site-packages/setuptools/_vendor/autocommand-2.2.2.dist-info/METADATA
f	644	1000	1000	1502	64	35969145	1785345526.8652569470	results/experiments/toolchain-environment/20260729T171551Z-toolchain-formal01/boots/repetition-02/lower/python312/lib/python3.12/site-packages/pip/_vendor/chardet/__pycache__/big5prober.cpython-312.pyc
f	644	1000	1000	15020	64	35969519	1785345533.4713784490	results/experiments/toolchain-environment/20260729T171551Z-toolchain-formal01/boots/repetition-02/lower/python312/lib/python3.12/site-packages/pip/_vendor/pyparsing/__pycache__/util.cpython-312.pyc
f	644	1000	1000	1505	64	35969187	1785345527.3032894630	results/experiments/toolchain-environment/20260729T171551Z-toolchain-formal01/boots/repetition-02/lower/python312/lib/python3.12/site-packages/pip/_vendor/chardet/__pycache__/euckrprober.cpython-312.pyc
f	644	1000	1000	1505	64	35969191	1785345527.3680326910	results/experiments/toolchain-environment/20260729T171551Z-toolchain-formal01/boots/repetition-02/lower/python312/lib/python3.12/site-packages/pip/_vendor/chardet/__pycache__/euctwprober.cpython-312.pyc
f	644	1000	1000	15060	64	35966655	1785345499.1904230550	results/experiments/toolchain-environment/20260729T171551Z-toolchain-formal01/boots/repetition-02/lower/python310/lib/python3.10/site-packages/pip/_internal/resolution/legacy/__pycache__/resolver.cpython-310.pyc
f	644	1000	1000	15062	64	35963507	1785345475.3463103910	results/experiments/toolchain-environment/20260729T171551Z-toolchain-formal01/boots/repetition-02/lower/python310/lib/python3.10/site-packages/setuptools/_distutils/tests/test_sdist.py
f	644	1000	1000	1509	64	35964813	1785345484.9644869670	results/experiments/toolchain-environment/20260729T171551Z-toolchain-formal01/boots/repetition-02/lower/python310/lib/python3.10/site-packages/setuptools/_vendor/platformdirs/__pycache__/__main__.cpython-310.pyc
f	644	1000	1000	1509	64	35969215	1785345527.5533925940	results/experiments/toolchain-environment/20260729T171551Z-toolchain-formal01/boots/repetition-02/lower/python312/lib/python3.12/site-packages/pip/_vendor/chardet/__pycache__/johabprober.cpython-312.pyc
f	644	1000	1000	151	64	35963161	1785345474.1966000640	results/experiments/toolchain-environment/20260729T171551Z-toolchain-formal01/boots/repetition-02/lower/python310/lib/python3.10/site-packages/distutils-precedence.pth
f	644	1000	1000	1511	64	35969163	1785345527.1202288010	results/experiments/toolchain-environment/20260729T171551Z-toolchain-formal01/boots/repetition-02/lower/python312/lib/python3.12/site-packages/pip/_vendor/chardet/__pycache__/cp949prober.cpython-312.pyc
f	644	1000	1000	15119	64	35964969	1785345487.5165338300	results/experiments/toolchain-environment/20260729T171551Z-toolchain-formal01/boots/repetition-02/lower/python310/lib/python3.10/site-packages/setuptools/command/__pycache__/build_py.cpython-310.pyc
f	644	1000	1000	15136	64	35968781	1785345521.9095741230	results/experiments/toolchain-environment/20260729T171551Z-toolchain-formal01/boots/repetition-02/lower/python312/lib/python3.12/site-packages/pip/_internal/cli/__pycache__/parser.cpython-312.pyc
f	644	1000	1000	15158	64	35964807	1785345484.8845209040	results/experiments/toolchain-environment/20260729T171551Z-toolchain-formal01/boots/repetition-02/lower/python310/lib/python3.10/site-packages/setuptools/_vendor/packaging/__pycache__/version.cpython-310.pyc
f	644	1000	1000	15165	64	35966627	1785345498.7556237990	results/experiments/toolchain-environment/20260729T171551Z-toolchain-formal01/boots/repetition-02/lower/python310/lib/python3.10/site-packages/pip/_internal/operations/__pycache__/prepare.cpython-310.pyc
f	644	1000	1000	1518	64	35969195	1785345527.4284234640	results/experiments/toolchain-environment/20260729T171551Z-toolchain-formal01/boots/repetition-02/lower/python312/lib/python3.12/site-packages/pip/_vendor/chardet/__pycache__/gb2312prober.cpython-312.pyc
f	644	1000	1000	15219	64	35969909	1785345542.3735422240	results/experiments/toolchain-environment/20260729T171551Z-toolchain-formal01/boots/repetition-02/lower/python312/lib/python3.12/site-packages/pip/_vendor/urllib3/util/__pycache__/ssl_.cpython-312.pyc
f	644	1000	1000	1522	64	35967421	1785345510.8180094550	results/experiments/toolchain-environment/20260729T171551Z-toolchain-formal01/boots/repetition-02/lower/python310/lib/python3.10/site-packages/pip/_vendor/tenacity/__pycache__/before_sleep.cpython-310.pyc
f	644	1000	1000	1523	64	35966551	1785345497.5462311620	results/experiments/toolchain-environment/20260729T171551Z-toolchain-formal01/boots/repetition-02/lower/python310/lib/python3.10/site-packages/pip/_internal/models/__pycache__/candidate.cpython-310.pyc
f	644	1000	1000	15240	64	35969317	1785345528.9402160220	results/experiments/toolchain-environment/20260729T171551Z-toolchain-formal01/boots/repetition-02/lower/python312/lib/python3.12/site-packages/pip/_vendor/distlib/__pycache__/manifest.cpython-312.pyc
f	644	1000	1000	15241	64	35967229	1785345508.0259106040	results/experiments/toolchain-environment/20260729T171551Z-toolchain-formal01/boots/repetition-02/lower/python310/lib/python3.10/site-packages/pip/_vendor/resolvelib/__pycache__/resolvers.cpython-310.pyc
f	644	1000	1000	152509	64	35966989	1785345504.3348427750	results/experiments/toolchain-environment/20260729T171551Z-toolchain-formal01/boots/repetition-02/lower/python310/lib/python3.10/site-packages/pip/_vendor/idna/__pycache__/uts46data.cpython-310.pyc
f	644	1000	1000	15273	64	35969461	1785345531.4823418630	results/experiments/toolchain-environment/20260729T171551Z-toolchain-formal01/boots/repetition-02/lower/python312/lib/python3.12/site-packages/pip/_vendor/pygments/formatters/__pycache__/terminal256.cpython-312.pyc
f	644	1000	1000	1528	64	35969785	1785345539.3412785870	results/experiments/toolchain-environment/20260729T171551Z-toolchain-formal01/boots/repetition-02/lower/python312/lib/python3.12/site-packages/pip/_vendor/tenacity/__pycache__/nap.cpython-312.pyc
f	644	1000	1000	1531	64	35965127	1785345489.5675714970	results/experiments/toolchain-environment/20260729T171551Z-toolchain-formal01/boots/repetition-02/lower/python310/lib/python3.10/site-packages/setuptools/tests/__pycache__/test_build.cpython-310.pyc
f	644	1000	1000	15330	64	35967511	1785345511.8468057740	results/experiments/toolchain-environment/20260729T171551Z-toolchain-formal01/boots/repetition-02/lower/python310/lib/python3.10/site-packages/pip/_vendor/urllib3/__pycache__/poolmanager.cpython-310.pyc
f	644	1000	1000	15335	64	35964803	1785345484.7894837540	results/experiments/toolchain-environment/20260729T171551Z-toolchain-formal01/boots/repetition-02/lower/python310/lib/python3.10/site-packages/setuptools/_vendor/packaging/__pycache__/tags.cpython-310.pyc
f	644	1000	1000	15337	64	35963351	1785345474.7721412350	results/experiments/toolchain-environment/20260729T171551Z-toolchain-formal01/boots/repetition-02/lower/python310/lib/python3.10/site-packages/setuptools/_distutils/filelist.py
f	644	1000	1000	1535	64	35965599	1785345492.1955958020	results/experiments/toolchain-environment/20260729T171551Z-toolchain-formal01/boots/repetition-02/lower/python310/lib/python3.10/site-packages/pip/_vendor/cachecontrol/cache.py
f	644	1000	1000	15360	64	35964875	1785345485.8875039160	results/experiments/toolchain-environment/20260729T171551Z-toolchain-formal01/boots/repetition-02/lower/python310/lib/python3.10/site-packages/setuptools/_vendor/wheel/__pycache__/_bdist_wheel.cpython-310.pyc
f	644	1000	1000	15365	64	35965343	1785345491.1516005890	results/experiments/toolchain-environment/20260729T171551Z-toolchain-formal01/boots/repetition-02/lower/python310/lib/python3.10/site-packages/pip/_internal/locations/__init__.py
f	644	1000	1000	15365	64	35967743	1785345517.2338297440	results/experiments/toolchain-environment/20260729T171551Z-toolchain-formal01/boots/repetition-02/lower/python312/lib/python3.12/site-packages/pip/_internal/locations/__init__.py
f	644	1000	1000	15397	64	35964961	1785345487.4035317550	results/experiments/toolchain-environment/20260729T171551Z-toolchain-formal01/boots/repetition-02/lower/python310/lib/python3.10/site-packages/setuptools/command/__pycache__/bdist_wheel.cpython-310.pyc
f	644	1000	1000	15404	64	35966509	1785345496.9862155860	results/experiments/toolchain-environment/20260729T171551Z-toolchain-formal01/boots/repetition-02/lower/python310/lib/python3.10/site-packages/pip/_internal/index/__pycache__/collector.cpython-310.pyc
f	644	1000	1000	15409	64	35964515	1785345479.6626332460	results/experiments/toolchain-environment/20260729T171551Z-toolchain-formal01/boots/repetition-02/lower/python310/lib/python3.10/site-packages/setuptools/_distutils/compilers/C/__pycache__/msvc.cpython-310.pyc
f	644	1000	1000	15416	64	35964365	1785345478.5063772470	results/experiments/toolchain-environment/20260729T171551Z-toolchain-formal01/boots/repetition-02/lower/python310/lib/python3.10/site-packages/pkg_resources/tests/__pycache__/test_pkg_resources.cpython-310.pyc
f	644	1000	1000	15425	64	35969169	1785345527.2114839860	results/experiments/toolchain-environment/20260729T171551Z-toolchain-formal01/boots/repetition-02/lower/python312/lib/python3.12/site-packages/pip/_vendor/chardet/__pycache__/escsm.cpython-312.pyc
f	644	1000	1000	1546	64	35966601	1785345498.2729445300	results/experiments/toolchain-environment/20260729T171551Z-toolchain-formal01/boots/repetition-02/lower/python310/lib/python3.10/site-packages/pip/_internal/operations/build/__pycache__/metadata.cpython-310.pyc
f	644	1000	1000	1548	64	35967291	1785345509.0093729370	results/experiments/toolchain-environment/20260729T171551Z-toolchain-formal01/boots/repetition-02/lower/python310/lib/python3.10/site-packages/pip/_vendor/rich/__pycache__/color_triplet.cpython-310.pyc
f	644	1000	1000	15539	64	35963865	1785345476.6853349700	results/experiments/toolchain-environment/20260729T171551Z-toolchain-formal01/boots/repetition-02/lower/python310/lib/python3.10/site-packages/setuptools/command/build_py.py
f	644	1000	1000	1556	64	35966993	1785345504.3749149200	results/experiments/toolchain-environment/20260729T171551Z-toolchain-formal01/boots/repetition-02/lower/python310/lib/python3.10/site-packages/pip/_vendor/msgpack/__pycache__/__init__.cpython-310.pyc
f	644	1000	1000	156	64	35966083	1785345494.1494641290	results/experiments/toolchain-environment/20260729T171551Z-toolchain-formal01/boots/repetition-02/lower/python310/lib/python3.10/site-packages/pip/_vendor/resolvelib/compat/collections_abc.py
f	644	1000	1000	156	64	35968425	1785345519.8542910320	results/experiments/toolchain-environment/20260729T171551Z-toolchain-formal01/boots/repetition-02/lower/python312/lib/python3.12/site-packages/pip/_vendor/resolvelib/compat/collections_abc.py
f	644	1000	1000	1560	64	35966609	1785345498.4107256510	results/experiments/toolchain-environment/20260729T171551Z-toolchain-formal01/boots/repetition-02/lower/python310/lib/python3.10/site-packages/pip/_internal/operations/build/__pycache__/wheel_editable.cpython-310.pyc
f	644	1000	1000	1562	64	35966587	1785345498.0934730220	results/experiments/toolchain-environment/20260729T171551Z-toolchain-formal01/boots/repetition-02/lower/python310/lib/python3.10/site-packages/pip/_internal/network/__pycache__/utils.cpython-310.pyc
f	644	1000	1000	1562	64	35968603	1785345520.8209355050	results/experiments/toolchain-environment/20260729T171551Z-toolchain-formal01/boots/repetition-02/lower/python312/lib/python3.12/site-packages/pip/_vendor/tenacity/before.py
f	644	1000	1000	15622	64	35969817	1785345539.8074950110	results/experiments/toolchain-environment/20260729T171551Z-toolchain-formal01/boots/repetition-02/lower/python312/lib/python3.12/site-packages/pip/_vendor/truststore/__pycache__/_windows.cpython-312.pyc
f	644	1000	1000	15642	64	35964585	1785345480.7494095760	results/experiments/toolchain-environment/20260729T171551Z-toolchain-formal01/boots/repetition-02/lower/python310/lib/python3.10/site-packages/setuptools/_distutils/tests/__pycache__/test_build_ext.cpython-310.pyc
f	644	1000	1000	15699	64	35965857	1785345493.3626411990	results/experiments/toolchain-environment/20260729T171551Z-toolchain-formal01/boots/repetition-02/lower/python310/lib/python3.10/site-packages/pip/_vendor/packaging/tags.py
f	644	1000	1000	15699	64	35968231	1785345519.0402067870	results/experiments/toolchain-environment/20260729T171551Z-toolchain-formal01/boots/repetition-02/lower/python312/lib/python3.12/site-packages/pip/_vendor/packaging/tags.py
f	644	1000	1000	15714	64	35967055	1785345505.2826437240	results/experiments/toolchain-environment/20260729T171551Z-toolchain-formal01/boots/repetition-02/lower/python310/lib/python3.10/site-packages/pip/_vendor/pygments/__pycache__/cmdline.cpython-310.pyc
f	644	1000	1000	15770	64	35968819	1785345522.6101787020	results/experiments/toolchain-environment/20260729T171551Z-toolchain-formal01/boots/repetition-02/lower/python312/lib/python3.12/site-packages/pip/_internal/commands/__pycache__/list.cpython-312.pyc
f	644	1000	1000	1580	64	35966603	1785345498.3102821390	results/experiments/toolchain-environment/20260729T171551Z-toolchain-formal01/boots/repetition-02/lower/python310/lib/python3.10/site-packages/pip/_internal/operations/build/__pycache__/metadata_editable.cpython-310.pyc
f	644	1000	1000	1580	64	35969781	1785345539.2864854250	results/experiments/toolchain-environment/20260729T171551Z-toolchain-formal01/boots/repetition-02/lower/python312/lib/python3.12/site-packages/pip/_vendor/tenacity/__pycache__/before.cpython-312.pyc
f	644	1000	1000	1583	64	35966073	1785345494.1156550300	results/experiments/toolchain-environment/20260729T171551Z-toolchain-formal01/boots/repetition-02/lower/python310/lib/python3.10/site-packages/pip/_vendor/resolvelib/reporters.py
f	644	1000	1000	15861	64	35964559	1785345480.3084014800	results/experiments/toolchain-environment/20260729T171551Z-toolchain-formal01/boots/repetition-02/lower/python310/lib/python3.10/site-packages/setuptools/_distutils/__pycache__/sysconfig.cpython-310.pyc
f	644	1000	1000	1587	64	35967345	1785345509.7423586480	results/experiments/toolchain-environment/20260729T171551Z-toolchain-formal01/boots/repetition-02/lower/python310/lib/python3.10/site-packages/pip/_vendor/rich/__pycache__/pager.cpython-310.pyc
f	644	1000	1000	158985	64	35969357	1785345529.6233076710	results/experiments/toolchain-environment/20260729T171551Z-toolchain-formal01/boots/repetition-02/lower/python312/lib/python3.12/site-packages/pip/_vendor/idna/__pycache__/uts46data.cpython-312.pyc
f	644	1000	1000	15904	64	35968885	1785345523.5540445230	results/experiments/toolchain-environment/20260729T171551Z-toolchain-formal01/boots/repetition-02/lower/python312/lib/python3.12/site-packages/pip/_internal/metadata/__pycache__/pkg_resources.cpython-312.pyc
f	644	1000	1000	1591	64	35966211	1785345494.7614926530	results/experiments/toolchain-environment/20260729T171551Z-toolchain-formal01/boots/repetition-02/lower/python310/lib/python3.10/site-packages/pip/_vendor/rich/screen.py
f	644	1000	1000	1591	64	35968563	1785345520.6371424240	results/experiments/toolchain-environment/20260729T171551Z-toolchain-formal01/boots/repetition-02/lower/python312/lib/python3.12/site-packages/pip/_vendor/rich/screen.py
f	644	1000	1000	15911	64	35969917	1785345542.5605456650	results/experiments/toolchain-environment/20260729T171551Z-toolchain-formal01/boots/repetition-02/lower/python312/lib/python3.12/site-packages/pip/_vendor/urllib3/util/__pycache__/url.cpython-312.pyc
f	644	1000	1000	15912	64	35964811	1785345484.9352790470	results/experiments/toolchain-environment/20260729T171551Z-toolchain-formal01/boots/repetition-02/lower/python310/lib/python3.10/site-packages/setuptools/_vendor/platformdirs/__pycache__/__init__.cpython-310.pyc
f	644	1000	1000	15913	64	35969809	1785345539.6705384680	results/experiments/toolchain-environment/20260729T171551Z-toolchain-formal01/boots/repetition-02/lower/python312/lib/python3.12/site-packages/pip/_vendor/truststore/__pycache__/_api.cpython-312.pyc
f	644	1000	1000	15920	64	35967487	1785345511.5147060430	results/experiments/toolchain-environment/20260729T171551Z-toolchain-formal01/boots/repetition-02/lower/python310/lib/python3.10/site-packages/pip/_vendor/urllib3/contrib/__pycache__/pyopenssl.cpython-310.pyc
f	644	1000	1000	1598	64	35964581	1785345480.6579897220	results/experiments/toolchain-environment/20260729T171551Z-toolchain-formal01/boots/repetition-02/lower/python310/lib/python3.10/site-packages/setuptools/_distutils/tests/__pycache__/test_build.cpython-310.pyc
f	644	1000	1000	15993	64	35965139	1785345489.7455747660	results/experiments/toolchain-environment/20260729T171551Z-toolchain-formal01/boots/repetition-02/lower/python310/lib/python3.10/site-packages/setuptools/tests/__pycache__/test_core_metadata.cpython-310.pyc
f	644	1000	1000	16	64	35963797	1785345476.4020443600	results/experiments/toolchain-environment/20260729T171551Z-toolchain-formal01/boots/repetition-02/lower/python310/lib/python3.10/site-packages/setuptools/_vendor/wheel/vendored/vendor.txt
f	644	1000	1000	160	64	35963603	1785345475.6632874440	results/experiments/toolchain-environment/20260729T171551Z-toolchain-formal01/boots/repetition-02/lower/python310/lib/python3.10/site-packages/setuptools/_vendor/inflect/compat/py38.py
f	644	1000	1000	160	64	35965883	1785345493.4556429070	results/experiments/toolchain-environment/20260729T171551Z-toolchain-formal01/boots/repetition-02/lower/python310/lib/python3.10/site-packages/pip/_vendor/platformdirs/version.py
f	644	1000	1000	160	64	35968255	1785345519.1246296540	results/experiments/toolchain-environment/20260729T171551Z-toolchain-formal01/boots/repetition-02/lower/python312/lib/python3.12/site-packages/pip/_vendor/platformdirs/version.py
f	644	1000	1000	1600	64	35963501	1785345475.3232001340	results/experiments/toolchain-environment/20260729T171551Z-toolchain-formal01/boots/repetition-02/lower/python310/lib/python3.10/site-packages/setuptools/_distutils/tests/test_install_scripts.py
f	644	1000	1000	1601	64	35968429	1785345519.8792503920	results/experiments/toolchain-environment/20260729T171551Z-toolchain-formal01/boots/repetition-02/lower/python312/lib/python3.12/site-packages/pip/_vendor/resolvelib/reporters.py
f	644	1000	1000	1603	64	35969675	1785345537.5435469570	results/experiments/toolchain-environment/20260729T171551Z-toolchain-formal01/boots/repetition-02/lower/python312/lib/python3.12/site-packages/pip/_vendor/rich/__pycache__/diagnose.cpython-312.pyc
f	644	1000	1000	16041	64	35963919	1785345476.8691569090	results/experiments/toolchain-environment/20260729T171551Z-toolchain-formal01/boots/repetition-02/lower/python310/lib/python3.10/site-packages/setuptools/config/expand.py
f	644	1000	1000	1605	64	35966351	1785345495.3426775690	results/experiments/toolchain-environment/20260729T171551Z-toolchain-formal01/boots/repetition-02/lower/python310/lib/python3.10/site-packages/pip/_vendor/urllib3/util/proxy.py
f	644	1000	1000	1605	64	35968711	1785345521.2684943190	results/experiments/toolchain-environment/20260729T171551Z-toolchain-formal01/boots/repetition-02/lower/python312/lib/python3.12/site-packages/pip/_vendor/urllib3/util/proxy.py
f	644	1000	1000	16071	64	35963925	1785345476.8922171560	results/experiments/toolchain-environment/20260729T171551Z-toolchain-formal01/boots/repetition-02/lower/python310/lib/python3.10/site-packages/setuptools/config/setuptools.schema.json
f	644	1000	1000	16074	64	35965169	1785345490.1492151160	results/experiments/toolchain-environment/20260729T171551Z-toolchain-formal01/boots/repetition-02/lower/python310/lib/python3.10/site-packages/setuptools/tests/__pycache__/test_manifest.cpython-310.pyc
f	644	1000	1000	1609	64	35963375	1785345474.8481342740	results/experiments/toolchain-environment/20260729T171551Z-toolchain-formal01/boots/repetition-02/lower/python310/lib/python3.10/site-packages/setuptools/_distutils/command/_framework_compat.py
f	644	1000	1000	161	64	35963305	1785345474.6253574840	results/experiments/toolchain-environment/20260729T171551Z-toolchain-formal01/boots/repetition-02/lower/python310/lib/python3.10/site-packages/setuptools/version.py
f	644	1000	1000	1612	64	35963937	1785345476.9349642610	results/experiments/toolchain-environment/20260729T171551Z-toolchain-formal01/boots/repetition-02/lower/python310/lib/python3.10/site-packages/setuptools/config/_validate_pyproject/fastjsonschema_exceptions.py
f	644	1000	1000	16138	64	35969349	1785345529.4416903570	results/experiments/toolchain-environment/20260729T171551Z-toolchain-formal01/boots/repetition-02/lower/python312/lib/python3.12/site-packages/pip/_vendor/idna/__pycache__/core.cpython-312.pyc
f	644	1000	1000	16148	64	35965033	1785345488.3755496050	results/experiments/toolchain-environment/20260729T171551Z-toolchain-formal01/boots/repetition-02/lower/python310/lib/python3.10/site-packages/setuptools/config/__pycache__/pyprojecttoml.cpython-310.pyc
f	644	1000	1000	1616	64	35966163	1785345494.5236625250	results/experiments/toolchain-environment/20260729T171551Z-toolchain-formal01/boots/repetition-02/lower/python310/lib/python3.10/site-packages/pip/_vendor/rich/file_proxy.py
f	644	1000	1000	1618	64	35966687	1785345499.6767636350	results/experiments/toolchain-environment/20260729T171551Z-toolchain-formal01/boots/repetition-02/lower/python310/lib/python3.10/site-packages/pip/_internal/utils/__pycache__/compat.cpython-310.pyc
f	644	1000	1000	1623	64	35969551	1785345534.4703744010	results/experiments/toolchain-environment/20260729T171551Z-toolchain-formal01/boots/repetition-02/lower/python312/lib/python3.12/site-packages/pip/_vendor/requests/__pycache__/compat.cpython-312.pyc
f	644	1000	1000	16234	64	35963831	1785345476.5745618250	results/experiments/toolchain-environment/20260729T171551Z-toolchain-formal01/boots/repetition-02/lower/python310/lib/python3.10/site-packages/setuptools/_vendor/wheel/vendored/packaging/version.py
f	644	1000	1000	16250	64	35963627	1785345475.7332664200	results/experiments/toolchain-environment/20260729T171551Z-toolchain-formal01/boots/repetition-02/lower/python310/lib/python3.10/site-packages/setuptools/_vendor/jaraco/text/__init__.py
f	644	1000	1000	16258	64	35967531	1785345512.1294810820	results/experiments/toolchain-environment/20260729T171551Z-toolchain-formal01/boots/repetition-02/lower/python310/lib/python3.10/site-packages/pip/_vendor/urllib3/util/__pycache__/retry.cpython-310.pyc
f	644	1000	1000	16282	64	35969121	1785345526.5509977040	results/experiments/toolchain-environment/20260729T171551Z-toolchain-formal01/boots/repetition-02/lower/python312/lib/python3.12/site-packages/pip/_vendor/cachecontrol/__pycache__/controller.cpython-312.pyc
f	644	1000	1000	1630	64	35966683	1785345499.6170356110	results/experiments/toolchain-environment/20260729T171551Z-toolchain-formal01/boots/repetition-02/lower/python310/lib/python3.10/site-packages/pip/_internal/utils/__pycache__/_log.cpython-310.pyc
f	644	1000	1000	16324	64	35964935	1785345487.0435718400	results/experiments/toolchain-environment/20260729T171551Z-toolchain-formal01/boots/repetition-02/lower/python310/lib/python3.10/site-packages/setuptools/_vendor/zipp/__pycache__/__init__.cpython-310.pyc
f	644	1000	1000	1637	64	35964563	1785345480.3425348750	results/experiments/toolchain-environment/20260729T171551Z-toolchain-formal01/boots/repetition-02/lower/python310/lib/python3.10/site-packages/setuptools/_distutils/tests/__pycache__/__init__.cpython-310.pyc
f	644	1000	1000	1638	64	35967309	1785345509.3145765100	results/experiments/toolchain-environment/20260729T171551Z-toolchain-formal01/boots/repetition-02/lower/python310/lib/python3.10/site-packages/pip/_vendor/rich/__pycache__/errors.cpython-310.pyc
f	644	1000	1000	1639	64	35965019	1785345488.1276883430	results/experiments/toolchain-environment/20260729T171551Z-toolchain-formal01/boots/repetition-02/lower/python310/lib/python3.10/site-packages/setuptools/config/_validate_pyproject/__pycache__/__init__.cpython-310.pyc
f	644	1000	1000	16416	64	35965603	1785345492.2126200760	results/experiments/toolchain-environment/20260729T171551Z-toolchain-formal01/boots/repetition-02/lower/python310/lib/python3.10/site-packages/pip/_vendor/cachecontrol/controller.py
f	644	1000	1000	1642	64	35964259	1785345477.9840166990	results/experiments/toolchain-environment/20260729T171551Z-toolchain-formal01/boots/repetition-02/lower/python310/lib/python3.10/site-packages/setuptools/_vendor/platformdirs-4.2.2.dist-info/RECORD
f	644	1000	1000	1643	64	35966107	1785345494.2483975440	results/experiments/toolchain-environment/20260729T171551Z-toolchain-formal01/boots/repetition-02/lower/python310/lib/python3.10/site-packages/pip/_vendor/rich/_null_file.py
f	644	1000	1000	16495	64	35965065	1785345488.7815570610	results/experiments/toolchain-environment/20260729T171551Z-toolchain-formal01/boots/repetition-02/lower/python310/lib/python3.10/site-packages/setuptools/__pycache__/sandbox.cpython-310.pyc
f	644	1000	1000	16504	64	35965335	1785345491.1226000560	results/experiments/toolchain-environment/20260729T171551Z-toolchain-formal01/boots/repetition-02/lower/python310/lib/python3.10/site-packages/pip/_internal/index/collector.py
f	644	1000	1000	16507	64	35965401	1785345491.4206055290	results/experiments/toolchain-environment/20260729T171551Z-toolchain-formal01/boots/repetition-02/lower/python310/lib/python3.10/site-packages/pip/_internal/network/auth.py
f	644	1000	1000	1652	64	35963183	1785345474.2585065570	results/experiments/toolchain-environment/20260729T171551Z-toolchain-formal01/boots/repetition-02/lower/python310/lib/python3.10/site-packages/pkg_resources/tests/test_integration_zope_interface.py
f	644	1000	1000	16531	64	35963433	1785345475.0616019260	results/experiments/toolchain-environment/20260729T171551Z-toolchain-formal01/boots/repetition-02/lower/python310/lib/python3.10/site-packages/setuptools/_distutils/compilers/C/unix.py
f	644	1000	1000	16536	64	35969271	1785345528.4412859320	results/experiments/toolchain-environment/20260729T171551Z-toolchain-formal01/boots/repetition-02/lower/python312/lib/python3.12/site-packages/pip/_vendor/colorama/__pycache__/ansitowin32.cpython-312.pyc
f	644	1000	1000	16572	64	35963773	1785345476.3100863230	results/experiments/toolchain-environment/20260729T171551Z-toolchain-formal01/boots/repetition-02/lower/python310/lib/python3.10/site-packages/setuptools/_vendor/wheel/macosx_libfile.py
f	644	1000	1000	1658	64	35966621	1785345498.5921891710	results/experiments/toolchain-environment/20260729T171551Z-toolchain-formal01/boots/repetition-02/lower/python310/lib/python3.10/site-packages/pip/_internal/operations/install/__pycache__/editable_legacy.cpython-310.pyc
f	644	1000	1000	16583	64	35967411	1785345510.6614809890	results/experiments/toolchain-environment/20260729T171551Z-toolchain-formal01/boots/repetition-02/lower/python310/lib/python3.10/site-packages/pip/_vendor/tenacity/__pycache__/__init__.cpython-310.pyc
f	644	1000	1000	16590	64	35967735	1785345517.2093582140	results/experiments/toolchain-environment/20260729T171551Z-toolchain-formal01/boots/repetition-02/lower/python312/lib/python3.12/site-packages/pip/_internal/index/collector.py
f	644	1000	1000	166	64	35966203	1785345494.7166660700	results/experiments/toolchain-environment/20260729T171551Z-toolchain-formal01/boots/repetition-02/lower/python310/lib/python3.10/site-packages/pip/_vendor/rich/region.py
f	644	1000	1000	166	64	35968555	1785345520.5841414500	results/experiments/toolchain-environment/20260729T171551Z-toolchain-formal01/boots/repetition-02/lower/python312/lib/python3.12/site-packages/pip/_vendor/rich/region.py
f	644	1000	1000	16604	64	35969825	1785345539.9224971270	results/experiments/toolchain-environment/20260729T171551Z-toolchain-formal01/boots/repetition-02/lower/python312/lib/python3.12/site-packages/pip/_vendor/urllib3/__pycache__/_collections.cpython-312.pyc
f	644	1000	1000	16611	64	35965467	1785345491.6296093680	results/experiments/toolchain-environment/20260729T171551Z-toolchain-formal01/boots/repetition-02/lower/python310/lib/python3.10/site-packages/pip/_internal/req/constructors.py
f	644	1000	1000	1662	64	35967275	1785345508.7675275490	results/experiments/toolchain-environment/20260729T171551Z-toolchain-formal01/boots/repetition-02/lower/python310/lib/python3.10/site-packages/pip/_vendor/rich/__pycache__/_wrap.cpython-310.pyc
f	644	1000	1000	16642	64	35963617	1785345475.6980692040	results/experiments/toolchain-environment/20260729T171551Z-toolchain-formal01/boots/repetition-02/lower/python310/lib/python3.10/site-packages/setuptools/_vendor/jaraco/functools/__init__.py
f	644	1000	1000	1665	64	35965515	1785345491.8133334320	results/experiments/toolchain-environment/20260729T171551Z-toolchain-formal01/boots/repetition-02/lower/python310/lib/python3.10/site-packages/pip/_internal/utils/appdirs.py
f	644	1000	1000	1665	64	35967911	1785345517.8418626230	results/experiments/toolchain-environment/20260729T171551Z-toolchain-formal01/boots/repetition-02/lower/python312/lib/python3.12/site-packages/pip/_internal/utils/appdirs.py
f	644	1000	1000	16676	64	35963685	1785345475.9776505970	results/experiments/toolchain-environment/20260729T171551Z-toolchain-formal01/boots/repetition-02/lower/python310/lib/python3.10/site-packages/setuptools/_vendor/packaging/version.py
f	644	1000	1000	1668	64	35969889	1785345542.1764905930	results/experiments/toolchain-environment/20260729T171551Z-toolchain-formal01/boots/repetition-02/lower/python312/lib/python3.12/site-packages/pip/_vendor/urllib3/util/__pycache__/proxy.cpython-312.pyc
f	644	1000	1000	16692	64	35967141	1785345506.6767973110	results/experiments/toolchain-environment/20260729T171551Z-toolchain-formal01/boots/repetition-02/lower/python310/lib/python3.10/site-packages/pip/_vendor/pyparsing/diagram/__pycache__/__init__.cpython-310.pyc
f	644	1000	1000	16696	64	35963389	1785345474.9026332500	results/experiments/toolchain-environment/20260729T171551Z-toolchain-formal01/boots/repetition-02/lower/python310/lib/python3.10/site-packages/setuptools/_distutils/command/build_py.py
f	644	1000	1000	167	64	35963417	1785345475.0052780140	results/experiments/toolchain-environment/20260729T171551Z-toolchain-formal01/boots/repetition-02/lower/python310/lib/python3.10/site-packages/setuptools/_distutils/compat/numpy.py
f	644	1000	1000	1676	64	35967175	1785345507.2945998920	results/experiments/toolchain-environment/20260729T171551Z-toolchain-formal01/boots/repetition-02/lower/python310/lib/python3.10/site-packages/pip/_vendor/requests/__pycache__/_internal_utils.cpython-310.pyc
f	644	1000	1000	16778	64	35969811	1785345539.7036859220	results/experiments/toolchain-environment/20260729T171551Z-toolchain-formal01/boots/repetition-02/lower/python312/lib/python3.12/site-packages/pip/_vendor/truststore/__pycache__/_macos.cpython-312.pyc
f	644	1000	1000	1680	64	35966455	1785345496.1856930550	results/experiments/toolchain-environment/20260729T171551Z-toolchain-formal01/boots/repetition-02/lower/python310/lib/python3.10/site-packages/pip/_internal/commands/__pycache__/check.cpython-310.pyc
f	644	1000	1000	1682	64	35968601	1785345520.8124525020	results/experiments/toolchain-environment/20260729T171551Z-toolchain-formal01/boots/repetition-02/lower/python312/lib/python3.12/site-packages/pip/_vendor/tenacity/after.py
f	644	1000	1000	1683	64	35965651	1785345492.4186238600	results/experiments/toolchain-environment/20260729T171551Z-toolchain-formal01/boots/repetition-02/lower/python310/lib/python3.10/site-packages/pip/_vendor/chardet/enums.py
f	644	1000	1000	1683	64	35968043	1785345518.3084607120	results/experiments/toolchain-environment/20260729T171551Z-toolchain-formal01/boots/repetition-02/lower/python312/lib/python3.12/site-packages/pip/_vendor/chardet/enums.py
f	644	1000	1000	1683	64	35968515	1785345520.3683759890	results/experiments/toolchain-environment/20260729T171551Z-toolchain-formal01/boots/repetition-02/lower/python312/lib/python3.12/site-packages/pip/_vendor/rich/file_proxy.py
f	644	1000	1000	1684	64	35969473	1785345531.9603506550	results/experiments/toolchain-environment/20260729T171551Z-toolchain-formal01/boots/repetition-02/lower/python312/lib/python3.12/site-packages/pip/_vendor/pygments/__pycache__/modeline.cpython-312.pyc
f	644	1000	1000	168448	64	35965797	1785345493.1186367170	results/experiments/toolchain-environment/20260729T171551Z-toolchain-formal01/boots/repetition-02/lower/python310/lib/python3.10/site-packages/pip/_vendor/distlib/w64-arm.exe
f	644	1000	1000	1685	64	35965287	1785345490.9105961620	results/experiments/toolchain-environment/20260729T171551Z-toolchain-formal01/boots/repetition-02/lower/python310/lib/python3.10/site-packages/pip/_internal/commands/check.py
f	644	1000	1000	16890	64	35968857	1785345523.1744152640	results/experiments/toolchain-environment/20260729T171551Z-toolchain-formal01/boots/repetition-02/lower/python312/lib/python3.12/site-packages/pip/_internal/locations/__pycache__/__init__.cpython-312.pyc
f	644	1000	1000	16906	64	35964603	1785345481.1263449380	results/experiments/toolchain-environment/20260729T171551Z-toolchain-formal01/boots/repetition-02/lower/python310/lib/python3.10/site-packages/setuptools/_distutils/tests/__pycache__/test_dist.cpython-310.pyc
f	644	1000	1000	1691	64	35966761	1785345500.7428792360	results/experiments/toolchain-environment/20260729T171551Z-toolchain-formal01/boots/repetition-02/lower/python310/lib/python3.10/site-packages/pip/_vendor/cachecontrol/__pycache__/_cmd.cpython-310.pyc
f	644	1000	1000	1695	64	35966731	1785345500.3566676280	results/experiments/toolchain-environment/20260729T171551Z-toolchain-formal01/boots/repetition-02/lower/python310/lib/python3.10/site-packages/pip/_internal/utils/__pycache__/urls.cpython-310.pyc
f	644	1000	1000	1696	64	35964707	1785345483.0194512540	results/experiments/toolchain-environment/20260729T171551Z-toolchain-formal01/boots/repetition-02/lower/python310/lib/python3.10/site-packages/setuptools/_vendor/importlib_metadata/__pycache__/_collections.cpython-310.pyc
f	644	1000	1000	16968	64	35966561	1785345497.7074928040	results/experiments/toolchain-environment/20260729T171551Z-toolchain-formal01/boots/repetition-02/lower/python310/lib/python3.10/site-packages/pip/_internal/models/__pycache__/link.cpython-310.pyc
f	644	1000	1000	1697	64	35965895	1785345493.5006437340	results/experiments/toolchain-environment/20260729T171551Z-toolchain-formal01/boots/repetition-02/lower/python310/lib/python3.10/site-packages/pip/_vendor/pygments/console.py
f	644	1000	1000	1697	64	35968267	1785345519.1640350160	results/experiments/toolchain-environment/20260729T171551Z-toolchain-formal01/boots/repetition-02/lower/python312/lib/python3.12/site-packages/pip/_vendor/pygments/console.py
f	644	1000	1000	16972	64	35963853	1785345476.6394963260	results/experiments/toolchain-environment/20260729T171551Z-toolchain-formal01/boots/repetition-02/lower/python310/lib/python3.10/site-packages/setuptools/command/bdist_egg.py
f	644	1000	1000	17010	64	35967177	1785345507.3406917700	results/experiments/toolchain-environment/20260729T171551Z-toolchain-formal01/boots/repetition-02/lower/python310/lib/python3.10/site-packages/pip/_vendor/requests/__pycache__/adapters.cpython-310.pyc
f	644	1000	1000	1703	64	35965299	1785345490.9685972270	results/experiments/toolchain-environment/20260729T171551Z-toolchain-formal01/boots/repetition-02/lower/python310/lib/python3.10/site-packages/pip/_internal/commands/hash.py
f	644	1000	1000	1703	64	35967695	1785345517.0687578690	results/experiments/toolchain-environment/20260729T171551Z-toolchain-formal01/boots/repetition-02/lower/python312/lib/python3.12/site-packages/pip/_internal/commands/hash.py
f	644	1000	1000	1703	64	35969239	1785345528.0212782070	results/experiments/toolchain-environment/20260729T171551Z-toolchain-formal01/boots/repetition-02/lower/python312/lib/python3.12/site-packages/pip/_vendor/chardet/__pycache__/mbcsgroupprober.cpython-312.pyc
f	644	1000	1000	1704	64	35964361	1785345478.4573069720	results/experiments/toolchain-environment/20260729T171551Z-toolchain-formal01/boots/repetition-02/lower/python310/lib/python3.10/site-packages/pkg_resources/tests/__pycache__/test_integration_zope_interface.cpython-310.pyc
f	644	1000	1000	17081	64	35966319	1785345495.2176752730	results/experiments/toolchain-environment/20260729T171551Z-toolchain-formal01/boots/repetition-02/lower/python310/lib/python3.10/site-packages/pip/_vendor/urllib3/contrib/pyopenssl.py
f	644	1000	1000	17081	64	35968673	1785345521.0892551910	results/experiments/toolchain-environment/20260729T171551Z-toolchain-formal01/boots/repetition-02/lower/python312/lib/python3.12/site-packages/pip/_vendor/urllib3/contrib/pyopenssl.py
f	644	1000	1000	1709	64	35966929	1785345503.3569218790	results/experiments/toolchain-environment/20260729T171551Z-toolchain-formal01/boots/repetition-02/lower/python310/lib/python3.10/site-packages/pip/_vendor/colorama/tests/__pycache__/utils.cpython-310.pyc
f	644	1000	1000	17111	64	35963187	1785345474.2722906780	results/experiments/toolchain-environment/20260729T171551Z-toolchain-formal01/boots/repetition-02/lower/python310/lib/python3.10/site-packages/pkg_resources/tests/test_pkg_resources.py
f	644	1000	1000	17141	64	35964485	1785345479.2543821300	results/experiments/toolchain-environment/20260729T171551Z-toolchain-formal01/boots/repetition-02/lower/python310/lib/python3.10/site-packages/setuptools/_distutils/command/__pycache__/install.cpython-310.pyc
f	644	1000	1000	17177	64	35966361	1785345495.3946785240	results/experiments/toolchain-environment/20260729T171551Z-toolchain-formal01/boots/repetition-02/lower/python310/lib/python3.10/site-packages/pip/_vendor/urllib3/util/ssl_.py
f	644	1000	1000	17177	64	35968721	1785345521.3221459400	results/experiments/toolchain-environment/20260729T171551Z-toolchain-formal01/boots/repetition-02/lower/python312/lib/python3.12/site-packages/pip/_vendor/urllib3/util/ssl_.py
f	644	1000	1000	17180	64	35967437	1785345511.0144734890	results/experiments/toolchain-environment/20260729T171551Z-toolchain-formal01/boots/repetition-02/lower/python310/lib/python3.10/site-packages/pip/_vendor/tomli/__pycache__/_parser.cpython-310.pyc
f	644	1000	1000	17187	64	35964831	1785345485.2400356110	results/experiments/toolchain-environment/20260729T171551Z-toolchain-formal01/boots/repetition-02/lower/python310/lib/python3.10/site-packages/setuptools/_vendor/tomli/__pycache__/_parser.cpython-310.pyc
f	644	1000	1000	1724	64	35969637	1785345536.7684391000	results/experiments/toolchain-environment/20260729T171551Z-toolchain-formal01/boots/repetition-02/lower/python312/lib/python3.12/site-packages/pip/_vendor/rich/__pycache__/abc.cpython-312.pyc
f	644	1000	1000	1728	64	35966685	1785345499.6445181800	results/experiments/toolchain-environment/20260729T171551Z-toolchain-formal01/boots/repetition-02/lower/python310/lib/python3.10/site-packages/pip/_internal/utils/__pycache__/appdirs.cpython-310.pyc
f	644	1000	1000	1730	64	35966773	1785345500.9447101500	results/experiments/toolchain-environment/20260729T171551Z-toolchain-formal01/boots/repetition-02/lower/python310/lib/python3.10/site-packages/pip/_vendor/cachecontrol/caches/__pycache__/redis_cache.cpython-310.pyc
f	644	1000	1000	17304	64	35969515	1785345533.3283758180	results/experiments/toolchain-environment/20260729T171551Z-toolchain-formal01/boots/repetition-02/lower/python312/lib/python3.12/site-packages/pip/_vendor/pyparsing/__pycache__/testing.cpython-312.pyc
f	644	1000	1000	1737	64	35967983	1785345518.0946805040	results/experiments/toolchain-environment/20260729T171551Z-toolchain-formal01/boots/repetition-02/lower/python312/lib/python3.12/site-packages/pip/_vendor/cachecontrol/_cmd.py
f	644	1000	1000	174	64	35964079	1785345477.3983480580	results/experiments/toolchain-environment/20260729T171551Z-toolchain-formal01/boots/repetition-02/lower/python310/lib/python3.10/site-packages/setuptools/tests/indexes/test_links_priority/simple/foobar/index.html
f	644	1000	1000	1740	64	35966405	1785345495.6436830980	results/experiments/toolchain-environment/20260729T171551Z-toolchain-formal01/boots/repetition-02/lower/python310/lib/python3.10/site-packages/pip/__pycache__/__pip-runner__.cpython-310.pyc
f	644	1000	1000	1740	64	35969779	1785345539.2575423540	results/experiments/toolchain-environment/20260729T171551Z-toolchain-formal01/boots/repetition-02/lower/python312/lib/python3.12/site-packages/pip/_vendor/tenacity/__pycache__/after.cpython-312.pyc
f	644	1000	1000	1742	64	35963463	1785345475.1743049370	results/experiments/toolchain-environment/20260729T171551Z-toolchain-formal01/boots/repetition-02/lower/python310/lib/python3.10/site-packages/setuptools/_distutils/tests/test_build.py
f	644	1000	1000	1742	64	35966501	1785345496.8940904530	results/experiments/toolchain-environment/20260729T171551Z-toolchain-formal01/boots/repetition-02/lower/python310/lib/python3.10/site-packages/pip/_internal/distributions/__pycache__/wheel.cpython-310.pyc
f	644	1000	1000	17424	64	35966945	1785345503.6043527680	results/experiments/toolchain-environment/20260729T171551Z-toolchain-formal01/boots/repetition-02/lower/python310/lib/python3.10/site-packages/pip/_vendor/distlib/__pycache__/index.cpython-310.pyc
f	644	1000	1000	1743	64	35967721	1785345517.1638647280	results/experiments/toolchain-environment/20260729T171551Z-toolchain-formal01/boots/repetition-02/lower/python312/lib/python3.12/site-packages/pip/_internal/distributions/base.py
f	644	1000	1000	17440	64	35969323	1785345529.0464794700	results/experiments/toolchain-environment/20260729T171551Z-toolchain-formal01/boots/repetition-02/lower/python312/lib/python3.12/site-packages/pip/_vendor/distlib/__pycache__/resources.cpython-312.pyc
f	644	1000	1000	17468	64	35968639	1785345520.9516088770	results/experiments/toolchain-environment/20260729T171551Z-toolchain-formal01/boots/repetition-02/lower/python312/lib/python3.12/site-packages/pip/_vendor/truststore/_windows.py
f	644	1000	1000	17500	64	35964473	1785345479.0603785680	results/experiments/toolchain-environment/20260729T171551Z-toolchain-formal01/boots/repetition-02/lower/python310/lib/python3.10/site-packages/setuptools/_distutils/command/__pycache__/build_ext.cpython-310.pyc
f	644	1000	1000	1752	64	35965677	1785345492.5343646240	results/experiments/toolchain-environment/20260729T171551Z-toolchain-formal01/boots/repetition-02/lower/python310/lib/python3.10/site-packages/pip/_vendor/chardet/johabprober.py
f	644	1000	1000	1752	64	35968069	1785345518.4136903280	results/experiments/toolchain-environment/20260729T171551Z-toolchain-formal01/boots/repetition-02/lower/python312/lib/python3.12/site-packages/pip/_vendor/chardet/johabprober.py
f	644	1000	1000	1753	64	35965661	1785345492.4626329910	results/experiments/toolchain-environment/20260729T171551Z-toolchain-formal01/boots/repetition-02/lower/python310/lib/python3.10/site-packages/pip/_vendor/chardet/euckrprober.py
f	644	1000	1000	1753	64	35965665	1785345492.4796249800	results/experiments/toolchain-environment/20260729T171551Z-toolchain-formal01/boots/repetition-02/lower/python310/lib/python3.10/site-packages/pip/_vendor/chardet/euctwprober.py
f	644	1000	1000	1753	64	35968053	1785345518.3468325190	results/experiments/toolchain-environment/20260729T171551Z-toolchain-formal01/boots/repetition-02/lower/python312/lib/python3.12/site-packages/pip/_vendor/chardet/euckrprober.py
f	644	1000	1000	1753	64	35968057	1785345518.3632311770	results/experiments/toolchain-environment/20260729T171551Z-toolchain-formal01/boots/repetition-02/lower/python312/lib/python3.12/site-packages/pip/_vendor/chardet/euctwprober.py
f	644	1000	1000	17543	64	35969843	1785345541.4192440750	results/experiments/toolchain-environment/20260729T171551Z-toolchain-formal01/boots/repetition-02/lower/python312/lib/python3.12/site-packages/pip/_vendor/urllib3/contrib/_securetransport/__pycache__/bindings.cpython-312.pyc
f	644	1000	1000	1759	64	35964853	1785345485.5684980580	results/experiments/toolchain-environment/20260729T171551Z-toolchain-formal01/boots/repetition-02/lower/python310/lib/python3.10/site-packages/setuptools/_vendor/typeguard/__pycache__/_memo.cpython-310.pyc
f	644	1000	1000	1759	64	35965013	1785345488.0685439680	results/experiments/toolchain-environment/20260729T171551Z-toolchain-formal01/boots/repetition-02/lower/python310/lib/python3.10/site-packages/setuptools/config/__pycache__/__init__.cpython-310.pyc
f	644	1000	1000	1759	64	35965561	1785345492.0186165130	results/experiments/toolchain-environment/20260729T171551Z-toolchain-formal01/boots/repetition-02/lower/python310/lib/python3.10/site-packages/pip/_internal/utils/urls.py
f	644	1000	1000	1759	64	35965669	1785345492.4986548770	results/experiments/toolchain-environment/20260729T171551Z-toolchain-formal01/boots/repetition-02/lower/python310/lib/python3.10/site-packages/pip/_vendor/chardet/gb2312prober.py
f	644	1000	1000	1759	64	35967953	1785345518.0024096680	results/experiments/toolchain-environment/20260729T171551Z-toolchain-formal01/boots/repetition-02/lower/python312/lib/python3.12/site-packages/pip/_internal/utils/urls.py
f	644	1000	1000	1759	64	35968061	1785345518.3798760520	results/experiments/toolchain-environment/20260729T171551Z-toolchain-formal01/boots/repetition-02/lower/python312/lib/python3.12/site-packages/pip/_vendor/chardet/gb2312prober.py
f	644	1000	1000	17591	64	35964393	1785345478.8063739050	results/experiments/toolchain-environment/20260729T171551Z-toolchain-formal01/boots/repetition-02/lower/python310/lib/python3.10/site-packages/setuptools/_distutils/__pycache__/cmd.cpython-310.pyc
f	644	1000	1000	17592	64	35966075	1785345494.1236551770	results/experiments/toolchain-environment/20260729T171551Z-toolchain-formal01/boots/repetition-02/lower/python310/lib/python3.10/site-packages/pip/_vendor/resolvelib/resolvers.py
f	644	1000	1000	1763	64	35965637	1785345492.3575463320	results/experiments/toolchain-environment/20260729T171551Z-toolchain-formal01/boots/repetition-02/lower/python310/lib/python3.10/site-packages/pip/_vendor/chardet/big5prober.py
f	644	1000	1000	1763	64	35968023	1785345518.2372274630	results/experiments/toolchain-environment/20260729T171551Z-toolchain-formal01/boots/repetition-02/lower/python312/lib/python3.12/site-packages/pip/_vendor/chardet/big5prober.py
f	644	1000	1000	17632	64	35966329	1785345495.2576760080	results/experiments/toolchain-environment/20260729T171551Z-toolchain-formal01/boots/repetition-02/lower/python310/lib/python3.10/site-packages/pip/_vendor/urllib3/contrib/_securetransport/bindings.py
f	644	1000	1000	17632	64	35968665	1785345521.0435201430	results/experiments/toolchain-environment/20260729T171551Z-toolchain-formal01/boots/repetition-02/lower/python312/lib/python3.12/site-packages/pip/_vendor/urllib3/contrib/_securetransport/bindings.py
f	644	1000	1000	17646	64	35965469	1785345491.6376095150	results/experiments/toolchain-environment/20260729T171551Z-toolchain-formal01/boots/repetition-02/lower/python310/lib/python3.10/site-packages/pip/_internal/req/req_file.py
f	644	1000	1000	176567	64	35967137	1785345506.6288849310	results/experiments/toolchain-environment/20260729T171551Z-toolchain-formal01/boots/repetition-02/lower/python310/lib/python3.10/site-packages/pip/_vendor/pyparsing/__pycache__/core.cpython-310.pyc
f	644	1000	1000	17673	64	35967079	1785345505.6261317850	results/experiments/toolchain-environment/20260729T171551Z-toolchain-formal01/boots/repetition-02/lower/python310/lib/python3.10/site-packages/pip/_vendor/pygments/formatters/__pycache__/img.cpython-310.pyc
f	644	1000	1000	17694	64	35968633	1785345520.9271774360	results/experiments/toolchain-environment/20260729T171551Z-toolchain-formal01/boots/repetition-02/lower/python312/lib/python3.12/site-packages/pip/_vendor/truststore/_macos.py
f	644	1000	1000	1770	64	35964665	1785345482.2824377220	results/experiments/toolchain-environment/20260729T171551Z-toolchain-formal01/boots/repetition-02/lower/python310/lib/python3.10/site-packages/setuptools/__pycache__/_reqs.cpython-310.pyc
f	644	1000	1000	17705	64	35967289	1785345508.9782478510	results/experiments/toolchain-environment/20260729T171551Z-toolchain-formal01/boots/repetition-02/lower/python310/lib/python3.10/site-packages/pip/_vendor/rich/__pycache__/color.cpython-310.pyc
f	644	1000	1000	17780	64	35968829	1785345522.7819186300	results/experiments/toolchain-environment/20260729T171551Z-toolchain-formal01/boots/repetition-02/lower/python312/lib/python3.12/site-packages/pip/_internal/__pycache__/configuration.cpython-312.pyc
f	644	1000	1000	17790	64	35967861	1785345517.6621602820	results/experiments/toolchain-environment/20260729T171551Z-toolchain-formal01/boots/repetition-02/lower/python312/lib/python3.12/site-packages/pip/_internal/req/req_file.py
f	644	1000	1000	1781	64	35966709	1785345500.0188688640	results/experiments/toolchain-environment/20260729T171551Z-toolchain-formal01/boots/repetition-02/lower/python310/lib/python3.10/site-packages/pip/_internal/utils/__pycache__/glibc.cpython-310.pyc
f	644	1000	1000	1782	64	35967683	1785345517.0221301640	results/experiments/toolchain-environment/20260729T171551Z-toolchain-formal01/boots/repetition-02/lower/python312/lib/python3.12/site-packages/pip/_internal/commands/check.py
f	644	1000	1000	1787	64	35968811	1785345522.4331754470	results/experiments/toolchain-environment/20260729T171551Z-toolchain-formal01/boots/repetition-02/lower/python312/lib/python3.12/site-packages/pip/_internal/commands/__pycache__/help.cpython-312.pyc
f	644	1000	1000	1789	64	35969129	1785345526.6672533060	results/experiments/toolchain-environment/20260729T171551Z-toolchain-formal01/boots/repetition-02/lower/python312/lib/python3.12/site-packages/pip/_vendor/cachecontrol/__pycache__/wrapper.cpython-312.pyc
f	644	1000	1000	17895	64	35963347	1785345474.7585989340	results/experiments/toolchain-environment/20260729T171551Z-toolchain-formal01/boots/repetition-02/lower/python310/lib/python3.10/site-packages/setuptools/_distutils/fancy_getopt.py
f	644	1000	1000	1791	64	35964679	1785345482.5263061920	results/experiments/toolchain-environment/20260729T171551Z-toolchain-formal01/boots/repetition-02/lower/python310/lib/python3.10/site-packages/setuptools/_vendor/autocommand/__pycache__/automain.cpython-310.pyc
f	644	1000	1000	1791	64	35965423	1785345491.4706064480	results/experiments/toolchain-environment/20260729T171551Z-toolchain-formal01/boots/repetition-02/lower/python310/lib/python3.10/site-packages/pip/_internal/network/xmlrpc.py
f	644	1000	1000	1798	64	35968947	1785345524.3496914760	results/experiments/toolchain-environment/20260729T171551Z-toolchain-formal01/boots/repetition-02/lower/python312/lib/python3.12/site-packages/pip/_internal/operations/build/__pycache__/wheel.cpython-312.pyc
f	644	1000	1000	18	64	35963957	1785345477.0103854020	results/experiments/toolchain-environment/20260729T171551Z-toolchain-formal01/boots/repetition-02/lower/python310/lib/python3.10/site-packages/setuptools/tests/script-with-bom.py
f	644	1000	1000	1801	64	35963577	1785345475.5774975330	results/experiments/toolchain-environment/20260729T171551Z-toolchain-formal01/boots/repetition-02/lower/python310/lib/python3.10/site-packages/setuptools/_vendor/importlib_metadata/_meta.py
f	644	1000	1000	1801	64	35966567	1785345497.7973321610	results/experiments/toolchain-environment/20260729T171551Z-toolchain-formal01/boots/repetition-02/lower/python310/lib/python3.10/site-packages/pip/_internal/models/__pycache__/selection_prefs.cpython-310.pyc
f	644	1000	1000	18015	64	35966141	1785345494.4206606330	results/experiments/toolchain-environment/20260729T171551Z-toolchain-formal01/boots/repetition-02/lower/python310/lib/python3.10/site-packages/pip/_vendor/rich/color.py
f	644	1000	1000	1808	64	35968897	1785345523.6963225700	results/experiments/toolchain-environment/20260729T171551Z-toolchain-formal01/boots/repetition-02/lower/python312/lib/python3.12/site-packages/pip/_internal/models/__pycache__/index.cpython-312.pyc
f	644	1000	1000	1809	64	35963203	1785345474.3202170770	results/experiments/toolchain-environment/20260729T171551Z-toolchain-formal01/boots/repetition-02/lower/python310/lib/python3.10/site-packages/pkg_resources/tests/data/my-test-package-zip/my-test-package.zip
f	644	1000	1000	18094	64	35963363	1785345474.8123005890	results/experiments/toolchain-environment/20260729T171551Z-toolchain-formal01/boots/repetition-02/lower/python310/lib/python3.10/site-packages/setuptools/_distutils/util.py
f	644	1000	1000	18102	64	35965783	1785345493.0106347330	results/experiments/toolchain-environment/20260729T171551Z-toolchain-formal01/boots/repetition-02/lower/python310/lib/python3.10/site-packages/pip/_vendor/distlib/scripts.py
f	644	1000	1000	18116	64	35965573	1785345492.0766175780	results/experiments/toolchain-environment/20260729T171551Z-toolchain-formal01/boots/repetition-02/lower/python310/lib/python3.10/site-packages/pip/_internal/vcs/git.py
f	644	1000	1000	18121	64	35967965	1785345518.0420042110	results/experiments/toolchain-environment/20260729T171551Z-toolchain-formal01/boots/repetition-02/lower/python312/lib/python3.12/site-packages/pip/_internal/vcs/git.py
f	644	1000	1000	18124	64	35965015	1785345488.0955444630	results/experiments/toolchain-environment/20260729T171551Z-toolchain-formal01/boots/repetition-02/lower/python310/lib/python3.10/site-packages/setuptools/config/__pycache__/_apply_pyprojecttoml.cpython-310.pyc
f	644	1000	1000	1814	64	35964555	1785345480.2443237050	results/experiments/toolchain-environment/20260729T171551Z-toolchain-formal01/boots/repetition-02/lower/python310/lib/python3.10/site-packages/setuptools/_distutils/__pycache__/log.cpython-310.pyc
f	644	1000	1000	1814	64	35968837	1785345522.8782358340	results/experiments/toolchain-environment/20260729T171551Z-toolchain-formal01/boots/repetition-02/lower/python312/lib/python3.12/site-packages/pip/_internal/distributions/__pycache__/installed.cpython-312.pyc
f	644	1000	1000	18144	64	35969399	1785345530.2255385750	results/experiments/toolchain-environment/20260729T171551Z-toolchain-formal01/boots/repetition-02/lower/python312/lib/python3.12/site-packages/pip/_vendor/platformdirs/__pycache__/__init__.cpython-312.pyc
f	644	1000	1000	1815	64	35964619	1785345481.3935189820	results/experiments/toolchain-environment/20260729T171551Z-toolchain-formal01/boots/repetition-02/lower/python310/lib/python3.10/site-packages/setuptools/_distutils/tests/__pycache__/test_install_scripts.cpython-310.pyc
f	644	1000	1000	1817	64	35969651	1785345537.1774466240	results/experiments/toolchain-environment/20260729T171551Z-toolchain-formal01/boots/repetition-02/lower/python312/lib/python3.12/site-packages/pip/_vendor/rich/__pycache__/color_triplet.cpython-312.pyc
f	644	1000	1000	18172	64	35965275	1785345490.8625952810	results/experiments/toolchain-environment/20260729T171551Z-toolchain-formal01/boots/repetition-02/lower/python310/lib/python3.10/site-packages/pip/_internal/cli/req_command.py
f	644	1000	1000	18218	64	35969291	1785345528.5669033300	results/experiments/toolchain-environment/20260729T171551Z-toolchain-formal01/boots/repetition-02/lower/python312/lib/python3.12/site-packages/pip/_vendor/colorama/tests/__pycache__/ansitowin32_test.cpython-312.pyc
f	644	1000	1000	18224	64	35968493	1785345520.2481352720	results/experiments/toolchain-environment/20260729T171551Z-toolchain-formal01/boots/repetition-02/lower/python312/lib/python3.12/site-packages/pip/_vendor/rich/color.py
f	644	1000	1000	1827	64	35964065	1785345477.3623473970	results/experiments/toolchain-environment/20260729T171551Z-toolchain-formal01/boots/repetition-02/lower/python310/lib/python3.10/site-packages/setuptools/tests/config/downloads/__init__.py
f	644	1000	1000	182784	64	35965787	1785345493.0426353210	results/experiments/toolchain-environment/20260729T171551Z-toolchain-formal01/boots/repetition-02/lower/python310/lib/python3.10/site-packages/pip/_vendor/distlib/t64-arm.exe
f	644	1000	1000	18315	64	35968169	1785345518.8078029450	results/experiments/toolchain-environment/20260729T171551Z-toolchain-formal01/boots/repetition-02/lower/python312/lib/python3.12/site-packages/pip/_vendor/distlib/scripts.py
f	644	1000	1000	18320	64	35963921	1785345476.8766170690	results/experiments/toolchain-environment/20260729T171551Z-toolchain-formal01/boots/repetition-02/lower/python310/lib/python3.10/site-packages/setuptools/config/pyprojecttoml.py
f	644	1000	1000	18339	64	35964947	1785345487.2125482820	results/experiments/toolchain-environment/20260729T171551Z-toolchain-formal01/boots/repetition-02/lower/python310/lib/python3.10/site-packages/setuptools/__pycache__/build_meta.cpython-310.pyc
f	644	1000	1000	18363	64	35965031	1785345488.3466859740	results/experiments/toolchain-environment/20260729T171551Z-toolchain-formal01/boots/repetition-02/lower/python310/lib/python3.10/site-packages/setuptools/config/__pycache__/expand.cpython-310.pyc
f	644	1000	1000	18364	64	35966241	1785345494.9176697620	results/experiments/toolchain-environment/20260729T171551Z-toolchain-formal01/boots/repetition-02/lower/python310/lib/python3.10/site-packages/pip/_vendor/tenacity/__init__.py
f	644	1000	1000	18369	64	35967671	1785345516.9796143370	results/experiments/toolchain-environment/20260729T171551Z-toolchain-formal01/boots/repetition-02/lower/python312/lib/python3.12/site-packages/pip/_internal/cli/req_command.py
f	644	1000	1000	18377	64	35963863	1785345476.6783348410	results/experiments/toolchain-environment/20260729T171551Z-toolchain-formal01/boots/repetition-02/lower/python310/lib/python3.10/site-packages/setuptools/command/build_ext.py
f	644	1000	1000	1838	64	35967815	1785345517.4896360010	results/experiments/toolchain-environment/20260729T171551Z-toolchain-formal01/boots/repetition-02/lower/python312/lib/python3.12/site-packages/pip/_internal/network/xmlrpc.py
f	644	1000	1000	18384	64	35967997	1785345518.1438105990	results/experiments/toolchain-environment/20260729T171551Z-toolchain-formal01/boots/repetition-02/lower/python312/lib/python3.12/site-packages/pip/_vendor/cachecontrol/controller.py
f	644	1000	1000	1840	64	35966127	1785345494.3396591450	results/experiments/toolchain-environment/20260729T171551Z-toolchain-formal01/boots/repetition-02/lower/python310/lib/python3.10/site-packages/pip/_vendor/rich/_wrap.py
f	644	1000	1000	1840	64	35968479	1785345520.1601336540	results/experiments/toolchain-environment/20260729T171551Z-toolchain-formal01/boots/repetition-02/lower/python312/lib/python3.12/site-packages/pip/_vendor/rich/_wrap.py
f	644	1000	1000	18443	64	35964441	1785345491.4546061540	results/experiments/toolchain-environment/20260729T171551Z-toolchain-formal01/boots/repetition-02/lower/python310/lib/python3.10/site-packages/pip/_internal/network/session.py
f	644	1000	1000	1845	64	35969601	1785345535.5534167480	results/experiments/toolchain-environment/20260729T171551Z-toolchain-formal01/boots/repetition-02/lower/python312/lib/python3.12/site-packages/pip/_vendor/rich/__pycache__/_emoji_replace.cpython-312.pyc
f	644	1000	1000	1850	64	35966559	1785345497.6740135190	results/experiments/toolchain-environment/20260729T171551Z-toolchain-formal01/boots/repetition-02/lower/python310/lib/python3.10/site-packages/pip/_internal/models/__pycache__/installation_report.cpython-310.pyc
f	644	1000	1000	1850	64	35966895	1785345502.7653371890	results/experiments/toolchain-environment/20260729T171551Z-toolchain-formal01/boots/repetition-02/lower/python310/lib/python3.10/site-packages/pip/_vendor/chardet/__pycache__/sbcsgroupprober.cpython-310.pyc
f	644	1000	1000	18560	64	35966047	1785345494.0216533030	results/experiments/toolchain-environment/20260729T171551Z-toolchain-formal01/boots/repetition-02/lower/python310/lib/python3.10/site-packages/pip/_vendor/requests/cookies.py
f	644	1000	1000	18560	64	35968397	1785345519.7272736460	results/experiments/toolchain-environment/20260729T171551Z-toolchain-formal01/boots/repetition-02/lower/python312/lib/python3.12/site-packages/pip/_vendor/requests/cookies.py
f	644	1000	1000	18562	64	35964011	1785345477.1965388130	results/experiments/toolchain-environment/20260729T171551Z-toolchain-formal01/boots/repetition-02/lower/python310/lib/python3.10/site-packages/setuptools/tests/test_manifest.py
f	644	1000	1000	1860	64	35964667	1785345482.3154383280	results/experiments/toolchain-environment/20260729T171551Z-toolchain-formal01/boots/repetition-02/lower/python310/lib/python3.10/site-packages/setuptools/__pycache__/_shutil.cpython-310.pyc
f	644	1000	1000	1860	64	35965649	1785345492.4106237130	results/experiments/toolchain-environment/20260729T171551Z-toolchain-formal01/boots/repetition-02/lower/python310/lib/python3.10/site-packages/pip/_vendor/chardet/cp949prober.py
f	644	1000	1000	1860	64	35968041	1785345518.3007223680	results/experiments/toolchain-environment/20260729T171551Z-toolchain-formal01/boots/repetition-02/lower/python312/lib/python3.12/site-packages/pip/_vendor/chardet/cp949prober.py
f	644	1000	1000	18602	64	35965385	1785345491.3496042250	results/experiments/toolchain-environment/20260729T171551Z-toolchain-formal01/boots/repetition-02/lower/python310/lib/python3.10/site-packages/pip/_internal/models/link.py
f	644	1000	1000	1862	64	35964997	1785345487.9105410660	results/experiments/toolchain-environment/20260729T171551Z-toolchain-formal01/boots/repetition-02/lower/python310/lib/python3.10/site-packages/setuptools/command/__pycache__/test.cpython-310.pyc
f	644	1000	1000	1865	64	35967297	1785345509.1074172360	results/experiments/toolchain-environment/20260729T171551Z-toolchain-formal01/boots/repetition-02/lower/python310/lib/python3.10/site-packages/pip/_vendor/rich/__pycache__/constrain.cpython-310.pyc
f	644	1000	1000	1866	64	35965757	1785345492.8636320330	results/experiments/toolchain-environment/20260729T171551Z-toolchain-formal01/boots/repetition-02/lower/python310/lib/python3.10/site-packages/pip/_vendor/colorama/tests/isatty_test.py
f	644	1000	1000	1866	64	35968139	1785345518.6915648120	results/experiments/toolchain-environment/20260729T171551Z-toolchain-formal01/boots/repetition-02/lower/python312/lib/python3.12/site-packages/pip/_vendor/colorama/tests/isatty_test.py
f	644	1000	1000	18698	64	35967811	1785345517.4736461670	results/experiments/toolchain-environment/20260729T171551Z-toolchain-formal01/boots/repetition-02/lower/python312/lib/python3.12/site-packages/pip/_internal/network/session.py
f	644	1000	1000	187	64	35963211	1785345474.3391484050	results/experiments/toolchain-environment/20260729T171551Z-toolchain-formal01/boots/repetition-02/lower/python310/lib/python3.10/site-packages/pkg_resources/tests/data/my-test-package_unpacked-egg/my_test_package-1.0-py3.7.egg/EGG-INFO/PKG-INFO
f	644	1000	1000	18702	64	35966663	1785345499.3100062490	results/experiments/toolchain-environment/20260729T171551Z-toolchain-formal01/boots/repetition-02/lower/python310/lib/python3.10/site-packages/pip/_internal/resolution/resolvelib/__pycache__/candidates.cpython-310.pyc
f	644	1000	1000	18737	64	35963929	1785345476.9010081270	results/experiments/toolchain-environment/20260729T171551Z-toolchain-formal01/boots/repetition-02/lower/python310/lib/python3.10/site-packages/setuptools/config/_validate_pyproject/NOTICE
f	644	1000	1000	1874	64	35967389	1785345510.3081135090	results/experiments/toolchain-environment/20260729T171551Z-toolchain-formal01/boots/repetition-02/lower/python310/lib/python3.10/site-packages/pip/_vendor/rich/__pycache__/styled.cpython-310.pyc
f	644	1000	1000	1875	64	35967429	1785345510.9269101560	results/experiments/toolchain-environment/20260729T171551Z-toolchain-formal01/boots/repetition-02/lower/python310/lib/python3.10/site-packages/pip/_vendor/tenacity/__pycache__/tornadoweb.cpython-310.pyc
f	644	1000	1000	18793	64	35963485	1785345475.2593757920	results/experiments/toolchain-environment/20260729T171551Z-toolchain-formal01/boots/repetition-02/lower/python310/lib/python3.10/site-packages/setuptools/_distutils/tests/test_dist.py
f	644	1000	1000	18802	64	35967191	1785345507.5358741380	results/experiments/toolchain-environment/20260729T171551Z-toolchain-formal01/boots/repetition-02/lower/python310/lib/python3.10/site-packages/pip/_vendor/requests/__pycache__/cookies.cpython-310.pyc
f	644	1000	1000	1881	64	35965823	1785345493.2306387740	results/experiments/toolchain-environment/20260729T171551Z-toolchain-formal01/boots/repetition-02/lower/python310/lib/python3.10/site-packages/pip/_vendor/idna/intranges.py
f	644	1000	1000	1881	64	35968197	1785345518.9087325540	results/experiments/toolchain-environment/20260729T171551Z-toolchain-formal01/boots/repetition-02/lower/python312/lib/python3.12/site-packages/pip/_vendor/idna/intranges.py
f	644	1000	1000	1882	64	35965365	1785345491.2526024440	results/experiments/toolchain-environment/20260729T171551Z-toolchain-formal01/boots/repetition-02/lower/python310/lib/python3.10/site-packages/pip/_internal/metadata/importlib/_compat.py
f	644	1000	1000	1882	64	35967765	1785345517.3058077400	results/experiments/toolchain-environment/20260729T171551Z-toolchain-formal01/boots/repetition-02/lower/python312/lib/python3.12/site-packages/pip/_internal/metadata/importlib/_compat.py
f	644	1000	1000	1884	64	35965517	1785345491.8216128940	results/experiments/toolchain-environment/20260729T171551Z-toolchain-formal01/boots/repetition-02/lower/python310/lib/python3.10/site-packages/pip/_internal/utils/compat.py
f	644	1000	1000	1884	64	35967913	1785345517.8494173620	results/experiments/toolchain-environment/20260729T171551Z-toolchain-formal01/boots/repetition-02/lower/python312/lib/python3.12/site-packages/pip/_internal/utils/compat.py
f	644	1000	1000	18866	64	35964797	1785345484.6834818080	results/experiments/toolchain-environment/20260729T171551Z-toolchain-formal01/boots/repetition-02/lower/python310/lib/python3.10/site-packages/setuptools/_vendor/packaging/__pycache__/metadata.cpython-310.pyc
f	644	1000	1000	18888	64	35968925	1785345524.0573678640	results/experiments/toolchain-environment/20260729T171551Z-toolchain-formal01/boots/repetition-02/lower/python312/lib/python3.12/site-packages/pip/_internal/network/__pycache__/session.cpython-312.pyc
f	644	1000	1000	1895	64	35968775	1785345521.8001426950	results/experiments/toolchain-environment/20260729T171551Z-toolchain-formal01/boots/repetition-02/lower/python312/lib/python3.12/site-packages/pip/_internal/cli/__pycache__/command_context.cpython-312.pyc
f	644	1000	1000	18950	64	35963827	1785345476.5524149540	results/experiments/toolchain-environment/20260729T171551Z-toolchain-formal01/boots/repetition-02/lower/python310/lib/python3.10/site-packages/setuptools/_vendor/wheel/vendored/packaging/tags.py
f	644	1000	1000	18963	64	35965495	1785345491.7316112410	results/experiments/toolchain-environment/20260729T171551Z-toolchain-formal01/boots/repetition-02/lower/python310/lib/python3.10/site-packages/pip/_internal/resolution/resolvelib/candidates.py
f	644	1000	1000	18966	64	35968785	1785345521.9900191010	results/experiments/toolchain-environment/20260729T171551Z-toolchain-formal01/boots/repetition-02/lower/python312/lib/python3.12/site-packages/pip/_internal/cli/__pycache__/req_command.cpython-312.pyc
f	644	1000	1000	1897	64	35964839	1785345485.3473187960	results/experiments/toolchain-environment/20260729T171551Z-toolchain-formal01/boots/repetition-02/lower/python310/lib/python3.10/site-packages/setuptools/_vendor/typeguard/__pycache__/__init__.cpython-310.pyc
f	644	1000	1000	19	64	35964147	1785345477.6059938030	results/experiments/toolchain-environment/20260729T171551Z-toolchain-formal01/boots/repetition-02/lower/python310/lib/python3.10/site-packages/setuptools/_vendor/importlib_metadata-8.0.0.dist-info/top_level.txt
f	644	1000	1000	1900	64	35963443	1785345475.1004540300	results/experiments/toolchain-environment/20260729T171551Z-toolchain-formal01/boots/repetition-02/lower/python310/lib/python3.10/site-packages/setuptools/_distutils/compilers/C/tests/test_mingw.py
f	644	1000	1000	1900	64	35967271	1785345508.7060247090	results/experiments/toolchain-environment/20260729T171551Z-toolchain-formal01/boots/repetition-02/lower/python310/lib/python3.10/site-packages/pip/_vendor/rich/__pycache__/_windows.cpython-310.pyc
f	644	1000	1000	19018	64	35967859	1785345517.6537292390	results/experiments/toolchain-environment/20260729T171551Z-toolchain-formal01/boots/repetition-02/lower/python312/lib/python3.12/site-packages/pip/_internal/req/constructors.py
f	644	1000	1000	1907	64	35965391	1785345491.3806601990	results/experiments/toolchain-environment/20260729T171551Z-toolchain-formal01/boots/repetition-02/lower/python310/lib/python3.10/site-packages/pip/_internal/models/selection_prefs.py
f	644	1000	1000	1907	64	35967793	1785345517.4112981380	results/experiments/toolchain-environment/20260729T171551Z-toolchain-formal01/boots/repetition-02/lower/python312/lib/python3.12/site-packages/pip/_internal/models/selection_prefs.py
f	644	1000	1000	19071	64	35969387	1785345530.0673158370	results/experiments/toolchain-environment/20260729T171551Z-toolchain-formal01/boots/repetition-02/lower/python312/lib/python3.12/site-packages/pip/_vendor/packaging/__pycache__/tags.cpython-312.pyc
f	644	1000	1000	1908	64	35966263	1785345494.9655843730	results/experiments/toolchain-environment/20260729T171551Z-toolchain-formal01/boots/repetition-02/lower/python310/lib/python3.10/site-packages/pip/_vendor/tenacity/before_sleep.py
f	644	1000	1000	1908	64	35969719	1785345538.5024710010	results/experiments/toolchain-environment/20260729T171551Z-toolchain-formal01/boots/repetition-02/lower/python312/lib/python3.12/site-packages/pip/_vendor/rich/__pycache__/protocol.cpython-312.pyc
f	644	1000	1000	19106	64	35969089	1785345526.1666650850	results/experiments/toolchain-environment/20260729T171551Z-toolchain-formal01/boots/repetition-02/lower/python312/lib/python3.12/site-packages/pip/_internal/vcs/__pycache__/git.cpython-312.pyc
f	644	1000	1000	19118	64	35967269	1785345508.6792875950	results/experiments/toolchain-environment/20260729T171551Z-toolchain-formal01/boots/repetition-02/lower/python310/lib/python3.10/site-packages/pip/_vendor/rich/__pycache__/_win32_console.cpython-310.pyc
f	644	1000	1000	1912	64	35964051	1785345477.3145189270	results/experiments/toolchain-environment/20260729T171551Z-toolchain-formal01/boots/repetition-02/lower/python310/lib/python3.10/site-packages/setuptools/tests/config/setupcfg_examples.txt
f	644	1000	1000	19120	64	35963915	1785345476.8544605720	results/experiments/toolchain-environment/20260729T171551Z-toolchain-formal01/boots/repetition-02/lower/python310/lib/python3.10/site-packages/setuptools/config/_apply_pyprojecttoml.py
f	644	1000	1000	19151	64	35963411	1785345474.9895573450	results/experiments/toolchain-environment/20260729T171551Z-toolchain-formal01/boots/repetition-02/lower/python310/lib/python3.10/site-packages/setuptools/_distutils/command/sdist.py
f	644	1000	1000	19169	64	35966643	1785345499.0506861710	results/experiments/toolchain-environment/20260729T171551Z-toolchain-formal01/boots/repetition-02/lower/python310/lib/python3.10/site-packages/pip/_internal/req/__pycache__/req_uninstall.cpython-310.pyc
f	644	1000	1000	19182	64	35966665	1785345499.3515612540	results/experiments/toolchain-environment/20260729T171551Z-toolchain-formal01/boots/repetition-02/lower/python310/lib/python3.10/site-packages/pip/_internal/resolution/resolvelib/__pycache__/factory.cpython-310.pyc
f	644	1000	1000	1919	64	35966995	1785345504.4115473680	results/experiments/toolchain-environment/20260729T171551Z-toolchain-formal01/boots/repetition-02/lower/python310/lib/python3.10/site-packages/pip/_vendor/msgpack/__pycache__/exceptions.cpython-310.pyc
f	644	1000	1000	19217	64	35966837	1785345501.9300955360	results/experiments/toolchain-environment/20260729T171551Z-toolchain-formal01/boots/repetition-02/lower/python310/lib/python3.10/site-packages/pip/_vendor/chardet/__pycache__/gb2312freq.cpython-310.pyc
f	644	1000	1000	19241	64	35969193	1785345527.3995362990	results/experiments/toolchain-environment/20260729T171551Z-toolchain-formal01/boots/repetition-02/lower/python312/lib/python3.12/site-packages/pip/_vendor/chardet/__pycache__/gb2312freq.cpython-312.pyc
f	644	1000	1000	19259	64	35969693	1785345537.9900637840	results/experiments/toolchain-environment/20260729T171551Z-toolchain-formal01/boots/repetition-02/lower/python312/lib/python3.12/site-packages/pip/_vendor/rich/__pycache__/live.cpython-312.pyc
f	644	1000	1000	1926	64	35966123	1785345494.3186691610	results/experiments/toolchain-environment/20260729T171551Z-toolchain-formal01/boots/repetition-02/lower/python310/lib/python3.10/site-packages/pip/_vendor/rich/_windows.py
f	644	1000	1000	1926	64	35968475	1785345520.1361332120	results/experiments/toolchain-environment/20260729T171551Z-toolchain-formal01/boots/repetition-02/lower/python312/lib/python3.12/site-packages/pip/_vendor/rich/_windows.py
f	644	1000	1000	1931	64	35968961	1785345524.5468634000	results/experiments/toolchain-environment/20260729T171551Z-toolchain-formal01/boots/repetition-02/lower/python312/lib/python3.12/site-packages/pip/_internal/operations/install/__pycache__/editable_legacy.cpython-312.pyc
f	644	1000	1000	1932	64	35964959	1785345487.3722430660	results/experiments/toolchain-environment/20260729T171551Z-toolchain-formal01/boots/repetition-02/lower/python310/lib/python3.10/site-packages/setuptools/command/__pycache__/bdist_rpm.cpython-310.pyc
f	644	1000	1000	19351	64	35965951	1785345493.6976473520	results/experiments/toolchain-environment/20260729T171551Z-toolchain-formal01/boots/repetition-02/lower/python310/lib/python3.10/site-packages/pip/_vendor/pygments/formatters/latex.py
f	644	1000	1000	19351	64	35968293	1785345519.2651171980	results/experiments/toolchain-environment/20260729T171551Z-toolchain-formal01/boots/repetition-02/lower/python312/lib/python3.12/site-packages/pip/_vendor/pygments/formatters/latex.py
f	644	1000	1000	1936	64	35969705	1785345538.2475920710	results/experiments/toolchain-environment/20260729T171551Z-toolchain-formal01/boots/repetition-02/lower/python312/lib/python3.12/site-packages/pip/_vendor/rich/__pycache__/pager.cpython-312.pyc
f	644	1000	1000	19370	64	35964033	1785345477.2640520320	results/experiments/toolchain-environment/20260729T171551Z-toolchain-formal01/boots/repetition-02/lower/python310/lib/python3.10/site-packages/setuptools/tests/test_wheel.py
f	644	1000	1000	19374	64	35964749	1785345483.6654631150	results/experiments/toolchain-environment/20260729T171551Z-toolchain-formal01/boots/repetition-02/lower/python310/lib/python3.10/site-packages/setuptools/_vendor/jaraco/functools/__pycache__/__init__.cpython-310.pyc
f	644	1000	1000	1938	64	35965897	1785345493.5086438810	results/experiments/toolchain-environment/20260729T171551Z-toolchain-formal01/boots/repetition-02/lower/python310/lib/python3.10/site-packages/pip/_vendor/pygments/filter.py
f	644	1000	1000	1938	64	35968269	1785345519.1718754760	results/experiments/toolchain-environment/20260729T171551Z-toolchain-formal01/boots/repetition-02/lower/python312/lib/python3.12/site-packages/pip/_vendor/pygments/filter.py
f	644	1000	1000	1941	64	35969871	1785345541.8484300360	results/experiments/toolchain-environment/20260729T171551Z-toolchain-formal01/boots/repetition-02/lower/python312/lib/python3.12/site-packages/pip/_vendor/urllib3/packages/backports/__pycache__/makefile.cpython-312.pyc
f	644	1000	1000	1944	64	35966245	1785345494.9375617050	results/experiments/toolchain-environment/20260729T171551Z-toolchain-formal01/boots/repetition-02/lower/python310/lib/python3.10/site-packages/pip/_vendor/tenacity/_utils.py
f	644	1000	1000	1946	64	35969361	1785345529.6549836190	results/experiments/toolchain-environment/20260729T171551Z-toolchain-formal01/boots/repetition-02/lower/python312/lib/python3.12/site-packages/pip/_vendor/msgpack/__pycache__/__init__.cpython-312.pyc
f	644	1000	1000	1952	64	35967987	1785345518.1100315520	results/experiments/toolchain-environment/20260729T171551Z-toolchain-formal01/boots/repetition-02/lower/python312/lib/python3.12/site-packages/pip/_vendor/cachecontrol/cache.py
f	644	1000	1000	1957	64	35963965	1785345477.0381572450	results/experiments/toolchain-environment/20260729T171551Z-toolchain-formal01/boots/repetition-02/lower/python310/lib/python3.10/site-packages/setuptools/tests/test_bdist_egg.py
f	644	1000	1000	1961	64	35969679	1785345537.6225320550	results/experiments/toolchain-environment/20260729T171551Z-toolchain-formal01/boots/repetition-02/lower/python312/lib/python3.12/site-packages/pip/_vendor/rich/__pycache__/errors.cpython-312.pyc
f	644	1000	1000	1964	64	35963419	1785345475.0130431810	results/experiments/toolchain-environment/20260729T171551Z-toolchain-formal01/boots/repetition-02/lower/python310/lib/python3.10/site-packages/setuptools/_distutils/compat/py39.py
f	644	1000	1000	1964	64	35969837	1785345540.0994085800	results/experiments/toolchain-environment/20260729T171551Z-toolchain-formal01/boots/repetition-02/lower/python312/lib/python3.12/site-packages/pip/_vendor/urllib3/contrib/__pycache__/_appengine_environ.cpython-312.pyc
f	644	1000	1000	1965	64	35968907	1785345523.8307836000	results/experiments/toolchain-environment/20260729T171551Z-toolchain-formal01/boots/repetition-02/lower/python312/lib/python3.12/site-packages/pip/_internal/models/__pycache__/selection_prefs.cpython-312.pyc
f	644	1000	1000	1968	64	35965273	1785345490.8533993570	results/experiments/toolchain-environment/20260729T171551Z-toolchain-formal01/boots/repetition-02/lower/python310/lib/python3.10/site-packages/pip/_internal/cli/progress_bars.py
f	644	1000	1000	1968	64	35967669	1785345516.9720295730	results/experiments/toolchain-environment/20260729T171551Z-toolchain-formal01/boots/repetition-02/lower/python312/lib/python3.12/site-packages/pip/_internal/cli/progress_bars.py
f	644	1000	1000	19685	64	35967203	1785345507.7047904880	results/experiments/toolchain-environment/20260729T171551Z-toolchain-formal01/boots/repetition-02/lower/python310/lib/python3.10/site-packages/pip/_vendor/requests/__pycache__/sessions.cpython-310.pyc
f	644	1000	1000	19695	64	35969325	1785345529.0778548330	results/experiments/toolchain-environment/20260729T171551Z-toolchain-formal01/boots/repetition-02/lower/python312/lib/python3.12/site-packages/pip/_vendor/distlib/__pycache__/scripts.cpython-312.pyc
f	644	1000	1000	19697	64	35968387	1785345519.6685168870	results/experiments/toolchain-environment/20260729T171551Z-toolchain-formal01/boots/repetition-02/lower/python312/lib/python3.12/site-packages/pip/_vendor/requests/adapters.py
f	644	1000	1000	197	64	35963801	1785345476.4126727320	results/experiments/toolchain-environment/20260729T171551Z-toolchain-formal01/boots/repetition-02/lower/python310/lib/python3.10/site-packages/setuptools/_vendor/wheel/vendored/packaging/LICENSE
f	644	1000	1000	197	64	35964241	1785345477.9139382130	results/experiments/toolchain-environment/20260729T171551Z-toolchain-formal01/boots/repetition-02/lower/python310/lib/python3.10/site-packages/setuptools/_vendor/packaging-24.2.dist-info/LICENSE
f	644	1000	1000	1972	64	35963181	1785345474.2506503860	results/experiments/toolchain-environment/20260729T171551Z-toolchain-formal01/boots/repetition-02/lower/python310/lib/python3.10/site-packages/pkg_resources/tests/test_find_distributions.py
f	644	1000	1000	19728	64	35963357	1785345474.7923002220	results/experiments/toolchain-environment/20260729T171551Z-toolchain-formal01/boots/repetition-02/lower/python310/lib/python3.10/site-packages/setuptools/_distutils/sysconfig.py
f	644	1000	1000	19736	64	35967403	1785345510.5549570850	results/experiments/toolchain-environment/20260729T171551Z-toolchain-formal01/boots/repetition-02/lower/python310/lib/python3.10/site-packages/pip/_vendor/rich/__pycache__/traceback.cpython-310.pyc
f	644	1000	1000	1977	64	35969023	1785345525.3582141450	results/experiments/toolchain-environment/20260729T171551Z-toolchain-formal01/boots/repetition-02/lower/python312/lib/python3.12/site-packages/pip/_internal/utils/__pycache__/_log.cpython-312.pyc
f	644	1000	1000	19786	64	35966303	1785345495.1506740420	results/experiments/toolchain-environment/20260729T171551Z-toolchain-formal01/boots/repetition-02/lower/python310/lib/python3.10/site-packages/pip/_vendor/urllib3/poolmanager.py
f	644	1000	1000	1990	64	35967379	1785345510.1617181410	results/experiments/toolchain-environment/20260729T171551Z-toolchain-formal01/boots/repetition-02/lower/python310/lib/python3.10/site-packages/pip/_vendor/rich/__pycache__/screen.cpython-310.pyc
f	644	1000	1000	19919	64	35966115	1785345494.2806580610	results/experiments/toolchain-environment/20260729T171551Z-toolchain-formal01/boots/repetition-02/lower/python310/lib/python3.10/site-packages/pip/_vendor/rich/_spinners.py
f	644	1000	1000	19919	64	35968467	1785345520.0882456250	results/experiments/toolchain-environment/20260729T171551Z-toolchain-formal01/boots/repetition-02/lower/python312/lib/python3.12/site-packages/pip/_vendor/rich/_spinners.py
f	644	1000	1000	1994	64	35967057	1785345505.3154101710	results/experiments/toolchain-environment/20260729T171551Z-toolchain-formal01/boots/repetition-02/lower/python310/lib/python3.10/site-packages/pip/_vendor/pygments/__pycache__/console.cpython-310.pyc
f	644	1000	1000	1994	64	35968941	1785345524.2512310420	results/experiments/toolchain-environment/20260729T171551Z-toolchain-formal01/boots/repetition-02/lower/python312/lib/python3.12/site-packages/pip/_internal/operations/build/__pycache__/metadata.cpython-312.pyc
f	644	1000	1000	19943	64	35964841	1785345485.3814946250	results/experiments/toolchain-environment/20260729T171551Z-toolchain-formal01/boots/repetition-02/lower/python310/lib/python3.10/site-packages/setuptools/_vendor/typeguard/__pycache__/_checkers.cpython-310.pyc
f	644	1000	1000	19968	64	35963251	1785345474.4666380810	results/experiments/toolchain-environment/20260729T171551Z-toolchain-formal01/boots/repetition-02/lower/python310/lib/python3.10/site-packages/setuptools/build_meta.py
f	644	1000	1000	1998	64	35964613	1785345481.2930269210	results/experiments/toolchain-environment/20260729T171551Z-toolchain-formal01/boots/repetition-02/lower/python310/lib/python3.10/site-packages/setuptools/_distutils/tests/__pycache__/test_install_data.cpython-310.pyc
f	644	1000	1000	1998	64	35966495	1785345496.7922202960	results/experiments/toolchain-environment/20260729T171551Z-toolchain-formal01/boots/repetition-02/lower/python310/lib/python3.10/site-packages/pip/_internal/distributions/__pycache__/base.cpython-310.pyc
f	644	1000	1000	2	64	35964239	1785345477.9062998080	results/experiments/toolchain-environment/20260729T171551Z-toolchain-formal01/boots/repetition-02/lower/python310/lib/python3.10/site-packages/setuptools/_vendor/packaging-24.2.dist-info/INSTALLER
f	644	1000	1000	2001	64	35969613	1785345535.8864228740	results/experiments/toolchain-environment/20260729T171551Z-toolchain-formal01/boots/repetition-02/lower/python312/lib/python3.12/site-packages/pip/_vendor/rich/__pycache__/_loop.cpython-312.pyc
f	644	1000	1000	2002	64	35963409	1785345474.9814588130	results/experiments/toolchain-environment/20260729T171551Z-toolchain-formal01/boots/repetition-02/lower/python310/lib/python3.10/site-packages/setuptools/_distutils/command/install_scripts.py
f	644	1000	1000	20054	64	35969391	1785345530.1343170690	results/experiments/toolchain-environment/20260729T171551Z-toolchain-formal01/boots/repetition-02/lower/python312/lib/python3.12/site-packages/pip/_vendor/packaging/__pycache__/version.cpython-312.pyc
f	644	1000	1000	2007	64	35964491	1785345479.3456171180	results/experiments/toolchain-environment/20260729T171551Z-toolchain-formal01/boots/repetition-02/lower/python310/lib/python3.10/site-packages/setuptools/_distutils/command/__pycache__/install_headers.cpython-310.pyc
f	644	1000	1000	2007	64	35966437	1785345495.9946895460	results/experiments/toolchain-environment/20260729T171551Z-toolchain-formal01/boots/repetition-02/lower/python310/lib/python3.10/site-packages/pip/_internal/cli/__pycache__/progress_bars.cpython-310.pyc
f	644	1000	1000	20070	64	35966293	1785345495.1006731230	results/experiments/toolchain-environment/20260729T171551Z-toolchain-formal01/boots/repetition-02/lower/python310/lib/python3.10/site-packages/pip/_vendor/urllib3/connection.py
f	644	1000	1000	20070	64	35969449	1785345531.0693342670	results/experiments/toolchain-environment/20260729T171551Z-toolchain-formal01/boots/repetition-02/lower/python312/lib/python3.12/site-packages/pip/_vendor/pygments/formatters/__pycache__/latex.cpython-312.pyc
f	644	1000	1000	2009	64	35964249	1785345477.9453580990	results/experiments/toolchain-environment/20260729T171551Z-toolchain-formal01/boots/repetition-02/lower/python310/lib/python3.10/site-packages/setuptools/_vendor/packaging-24.2.dist-info/RECORD
f	644	1000	1000	20155	64	35968243	1785345519.0782670420	results/experiments/toolchain-environment/20260729T171551Z-toolchain-formal01/boots/repetition-02/lower/python312/lib/python3.12/site-packages/pip/_vendor/platformdirs/__init__.py
f	644	1000	1000	2019	64	35968891	1785345523.6146115840	results/experiments/toolchain-environment/20260729T171551Z-toolchain-formal01/boots/repetition-02/lower/python312/lib/python3.12/site-packages/pip/_internal/models/__pycache__/candidate.cpython-312.pyc
f	644	1000	1000	2020	64	35964123	1785345477.5210059520	results/experiments/toolchain-environment/20260729T171551Z-toolchain-formal01/boots/repetition-02/lower/python310/lib/python3.10/site-packages/setuptools/_vendor/backports.tarfile-1.2.0.dist-info/METADATA
f	644	1000	1000	20260	64	35966961	1785345503.8891758930	results/experiments/toolchain-environment/20260729T171551Z-toolchain-formal01/boots/repetition-02/lower/python310/lib/python3.10/site-packages/pip/_vendor/distlib/__pycache__/version.cpython-310.pyc
f	644	1000	1000	2028	64	35964709	1785345483.0614520250	results/experiments/toolchain-environment/20260729T171551Z-toolchain-formal01/boots/repetition-02/lower/python310/lib/python3.10/site-packages/setuptools/_vendor/importlib_metadata/__pycache__/_compat.cpython-310.pyc
f	644	1000	1000	2028	64	35968943	1785345524.2835158670	results/experiments/toolchain-environment/20260729T171551Z-toolchain-formal01/boots/repetition-02/lower/python312/lib/python3.12/site-packages/pip/_internal/operations/build/__pycache__/metadata_editable.cpython-312.pyc
f	644	1000	1000	20300	64	35968651	1785345520.9961191030	results/experiments/toolchain-environment/20260729T171551Z-toolchain-formal01/boots/repetition-02/lower/python312/lib/python3.12/site-packages/pip/_vendor/urllib3/connection.py
f	644	1000	1000	20325	64	35966477	1785345496.4895846220	results/experiments/toolchain-environment/20260729T171551Z-toolchain-formal01/boots/repetition-02/lower/python310/lib/python3.10/site-packages/pip/_internal/commands/__pycache__/install.cpython-310.pyc
f	644	1000	1000	20336	64	35969691	1785345537.9425602160	results/experiments/toolchain-environment/20260729T171551Z-toolchain-formal01/boots/repetition-02/lower/python312/lib/python3.12/site-packages/pip/_vendor/rich/__pycache__/layout.cpython-312.pyc
f	644	1000	1000	2034	64	35964399	1785345478.8673750250	results/experiments/toolchain-environment/20260729T171551Z-toolchain-formal01/boots/repetition-02/lower/python310/lib/python3.10/site-packages/setuptools/_distutils/command/__pycache__/_framework_compat.cpython-310.pyc
f	644	1000	1000	2035	64	35964861	1785345485.6935003540	results/experiments/toolchain-environment/20260729T171551Z-toolchain-formal01/boots/repetition-02/lower/python310/lib/python3.10/site-packages/setuptools/_vendor/typeguard/__pycache__/_union_transformer.cpython-310.pyc
f	644	1000	1000	2035	64	35966793	1785345501.2630058080	results/experiments/toolchain-environment/20260729T171551Z-toolchain-formal01/boots/repetition-02/lower/python310/lib/python3.10/site-packages/pip/_vendor/certifi/__pycache__/core.cpython-310.pyc
f	644	1000	1000	2047	64	35965179	1785345490.2735844630	results/experiments/toolchain-environment/20260729T171551Z-toolchain-formal01/boots/repetition-02/lower/python310/lib/python3.10/site-packages/setuptools/tests/__pycache__/test_setopt.cpython-310.pyc
f	644	1000	1000	2049	64	35964505	1785345479.5323523690	results/experiments/toolchain-environment/20260729T171551Z-toolchain-formal01/boots/repetition-02/lower/python310/lib/python3.10/site-packages/setuptools/_distutils/compat/__pycache__/py39.cpython-310.pyc
f	644	1000	1000	20493	64	35968595	1785345520.7874686150	results/experiments/toolchain-environment/20260729T171551Z-toolchain-formal01/boots/repetition-02/lower/python312/lib/python3.12/site-packages/pip/_vendor/tenacity/__init__.py
f	644	1000	1000	20511	64	35968431	1785345519.8879736980	results/experiments/toolchain-environment/20260729T171551Z-toolchain-formal01/boots/repetition-02/lower/python312/lib/python3.12/site-packages/pip/_vendor/resolvelib/resolvers.py
f	644	1000	1000	2052	64	35967551	1785345512.4218717710	results/experiments/toolchain-environment/20260729T171551Z-toolchain-formal01/boots/repetition-02/lower/python310/lib/python3.10/site-packages/pip/_vendor/webencodings/__pycache__/mklabels.cpython-310.pyc
f	644	1000	1000	20523	64	35969829	1785345539.9944984510	results/experiments/toolchain-environment/20260729T171551Z-toolchain-formal01/boots/repetition-02/lower/python312/lib/python3.12/site-packages/pip/_vendor/urllib3/__pycache__/connection.cpython-312.pyc
f	644	1000	1000	20541	64	35967803	1785345517.4419855170	results/experiments/toolchain-environment/20260729T171551Z-toolchain-formal01/boots/repetition-02/lower/python312/lib/python3.12/site-packages/pip/_internal/network/auth.py
f	644	1000	1000	20593	64	35964753	1785345483.7404644920	results/experiments/toolchain-environment/20260729T171551Z-toolchain-formal01/boots/repetition-02/lower/python310/lib/python3.10/site-packages/setuptools/_vendor/jaraco/text/__pycache__/__init__.cpython-310.pyc
f	644	1000	1000	206092	64	35969599	1785345535.4864155160	results/experiments/toolchain-environment/20260729T171551Z-toolchain-formal01/boots/repetition-02/lower/python312/lib/python3.12/site-packages/pip/_vendor/rich/__pycache__/_emoji_codes.cpython-312.pyc
f	644	1000	1000	2061	64	35969401	1785345530.2589778100	results/experiments/toolchain-environment/20260729T171551Z-toolchain-formal01/boots/repetition-02/lower/python312/lib/python3.12/site-packages/pip/_vendor/platformdirs/__pycache__/__main__.cpython-312.pyc
f	644	1000	1000	206539	64	35965827	1785345493.2526391780	results/experiments/toolchain-environment/20260729T171551Z-toolchain-formal01/boots/repetition-02/lower/python310/lib/python3.10/site-packages/pip/_vendor/idna/uts46data.py
f	644	1000	1000	206539	64	35968201	1785345518.9341111130	results/experiments/toolchain-environment/20260729T171551Z-toolchain-formal01/boots/repetition-02/lower/python312/lib/python3.12/site-packages/pip/_vendor/idna/uts46data.py
f	644	1000	1000	20674	64	35965137	1785345489.7156832710	results/experiments/toolchain-environment/20260729T171551Z-toolchain-formal01/boots/repetition-02/lower/python310/lib/python3.10/site-packages/setuptools/tests/__pycache__/test_config_discovery.cpython-310.pyc
f	644	1000	1000	2068	64	35963575	1785345475.5693144840	results/experiments/toolchain-environment/20260729T171551Z-toolchain-formal01/boots/repetition-02/lower/python310/lib/python3.10/site-packages/setuptools/_vendor/importlib_metadata/_itertools.py
f	644	1000	1000	2071	64	35963733	1785345476.1468828460	results/experiments/toolchain-environment/20260729T171551Z-toolchain-formal01/boots/repetition-02/lower/python310/lib/python3.10/site-packages/setuptools/_vendor/typeguard/__init__.py
f	644	1000	1000	20735	64	35965667	1785345492.4886251460	results/experiments/toolchain-environment/20260729T171551Z-toolchain-formal01/boots/repetition-02/lower/python310/lib/python3.10/site-packages/pip/_vendor/chardet/gb2312freq.py
f	644	1000	1000	20735	64	35968059	1785345518.3714851280	results/experiments/toolchain-environment/20260729T171551Z-toolchain-formal01/boots/repetition-02/lower/python312/lib/python3.12/site-packages/pip/_vendor/chardet/gb2312freq.py
f	644	1000	1000	2075	64	35963879	1785345476.7401275260	results/experiments/toolchain-environment/20260729T171551Z-toolchain-formal01/boots/repetition-02/lower/python310/lib/python3.10/site-packages/setuptools/command/install_egg_info.py
f	644	1000	1000	2076	64	35963541	1785345475.4604023500	results/experiments/toolchain-environment/20260729T171551Z-toolchain-formal01/boots/repetition-02/lower/python310/lib/python3.10/site-packages/setuptools/_vendor/autocommand/automain.py
f	644	1000	1000	20777	64	35967787	1785345517.3871535370	results/experiments/toolchain-environment/20260729T171551Z-toolchain-formal01/boots/repetition-02/lower/python312/lib/python3.12/site-packages/pip/_internal/models/link.py
f	644	1000	1000	20797	64	35968157	1785345518.7569302950	results/experiments/toolchain-environment/20260729T171551Z-toolchain-formal01/boots/repetition-02/lower/python312/lib/python3.12/site-packages/pip/_vendor/distlib/index.py
f	644	1000	1000	208	64	35963213	1785345474.3501233270	results/experiments/toolchain-environment/20260729T171551Z-toolchain-formal01/boots/repetition-02/lower/python310/lib/python3.10/site-packages/pkg_resources/tests/data/my-test-package_unpacked-egg/my_test_package-1.0-py3.7.egg/EGG-INFO/SOURCES.txt
f	644	1000	1000	20834	64	35965771	1785345492.9306332640	results/experiments/toolchain-environment/20260729T171551Z-toolchain-formal01/boots/repetition-02/lower/python310/lib/python3.10/site-packages/pip/_vendor/distlib/index.py
f	644	1000	1000	20868	64	35967381	1785345510.1937002300	results/experiments/toolchain-environment/20260729T171551Z-toolchain-formal01/boots/repetition-02/lower/python310/lib/python3.10/site-packages/pip/_vendor/rich/__pycache__/segment.cpython-310.pyc
f	644	1000	1000	20881	64	35963981	1785345477.0931285210	results/experiments/toolchain-environment/20260729T171551Z-toolchain-formal01/boots/repetition-02/lower/python310/lib/python3.10/site-packages/setuptools/tests/test_core_metadata.py
f	644	1000	1000	20916	64	35969877	1785345541.9776903850	results/experiments/toolchain-environment/20260729T171551Z-toolchain-formal01/boots/repetition-02/lower/python312/lib/python3.12/site-packages/pip/_vendor/urllib3/__pycache__/poolmanager.cpython-312.pyc
f	644	1000	1000	20943	64	35968699	1785345521.2116219140	results/experiments/toolchain-environment/20260729T171551Z-toolchain-formal01/boots/repetition-02/lower/python312/lib/python3.12/site-packages/pip/_vendor/urllib3/poolmanager.py
f	644	1000	1000	2095	64	35966985	1785345504.2249489720	results/experiments/toolchain-environment/20260729T171551Z-toolchain-formal01/boots/repetition-02/lower/python310/lib/python3.10/site-packages/pip/_vendor/idna/__pycache__/intranges.cpython-310.pyc
f	644	1000	1000	20953	64	35967387	1785345510.2807365910	results/experiments/toolchain-environment/20260729T171551Z-toolchain-formal01/boots/repetition-02/lower/python310/lib/python3.10/site-packages/pip/_vendor/rich/__pycache__/style.cpython-310.pyc
f	644	1000	1000	2098	64	35966719	1785345500.1730104190	results/experiments/toolchain-environment/20260729T171551Z-toolchain-formal01/boots/repetition-02/lower/python310/lib/python3.10/site-packages/pip/_internal/utils/__pycache__/models.cpython-310.pyc
f	644	1000	1000	2099	64	35964009	1785345477.1899425640	results/experiments/toolchain-environment/20260729T171551Z-toolchain-formal01/boots/repetition-02/lower/python310/lib/python3.10/site-packages/setuptools/tests/test_logging.py
f	644	1000	1000	21	64	35965825	1785345493.2394981850	results/experiments/toolchain-environment/20260729T171551Z-toolchain-formal01/boots/repetition-02/lower/python310/lib/python3.10/site-packages/pip/_vendor/idna/package_data.py
f	644	1000	1000	21	64	35968199	1785345518.9161998210	results/experiments/toolchain-environment/20260729T171551Z-toolchain-formal01/boots/repetition-02/lower/python312/lib/python3.12/site-packages/pip/_vendor/idna/package_data.py
f	644	1000	1000	2100	64	35968447	1785345519.9751302520	results/experiments/toolchain-environment/20260729T171551Z-toolchain-formal01/boots/repetition-02/lower/python312/lib/python3.12/site-packages/pip/_vendor/rich/_export_format.py
f	644	1000	1000	21014	64	35963681	1785345475.9603216610	results/experiments/toolchain-environment/20260729T171551Z-toolchain-formal01/boots/repetition-02/lower/python310/lib/python3.10/site-packages/setuptools/_vendor/packaging/tags.py
f	644	1000	1000	21046	64	35966883	1785345502.6010884090	results/experiments/toolchain-environment/20260729T171551Z-toolchain-formal01/boots/repetition-02/lower/python310/lib/python3.10/site-packages/pip/_vendor/chardet/__pycache__/mbcssm.cpython-310.pyc
f	644	1000	1000	21052	64	35967887	1785345517.7508392210	results/experiments/toolchain-environment/20260729T171551Z-toolchain-formal01/boots/repetition-02/lower/python312/lib/python3.12/site-packages/pip/_internal/resolution/resolvelib/candidates.py
f	644	1000	1000	21079	64	35964155	1785345477.6286823520	results/experiments/toolchain-environment/20260729T171551Z-toolchain-formal01/boots/repetition-02/lower/python310/lib/python3.10/site-packages/setuptools/_vendor/inflect-7.3.1.dist-info/METADATA
f	644	1000	1000	2108	64	35965551	1785345491.9716156490	results/experiments/toolchain-environment/20260729T171551Z-toolchain-formal01/boots/repetition-02/lower/python310/lib/python3.10/site-packages/pip/_internal/utils/packaging.py
f	644	1000	1000	2108	64	35967943	1785345517.9636054380	results/experiments/toolchain-environment/20260729T171551Z-toolchain-formal01/boots/repetition-02/lower/python312/lib/python3.12/site-packages/pip/_internal/utils/packaging.py
f	644	1000	1000	2114	64	35966097	1785345494.2056203170	results/experiments/toolchain-environment/20260729T171551Z-toolchain-formal01/boots/repetition-02/lower/python310/lib/python3.10/site-packages/pip/_vendor/rich/_export_format.py
f	644	1000	1000	2118	64	35965529	1785345491.8714457030	results/experiments/toolchain-environment/20260729T171551Z-toolchain-formal01/boots/repetition-02/lower/python310/lib/python3.10/site-packages/pip/_internal/utils/egg_link.py
f	644	1000	1000	212	64	35963361	1785345474.8063784520	results/experiments/toolchain-environment/20260729T171551Z-toolchain-formal01/boots/repetition-02/lower/python310/lib/python3.10/site-packages/setuptools/_distutils/unixccompiler.py
f	644	1000	1000	21254	64	35966749	1785345500.5978737310	results/experiments/toolchain-environment/20260729T171551Z-toolchain-formal01/boots/repetition-02/lower/python310/lib/python3.10/site-packages/pip/_internal/vcs/__pycache__/versioncontrol.cpython-310.pyc
f	644	1000	1000	21257	64	35966625	1785345498.6977392030	results/experiments/toolchain-environment/20260729T171551Z-toolchain-formal01/boots/repetition-02/lower/python310/lib/python3.10/site-packages/pip/_internal/operations/install/__pycache__/wheel.cpython-310.pyc
f	644	1000	1000	21258	64	35963263	1785345474.5055936980	results/experiments/toolchain-environment/20260729T171551Z-toolchain-formal01/boots/repetition-02/lower/python310/lib/python3.10/site-packages/setuptools/discovery.py
f	644	1000	1000	2127	64	35967573	1785345512.6334947610	results/experiments/toolchain-environment/20260729T171551Z-toolchain-formal01/boots/repetition-02/lower/python310/bin/activate
f	644	1000	1000	2131	64	35965701	1785345492.6406279370	results/experiments/toolchain-environment/20260729T171551Z-toolchain-formal01/boots/repetition-02/lower/python310/lib/python3.10/site-packages/pip/_vendor/chardet/mbcsgroupprober.py
f	644	1000	1000	2131	64	35968093	1785345518.5239607890	results/experiments/toolchain-environment/20260729T171551Z-toolchain-formal01/boots/repetition-02/lower/python312/lib/python3.12/site-packages/pip/_vendor/chardet/mbcsgroupprober.py
f	644	1000	1000	21316	64	35965039	1785345488.4555510740	results/experiments/toolchain-environment/20260729T171551Z-toolchain-formal01/boots/repetition-02/lower/python310/lib/python3.10/site-packages/setuptools/__pycache__/discovery.cpython-310.pyc
f	644	1000	1000	213344	64	35965997	1785345493.8476501070	results/experiments/toolchain-environment/20260729T171551Z-toolchain-formal01/boots/repetition-02/lower/python310/lib/python3.10/site-packages/pip/_vendor/pyparsing/core.py
f	644	1000	1000	2139	64	35968949	1785345524.3828996380	results/experiments/toolchain-environment/20260729T171551Z-toolchain-formal01/boots/repetition-02/lower/python312/lib/python3.12/site-packages/pip/_internal/operations/build/__pycache__/wheel_editable.cpython-312.pyc
f	644	1000	1000	21396	64	35969543	1785345534.2305818970	results/experiments/toolchain-environment/20260729T171551Z-toolchain-formal01/boots/repetition-02/lower/python312/lib/python3.12/site-packages/pip/_vendor/requests/__pycache__/adapters.cpython-312.pyc
f	644	1000	1000	2140	64	35969363	1785345529.6863044220	results/experiments/toolchain-environment/20260729T171551Z-toolchain-formal01/boots/repetition-02/lower/python312/lib/python3.12/site-packages/pip/_vendor/msgpack/__pycache__/exceptions.cpython-312.pyc
f	644	1000	1000	2140	64	35969541	1785345533.9773877570	results/experiments/toolchain-environment/20260729T171551Z-toolchain-formal01/boots/repetition-02/lower/python312/lib/python3.12/site-packages/pip/_vendor/requests/__pycache__/_internal_utils.cpython-312.pyc
f	644	1000	1000	21404	64	35963431	1785345475.0526130180	results/experiments/toolchain-environment/20260729T171551Z-toolchain-formal01/boots/repetition-02/lower/python310/lib/python3.10/site-packages/setuptools/_distutils/compilers/C/msvc.py
f	644	1000	1000	2142	64	35968613	1785345520.8605766920	results/experiments/toolchain-environment/20260729T171551Z-toolchain-formal01/boots/repetition-02/lower/python312/lib/python3.12/site-packages/pip/_vendor/tenacity/tornadoweb.py
f	644	1000	1000	21443	64	35966037	1785345493.9826525870	results/experiments/toolchain-environment/20260729T171551Z-toolchain-formal01/boots/repetition-02/lower/python310/lib/python3.10/site-packages/pip/_vendor/requests/adapters.py
f	644	1000	1000	2145	64	35965403	1785345491.4304334230	results/experiments/toolchain-environment/20260729T171551Z-toolchain-formal01/boots/repetition-02/lower/python310/lib/python3.10/site-packages/pip/_internal/network/cache.py
f	644	1000	1000	2145	64	35966271	1785345495.0086714340	results/experiments/toolchain-environment/20260729T171551Z-toolchain-formal01/boots/repetition-02/lower/python310/lib/python3.10/site-packages/pip/_vendor/tenacity/tornadoweb.py
f	644	1000	1000	21484	64	35963647	1785345475.8180883910	results/experiments/toolchain-environment/20260729T171551Z-toolchain-formal01/boots/repetition-02/lower/python310/lib/python3.10/site-packages/setuptools/_vendor/more_itertools/more.pyi
f	644	1000	1000	2154	64	35967273	1785345508.7383038230	results/experiments/toolchain-environment/20260729T171551Z-toolchain-formal01/boots/repetition-02/lower/python310/lib/python3.10/site-packages/pip/_vendor/rich/__pycache__/_windows_renderer.cpython-310.pyc
f	644	1000	1000	21575	64	35968975	1785345524.7237951020	results/experiments/toolchain-environment/20260729T171551Z-toolchain-formal01/boots/repetition-02/lower/python312/lib/python3.12/site-packages/pip/_internal/req/__pycache__/req_file.cpython-312.pyc
f	644	1000	1000	21638	64	35967017	1785345504.7498480570	results/experiments/toolchain-environment/20260729T171551Z-toolchain-formal01/boots/repetition-02/lower/python310/lib/python3.10/site-packages/pip/_vendor/packaging/__pycache__/specifiers.cpython-310.pyc
f	644	1000	1000	2166	64	35963579	1785345475.5851075850	results/experiments/toolchain-environment/20260729T171551Z-toolchain-formal01/boots/repetition-02/lower/python310/lib/python3.10/site-packages/setuptools/_vendor/importlib_metadata/_text.py
f	644	1000	1000	2167	64	35964713	1785345483.1413911090	results/experiments/toolchain-environment/20260729T171551Z-toolchain-formal01/boots/repetition-02/lower/python310/lib/python3.10/site-packages/setuptools/_vendor/importlib_metadata/__pycache__/_itertools.cpython-310.pyc
f	644	1000	1000	21694	64	35963767	1785345476.2850873230	results/experiments/toolchain-environment/20260729T171551Z-toolchain-formal01/boots/repetition-02/lower/python310/lib/python3.10/site-packages/setuptools/_vendor/wheel/_bdist_wheel.py
f	644	1000	1000	21696	64	35968973	1785345524.6950003900	results/experiments/toolchain-environment/20260729T171551Z-toolchain-formal01/boots/repetition-02/lower/python312/lib/python3.12/site-packages/pip/_internal/req/__pycache__/constructors.cpython-312.pyc
f	644	1000	1000	2172	64	35966589	1785345498.1308879590	results/experiments/toolchain-environment/20260729T171551Z-toolchain-formal01/boots/repetition-02/lower/python310/lib/python3.10/site-packages/pip/_internal/network/__pycache__/xmlrpc.cpython-310.pyc
f	644	1000	1000	21785	64	35963381	1785345474.8709768890	results/experiments/toolchain-environment/20260729T171551Z-toolchain-formal01/boots/repetition-02/lower/python310/lib/python3.10/site-packages/setuptools/_distutils/command/bdist_rpm.py
f	644	1000	1000	2179	64	35968599	1785345520.8040925660	results/experiments/toolchain-environment/20260729T171551Z-toolchain-formal01/boots/repetition-02/lower/python312/lib/python3.12/site-packages/pip/_vendor/tenacity/_utils.py
f	644	1000	1000	218	64	35963299	1785345474.6089994430	results/experiments/toolchain-environment/20260729T171551Z-toolchain-formal01/boots/repetition-02/lower/python310/lib/python3.10/site-packages/setuptools/script (dev).tmpl
f	644	1000	1000	21834	64	35969897	1785345542.3345415060	results/experiments/toolchain-environment/20260729T171551Z-toolchain-formal01/boots/repetition-02/lower/python312/lib/python3.12/site-packages/pip/_vendor/urllib3/util/__pycache__/retry.cpython-312.pyc
f	644	1000	1000	2185	64	35965167	1785345490.1225816900	results/experiments/toolchain-environment/20260729T171551Z-toolchain-formal01/boots/repetition-02/lower/python310/lib/python3.10/site-packages/setuptools/tests/__pycache__/test_logging.cpython-310.pyc
f	644	1000	1000	2187	64	35963887	1785345476.7689170290	results/experiments/toolchain-environment/20260729T171551Z-toolchain-formal01/boots/repetition-02/lower/python310/lib/python3.10/site-packages/setuptools/command/rotate.py
f	644	1000	1000	219	64	35963843	1785345476.6103335930	results/experiments/toolchain-environment/20260729T171551Z-toolchain-formal01/boots/repetition-02/lower/python310/lib/python3.10/site-packages/setuptools/_vendor/zipp/compat/py310.py
f	644	1000	1000	2190	64	35966721	1785345500.2017668350	results/experiments/toolchain-environment/20260729T171551Z-toolchain-formal01/boots/repetition-02/lower/python310/lib/python3.10/site-packages/pip/_internal/utils/__pycache__/packaging.cpython-310.pyc
f	644	1000	1000	2193	64	35966695	1785345499.8000189390	results/experiments/toolchain-environment/20260729T171551Z-toolchain-formal01/boots/repetition-02/lower/python310/lib/python3.10/site-packages/pip/_internal/utils/__pycache__/direct_url_helpers.cpython-310.pyc
f	644	1000	1000	21938	64	35965947	1785345493.6776469850	results/experiments/toolchain-environment/20260729T171551Z-toolchain-formal01/boots/repetition-02/lower/python310/lib/python3.10/site-packages/pip/_vendor/pygments/formatters/img.py
f	644	1000	1000	21938	64	35968289	1785345519.2458409410	results/experiments/toolchain-environment/20260729T171551Z-toolchain-formal01/boots/repetition-02/lower/python312/lib/python3.12/site-packages/pip/_vendor/pygments/formatters/img.py
f	644	1000	1000	2198	64	35965445	1785345491.5525856930	results/experiments/toolchain-environment/20260729T171551Z-toolchain-formal01/boots/repetition-02/lower/python310/lib/python3.10/site-packages/pip/_internal/operations/build/metadata_legacy.py
f	644	1000	1000	2198	64	35967831	1785345517.5460201090	results/experiments/toolchain-environment/20260729T171551Z-toolchain-formal01/boots/repetition-02/lower/python312/lib/python3.12/site-packages/pip/_internal/operations/build/metadata_legacy.py
f	644	1000	1000	22	64	35963953	1785345476.9961059190	results/experiments/toolchain-environment/20260729T171551Z-toolchain-formal01/boots/repetition-02/lower/python310/lib/python3.10/site-packages/setuptools/tests/mod_with_constant.py
f	644	1000	1000	22000	64	35968849	1785345523.0788384470	results/experiments/toolchain-environment/20260729T171551Z-toolchain-formal01/boots/repetition-02/lower/python312/lib/python3.12/site-packages/pip/_internal/index/__pycache__/collector.cpython-312.pyc
f	644	1000	1000	22003	64	35966359	1785345495.3846783410	results/experiments/toolchain-environment/20260729T171551Z-toolchain-formal01/boots/repetition-02/lower/python310/lib/python3.10/site-packages/pip/_vendor/urllib3/util/retry.py
f	644	1000	1000	2204	64	35968797	1785345522.1651705190	results/experiments/toolchain-environment/20260729T171551Z-toolchain-formal01/boots/repetition-02/lower/python312/lib/python3.12/site-packages/pip/_internal/commands/__pycache__/check.cpython-312.pyc
f	644	1000	1000	22050	64	35968719	1785345521.3105619490	results/experiments/toolchain-environment/20260729T171551Z-toolchain-formal01/boots/repetition-02/lower/python312/lib/python3.12/site-packages/pip/_vendor/urllib3/util/retry.py
f	644	1000	1000	22052	64	35967489	1785345511.5482512950	results/experiments/toolchain-environment/20260729T171551Z-toolchain-formal01/boots/repetition-02/lower/python310/lib/python3.10/site-packages/pip/_vendor/urllib3/contrib/__pycache__/securetransport.cpython-310.pyc
f	644	1000	1000	22110	64	35968917	1785345523.9389187160	results/experiments/toolchain-environment/20260729T171551Z-toolchain-formal01/boots/repetition-02/lower/python312/lib/python3.12/site-packages/pip/_internal/network/__pycache__/auth.cpython-312.pyc
f	644	1000	1000	2212	64	35965955	1785345493.7166477010	results/experiments/toolchain-environment/20260729T171551Z-toolchain-formal01/boots/repetition-02/lower/python310/lib/python3.10/site-packages/pip/_vendor/pygments/formatters/pangomarkup.py
f	644	1000	1000	2212	64	35968297	1785345519.2871176030	results/experiments/toolchain-environment/20260729T171551Z-toolchain-formal01/boots/repetition-02/lower/python312/lib/python3.12/site-packages/pip/_vendor/pygments/formatters/pangomarkup.py
f	644	1000	1000	2214	64	35964655	1785345482.1144616510	results/experiments/toolchain-environment/20260729T171551Z-toolchain-formal01/boots/repetition-02/lower/python310/lib/python3.10/site-packages/setuptools/__pycache__/_imp.cpython-310.pyc
f	644	1000	1000	2215	64	35967087	1785345505.7681637440	results/experiments/toolchain-environment/20260729T171551Z-toolchain-formal01/boots/repetition-02/lower/python310/lib/python3.10/site-packages/pip/_vendor/pygments/formatters/__pycache__/pangomarkup.cpython-310.pyc
f	644	1000	1000	22186	64	35963329	1785345474.6960936210	results/experiments/toolchain-environment/20260729T171551Z-toolchain-formal01/boots/repetition-02/lower/python310/lib/python3.10/site-packages/setuptools/_distutils/cmd.py
f	644	1000	1000	2219	64	35966903	1785345502.9039699050	results/experiments/toolchain-environment/20260729T171551Z-toolchain-formal01/boots/repetition-02/lower/python310/lib/python3.10/site-packages/pip/_vendor/chardet/__pycache__/utf8prober.cpython-310.pyc
f	644	1000	1000	22225	64	35963695	1785345476.0084278390	results/experiments/toolchain-environment/20260729T171551Z-toolchain-formal01/boots/repetition-02/lower/python310/lib/python3.10/site-packages/setuptools/_vendor/platformdirs/__init__.py
f	644	1000	1000	22245	64	35966843	1785345502.0375940360	results/experiments/toolchain-environment/20260729T171551Z-toolchain-formal01/boots/repetition-02/lower/python310/lib/python3.10/site-packages/pip/_vendor/chardet/__pycache__/jisfreq.cpython-310.pyc
f	644	1000	1000	22246	64	35963857	1785345476.6553344190	results/experiments/toolchain-environment/20260729T171551Z-toolchain-formal01/boots/repetition-02/lower/python310/lib/python3.10/site-packages/setuptools/command/bdist_wheel.py
f	644	1000	1000	22253	64	35965547	1785345491.9516152820	results/experiments/toolchain-environment/20260729T171551Z-toolchain-formal01/boots/repetition-02/lower/python310/lib/python3.10/site-packages/pip/_internal/utils/misc.py
f	644	1000	1000	22270	64	35969199	1785345527.4881920750	results/experiments/toolchain-environment/20260729T171551Z-toolchain-formal01/boots/repetition-02/lower/python312/lib/python3.12/site-packages/pip/_vendor/chardet/__pycache__/jisfreq.cpython-312.pyc
f	644	1000	1000	223	64	35963235	1785345474.4206414380	results/experiments/toolchain-environment/20260729T171551Z-toolchain-formal01/boots/repetition-02/lower/python310/lib/python3.10/site-packages/setuptools/_importlib.py
f	644	1000	1000	22364	64	35966717	1785345500.1436862610	results/experiments/toolchain-environment/20260729T171551Z-toolchain-formal01/boots/repetition-02/lower/python310/lib/python3.10/site-packages/pip/_internal/utils/__pycache__/misc.cpython-310.pyc
f	644	1000	1000	2242	64	35964577	1785345480.5674062350	results/experiments/toolchain-environment/20260729T171551Z-toolchain-formal01/boots/repetition-02/lower/python310/lib/python3.10/site-packages/setuptools/_distutils/tests/__pycache__/test_bdist_dumb.cpython-310.pyc
f	644	1000	1000	22421	64	35964979	1785345487.6705366580	results/experiments/toolchain-environment/20260729T171551Z-toolchain-formal01/boots/repetition-02/lower/python310/lib/python3.10/site-packages/setuptools/command/__pycache__/egg_info.cpython-310.pyc
f	644	1000	1000	2243	64	35965099	1785345489.1863938210	results/experiments/toolchain-environment/20260729T171551Z-toolchain-formal01/boots/repetition-02/lower/python310/lib/python3.10/site-packages/setuptools/tests/__pycache__/environment.cpython-310.pyc
f	644	1000	1000	224445	64	35968347	1785345519.5221219240	results/experiments/toolchain-environment/20260729T171551Z-toolchain-formal01/boots/repetition-02/lower/python312/lib/python3.12/site-packages/pip/_vendor/pyparsing/core.py
f	644	1000	1000	2247	64	35963459	1785345475.1591136840	results/experiments/toolchain-environment/20260729T171551Z-toolchain-formal01/boots/repetition-02/lower/python310/lib/python3.10/site-packages/setuptools/_distutils/tests/test_bdist_dumb.py
f	644	1000	1000	22545	64	35963467	1785345475.1896001990	results/experiments/toolchain-environment/20260729T171551Z-toolchain-formal01/boots/repetition-02/lower/python310/lib/python3.10/site-packages/setuptools/_distutils/tests/test_build_ext.py
f	644	1000	1000	2255	64	35969751	1785345538.8213621540	results/experiments/toolchain-environment/20260729T171551Z-toolchain-formal01/boots/repetition-02/lower/python312/lib/python3.12/site-packages/pip/_vendor/rich/__pycache__/styled.cpython-312.pyc
f	644	1000	1000	22553	64	35968993	1785345524.9491043520	results/experiments/toolchain-environment/20260729T171551Z-toolchain-formal01/boots/repetition-02/lower/python312/lib/python3.12/site-packages/pip/_internal/resolution/legacy/__pycache__/resolver.cpython-312.pyc
f	644	1000	1000	22580	64	35963979	1785345477.0860849120	results/experiments/toolchain-environment/20260729T171551Z-toolchain-formal01/boots/repetition-02/lower/python310/lib/python3.10/site-packages/setuptools/tests/test_config_discovery.py
f	644	1000	1000	2259	64	35966469	1785345496.3726964900	results/experiments/toolchain-environment/20260729T171551Z-toolchain-formal01/boots/repetition-02/lower/python310/lib/python3.10/site-packages/pip/_internal/commands/__pycache__/hash.cpython-310.pyc
f	644	1000	1000	22611	64	35967515	1785345511.9088398680	results/experiments/toolchain-environment/20260729T171551Z-toolchain-formal01/boots/repetition-02/lower/python310/lib/python3.10/site-packages/pip/_vendor/urllib3/__pycache__/response.cpython-310.pyc
f	644	1000	1000	22633	64	35963723	1785345476.1123244520	results/experiments/toolchain-environment/20260729T171551Z-toolchain-formal01/boots/repetition-02/lower/python310/lib/python3.10/site-packages/setuptools/_vendor/tomli/_parser.py
f	644	1000	1000	22633	64	35966279	1785345495.0386719850	results/experiments/toolchain-environment/20260729T171551Z-toolchain-formal01/boots/repetition-02/lower/python310/lib/python3.10/site-packages/pip/_vendor/tomli/_parser.py
f	644	1000	1000	22633	64	35968621	1785345520.8856377270	results/experiments/toolchain-environment/20260729T171551Z-toolchain-formal01/boots/repetition-02/lower/python312/lib/python3.12/site-packages/pip/_vendor/tomli/_parser.py
f	644	1000	1000	2266	64	35963751	1785345476.2225471170	results/experiments/toolchain-environment/20260729T171551Z-toolchain-formal01/boots/repetition-02/lower/python310/lib/python3.10/site-packages/setuptools/_vendor/typeguard/_suppression.py
f	644	1000	1000	2269	64	35969039	1785345525.5973399020	results/experiments/toolchain-environment/20260729T171551Z-toolchain-formal01/boots/repetition-02/lower/python312/lib/python3.12/site-packages/pip/_internal/utils/__pycache__/encoding.cpython-312.pyc
f	644	1000	1000	2273	64	35966699	1785345499.8629486500	results/experiments/toolchain-environment/20260729T171551Z-toolchain-formal01/boots/repetition-02/lower/python310/lib/python3.10/site-packages/pip/_internal/utils/__pycache__/egg_link.cpython-310.pyc
f	644	1000	1000	22787	64	35967971	1785345518.0656064320	results/experiments/toolchain-environment/20260729T171551Z-toolchain-formal01/boots/repetition-02/lower/python312/lib/python3.12/site-packages/pip/_internal/vcs/versioncontrol.py
f	644	1000	1000	22811	64	35965579	1785345492.1086181660	results/experiments/toolchain-environment/20260729T171551Z-toolchain-formal01/boots/repetition-02/lower/python310/lib/python3.10/site-packages/pip/_internal/vcs/versioncontrol.py
f	644	1000	1000	22820	64	35966121	1785345494.3096585940	results/experiments/toolchain-environment/20260729T171551Z-toolchain-formal01/boots/repetition-02/lower/python310/lib/python3.10/site-packages/pip/_vendor/rich/_win32_console.py
f	644	1000	1000	22820	64	35968473	1785345520.1221329550	results/experiments/toolchain-environment/20260729T171551Z-toolchain-formal01/boots/repetition-02/lower/python312/lib/python3.12/site-packages/pip/_vendor/rich/_win32_console.py
f	644	1000	1000	2290	64	35964847	1785345485.4794964240	results/experiments/toolchain-environment/20260729T171551Z-toolchain-formal01/boots/repetition-02/lower/python310/lib/python3.10/site-packages/setuptools/_vendor/typeguard/__pycache__/_exceptions.cpython-310.pyc
f	644	1000	1000	2294	64	35969949	1785345542.8965518470	results/experiments/toolchain-environment/20260729T171551Z-toolchain-formal01/boots/repetition-02/lower/python312/bin/activate
f	644	1000	1000	2296	64	35965083	1785345488.9361514050	results/experiments/toolchain-environment/20260729T171551Z-toolchain-formal01/boots/repetition-02/lower/python310/lib/python3.10/site-packages/setuptools/tests/config/downloads/__pycache__/__init__.cpython-310.pyc
f	644	1000	1000	2297	64	35966531	1785345497.2707771160	results/experiments/toolchain-environment/20260729T171551Z-toolchain-formal01/boots/repetition-02/lower/python310/lib/python3.10/site-packages/pip/_internal/metadata/__pycache__/_json.cpython-310.pyc
f	644	1000	1000	2305	64	35964631	1785345481.6364258610	results/experiments/toolchain-environment/20260729T171551Z-toolchain-formal01/boots/repetition-02/lower/python310/lib/python3.10/site-packages/setuptools/_distutils/tests/__pycache__/test_text_file.cpython-310.pyc
f	644	1000	1000	23083	64	35963967	1785345477.0453436200	results/experiments/toolchain-environment/20260729T171551Z-toolchain-formal01/boots/repetition-02/lower/python310/lib/python3.10/site-packages/setuptools/tests/test_bdist_wheel.py
f	644	1000	1000	2310	64	35963231	1785345474.4092931920	results/experiments/toolchain-environment/20260729T171551Z-toolchain-formal01/boots/repetition-02/lower/python310/lib/python3.10/site-packages/setuptools/_entry_points.py
f	644	1000	1000	2313	64	35964313	1785345478.1614002140	results/experiments/toolchain-environment/20260729T171551Z-toolchain-formal01/boots/repetition-02/lower/python310/lib/python3.10/site-packages/setuptools/_vendor/wheel-0.45.1.dist-info/METADATA
f	644	1000	1000	23142	64	35966427	1785345495.8546869740	results/experiments/toolchain-environment/20260729T171551Z-toolchain-formal01/boots/repetition-02/lower/python310/lib/python3.10/site-packages/pip/_internal/cli/__pycache__/cmdoptions.cpython-310.pyc
f	644	1000	1000	2317	64	35963567	1785345475.5396100420	results/experiments/toolchain-environment/20260729T171551Z-toolchain-formal01/boots/repetition-02/lower/python310/lib/python3.10/site-packages/setuptools/_vendor/importlib_metadata/_adapters.py
f	644	1000	1000	2318	64	35968755	1785345521.5286569670	results/experiments/toolchain-environment/20260729T171551Z-toolchain-formal01/boots/repetition-02/lower/python312/lib/python3.12/site-packages/pip/__pycache__/__pip-runner__.cpython-312.pyc
f	644	1000	1000	23218	64	35965125	1785345489.5365709270	results/experiments/toolchain-environment/20260729T171551Z-toolchain-formal01/boots/repetition-02/lower/python310/lib/python3.10/site-packages/setuptools/tests/__pycache__/test_bdist_wheel.cpython-310.pyc
f	644	1000	1000	2324	64	35968635	1785345520.9350955900	results/experiments/toolchain-environment/20260729T171551Z-toolchain-formal01/boots/repetition-02/lower/python312/lib/python3.12/site-packages/pip/_vendor/truststore/_openssl.py
f	644	1000	1000	2324	64	35969027	1785345525.4116110270	results/experiments/toolchain-environment/20260729T171551Z-toolchain-formal01/boots/repetition-02/lower/python312/lib/python3.12/site-packages/pip/_internal/utils/__pycache__/compat.cpython-312.pyc
f	644	1000	1000	2329	64	35967569	1785345512.6186043590	results/experiments/toolchain-environment/20260729T171551Z-toolchain-formal01/boots/repetition-02/lower/python310/bin/activate.fish
f	644	1000	1000	2329	64	35969945	1785345542.8835516080	results/experiments/toolchain-environment/20260729T171551Z-toolchain-formal01/boots/repetition-02/lower/python312/bin/activate.fish
f	644	1000	1000	2331	64	35969813	1785345539.7364833870	results/experiments/toolchain-environment/20260729T171551Z-toolchain-formal01/boots/repetition-02/lower/python312/lib/python3.12/site-packages/pip/_vendor/truststore/__pycache__/_openssl.cpython-312.pyc
f	644	1000	1000	2335	64	35964481	1785345479.1933810100	results/experiments/toolchain-environment/20260729T171551Z-toolchain-formal01/boots/repetition-02/lower/python310/lib/python3.10/site-packages/setuptools/_distutils/command/__pycache__/clean.cpython-310.pyc
f	644	1000	1000	23513	64	35965793	1785345493.0876361470	results/experiments/toolchain-environment/20260729T171551Z-toolchain-formal01/boots/repetition-02/lower/python310/lib/python3.10/site-packages/pip/_vendor/distlib/version.py
f	644	1000	1000	2362	64	35968841	1785345522.9920780820	results/experiments/toolchain-environment/20260729T171551Z-toolchain-formal01/boots/repetition-02/lower/python312/lib/python3.12/site-packages/pip/_internal/distributions/__pycache__/wheel.cpython-312.pyc
f	644	1000	1000	23623	64	35967939	1785345517.9481139400	results/experiments/toolchain-environment/20260729T171551Z-toolchain-formal01/boots/repetition-02/lower/python312/lib/python3.12/site-packages/pip/_internal/utils/misc.py
f	644	1000	1000	23634	64	35967729	1785345517.1936831680	results/experiments/toolchain-environment/20260729T171551Z-toolchain-formal01/boots/repetition-02/lower/python312/lib/python3.12/site-packages/pip/_internal/exceptions.py
f	644	1000	1000	2367	64	35968927	1785345524.0885711460	results/experiments/toolchain-environment/20260729T171551Z-toolchain-formal01/boots/repetition-02/lower/python312/lib/python3.12/site-packages/pip/_internal/network/__pycache__/utils.cpython-312.pyc
f	644	1000	1000	23685	64	35965893	1785345493.4916435680	results/experiments/toolchain-environment/20260729T171551Z-toolchain-formal01/boots/repetition-02/lower/python310/lib/python3.10/site-packages/pip/_vendor/pygments/cmdline.py
f	644	1000	1000	23685	64	35966013	1785345493.9076512090	results/experiments/toolchain-environment/20260729T171551Z-toolchain-formal01/boots/repetition-02/lower/python310/lib/python3.10/site-packages/pip/_vendor/pyparsing/diagram/__init__.py
f	644	1000	1000	23685	64	35968265	1785345519.1560095890	results/experiments/toolchain-environment/20260729T171551Z-toolchain-formal01/boots/repetition-02/lower/python312/lib/python3.12/site-packages/pip/_vendor/pygments/cmdline.py
f	644	1000	1000	2371	64	35967311	1785345509.3495410360	results/experiments/toolchain-environment/20260729T171551Z-toolchain-formal01/boots/repetition-02/lower/python310/lib/python3.10/site-packages/pip/_vendor/rich/__pycache__/file_proxy.cpython-310.pyc
f	644	1000	1000	2372	64	35966915	1785345503.0994874240	results/experiments/toolchain-environment/20260729T171551Z-toolchain-formal01/boots/repetition-02/lower/python310/lib/python3.10/site-packages/pip/_vendor/colorama/__pycache__/initialise.cpython-310.pyc
f	644	1000	1000	2372	64	35968605	1785345520.8288842850	results/experiments/toolchain-environment/20260729T171551Z-toolchain-formal01/boots/repetition-02/lower/python312/lib/python3.12/site-packages/pip/_vendor/tenacity/before_sleep.py
f	644	1000	1000	2374	64	35969657	1785345537.3294386480	results/experiments/toolchain-environment/20260729T171551Z-toolchain-formal01/boots/repetition-02/lower/python312/lib/python3.12/site-packages/pip/_vendor/rich/__pycache__/constrain.cpython-312.pyc
f	644	1000	1000	23747	64	35968173	1785345518.8256470320	results/experiments/toolchain-environment/20260729T171551Z-toolchain-formal01/boots/repetition-02/lower/python312/lib/python3.12/site-packages/pip/_vendor/distlib/version.py
f	644	1000	1000	2380	64	35963851	1785345476.6321085120	results/experiments/toolchain-environment/20260729T171551Z-toolchain-formal01/boots/repetition-02/lower/python310/lib/python3.10/site-packages/setuptools/command/alias.py
f	644	1000	1000	2386	64	35968899	1785345523.7223496400	results/experiments/toolchain-environment/20260729T171551Z-toolchain-formal01/boots/repetition-02/lower/python312/lib/python3.12/site-packages/pip/_internal/models/__pycache__/installation_report.cpython-312.pyc
f	644	1000	1000	239	64	35963319	1785345474.6633304160	results/experiments/toolchain-environment/20260729T171551Z-toolchain-formal01/boots/repetition-02/lower/python310/lib/python3.10/site-packages/setuptools/_distutils/_macos_compat.py
f	644	1000	1000	2397	64	35963959	1785345477.0173389120	results/experiments/toolchain-environment/20260729T171551Z-toolchain-formal01/boots/repetition-02/lower/python310/lib/python3.10/site-packages/setuptools/tests/server.py
f	644	1000	1000	2401	64	35966921	1785345503.1923628050	results/experiments/toolchain-environment/20260729T171551Z-toolchain-formal01/boots/repetition-02/lower/python310/lib/python3.10/site-packages/pip/_vendor/colorama/tests/__pycache__/ansi_test.cpython-310.pyc
f	644	1000	1000	2402	64	35964287	1785345478.0753937100	results/experiments/toolchain-environment/20260729T171551Z-toolchain-formal01/boots/repetition-02/lower/python310/lib/python3.10/site-packages/setuptools/_vendor/typeguard-4.3.0.dist-info/RECORD
f	644	1000	1000	24025	64	35967879	1785345517.7240242180	results/experiments/toolchain-environment/20260729T171551Z-toolchain-formal01/boots/repetition-02/lower/python312/lib/python3.12/site-packages/pip/_internal/resolution/legacy/resolver.py
f	644	1000	1000	2404	64	35964003	1785345477.1705428600	results/experiments/toolchain-environment/20260729T171551Z-toolchain-formal01/boots/repetition-02/lower/python310/lib/python3.10/site-packages/setuptools/tests/test_find_py_modules.py
f	644	1000	1000	2404	64	35965129	1785345489.5965720290	results/experiments/toolchain-environment/20260729T171551Z-toolchain-formal01/boots/repetition-02/lower/python310/lib/python3.10/site-packages/setuptools/tests/__pycache__/test_build_clib.cpython-310.pyc
f	644	1000	1000	24045	64	35965475	1785345491.6626309010	results/experiments/toolchain-environment/20260729T171551Z-toolchain-formal01/boots/repetition-02/lower/python310/lib/python3.10/site-packages/pip/_internal/req/req_uninstall.py
f	644	1000	1000	241	64	35963185	1785345474.2652905490	results/experiments/toolchain-environment/20260729T171551Z-toolchain-formal01/boots/repetition-02/lower/python310/lib/python3.10/site-packages/pkg_resources/tests/test_markers.py
f	644	1000	1000	2412	64	35968777	1785345521.8361644700	results/experiments/toolchain-environment/20260729T171551Z-toolchain-formal01/boots/repetition-02/lower/python312/lib/python3.12/site-packages/pip/_internal/cli/__pycache__/main.cpython-312.pyc
f	644	1000	1000	24129	64	35965487	1785345491.7016878190	results/experiments/toolchain-environment/20260729T171551Z-toolchain-formal01/boots/repetition-02/lower/python310/lib/python3.10/site-packages/pip/_internal/resolution/legacy/resolver.py
f	644	1000	1000	2418	64	35969783	1785345539.3141384510	results/experiments/toolchain-environment/20260729T171551Z-toolchain-formal01/boots/repetition-02/lower/python312/lib/python3.12/site-packages/pip/_vendor/tenacity/__pycache__/before_sleep.cpython-312.pyc
f	644	1000	1000	242	64	35965521	1785345491.8386132070	results/experiments/toolchain-environment/20260729T171551Z-toolchain-formal01/boots/repetition-02/lower/python310/lib/python3.10/site-packages/pip/_internal/utils/datetime.py
f	644	1000	1000	242	64	35965615	1785345492.2546208470	results/experiments/toolchain-environment/20260729T171551Z-toolchain-formal01/boots/repetition-02/lower/python310/lib/python3.10/site-packages/pip/_vendor/cachecontrol/caches/__init__.py
f	644	1000	1000	242	64	35967917	1785345517.8646984490	results/experiments/toolchain-environment/20260729T171551Z-toolchain-formal01/boots/repetition-02/lower/python312/lib/python3.12/site-packages/pip/_internal/utils/datetime.py
f	644	1000	1000	24215	64	35968351	1785345519.5325705520	results/experiments/toolchain-environment/20260729T171551Z-toolchain-formal01/boots/repetition-02/lower/python312/lib/python3.12/site-packages/pip/_vendor/pyparsing/diagram/__init__.py
f	644	1000	1000	2422	64	35967245	1785345508.2773668190	results/experiments/toolchain-environment/20260729T171551Z-toolchain-formal01/boots/repetition-02/lower/python310/lib/python3.10/site-packages/pip/_vendor/rich/__pycache__/_export_format.cpython-310.pyc
f	644	1000	1000	24224	64	35966213	1785345494.7746671350	results/experiments/toolchain-environment/20260729T171551Z-toolchain-formal01/boots/repetition-02/lower/python310/lib/python3.10/site-packages/pip/_vendor/rich/segment.py
f	644	1000	1000	2423	64	35966879	1785345502.5321642900	results/experiments/toolchain-environment/20260729T171551Z-toolchain-formal01/boots/repetition-02/lower/python310/lib/python3.10/site-packages/pip/_vendor/chardet/__pycache__/mbcharsetprober.cpython-310.pyc
f	644	1000	1000	24244	64	35965245	1785345490.7345929300	results/experiments/toolchain-environment/20260729T171551Z-toolchain-formal01/boots/repetition-02/lower/python310/lib/python3.10/site-packages/pip/_internal/exceptions.py
f	644	1000	1000	24247	64	35968565	1785345520.6471797830	results/experiments/toolchain-environment/20260729T171551Z-toolchain-formal01/boots/repetition-02/lower/python312/lib/python3.12/site-packages/pip/_vendor/rich/segment.py
f	644	1000	1000	2427	64	35964495	1785345479.4093849750	results/experiments/toolchain-environment/20260729T171551Z-toolchain-formal01/boots/repetition-02/lower/python310/lib/python3.10/site-packages/setuptools/_distutils/command/__pycache__/install_scripts.cpython-310.pyc
f	644	1000	1000	2431	64	35969777	1785345539.2194841920	results/experiments/toolchain-environment/20260729T171551Z-toolchain-formal01/boots/repetition-02/lower/python312/lib/python3.12/site-packages/pip/_vendor/tenacity/__pycache__/_utils.cpython-312.pyc
f	644	1000	1000	24323	64	35965035	1785345488.4045501380	results/experiments/toolchain-environment/20260729T171551Z-toolchain-formal01/boots/repetition-02/lower/python310/lib/python3.10/site-packages/setuptools/config/__pycache__/setupcfg.cpython-310.pyc
f	644	1000	1000	2435	64	35963233	1785345474.4152799070	results/experiments/toolchain-environment/20260729T171551Z-toolchain-formal01/boots/repetition-02/lower/python310/lib/python3.10/site-packages/setuptools/_imp.py
f	644	1000	1000	2437	64	35969603	1785345535.6274181090	results/experiments/toolchain-environment/20260729T171551Z-toolchain-formal01/boots/repetition-02/lower/python312/lib/python3.12/site-packages/pip/_vendor/rich/__pycache__/_export_format.cpython-312.pyc
f	644	1000	1000	24377	64	35967199	1785345507.6482377530	results/experiments/toolchain-environment/20260729T171551Z-toolchain-formal01/boots/repetition-02/lower/python310/lib/python3.10/site-packages/pip/_vendor/requests/__pycache__/models.cpython-310.pyc
f	644	1000	1000	244	64	35965719	1785345492.7084795940	results/experiments/toolchain-environment/20260729T171551Z-toolchain-formal01/boots/repetition-02/lower/python310/lib/python3.10/site-packages/pip/_vendor/chardet/version.py
f	644	1000	1000	244	64	35968117	1785345518.6143192000	results/experiments/toolchain-environment/20260729T171551Z-toolchain-formal01/boots/repetition-02/lower/python312/lib/python3.12/site-packages/pip/_vendor/chardet/version.py
f	644	1000	1000	2440	64	35966301	1785345495.1406738580	results/experiments/toolchain-environment/20260729T171551Z-toolchain-formal01/boots/repetition-02/lower/python310/lib/python3.10/site-packages/pip/_vendor/urllib3/filepost.py
f	644	1000	1000	2440	64	35968683	1785345521.1399683390	results/experiments/toolchain-environment/20260729T171551Z-toolchain-formal01/boots/repetition-02/lower/python312/lib/python3.12/site-packages/pip/_vendor/urllib3/filepost.py
f	644	1000	1000	24447	64	35967213	1785345507.8120494900	results/experiments/toolchain-environment/20260729T171551Z-toolchain-formal01/boots/repetition-02/lower/python310/lib/python3.10/site-packages/pip/_vendor/requests/__pycache__/utils.cpython-310.pyc
f	644	1000	1000	24481	64	35969313	1785345528.8729356880	results/experiments/toolchain-environment/20260729T171551Z-toolchain-formal01/boots/repetition-02/lower/python312/lib/python3.12/site-packages/pip/_vendor/distlib/__pycache__/index.cpython-312.pyc
f	644	1000	1000	24482	64	35967097	1785345505.9424750650	results/experiments/toolchain-environment/20260729T171551Z-toolchain-formal01/boots/repetition-02/lower/python310/lib/python3.10/site-packages/pip/_vendor/pygments/__pycache__/lexer.cpython-310.pyc
f	644	1000	1000	2449	64	35964099	1785345477.4463489390	results/experiments/toolchain-environment/20260729T171551Z-toolchain-formal01/boots/repetition-02/lower/python310/lib/python3.10/site-packages/setuptools-79.0.1.dist-info/entry_points.txt
f	644	1000	1000	24501	64	35966639	1785345498.9624413190	results/experiments/toolchain-environment/20260729T171551Z-toolchain-formal01/boots/repetition-02/lower/python310/lib/python3.10/site-packages/pip/_internal/req/__pycache__/req_install.cpython-310.pyc
f	644	1000	1000	2453	64	35969047	1785345525.7107663040	results/experiments/toolchain-environment/20260729T171551Z-toolchain-formal01/boots/repetition-02/lower/python312/lib/python3.12/site-packages/pip/_internal/utils/__pycache__/glibc.cpython-312.pyc
f	644	1000	1000	24551	64	35967867	1785345517.6879693600	results/experiments/toolchain-environment/20260729T171551Z-toolchain-formal01/boots/repetition-02/lower/python312/lib/python3.12/site-packages/pip/_internal/req/req_uninstall.py
f	644	1000	1000	24566	64	35969851	1785345541.5775275770	results/experiments/toolchain-environment/20260729T171551Z-toolchain-formal01/boots/repetition-02/lower/python312/lib/python3.12/site-packages/pip/_vendor/urllib3/contrib/__pycache__/pyopenssl.cpython-312.pyc
f	644	1000	1000	2463	64	35967923	1785345517.8874203940	results/experiments/toolchain-environment/20260729T171551Z-toolchain-formal01/boots/repetition-02/lower/python312/lib/python3.12/site-packages/pip/_internal/utils/egg_link.py
f	644	1000	1000	2464	64	35963495	1785345475.3005472360	results/experiments/toolchain-environment/20260729T171551Z-toolchain-formal01/boots/repetition-02/lower/python310/lib/python3.10/site-packages/setuptools/_distutils/tests/test_install_data.py
f	644	1000	1000	2468	64	35967529	1785345512.0978644030	results/experiments/toolchain-environment/20260729T171551Z-toolchain-formal01/boots/repetition-02/lower/python310/lib/python3.10/site-packages/pip/_vendor/urllib3/util/__pycache__/response.cpython-310.pyc
f	644	1000	1000	2472	64	35965267	1785345490.8245945830	results/experiments/toolchain-environment/20260729T171551Z-toolchain-formal01/boots/repetition-02/lower/python310/lib/python3.10/site-packages/pip/_internal/cli/main.py
f	644	1000	1000	2472	64	35969253	1785345528.2169970110	results/experiments/toolchain-environment/20260729T171551Z-toolchain-formal01/boots/repetition-02/lower/python312/lib/python3.12/site-packages/pip/_vendor/chardet/__pycache__/sbcsgroupprober.cpython-312.pyc
f	644	1000	1000	2476	64	35969635	1785345536.6854375730	results/experiments/toolchain-environment/20260729T171551Z-toolchain-formal01/boots/repetition-02/lower/python312/lib/python3.12/site-packages/pip/_vendor/rich/__pycache__/_wrap.cpython-312.pyc
f	644	1000	1000	2485	64	35966605	1785345498.3456058580	results/experiments/toolchain-environment/20260729T171551Z-toolchain-formal01/boots/repetition-02/lower/python310/lib/python3.10/site-packages/pip/_internal/operations/build/__pycache__/metadata_legacy.cpython-310.pyc
f	644	1000	1000	2486	64	35967781	1785345517.3639465150	results/experiments/toolchain-environment/20260729T171551Z-toolchain-formal01/boots/repetition-02/lower/python312/lib/python3.12/site-packages/pip/_internal/models/format_control.py
f	644	1000	1000	24892	64	35967147	1785345506.8098882570	results/experiments/toolchain-environment/20260729T171551Z-toolchain-formal01/boots/repetition-02/lower/python310/lib/python3.10/site-packages/pip/_vendor/pyparsing/__pycache__/results.cpython-310.pyc
f	644	1000	1000	2494	64	35965023	1785345488.1935473180	results/experiments/toolchain-environment/20260729T171551Z-toolchain-formal01/boots/repetition-02/lower/python310/lib/python3.10/site-packages/setuptools/config/_validate_pyproject/__pycache__/extra_validations.cpython-310.pyc
f	644	1000	1000	2501	64	35966159	1785345494.5006621020	results/experiments/toolchain-environment/20260729T171551Z-toolchain-formal01/boots/repetition-02/lower/python310/lib/python3.10/site-packages/pip/_vendor/rich/emoji.py
f	644	1000	1000	2501	64	35968511	1785345520.3477504750	results/experiments/toolchain-environment/20260729T171551Z-toolchain-formal01/boots/repetition-02/lower/python312/lib/python3.12/site-packages/pip/_vendor/rich/emoji.py
f	644	1000	1000	2503	64	35964359	1785345478.4322289300	results/experiments/toolchain-environment/20260729T171551Z-toolchain-formal01/boots/repetition-02/lower/python310/lib/python3.10/site-packages/pkg_resources/tests/__pycache__/test_find_distributions.cpython-310.pyc
f	644	1000	1000	2505	64	35963539	1785345475.4523123370	results/experiments/toolchain-environment/20260729T171551Z-toolchain-formal01/boots/repetition-02/lower/python310/lib/python3.10/site-packages/setuptools/_vendor/autocommand/autocommand.py
f	644	1000	1000	2507	64	35966523	1785345497.1841685580	results/experiments/toolchain-environment/20260729T171551Z-toolchain-formal01/boots/repetition-02/lower/python310/lib/python3.10/site-packages/pip/_internal/locations/__pycache__/base.cpython-310.pyc
f	644	1000	1000	2508	64	35965123	1785345489.5005702660	results/experiments/toolchain-environment/20260729T171551Z-toolchain-formal01/boots/repetition-02/lower/python310/lib/python3.10/site-packages/setuptools/tests/__pycache__/test_bdist_egg.cpython-310.pyc
f	644	1000	1000	2508	64	35966165	1785345494.5376627820	results/experiments/toolchain-environment/20260729T171551Z-toolchain-formal01/boots/repetition-02/lower/python310/lib/python3.10/site-packages/pip/_vendor/rich/filesize.py
f	644	1000	1000	2508	64	35968517	1785345520.3803055970	results/experiments/toolchain-environment/20260729T171551Z-toolchain-formal01/boots/repetition-02/lower/python312/lib/python3.12/site-packages/pip/_vendor/rich/filesize.py
f	644	1000	1000	25091	64	35965433	1785345491.5086071450	results/experiments/toolchain-environment/20260729T171551Z-toolchain-formal01/boots/repetition-02/lower/python310/lib/python3.10/site-packages/pip/_internal/operations/prepare.py
f	644	1000	1000	2512	64	35964955	1785345487.3105300470	results/experiments/toolchain-environment/20260729T171551Z-toolchain-formal01/boots/repetition-02/lower/python310/lib/python3.10/site-packages/setuptools/command/__pycache__/alias.cpython-310.pyc
f	644	1000	1000	2516	64	35969077	1785345526.0244724470	results/experiments/toolchain-environment/20260729T171551Z-toolchain-formal01/boots/repetition-02/lower/python312/lib/python3.12/site-packages/pip/_internal/utils/__pycache__/urls.cpython-312.pyc
f	644	1000	1000	2518	64	35964141	1785345477.5833202470	results/experiments/toolchain-environment/20260729T171551Z-toolchain-formal01/boots/repetition-02/lower/python310/lib/python3.10/site-packages/setuptools/_vendor/importlib_metadata-8.0.0.dist-info/RECORD
f	644	1000	1000	2520	64	35965379	1785345491.3196942570	results/experiments/toolchain-environment/20260729T171551Z-toolchain-formal01/boots/repetition-02/lower/python310/lib/python3.10/site-packages/pip/_internal/models/format_control.py
f	644	1000	1000	2521	64	35969025	1785345525.3842297120	results/experiments/toolchain-environment/20260729T171551Z-toolchain-formal01/boots/repetition-02/lower/python312/lib/python3.12/site-packages/pip/_internal/utils/__pycache__/appdirs.cpython-312.pyc
f	644	1000	1000	2522	64	35964085	1785345477.4139373080	results/experiments/toolchain-environment/20260729T171551Z-toolchain-formal01/boots/repetition-02/lower/python310/lib/python3.10/site-packages/setuptools/tests/integration/helpers.py
f	644	1000	1000	2522	64	35964983	1785345487.7245376500	results/experiments/toolchain-environment/20260729T171551Z-toolchain-formal01/boots/repetition-02/lower/python310/lib/python3.10/site-packages/setuptools/command/__pycache__/install_egg_info.cpython-310.pyc
f	644	1000	1000	2522	64	35965737	1785345492.7596301230	results/experiments/toolchain-environment/20260729T171551Z-toolchain-formal01/boots/repetition-02/lower/python310/lib/python3.10/site-packages/pip/_vendor/colorama/ansi.py
f	644	1000	1000	2522	64	35968123	1785345518.6294201010	results/experiments/toolchain-environment/20260729T171551Z-toolchain-formal01/boots/repetition-02/lower/python312/lib/python3.12/site-packages/pip/_vendor/colorama/ansi.py
f	644	1000	1000	2526	64	35965503	1785345491.7706119580	results/experiments/toolchain-environment/20260729T171551Z-toolchain-formal01/boots/repetition-02/lower/python310/lib/python3.10/site-packages/pip/_internal/resolution/resolvelib/reporter.py
f	644	1000	1000	25277	64	35965357	1785345491.2176018010	results/experiments/toolchain-environment/20260729T171551Z-toolchain-formal01/boots/repetition-02/lower/python310/lib/python3.10/site-packages/pip/_internal/metadata/base.py
f	644	1000	1000	2534	64	35966805	1785345501.4305789380	results/experiments/toolchain-environment/20260729T171551Z-toolchain-formal01/boots/repetition-02/lower/python310/lib/python3.10/site-packages/pip/_vendor/chardet/__pycache__/charsetgroupprober.cpython-310.pyc
f	644	1000	1000	25341	64	35966003	1785345493.8756506220	results/experiments/toolchain-environment/20260729T171551Z-toolchain-formal01/boots/repetition-02/lower/python310/lib/python3.10/site-packages/pip/_vendor/pyparsing/results.py
f	644	1000	1000	25362	64	35969553	1785345534.5083975250	results/experiments/toolchain-environment/20260729T171551Z-toolchain-formal01/boots/repetition-02/lower/python312/lib/python3.12/site-packages/pip/_vendor/requests/__pycache__/cookies.cpython-312.pyc
f	644	1000	1000	254	64	35963727	1785345476.1303412000	results/experiments/toolchain-environment/20260729T171551Z-toolchain-formal01/boots/repetition-02/lower/python310/lib/python3.10/site-packages/setuptools/_vendor/tomli/_types.py
f	644	1000	1000	254	64	35966283	1785345495.0563882970	results/experiments/toolchain-environment/20260729T171551Z-toolchain-formal01/boots/repetition-02/lower/python310/lib/python3.10/site-packages/pip/_vendor/tomli/_types.py
f	644	1000	1000	254	64	35968625	1785345520.9025514720	results/experiments/toolchain-environment/20260729T171551Z-toolchain-formal01/boots/repetition-02/lower/python312/lib/python3.12/site-packages/pip/_vendor/tomli/_types.py
f	644	1000	1000	255	64	35965625	1785345492.2986216550	results/experiments/toolchain-environment/20260729T171551Z-toolchain-formal01/boots/repetition-02/lower/python310/lib/python3.10/site-packages/pip/_vendor/certifi/__main__.py
f	644	1000	1000	255	64	35968011	1785345518.1902486310	results/experiments/toolchain-environment/20260729T171551Z-toolchain-formal01/boots/repetition-02/lower/python312/lib/python3.12/site-packages/pip/_vendor/certifi/__main__.py
f	644	1000	1000	25505	64	35967455	1785345511.2516552110	results/experiments/toolchain-environment/20260729T171551Z-toolchain-formal01/boots/repetition-02/lower/python310/lib/python3.10/site-packages/pip/_vendor/urllib3/__pycache__/connectionpool.cpython-310.pyc
f	644	1000	1000	2556	64	35965349	1785345491.1835920600	results/experiments/toolchain-environment/20260729T171551Z-toolchain-formal01/boots/repetition-02/lower/python310/lib/python3.10/site-packages/pip/_internal/locations/base.py
f	644	1000	1000	2556	64	35967749	1785345517.2571723480	results/experiments/toolchain-environment/20260729T171551Z-toolchain-formal01/boots/repetition-02/lower/python312/lib/python3.12/site-packages/pip/_internal/locations/base.py
f	644	1000	1000	2559	64	35964519	1785345479.6961976300	results/experiments/toolchain-environment/20260729T171551Z-toolchain-formal01/boots/repetition-02/lower/python310/lib/python3.10/site-packages/setuptools/_distutils/compilers/C/tests/__pycache__/test_base.cpython-310.pyc
f	644	1000	1000	25594	64	35966999	1785345504.4824190410	results/experiments/toolchain-environment/20260729T171551Z-toolchain-formal01/boots/repetition-02/lower/python310/lib/python3.10/site-packages/pip/_vendor/msgpack/__pycache__/fallback.cpython-310.pyc
f	644	1000	1000	2565	64	35965025	1785345488.2225467960	results/experiments/toolchain-environment/20260729T171551Z-toolchain-formal01/boots/repetition-02/lower/python310/lib/python3.10/site-packages/setuptools/config/_validate_pyproject/__pycache__/fastjsonschema_exceptions.cpython-310.pyc
f	644	1000	1000	25788	64	35967391	1785345510.3400310600	results/experiments/toolchain-environment/20260729T171551Z-toolchain-formal01/boots/repetition-02/lower/python310/lib/python3.10/site-packages/pip/_vendor/rich/__pycache__/syntax.cpython-310.pyc
f	644	1000	1000	25796	64	35965673	1785345492.5166256600	results/experiments/toolchain-environment/20260729T171551Z-toolchain-formal01/boots/repetition-02/lower/python310/lib/python3.10/site-packages/pip/_vendor/chardet/jisfreq.py
f	644	1000	1000	25796	64	35968065	1785345518.3964191360	results/experiments/toolchain-environment/20260729T171551Z-toolchain-formal01/boots/repetition-02/lower/python312/lib/python3.12/site-packages/pip/_vendor/chardet/jisfreq.py
f	644	1000	1000	2580	64	35964523	1785345479.7760655980	results/experiments/toolchain-environment/20260729T171551Z-toolchain-formal01/boots/repetition-02/lower/python310/lib/python3.10/site-packages/setuptools/_distutils/compilers/C/tests/__pycache__/test_mingw.cpython-310.pyc
f	644	1000	1000	25861	64	35968965	1785345524.6128814590	results/experiments/toolchain-environment/20260729T171551Z-toolchain-formal01/boots/repetition-02/lower/python312/lib/python3.12/site-packages/pip/_internal/operations/__pycache__/prepare.cpython-312.pyc
f	644	1000	1000	25907	64	35967759	1785345517.2872916740	results/experiments/toolchain-environment/20260729T171551Z-toolchain-formal01/boots/repetition-02/lower/python312/lib/python3.12/site-packages/pip/_internal/metadata/base.py
f	644	1000	1000	2591	64	35965905	1785345493.5424764980	results/experiments/toolchain-environment/20260729T171551Z-toolchain-formal01/boots/repetition-02/lower/python310/lib/python3.10/site-packages/pip/_vendor/pygments/plugin.py
f	644	1000	1000	2591	64	35968319	1785345519.4089317270	results/experiments/toolchain-environment/20260729T171551Z-toolchain-formal01/boots/repetition-02/lower/python312/lib/python3.12/site-packages/pip/_vendor/pygments/plugin.py
f	644	1000	1000	2595	64	35965355	1785345491.2035880800	results/experiments/toolchain-environment/20260729T171551Z-toolchain-formal01/boots/repetition-02/lower/python310/lib/python3.10/site-packages/pip/_internal/metadata/_json.py
f	644	1000	1000	25982	64	35963875	1785345476.7253407650	results/experiments/toolchain-environment/20260729T171551Z-toolchain-formal01/boots/repetition-02/lower/python310/lib/python3.10/site-packages/setuptools/command/egg_info.py
f	644	1000	1000	26	64	35963729	1785345476.1384382320	results/experiments/toolchain-environment/20260729T171551Z-toolchain-formal01/boots/repetition-02/lower/python310/lib/python3.10/site-packages/setuptools/_vendor/tomli/py.typed
f	644	1000	1000	2600	64	35969741	1785345538.6624739440	results/experiments/toolchain-environment/20260729T171551Z-toolchain-formal01/boots/repetition-02/lower/python312/lib/python3.12/site-packages/pip/_vendor/rich/__pycache__/screen.cpython-312.pyc
f	644	1000	1000	26013	64	35969587	1785345535.0924082680	results/experiments/toolchain-environment/20260729T171551Z-toolchain-formal01/boots/repetition-02/lower/python312/lib/python3.12/site-packages/pip/_vendor/resolvelib/__pycache__/resolvers.cpython-312.pyc
f	644	1000	1000	2603	64	35969297	1785345528.6548641040	results/experiments/toolchain-environment/20260729T171551Z-toolchain-formal01/boots/repetition-02/lower/python312/lib/python3.12/site-packages/pip/_vendor/colorama/tests/__pycache__/utils.cpython-312.pyc
f	644	1000	1000	26048	64	35966503	1785345496.9246688920	results/experiments/toolchain-environment/20260729T171551Z-toolchain-formal01/boots/repetition-02/lower/python310/lib/python3.10/site-packages/pip/_internal/__pycache__/exceptions.cpython-310.pyc
f	644	1000	1000	2606	64	35969631	1785345536.4854338940	results/experiments/toolchain-environment/20260729T171551Z-toolchain-formal01/boots/repetition-02/lower/python312/lib/python3.12/site-packages/pip/_vendor/rich/__pycache__/_windows.cpython-312.pyc
f	644	1000	1000	26070	64	35966235	1785345494.8936693210	results/experiments/toolchain-environment/20260729T171551Z-toolchain-formal01/boots/repetition-02/lower/python310/lib/python3.10/site-packages/pip/_vendor/rich/traceback.py
f	644	1000	1000	2608	64	35964635	1785345481.7114272390	results/experiments/toolchain-environment/20260729T171551Z-toolchain-formal01/boots/repetition-02/lower/python310/lib/python3.10/site-packages/setuptools/_distutils/tests/__pycache__/test_version.cpython-310.pyc
f	644	1000	1000	26116	64	35968901	1785345523.7512244130	results/experiments/toolchain-environment/20260729T171551Z-toolchain-formal01/boots/repetition-02/lower/python312/lib/python3.12/site-packages/pip/_internal/models/__pycache__/link.cpython-312.pyc
f	644	1000	1000	2617	64	35965383	1785345491.3386040230	results/experiments/toolchain-environment/20260729T171551Z-toolchain-formal01/boots/repetition-02/lower/python310/lib/python3.10/site-packages/pip/_internal/models/installation_report.py
f	644	1000	1000	2620	64	35967447	1785345511.1382379210	results/experiments/toolchain-environment/20260729T171551Z-toolchain-formal01/boots/repetition-02/lower/python310/lib/python3.10/site-packages/pip/_vendor/urllib3/__pycache__/__init__.cpython-310.pyc
f	644	1000	1000	2627	64	35967757	1785345517.2796035960	results/experiments/toolchain-environment/20260729T171551Z-toolchain-formal01/boots/repetition-02/lower/python312/lib/python3.12/site-packages/pip/_internal/metadata/_json.py
f	644	1000	1000	2631	64	35967109	1785345506.1273290990	results/experiments/toolchain-environment/20260729T171551Z-toolchain-formal01/boots/repetition-02/lower/python310/lib/python3.10/site-packages/pip/_vendor/pygments/__pycache__/plugin.cpython-310.pyc
f	644	1000	1000	26332	64	35966219	1785345494.8096677780	results/experiments/toolchain-environment/20260729T171551Z-toolchain-formal01/boots/repetition-02/lower/python310/lib/python3.10/site-packages/pip/_vendor/rich/style.py
f	644	1000	1000	2637	64	35963883	1785345476.7545691320	results/experiments/toolchain-environment/20260729T171551Z-toolchain-formal01/boots/repetition-02/lower/python310/lib/python3.10/site-packages/setuptools/command/install_scripts.py
f	644	1000	1000	26384	64	35965087	1785345489.0125613040	results/experiments/toolchain-environment/20260729T171551Z-toolchain-formal01/boots/repetition-02/lower/python310/lib/python3.10/site-packages/setuptools/tests/config/__pycache__/test_apply_pyprojecttoml.cpython-310.pyc
f	644	1000	1000	2644	64	35963395	1785345474.9256273260	results/experiments/toolchain-environment/20260729T171551Z-toolchain-formal01/boots/repetition-02/lower/python310/lib/python3.10/site-packages/setuptools/_distutils/command/clean.py
f	644	1000	1000	2648	64	35964965	1785345487.4565327280	results/experiments/toolchain-environment/20260729T171551Z-toolchain-formal01/boots/repetition-02/lower/python310/lib/python3.10/site-packages/setuptools/command/__pycache__/build_clib.cpython-310.pyc
f	644	1000	1000	265	64	35966099	1785345494.2145691560	results/experiments/toolchain-environment/20260729T171551Z-toolchain-formal01/boots/repetition-02/lower/python310/lib/python3.10/site-packages/pip/_vendor/rich/_extension.py
f	644	1000	1000	265	64	35968449	1785345519.9865081140	results/experiments/toolchain-environment/20260729T171551Z-toolchain-formal01/boots/repetition-02/lower/python312/lib/python3.12/site-packages/pip/_vendor/rich/_extension.py
f	644	1000	1000	2655	64	35965879	1785345493.4396426130	results/experiments/toolchain-environment/20260729T171551Z-toolchain-formal01/boots/repetition-02/lower/python310/lib/python3.10/site-packages/pip/_vendor/platformdirs/macos.py
f	644	1000	1000	26575	64	35963923	1785345476.8843386230	results/experiments/toolchain-environment/20260729T171551Z-toolchain-formal01/boots/repetition-02/lower/python310/lib/python3.10/site-packages/setuptools/config/setupcfg.py
f	644	1000	1000	266	64	35965735	1785345492.7516030410	results/experiments/toolchain-environment/20260729T171551Z-toolchain-formal01/boots/repetition-02/lower/python310/lib/python3.10/site-packages/pip/_vendor/colorama/__init__.py
f	644	1000	1000	266	64	35968121	1785345518.6219465130	results/experiments/toolchain-environment/20260729T171551Z-toolchain-formal01/boots/repetition-02/lower/python312/lib/python3.12/site-packages/pip/_vendor/colorama/__init__.py
f	644	1000	1000	2664	64	35963479	1785345475.2361511500	results/experiments/toolchain-environment/20260729T171551Z-toolchain-formal01/boots/repetition-02/lower/python310/lib/python3.10/site-packages/setuptools/_distutils/tests/test_config_cmd.py
f	644	1000	1000	26640	64	35963611	1785345475.6803165220	results/experiments/toolchain-environment/20260729T171551Z-toolchain-formal01/boots/repetition-02/lower/python310/lib/python3.10/site-packages/setuptools/_vendor/jaraco/collections/__init__.py
f	644	1000	1000	26686	64	35969649	1785345537.1274457040	results/experiments/toolchain-environment/20260729T171551Z-toolchain-formal01/boots/repetition-02/lower/python312/lib/python3.12/site-packages/pip/_vendor/rich/__pycache__/color.cpython-312.pyc
f	644	1000	1000	26692	64	35968357	1785345519.5599916420	results/experiments/toolchain-environment/20260729T171551Z-toolchain-formal01/boots/repetition-02/lower/python312/lib/python3.12/site-packages/pip/_vendor/pyparsing/results.py
f	644	1000	1000	26721	64	35969421	1785345530.5623249410	results/experiments/toolchain-environment/20260729T171551Z-toolchain-formal01/boots/repetition-02/lower/python312/lib/python3.12/site-packages/pip/_vendor/pygments/__pycache__/cmdline.cpython-312.pyc
f	644	1000	1000	2674	64	35963813	1785345476.4763311330	results/experiments/toolchain-environment/20260729T171551Z-toolchain-formal01/boots/repetition-02/lower/python310/lib/python3.10/site-packages/setuptools/_vendor/wheel/vendored/packaging/_musllinux.py
f	644	1000	1000	26775	64	35966533	1785345497.3054825700	results/experiments/toolchain-environment/20260729T171551Z-toolchain-formal01/boots/repetition-02/lower/python310/lib/python3.10/site-packages/pip/_internal/metadata/__pycache__/base.cpython-310.pyc
f	644	1000	1000	267824	64	35969503	1785345532.9433687360	results/experiments/toolchain-environment/20260729T171551Z-toolchain-formal01/boots/repetition-02/lower/python312/lib/python3.12/site-packages/pip/_vendor/pyparsing/__pycache__/core.cpython-312.pyc
f	644	1000	1000	2685	64	35963241	1785345474.4372358490	results/experiments/toolchain-environment/20260729T171551Z-toolchain-formal01/boots/repetition-02/lower/python310/lib/python3.10/site-packages/setuptools/_path.py
f	644	1000	1000	2688	64	35967227	1785345507.9945794750	results/experiments/toolchain-environment/20260729T171551Z-toolchain-formal01/boots/repetition-02/lower/python310/lib/python3.10/site-packages/pip/_vendor/resolvelib/__pycache__/reporters.cpython-310.pyc
f	644	1000	1000	26898	64	35966953	1785345503.7400358030	results/experiments/toolchain-environment/20260729T171551Z-toolchain-formal01/boots/repetition-02/lower/python310/lib/python3.10/site-packages/pip/_vendor/distlib/__pycache__/metadata.cpython-310.pyc
f	644	1000	1000	26929	64	35969507	1785345533.0433705760	results/experiments/toolchain-environment/20260729T171551Z-toolchain-formal01/boots/repetition-02/lower/python312/lib/python3.12/site-packages/pip/_vendor/pyparsing/diagram/__pycache__/__init__.cpython-312.pyc
f	644	1000	1000	2694	64	35963663	1785345475.8793398490	results/experiments/toolchain-environment/20260729T171551Z-toolchain-formal01/boots/repetition-02/lower/python310/lib/python3.10/site-packages/setuptools/_vendor/packaging/_musllinux.py
f	644	1000	1000	2694	64	35969067	1785345525.8784490390	results/experiments/toolchain-environment/20260729T171551Z-toolchain-formal01/boots/repetition-02/lower/python312/lib/python3.12/site-packages/pip/_internal/utils/__pycache__/packaging.cpython-312.pyc
f	644	1000	1000	2701	64	35963441	1785345475.0906311290	results/experiments/toolchain-environment/20260729T171551Z-toolchain-formal01/boots/repetition-02/lower/python310/lib/python3.10/site-packages/setuptools/_distutils/compilers/C/tests/test_cygwin.py
f	644	1000	1000	2702	64	35969791	1785345539.4284040410	results/experiments/toolchain-environment/20260729T171551Z-toolchain-formal01/boots/repetition-02/lower/python312/lib/python3.12/site-packages/pip/_vendor/tenacity/__pycache__/tornadoweb.cpython-312.pyc
f	644	1000	1000	2703	64	35967555	1785345512.4802785980	results/experiments/toolchain-environment/20260729T171551Z-toolchain-formal01/boots/repetition-02/lower/python310/lib/python3.10/site-packages/pip/_vendor/webencodings/__pycache__/x_user_defined.cpython-310.pyc
f	644	1000	1000	27043	64	35969799	1785345539.5314899330	results/experiments/toolchain-environment/20260729T171551Z-toolchain-formal01/boots/repetition-02/lower/python312/lib/python3.12/site-packages/pip/_vendor/tomli/__pycache__/_parser.cpython-312.pyc
f	644	1000	1000	27055	64	35965679	1785345492.5426261370	results/experiments/toolchain-environment/20260729T171551Z-toolchain-formal01/boots/repetition-02/lower/python310/lib/python3.10/site-packages/pip/_vendor/chardet/jpcntx.py
f	644	1000	1000	27055	64	35968071	1785345518.4215585240	results/experiments/toolchain-environment/20260729T171551Z-toolchain-formal01/boots/repetition-02/lower/python312/lib/python3.12/site-packages/pip/_vendor/chardet/jpcntx.py
f	644	1000	1000	2706	64	35963439	1785345475.0803055080	results/experiments/toolchain-environment/20260729T171551Z-toolchain-formal01/boots/repetition-02/lower/python310/lib/python3.10/site-packages/setuptools/_distutils/compilers/C/tests/test_base.py
f	644	1000	1000	27073	64	35968571	1785345520.6811432330	results/experiments/toolchain-environment/20260729T171551Z-toolchain-formal01/boots/repetition-02/lower/python312/lib/python3.12/site-packages/pip/_vendor/rich/style.py
f	644	1000	1000	2711	64	35966827	1785345501.7618942810	results/experiments/toolchain-environment/20260729T171551Z-toolchain-formal01/boots/repetition-02/lower/python310/lib/python3.10/site-packages/pip/_vendor/chardet/__pycache__/eucjpprober.cpython-310.pyc
f	644	1000	1000	2714	64	35966633	1785345498.8385595460	results/experiments/toolchain-environment/20260729T171551Z-toolchain-formal01/boots/repetition-02/lower/python310/lib/python3.10/site-packages/pip/_internal/req/__pycache__/__init__.cpython-310.pyc
f	644	1000	1000	27159	64	35969445	1785345530.9823326670	results/experiments/toolchain-environment/20260729T171551Z-toolchain-formal01/boots/repetition-02/lower/python312/lib/python3.12/site-packages/pip/_vendor/pygments/formatters/__pycache__/img.cpython-312.pyc
f	644	1000	1000	27202	64	35969773	1785345539.1495397420	results/experiments/toolchain-environment/20260729T171551Z-toolchain-formal01/boots/repetition-02/lower/python312/lib/python3.12/site-packages/pip/_vendor/tenacity/__pycache__/__init__.cpython-312.pyc
f	644	1000	1000	2725	64	35967413	1785345510.6946066280	results/experiments/toolchain-environment/20260729T171551Z-toolchain-formal01/boots/repetition-02/lower/python310/lib/python3.10/site-packages/pip/_vendor/tenacity/__pycache__/_asyncio.cpython-310.pyc
f	644	1000	1000	2728	64	35964791	1785345484.5674796780	results/experiments/toolchain-environment/20260729T171551Z-toolchain-formal01/boots/repetition-02/lower/python310/lib/python3.10/site-packages/setuptools/_vendor/packaging/licenses/__pycache__/__init__.cpython-310.pyc
f	644	1000	1000	2728	64	35967313	1785345509.3848219170	results/experiments/toolchain-environment/20260729T171551Z-toolchain-formal01/boots/repetition-02/lower/python310/lib/python3.10/site-packages/pip/_vendor/rich/__pycache__/filesize.cpython-310.pyc
f	644	1000	1000	27289	64	35966799	1785345501.3364497970	results/experiments/toolchain-environment/20260729T171551Z-toolchain-formal01/boots/repetition-02/lower/python310/lib/python3.10/site-packages/pip/_vendor/chardet/__pycache__/big5freq.cpython-310.pyc
f	644	1000	1000	27293	64	35966833	1785345501.8609050900	results/experiments/toolchain-environment/20260729T171551Z-toolchain-formal01/boots/repetition-02/lower/python310/lib/python3.10/site-packages/pip/_vendor/chardet/__pycache__/euctwfreq.cpython-310.pyc
f	644	1000	1000	2731	64	35964987	1785345487.7775132680	results/experiments/toolchain-environment/20260729T171551Z-toolchain-formal01/boots/repetition-02/lower/python310/lib/python3.10/site-packages/setuptools/command/__pycache__/install_scripts.cpython-310.pyc
f	644	1000	1000	27311	64	35967849	1785345517.6224606560	results/experiments/toolchain-environment/20260729T171551Z-toolchain-formal01/boots/repetition-02/lower/python312/lib/python3.12/site-packages/pip/_internal/operations/install/wheel.py
f	644	1000	1000	27314	64	35969143	1785345526.8299283720	results/experiments/toolchain-environment/20260729T171551Z-toolchain-formal01/boots/repetition-02/lower/python312/lib/python3.12/site-packages/pip/_vendor/chardet/__pycache__/big5freq.cpython-312.pyc
f	644	1000	1000	27319	64	35969189	1785345527.3379033820	results/experiments/toolchain-environment/20260729T171551Z-toolchain-formal01/boots/repetition-02/lower/python312/lib/python3.12/site-packages/pip/_vendor/chardet/__pycache__/euctwfreq.cpython-312.pyc
f	644	1000	1000	2734	64	35968783	1785345521.9515025730	results/experiments/toolchain-environment/20260729T171551Z-toolchain-formal01/boots/repetition-02/lower/python312/lib/python3.12/site-packages/pip/_internal/cli/__pycache__/progress_bars.cpython-312.pyc
f	644	1000	1000	2738	64	35967857	1785345517.6460087420	results/experiments/toolchain-environment/20260729T171551Z-toolchain-formal01/boots/repetition-02/lower/python312/lib/python3.12/site-packages/pip/_internal/req/__init__.py
f	644	1000	1000	27407	64	35965461	1785345491.6136090740	results/experiments/toolchain-environment/20260729T171551Z-toolchain-formal01/boots/repetition-02/lower/python310/lib/python3.10/site-packages/pip/_internal/operations/install/wheel.py
f	644	1000	1000	2742	64	35969423	1785345530.5943255300	results/experiments/toolchain-environment/20260729T171551Z-toolchain-formal01/boots/repetition-02/lower/python312/lib/python3.12/site-packages/pip/_vendor/pygments/__pycache__/console.cpython-312.pyc
f	644	1000	1000	2744	64	35964605	1785345481.1594171040	results/experiments/toolchain-environment/20260729T171551Z-toolchain-formal01/boots/repetition-02/lower/python310/lib/python3.10/site-packages/setuptools/_distutils/tests/__pycache__/test_extension.cpython-310.pyc
f	644	1000	1000	2745	64	35966467	1785345496.3396958840	results/experiments/toolchain-environment/20260729T171551Z-toolchain-formal01/boots/repetition-02/lower/python310/lib/python3.10/site-packages/pip/_internal/commands/__pycache__/freeze.cpython-310.pyc
f	644	1000	1000	2749	64	35966897	1785345502.7964311530	results/experiments/toolchain-environment/20260729T171551Z-toolchain-formal01/boots/repetition-02/lower/python310/lib/python3.10/site-packages/pip/_vendor/chardet/__pycache__/sjisprober.cpython-310.pyc
f	644	1000	1000	2750	64	35963517	1785345475.3876570960	results/experiments/toolchain-environment/20260729T171551Z-toolchain-formal01/boots/repetition-02/lower/python310/lib/python3.10/site-packages/setuptools/_distutils/tests/test_version.py
f	644	1000	1000	2751	64	35967251	1785345508.3698742670	results/experiments/toolchain-environment/20260729T171551Z-toolchain-formal01/boots/repetition-02/lower/python310/lib/python3.10/site-packages/pip/_vendor/rich/__pycache__/_log_render.cpython-310.pyc
f	644	1000	1000	275233	64	35965627	1785345492.3176220050	results/experiments/toolchain-environment/20260729T171551Z-toolchain-formal01/boots/repetition-02/lower/python310/lib/python3.10/site-packages/pip/_vendor/certifi/cacert.pem
f	644	1000	1000	2753	64	35969353	1785345529.5160064460	results/experiments/toolchain-environment/20260729T171551Z-toolchain-formal01/boots/repetition-02/lower/python312/lib/python3.12/site-packages/pip/_vendor/idna/__pycache__/intranges.cpython-312.pyc
f	644	1000	1000	2761	64	35969107	1785345526.3652477520	results/experiments/toolchain-environment/20260729T171551Z-toolchain-formal01/boots/repetition-02/lower/python312/lib/python3.12/site-packages/pip/_vendor/cachecontrol/__pycache__/_cmd.cpython-312.pyc
f	644	1000	1000	2765	64	35967059	1785345505.3457384610	results/experiments/toolchain-environment/20260729T171551Z-toolchain-formal01/boots/repetition-02/lower/python310/lib/python3.10/site-packages/pip/_vendor/pygments/__pycache__/filter.cpython-310.pyc
f	644	1000	1000	2767	64	35966821	1785345501.6681109500	results/experiments/toolchain-environment/20260729T171551Z-toolchain-formal01/boots/repetition-02/lower/python310/lib/python3.10/site-packages/pip/_vendor/chardet/__pycache__/enums.cpython-310.pyc
f	644	1000	1000	27692	64	35967407	1785345510.6258560700	results/experiments/toolchain-environment/20260729T171551Z-toolchain-formal01/boots/repetition-02/lower/python310/lib/python3.10/site-packages/pip/_vendor/__pycache__/six.cpython-310.pyc
f	644	1000	1000	2770	64	35969585	1785345535.0396688110	results/experiments/toolchain-environment/20260729T171551Z-toolchain-formal01/boots/repetition-02/lower/python312/lib/python3.12/site-packages/pip/_vendor/resolvelib/__pycache__/reporters.cpython-312.pyc
f	644	1000	1000	2774	64	35963955	1785345477.0032778620	results/experiments/toolchain-environment/20260729T171551Z-toolchain-formal01/boots/repetition-02/lower/python310/lib/python3.10/site-packages/setuptools/tests/namespaces.py
f	644	1000	1000	27765	64	35967509	1785345511.8114876610	results/experiments/toolchain-environment/20260729T171551Z-toolchain-formal01/boots/repetition-02/lower/python310/lib/python3.10/site-packages/pip/_vendor/urllib3/packages/__pycache__/six.cpython-310.pyc
f	644	1000	1000	2778	64	35964989	1785345487.8054764440	results/experiments/toolchain-environment/20260729T171551Z-toolchain-formal01/boots/repetition-02/lower/python310/lib/python3.10/site-packages/setuptools/command/__pycache__/rotate.cpython-310.pyc
f	644	1000	1000	2783	64	35966125	1785345494.3305110170	results/experiments/toolchain-environment/20260729T171551Z-toolchain-formal01/boots/repetition-02/lower/python310/lib/python3.10/site-packages/pip/_vendor/rich/_windows_renderer.py
f	644	1000	1000	2783	64	35968477	1785345520.1490743260	results/experiments/toolchain-environment/20260729T171551Z-toolchain-formal01/boots/repetition-02/lower/python312/lib/python3.12/site-packages/pip/_vendor/rich/_windows_renderer.py
f	644	1000	1000	27873	64	35969565	1785345534.7294015900	results/experiments/toolchain-environment/20260729T171551Z-toolchain-formal01/boots/repetition-02/lower/python312/lib/python3.12/site-packages/pip/_vendor/requests/__pycache__/sessions.cpython-312.pyc
f	644	1000	1000	27878	64	35965497	1785345491.7426114430	results/experiments/toolchain-environment/20260729T171551Z-toolchain-formal01/boots/repetition-02/lower/python310/lib/python3.10/site-packages/pip/_internal/resolution/resolvelib/factory.py
f	644	1000	1000	2790	64	35966269	1785345494.9966712130	results/experiments/toolchain-environment/20260729T171551Z-toolchain-formal01/boots/repetition-02/lower/python310/lib/python3.10/site-packages/pip/_vendor/tenacity/stop.py
f	644	1000	1000	2800	64	35966927	1785345503.3188245660	results/experiments/toolchain-environment/20260729T171551Z-toolchain-formal01/boots/repetition-02/lower/python310/lib/python3.10/site-packages/pip/_vendor/colorama/tests/__pycache__/isatty_test.cpython-310.pyc
f	644	1000	1000	2801	64	35966765	1785345500.8203030180	results/experiments/toolchain-environment/20260729T171551Z-toolchain-formal01/boots/repetition-02/lower/python310/lib/python3.10/site-packages/pip/_vendor/cachecontrol/__pycache__/cache.cpython-310.pyc
f	644	1000	1000	28031	64	35967351	1785345509.8481773100	results/experiments/toolchain-environment/20260729T171551Z-toolchain-formal01/boots/repetition-02/lower/python310/lib/python3.10/site-packages/pip/_vendor/rich/__pycache__/pretty.cpython-310.pyc
f	644	1000	1000	2807	64	35965465	1785345491.6216092210	results/experiments/toolchain-environment/20260729T171551Z-toolchain-formal01/boots/repetition-02/lower/python310/lib/python3.10/site-packages/pip/_internal/req/__init__.py
f	644	1000	1000	2808	64	35966703	1785345499.9210259580	results/experiments/toolchain-environment/20260729T171551Z-toolchain-formal01/boots/repetition-02/lower/python310/lib/python3.10/site-packages/pip/_internal/utils/__pycache__/entrypoints.cpython-310.pyc
f	644	1000	1000	2812	64	35965717	1785345492.7006290390	results/experiments/toolchain-environment/20260729T171551Z-toolchain-formal01/boots/repetition-02/lower/python310/lib/python3.10/site-packages/pip/_vendor/chardet/utf8prober.py
f	644	1000	1000	2812	64	35968115	1785345518.6068024150	results/experiments/toolchain-environment/20260729T171551Z-toolchain-formal01/boots/repetition-02/lower/python312/lib/python3.12/site-packages/pip/_vendor/chardet/utf8prober.py
f	644	1000	1000	28128	64	35967851	1785345517.6309542690	results/experiments/toolchain-environment/20260729T171551Z-toolchain-formal01/boots/repetition-02/lower/python312/lib/python3.12/site-packages/pip/_internal/operations/prepare.py
f	644	1000	1000	2815	64	35969927	1785345542.6964934350	results/experiments/toolchain-environment/20260729T171551Z-toolchain-formal01/boots/repetition-02/lower/python312/lib/python3.12/site-packages/pip/_vendor/webencodings/__pycache__/mklabels.cpython-312.pyc
f	644	1000	1000	2816	64	35967011	1785345504.6423441320	results/experiments/toolchain-environment/20260729T171551Z-toolchain-formal01/boots/repetition-02/lower/python310/lib/python3.10/site-packages/pip/_vendor/packaging/__pycache__/_structures.cpython-310.pyc
f	644	1000	1000	2816	64	35967663	1785345516.9484698720	results/experiments/toolchain-environment/20260729T171551Z-toolchain-formal01/boots/repetition-02/lower/python312/lib/python3.12/site-packages/pip/_internal/cli/main.py
f	644	1000	1000	281617	64	35968013	1785345518.2040976920	results/experiments/toolchain-environment/20260729T171551Z-toolchain-formal01/boots/repetition-02/lower/python312/lib/python3.12/site-packages/pip/_vendor/certifi/cacert.pem
f	644	1000	1000	2818	64	35967785	1785345517.3792629210	results/experiments/toolchain-environment/20260729T171551Z-toolchain-formal01/boots/repetition-02/lower/python312/lib/python3.12/site-packages/pip/_internal/models/installation_report.py
f	644	1000	1000	2823	64	35964785	1785345484.4824781170	results/experiments/toolchain-environment/20260729T171551Z-toolchain-formal01/boots/repetition-02/lower/python310/lib/python3.10/site-packages/setuptools/_vendor/packaging/__pycache__/_structures.cpython-310.pyc
f	644	1000	1000	2823	64	35965161	1785345490.0481684080	results/experiments/toolchain-environment/20260729T171551Z-toolchain-formal01/boots/repetition-02/lower/python310/lib/python3.10/site-packages/setuptools/tests/__pycache__/test_find_py_modules.cpython-310.pyc
f	644	1000	1000	2823	64	35969065	1785345525.8442381710	results/experiments/toolchain-environment/20260729T171551Z-toolchain-formal01/boots/repetition-02/lower/python312/lib/python3.12/site-packages/pip/_internal/utils/__pycache__/models.cpython-312.pyc
f	644	1000	1000	28242	64	35966963	1785345503.9307095770	results/experiments/toolchain-environment/20260729T171551Z-toolchain-formal01/boots/repetition-02/lower/python310/lib/python3.10/site-packages/pip/_vendor/distlib/__pycache__/wheel.cpython-310.pyc
f	644	1000	1000	28270	64	35964859	1785345485.6644998210	results/experiments/toolchain-environment/20260729T171551Z-toolchain-formal01/boots/repetition-02/lower/python310/lib/python3.10/site-packages/setuptools/_vendor/typeguard/__pycache__/_transformer.cpython-310.pyc
f	644	1000	1000	28277	64	35969743	1785345538.6985211040	results/experiments/toolchain-environment/20260729T171551Z-toolchain-formal01/boots/repetition-02/lower/python312/lib/python3.12/site-packages/pip/_vendor/rich/__pycache__/segment.cpython-312.pyc
f	644	1000	1000	2828	64	35964857	1785345485.6284991600	results/experiments/toolchain-environment/20260729T171551Z-toolchain-formal01/boots/repetition-02/lower/python310/lib/python3.10/site-packages/setuptools/_vendor/typeguard/__pycache__/_suppression.cpython-310.pyc
f	644	1000	1000	28286	64	35965095	1785345489.1365635810	results/experiments/toolchain-environment/20260729T171551Z-toolchain-formal01/boots/repetition-02/lower/python310/lib/python3.10/site-packages/setuptools/tests/config/__pycache__/test_setupcfg.cpython-310.pyc
f	644	1000	1000	28301	64	35964367	1785345478.5343689120	results/experiments/toolchain-environment/20260729T171551Z-toolchain-formal01/boots/repetition-02/lower/python310/lib/python3.10/site-packages/pkg_resources/tests/__pycache__/test_resources.cpython-310.pyc
f	644	1000	1000	2838	64	35964915	1785345486.5945168990	results/experiments/toolchain-environment/20260729T171551Z-toolchain-formal01/boots/repetition-02/lower/python310/lib/python3.10/site-packages/setuptools/_vendor/wheel/vendored/packaging/__pycache__/_structures.cpython-310.pyc
f	644	1000	1000	2839	64	35965751	1785345492.8266313530	results/experiments/toolchain-environment/20260729T171551Z-toolchain-formal01/boots/repetition-02/lower/python310/lib/python3.10/site-packages/pip/_vendor/colorama/tests/ansi_test.py
f	644	1000	1000	2839	64	35968133	1785345518.6630817330	results/experiments/toolchain-environment/20260729T171551Z-toolchain-formal01/boots/repetition-02/lower/python312/lib/python3.12/site-packages/pip/_vendor/colorama/tests/ansi_test.py
f	644	1000	1000	2843	64	35966209	1785345494.7496666760	results/experiments/toolchain-environment/20260729T171551Z-toolchain-formal01/boots/repetition-02/lower/python310/lib/python3.10/site-packages/pip/_vendor/rich/scope.py
f	644	1000	1000	2843	64	35968561	1785345520.6244510840	results/experiments/toolchain-environment/20260729T171551Z-toolchain-formal01/boots/repetition-02/lower/python312/lib/python3.12/site-packages/pip/_vendor/rich/scope.py
f	644	1000	1000	2846	64	35963737	1785345476.1633253880	results/experiments/toolchain-environment/20260729T171551Z-toolchain-formal01/boots/repetition-02/lower/python310/lib/python3.10/site-packages/setuptools/_vendor/typeguard/_config.py
f	644	1000	1000	2848	64	35966555	1785345497.6079321690	results/experiments/toolchain-environment/20260729T171551Z-toolchain-formal01/boots/repetition-02/lower/python310/lib/python3.10/site-packages/pip/_internal/models/__pycache__/format_control.cpython-310.pyc
f	644	1000	1000	2853	64	35969119	1785345526.5165800960	results/experiments/toolchain-environment/20260729T171551Z-toolchain-formal01/boots/repetition-02/lower/python312/lib/python3.12/site-packages/pip/_vendor/cachecontrol/caches/__pycache__/redis_cache.cpython-312.pyc
f	644	1000	1000	2858	64	35963935	1785345476.9265072140	results/experiments/toolchain-environment/20260729T171551Z-toolchain-formal01/boots/repetition-02/lower/python310/lib/python3.10/site-packages/setuptools/config/_validate_pyproject/extra_validations.py
f	644	1000	1000	2858	64	35965473	1785345491.6546098270	results/experiments/toolchain-environment/20260729T171551Z-toolchain-formal01/boots/repetition-02/lower/python310/lib/python3.10/site-packages/pip/_internal/req/req_set.py
f	644	1000	1000	28591	64	35963651	1785345475.8355770430	results/experiments/toolchain-environment/20260729T171551Z-toolchain-formal01/boots/repetition-02/lower/python310/lib/python3.10/site-packages/setuptools/_vendor/more_itertools/recipes.py
f	644	1000	1000	286	64	35965233	1785345490.6905921210	results/experiments/toolchain-environment/20260729T171551Z-toolchain-formal01/boots/repetition-02/lower/python310/lib/python3.10/site-packages/pip/py.typed
f	644	1000	1000	286	64	35968747	1785345521.4482869560	results/experiments/toolchain-environment/20260729T171551Z-toolchain-formal01/boots/repetition-02/lower/python312/lib/python3.12/site-packages/pip/py.typed
f	644	1000	1000	2860	64	35966539	1785345497.3771029150	results/experiments/toolchain-environment/20260729T171551Z-toolchain-formal01/boots/repetition-02/lower/python310/lib/python3.10/site-packages/pip/_internal/metadata/importlib/__pycache__/_compat.cpython-310.pyc
f	644	1000	1000	2861	64	35967497	1785345511.6664911410	results/experiments/toolchain-environment/20260729T171551Z-toolchain-formal01/boots/repetition-02/lower/python310/lib/python3.10/site-packages/pip/_vendor/urllib3/__pycache__/filepost.cpython-310.pyc
f	644	1000	1000	28625	64	35965133	1785345489.6565731310	results/experiments/toolchain-environment/20260729T171551Z-toolchain-formal01/boots/repetition-02/lower/python310/lib/python3.10/site-packages/setuptools/tests/__pycache__/test_build_meta.cpython-310.pyc
f	644	1000	1000	2868	64	35963403	1785345474.9568930730	results/experiments/toolchain-environment/20260729T171551Z-toolchain-formal01/boots/repetition-02/lower/python310/lib/python3.10/site-packages/setuptools/_distutils/command/install_egg_info.py
f	644	1000	1000	2870	64	35966611	1785345498.4448074090	results/experiments/toolchain-environment/20260729T171551Z-toolchain-formal01/boots/repetition-02/lower/python310/lib/python3.10/site-packages/pip/_internal/operations/build/__pycache__/wheel_legacy.cpython-310.pyc
f	644	1000	1000	2875	64	35963401	1785345474.9493204020	results/experiments/toolchain-environment/20260729T171551Z-toolchain-formal01/boots/repetition-02/lower/python310/lib/python3.10/site-packages/setuptools/_distutils/command/install_data.py
f	644	1000	1000	28759	64	35965177	1785345490.2495840220	results/experiments/toolchain-environment/20260729T171551Z-toolchain-formal01/boots/repetition-02/lower/python310/lib/python3.10/site-packages/setuptools/tests/__pycache__/test_sdist.cpython-310.pyc
f	644	1000	1000	28782	64	35967703	1785345517.1003991440	results/experiments/toolchain-environment/20260729T171551Z-toolchain-formal01/boots/repetition-02/lower/python312/lib/python3.12/site-packages/pip/_internal/commands/install.py
f	644	1000	1000	2879	64	35965113	1785345489.3535675670	results/experiments/toolchain-environment/20260729T171551Z-toolchain-formal01/boots/repetition-02/lower/python310/lib/python3.10/site-packages/setuptools/tests/__pycache__/namespaces.cpython-310.pyc
f	644	1000	1000	2880	64	35963471	1785345475.2054253900	results/experiments/toolchain-environment/20260729T171551Z-toolchain-formal01/boots/repetition-02/lower/python310/lib/python3.10/site-packages/setuptools/_distutils/tests/test_build_scripts.py
f	644	1000	1000	28807	64	35964053	1785345477.3223466630	results/experiments/toolchain-environment/20260729T171551Z-toolchain-formal01/boots/repetition-02/lower/python310/lib/python3.10/site-packages/setuptools/tests/config/test_apply_pyprojecttoml.py
f	644	1000	1000	2891	64	35964199	1785345477.7760446140	results/experiments/toolchain-environment/20260729T171551Z-toolchain-formal01/boots/repetition-02/lower/python310/lib/python3.10/site-packages/setuptools/_vendor/jaraco.functools-4.0.1.dist-info/METADATA
f	644	1000	1000	2895	64	35963573	1785345475.5622835670	results/experiments/toolchain-environment/20260729T171551Z-toolchain-formal01/boots/repetition-02/lower/python310/lib/python3.10/site-packages/setuptools/_vendor/importlib_metadata/_functools.py
f	644	1000	1000	29027	64	35968817	1785345522.5721780030	results/experiments/toolchain-environment/20260729T171551Z-toolchain-formal01/boots/repetition-02/lower/python312/lib/python3.12/site-packages/pip/_internal/commands/__pycache__/install.cpython-312.pyc
f	644	1000	1000	2903	64	35966779	1785345501.0567802920	results/experiments/toolchain-environment/20260729T171551Z-toolchain-formal01/boots/repetition-02/lower/python310/lib/python3.10/site-packages/pip/_vendor/cachecontrol/__pycache__/filewrapper.cpython-310.pyc
f	644	1000	1000	29092	64	35969629	1785345536.4154326060	results/experiments/toolchain-environment/20260729T171551Z-toolchain-formal01/boots/repetition-02/lower/python312/lib/python3.12/site-packages/pip/_vendor/rich/__pycache__/_win32_console.cpython-312.pyc
f	644	1000	1000	2912	64	35966063	1785345494.0846544610	results/experiments/toolchain-environment/20260729T171551Z-toolchain-formal01/boots/repetition-02/lower/python310/lib/python3.10/site-packages/pip/_vendor/requests/structures.py
f	644	1000	1000	2912	64	35968413	1785345519.8101986030	results/experiments/toolchain-environment/20260729T171551Z-toolchain-formal01/boots/repetition-02/lower/python312/lib/python3.12/site-packages/pip/_vendor/requests/structures.py
f	644	1000	1000	29124	64	35969095	1785345526.2562457470	results/experiments/toolchain-environment/20260729T171551Z-toolchain-formal01/boots/repetition-02/lower/python312/lib/python3.12/site-packages/pip/_internal/vcs/__pycache__/versioncontrol.cpython-312.pyc
f	644	1000	1000	2917	64	35965899	1785345493.5174765050	results/experiments/toolchain-environment/20260729T171551Z-toolchain-formal01/boots/repetition-02/lower/python310/lib/python3.10/site-packages/pip/_vendor/pygments/formatter.py
f	644	1000	1000	29241	64	35967077	1785345505.5878473120	results/experiments/toolchain-environment/20260729T171551Z-toolchain-formal01/boots/repetition-02/lower/python310/lib/python3.10/site-packages/pip/_vendor/pygments/formatters/__pycache__/html.cpython-310.pyc
f	644	1000	1000	2925	64	35965187	1785345490.3712952840	results/experiments/toolchain-environment/20260729T171551Z-toolchain-formal01/boots/repetition-02/lower/python310/lib/python3.10/site-packages/setuptools/tests/__pycache__/test_virtualenv.cpython-310.pyc
f	644	1000	1000	2925	64	35966823	1785345501.6977158470	results/experiments/toolchain-environment/20260729T171551Z-toolchain-formal01/boots/repetition-02/lower/python310/lib/python3.10/site-packages/pip/_vendor/chardet/__pycache__/escprober.cpython-310.pyc
f	644	1000	1000	2929	64	35966977	1785345504.0958615190	results/experiments/toolchain-environment/20260729T171551Z-toolchain-formal01/boots/repetition-02/lower/python310/lib/python3.10/site-packages/pip/_vendor/idna/__pycache__/codec.cpython-310.pyc
f	644	1000	1000	2933	64	35963823	1785345476.5293321060	results/experiments/toolchain-environment/20260729T171551Z-toolchain-formal01/boots/repetition-02/lower/python310/lib/python3.10/site-packages/setuptools/_vendor/wheel/vendored/packaging/requirements.py
f	644	1000	1000	29351	64	35964771	1785345484.2164732330	results/experiments/toolchain-environment/20260729T171551Z-toolchain-formal01/boots/repetition-02/lower/python310/lib/python3.10/site-packages/setuptools/_vendor/more_itertools/__pycache__/recipes.cpython-310.pyc
f	644	1000	1000	2943	64	35963725	1785345476.1213246170	results/experiments/toolchain-environment/20260729T171551Z-toolchain-formal01/boots/repetition-02/lower/python310/lib/python3.10/site-packages/setuptools/_vendor/tomli/_re.py
f	644	1000	1000	2943	64	35966281	1785345495.0476721500	results/experiments/toolchain-environment/20260729T171551Z-toolchain-formal01/boots/repetition-02/lower/python310/lib/python3.10/site-packages/pip/_vendor/tomli/_re.py
f	644	1000	1000	2943	64	35968623	1785345520.8943332940	results/experiments/toolchain-environment/20260729T171551Z-toolchain-formal01/boots/repetition-02/lower/python312/lib/python3.12/site-packages/pip/_vendor/tomli/_re.py
f	644	1000	1000	2947	64	35963677	1785345475.9415812840	results/experiments/toolchain-environment/20260729T171551Z-toolchain-formal01/boots/repetition-02/lower/python310/lib/python3.10/site-packages/setuptools/_vendor/packaging/requirements.py
f	644	1000	1000	29497	64	35965263	1785345490.8065942520	results/experiments/toolchain-environment/20260729T171551Z-toolchain-formal01/boots/repetition-02/lower/python310/lib/python3.10/site-packages/pip/_internal/cli/cmdoptions.py
f	644	1000	1000	2951	64	35965297	1785345490.9595970620	results/experiments/toolchain-environment/20260729T171551Z-toolchain-formal01/boots/repetition-02/lower/python310/lib/python3.10/site-packages/pip/_internal/commands/freeze.py
f	644	1000	1000	29564	64	35966511	1785345497.0289560610	results/experiments/toolchain-environment/20260729T171551Z-toolchain-formal01/boots/repetition-02/lower/python310/lib/python3.10/site-packages/pip/_internal/index/__pycache__/package_finder.cpython-310.pyc
f	644	1000	1000	296	64	35963999	1785345477.1574706300	results/experiments/toolchain-environment/20260729T171551Z-toolchain-formal01/boots/repetition-02/lower/python310/lib/python3.10/site-packages/setuptools/tests/test_extern.py
f	644	1000	1000	29604	64	35968587	1785345520.7621447220	results/experiments/toolchain-environment/20260729T171551Z-toolchain-formal01/boots/repetition-02/lower/python312/lib/python3.12/site-packages/pip/_vendor/rich/traceback.py
f	644	1000	1000	2971	64	35964921	1785345486.7435196350	results/experiments/toolchain-environment/20260729T171551Z-toolchain-formal01/boots/repetition-02/lower/python310/lib/python3.10/site-packages/setuptools/_vendor/wheel/vendored/packaging/__pycache__/requirements.cpython-310.pyc
f	644	1000	1000	29719	64	35967063	1785345505.3806470170	results/experiments/toolchain-environment/20260729T171551Z-toolchain-formal01/boots/repetition-02/lower/python310/lib/python3.10/site-packages/pip/_vendor/pygments/filters/__pycache__/__init__.cpython-310.pyc
f	644	1000	1000	2976	64	35968835	1785345522.8431829860	results/experiments/toolchain-environment/20260729T171551Z-toolchain-formal01/boots/repetition-02/lower/python312/lib/python3.12/site-packages/pip/_internal/distributions/__pycache__/base.cpython-312.pyc
f	644	1000	1000	2978	64	35967195	1785345507.5908811400	results/experiments/toolchain-environment/20260729T171551Z-toolchain-formal01/boots/repetition-02/lower/python310/lib/python3.10/site-packages/pip/_vendor/requests/__pycache__/help.cpython-310.pyc
f	644	1000	1000	2983	64	35968261	1785345519.1409016570	results/experiments/toolchain-environment/20260729T171551Z-toolchain-formal01/boots/repetition-02/lower/python312/lib/python3.12/site-packages/pip/_vendor/pygments/__init__.py
f	644	1000	1000	2989	64	35968871	1785345523.3552663740	results/experiments/toolchain-environment/20260729T171551Z-toolchain-formal01/boots/repetition-02/lower/python312/lib/python3.12/site-packages/pip/_internal/metadata/__pycache__/_json.cpython-312.pyc
f	644	1000	1000	299	64	35967595	1785345513.0220024300	results/experiments/toolchain-environment/20260729T171551Z-toolchain-formal01/boots/repetition-02/lower/python312/pyvenv.cfg
f	644	1000	1000	2990	64	35965043	1785345488.5082915750	results/experiments/toolchain-environment/20260729T171551Z-toolchain-formal01/boots/repetition-02/lower/python310/lib/python3.10/site-packages/setuptools/__pycache__/errors.cpython-310.pyc
f	644	1000	1000	29953	64	35967105	1785345506.0570590920	results/experiments/toolchain-environment/20260729T171551Z-toolchain-formal01/boots/repetition-02/lower/python310/lib/python3.10/site-packages/pip/_vendor/pygments/lexers/__pycache__/python.cpython-310.pyc
f	644	1000	1000	2999	64	35965889	1785345493.4736432380	results/experiments/toolchain-environment/20260729T171551Z-toolchain-formal01/boots/repetition-02/lower/python310/lib/python3.10/site-packages/pip/_vendor/pygments/__init__.py
f	644	1000	1000	30	64	35965333	1785345491.1146464400	results/experiments/toolchain-environment/20260729T171551Z-toolchain-formal01/boots/repetition-02/lower/python310/lib/python3.10/site-packages/pip/_internal/index/__init__.py
f	644	1000	1000	30	64	35967733	1785345517.2018505760	results/experiments/toolchain-environment/20260729T171551Z-toolchain-formal01/boots/repetition-02/lower/python312/lib/python3.12/site-packages/pip/_internal/index/__init__.py
f	644	1000	1000	300	64	35965001	1785345487.9364290440	results/experiments/toolchain-environment/20260729T171551Z-toolchain-formal01/boots/repetition-02/lower/python310/lib/python3.10/site-packages/setuptools/compat/__pycache__/__init__.cpython-310.pyc
f	644	1000	1000	30053	64	35967393	1785345510.3846205470	results/experiments/toolchain-environment/20260729T171551Z-toolchain-formal01/boots/repetition-02/lower/python310/lib/python3.10/site-packages/pip/_vendor/rich/__pycache__/table.cpython-310.pyc
f	644	1000	1000	3006	64	35964705	1785345482.9724503910	results/experiments/toolchain-environment/20260729T171551Z-toolchain-formal01/boots/repetition-02/lower/python310/lib/python3.10/site-packages/setuptools/_vendor/importlib_metadata/__pycache__/_adapters.cpython-310.pyc
f	644	1000	1000	30063	64	35967659	1785345516.9315117670	results/experiments/toolchain-environment/20260729T171551Z-toolchain-formal01/boots/repetition-02/lower/python312/lib/python3.12/site-packages/pip/_internal/cli/cmdoptions.py
f	644	1000	1000	30072	64	35963399	1785345474.9413029570	results/experiments/toolchain-environment/20260729T171551Z-toolchain-formal01/boots/repetition-02/lower/python310/lib/python3.10/site-packages/setuptools/_distutils/command/install.py
f	644	1000	1000	30110	64	35965855	1785345493.3536410330	results/experiments/toolchain-environment/20260729T171551Z-toolchain-formal01/boots/repetition-02/lower/python310/lib/python3.10/site-packages/pip/_vendor/packaging/specifiers.py
f	644	1000	1000	30110	64	35968229	1785345519.0311128960	results/experiments/toolchain-environment/20260729T171551Z-toolchain-formal01/boots/repetition-02/lower/python312/lib/python3.12/site-packages/pip/_vendor/packaging/specifiers.py
f	644	1000	1000	3012	64	35967439	1785345511.0494497120	results/experiments/toolchain-environment/20260729T171551Z-toolchain-formal01/boots/repetition-02/lower/python310/lib/python3.10/site-packages/pip/_vendor/tomli/__pycache__/_re.cpython-310.pyc
f	644	1000	1000	3018	64	35964301	1785345478.1213613300	results/experiments/toolchain-environment/20260729T171551Z-toolchain-formal01/boots/repetition-02/lower/python310/lib/python3.10/site-packages/setuptools/_vendor/typing_extensions-4.12.2.dist-info/METADATA
f	644	1000	1000	30180	64	35966059	1785345494.0686541670	results/experiments/toolchain-environment/20260729T171551Z-toolchain-formal01/boots/repetition-02/lower/python310/lib/python3.10/site-packages/pip/_vendor/requests/sessions.py
f	644	1000	1000	3019	64	35964833	1785345485.2706395420	results/experiments/toolchain-environment/20260729T171551Z-toolchain-formal01/boots/repetition-02/lower/python310/lib/python3.10/site-packages/setuptools/_vendor/tomli/__pycache__/_re.cpython-310.pyc
f	644	1000	1000	302	64	35964353	1785345478.3563656440	results/experiments/toolchain-environment/20260729T171551Z-toolchain-formal01/boots/repetition-02/lower/python310/lib/python3.10/site-packages/pkg_resources/tests/__pycache__/__init__.cpython-310.pyc
f	644	1000	1000	302	64	35966681	1785345499.5922158950	results/experiments/toolchain-environment/20260729T171551Z-toolchain-formal01/boots/repetition-02/lower/python310/lib/python3.10/site-packages/pip/_internal/utils/__pycache__/__init__.cpython-310.pyc
f	644	1000	1000	3024	64	35963267	1785345474.5182951930	results/experiments/toolchain-environment/20260729T171551Z-toolchain-formal01/boots/repetition-02/lower/python310/lib/python3.10/site-packages/setuptools/errors.py
f	644	1000	1000	303	64	35967991	1785345518.1190859270	results/experiments/toolchain-environment/20260729T171551Z-toolchain-formal01/boots/repetition-02/lower/python312/lib/python3.12/site-packages/pip/_vendor/cachecontrol/caches/__init__.py
f	644	1000	1000	3034	64	35964663	1785345482.2535684790	results/experiments/toolchain-environment/20260729T171551Z-toolchain-formal01/boots/repetition-02/lower/python310/lib/python3.10/site-packages/setuptools/__pycache__/_path.cpython-310.pyc
f	644	1000	1000	3035	64	35964799	1785345484.7175110750	results/experiments/toolchain-environment/20260729T171551Z-toolchain-formal01/boots/repetition-02/lower/python310/lib/python3.10/site-packages/setuptools/_vendor/packaging/__pycache__/requirements.cpython-310.pyc
f	644	1000	1000	30373	64	35968409	1785345519.7921374570	results/experiments/toolchain-environment/20260729T171551Z-toolchain-formal01/boots/repetition-02/lower/python312/lib/python3.12/site-packages/pip/_vendor/requests/sessions.py
f	644	1000	1000	30391	64	35965703	1785345492.6486280840	results/experiments/toolchain-environment/20260729T171551Z-toolchain-formal01/boots/repetition-02/lower/python310/lib/python3.10/site-packages/pip/_vendor/chardet/mbcssm.py
f	644	1000	1000	30391	64	35968095	1785345518.5322537160	results/experiments/toolchain-environment/20260729T171551Z-toolchain-formal01/boots/repetition-02/lower/python312/lib/python3.12/site-packages/pip/_vendor/chardet/mbcssm.py
f	644	1000	1000	3046	64	35966579	1785345497.9536041990	results/experiments/toolchain-environment/20260729T171551Z-toolchain-formal01/boots/repetition-02/lower/python310/lib/python3.10/site-packages/pip/_internal/network/__pycache__/cache.cpython-310.pyc
f	644	1000	1000	3046	64	35969453	1785345531.1773362530	results/experiments/toolchain-environment/20260729T171551Z-toolchain-formal01/boots/repetition-02/lower/python312/lib/python3.12/site-packages/pip/_vendor/pygments/formatters/__pycache__/pangomarkup.cpython-312.pyc
f	644	1000	1000	30481	64	35969329	1785345529.1732993950	results/experiments/toolchain-environment/20260729T171551Z-toolchain-formal01/boots/repetition-02/lower/python312/lib/python3.12/site-packages/pip/_vendor/distlib/__pycache__/version.cpython-312.pyc
f	644	1000	1000	30488	64	35968773	1785345521.7682117950	results/experiments/toolchain-environment/20260729T171551Z-toolchain-formal01/boots/repetition-02/lower/python312/lib/python3.12/site-packages/pip/_internal/cli/__pycache__/cmdoptions.cpython-312.pyc
f	644	1000	1000	30512	64	35969001	1785345525.0623699680	results/experiments/toolchain-environment/20260729T171551Z-toolchain-formal01/boots/repetition-02/lower/python312/lib/python3.12/site-packages/pip/_internal/resolution/resolvelib/__pycache__/candidates.cpython-312.pyc
f	644	1000	1000	3059	64	35964521	1785345479.7393910340	results/experiments/toolchain-environment/20260729T171551Z-toolchain-formal01/boots/repetition-02/lower/python310/lib/python3.10/site-packages/setuptools/_distutils/compilers/C/tests/__pycache__/test_cygwin.cpython-310.pyc
f	644	1000	1000	3059	64	35967051	1785345505.2182057340	results/experiments/toolchain-environment/20260729T171551Z-toolchain-formal01/boots/repetition-02/lower/python310/lib/python3.10/site-packages/pip/_vendor/pygments/__pycache__/__init__.cpython-310.pyc
f	644	1000	1000	306	64	35965073	1785345488.8405581450	results/experiments/toolchain-environment/20260729T171551Z-toolchain-formal01/boots/repetition-02/lower/python310/lib/python3.10/site-packages/setuptools/tests/compat/__pycache__/__init__.cpython-310.pyc
f	644	1000	1000	306	64	35965079	1785345488.9045563020	results/experiments/toolchain-environment/20260729T171551Z-toolchain-formal01/boots/repetition-02/lower/python310/lib/python3.10/site-packages/setuptools/tests/config/__pycache__/__init__.cpython-310.pyc
f	644	1000	1000	306	64	35966811	1785345501.4971391290	results/experiments/toolchain-environment/20260729T171551Z-toolchain-formal01/boots/repetition-02/lower/python310/lib/python3.10/site-packages/pip/_vendor/chardet/cli/__pycache__/__init__.cpython-310.pyc
f	644	1000	1000	306	64	35969019	1785345525.3065727810	results/experiments/toolchain-environment/20260729T171551Z-toolchain-formal01/boots/repetition-02/lower/python312/lib/python3.12/site-packages/pip/_internal/utils/__pycache__/__init__.cpython-312.pyc
f	644	1000	1000	3063	64	35968929	1785345524.1194160660	results/experiments/toolchain-environment/20260729T171551Z-toolchain-formal01/boots/repetition-02/lower/python312/lib/python3.12/site-packages/pip/_internal/network/__pycache__/xmlrpc.cpython-312.pyc
f	644	1000	1000	3064	64	35965451	1785345491.5786084310	results/experiments/toolchain-environment/20260729T171551Z-toolchain-formal01/boots/repetition-02/lower/python310/lib/python3.10/site-packages/pip/_internal/operations/build/wheel_legacy.py
f	644	1000	1000	3064	64	35965533	1785345491.8905612710	results/experiments/toolchain-environment/20260729T171551Z-toolchain-formal01/boots/repetition-02/lower/python310/lib/python3.10/site-packages/pip/_internal/utils/entrypoints.py
f	644	1000	1000	3064	64	35967837	1785345517.5747229630	results/experiments/toolchain-environment/20260729T171551Z-toolchain-formal01/boots/repetition-02/lower/python312/lib/python3.12/site-packages/pip/_internal/operations/build/wheel_legacy.py
f	644	1000	1000	3064	64	35967927	1785345517.9024874120	results/experiments/toolchain-environment/20260729T171551Z-toolchain-formal01/boots/repetition-02/lower/python312/lib/python3.12/site-packages/pip/_internal/utils/entrypoints.py
f	644	1000	1000	30641	64	35966307	1785345495.1706744100	results/experiments/toolchain-environment/20260729T171551Z-toolchain-formal01/boots/repetition-02/lower/python310/lib/python3.10/site-packages/pip/_vendor/urllib3/response.py
f	644	1000	1000	30641	64	35968703	1785345521.2335014650	results/experiments/toolchain-environment/20260729T171551Z-toolchain-formal01/boots/repetition-02/lower/python312/lib/python3.12/site-packages/pip/_vendor/urllib3/response.py
f	644	1000	1000	3067	64	35967111	1785345506.1625616370	results/experiments/toolchain-environment/20260729T171551Z-toolchain-formal01/boots/repetition-02/lower/python310/lib/python3.10/site-packages/pip/_vendor/pygments/__pycache__/regexopt.cpython-310.pyc
f	644	1000	1000	307	64	35966593	1785345498.1633578740	results/experiments/toolchain-environment/20260729T171551Z-toolchain-formal01/boots/repetition-02/lower/python310/lib/python3.10/site-packages/pip/_internal/operations/__pycache__/__init__.cpython-310.pyc
f	644	1000	1000	307	64	35966647	1785345499.0805725470	results/experiments/toolchain-environment/20260729T171551Z-toolchain-formal01/boots/repetition-02/lower/python310/lib/python3.10/site-packages/pip/_internal/resolution/__pycache__/__init__.cpython-310.pyc
f	644	1000	1000	3072	64	35965907	1785345493.5496446340	results/experiments/toolchain-environment/20260729T171551Z-toolchain-formal01/boots/repetition-02/lower/python310/lib/python3.10/site-packages/pip/_vendor/pygments/regexopt.py
f	644	1000	1000	3072	64	35968321	1785345519.4175623260	results/experiments/toolchain-environment/20260729T171551Z-toolchain-formal01/boots/repetition-02/lower/python312/lib/python3.12/site-packages/pip/_vendor/pygments/regexopt.py
f	644	1000	1000	3080	64	35966475	1785345496.4569919090	results/experiments/toolchain-environment/20260729T171551Z-toolchain-formal01/boots/repetition-02/lower/python310/lib/python3.10/site-packages/pip/_internal/commands/__pycache__/inspect.cpython-310.pyc
f	644	1000	1000	3082	64	35963837	1785345476.5913332440	results/experiments/toolchain-environment/20260729T171551Z-toolchain-formal01/boots/repetition-02/lower/python310/lib/python3.10/site-packages/setuptools/_vendor/zipp/glob.py
f	644	1000	1000	3086	64	35968611	1785345520.8528102230	results/experiments/toolchain-environment/20260729T171551Z-toolchain-formal01/boots/repetition-02/lower/python312/lib/python3.12/site-packages/pip/_vendor/tenacity/stop.py
f	644	1000	1000	309	64	35966919	1785345503.1472178020	results/experiments/toolchain-environment/20260729T171551Z-toolchain-formal01/boots/repetition-02/lower/python310/lib/python3.10/site-packages/pip/_vendor/colorama/tests/__pycache__/__init__.cpython-310.pyc
f	644	1000	1000	3092	64	35963343	1785345474.7446738990	results/experiments/toolchain-environment/20260729T171551Z-toolchain-formal01/boots/repetition-02/lower/python310/lib/python3.10/site-packages/setuptools/_distutils/errors.py
f	644	1000	1000	3092	64	35965909	1785345493.5576364160	results/experiments/toolchain-environment/20260729T171551Z-toolchain-formal01/boots/repetition-02/lower/python310/lib/python3.10/site-packages/pip/_vendor/pygments/scanner.py
f	644	1000	1000	3092	64	35968323	1785345519.4337584100	results/experiments/toolchain-environment/20260729T171551Z-toolchain-formal01/boots/repetition-02/lower/python312/lib/python3.12/site-packages/pip/_vendor/pygments/scanner.py
f	644	1000	1000	3094	64	35967283	1785345508.8890714800	results/experiments/toolchain-environment/20260729T171551Z-toolchain-formal01/boots/repetition-02/lower/python310/lib/python3.10/site-packages/pip/_vendor/rich/__pycache__/bar.cpython-310.pyc
f	644	1000	1000	3097	64	35968809	1785345522.3951747480	results/experiments/toolchain-environment/20260729T171551Z-toolchain-formal01/boots/repetition-02/lower/python312/lib/python3.12/site-packages/pip/_internal/commands/__pycache__/hash.cpython-312.pyc
f	644	1000	1000	310	64	35967459	1785345511.2800384420	results/experiments/toolchain-environment/20260729T171551Z-toolchain-formal01/boots/repetition-02/lower/python310/lib/python3.10/site-packages/pip/_vendor/urllib3/contrib/__pycache__/__init__.cpython-310.pyc
f	644	1000	1000	310	64	35969155	1785345526.9832591180	results/experiments/toolchain-environment/20260729T171551Z-toolchain-formal01/boots/repetition-02/lower/python312/lib/python3.12/site-packages/pip/_vendor/chardet/cli/__pycache__/__init__.cpython-312.pyc
f	644	1000	1000	3100	64	35967377	1785345510.1327196060	results/experiments/toolchain-environment/20260729T171551Z-toolchain-formal01/boots/repetition-02/lower/python310/lib/python3.10/site-packages/pip/_vendor/rich/__pycache__/scope.cpython-310.pyc
f	644	1000	1000	3100	64	35967895	1785345517.7872037250	results/experiments/toolchain-environment/20260729T171551Z-toolchain-formal01/boots/repetition-02/lower/python312/lib/python3.12/site-packages/pip/_internal/resolution/resolvelib/reporter.py
f	644	1000	1000	3102	64	35963949	1785345476.9824571690	results/experiments/toolchain-environment/20260729T171551Z-toolchain-formal01/boots/repetition-02/lower/python310/lib/python3.10/site-packages/setuptools/tests/environment.py
f	644	1000	1000	3103	64	35963787	1785345476.3643700620	results/experiments/toolchain-environment/20260729T171551Z-toolchain-formal01/boots/repetition-02/lower/python310/lib/python3.10/site-packages/setuptools/_vendor/wheel/cli/pack.py
f	644	1000	1000	3105	64	35969895	1785345542.2894011970	results/experiments/toolchain-environment/20260729T171551Z-toolchain-formal01/boots/repetition-02/lower/python312/lib/python3.12/site-packages/pip/_vendor/urllib3/util/__pycache__/response.cpython-312.pyc
f	644	1000	1000	3106	64	35966433	1785345495.9386762560	results/experiments/toolchain-environment/20260729T171551Z-toolchain-formal01/boots/repetition-02/lower/python310/lib/python3.10/site-packages/pip/_internal/cli/__pycache__/main_parser.cpython-310.pyc
f	644	1000	1000	311	64	35965105	1785345489.2442130820	results/experiments/toolchain-environment/20260729T171551Z-toolchain-formal01/boots/repetition-02/lower/python310/lib/python3.10/site-packages/setuptools/tests/integration/__pycache__/__init__.cpython-310.pyc
f	644	1000	1000	311	64	35966887	1785345502.6356359320	results/experiments/toolchain-environment/20260729T171551Z-toolchain-formal01/boots/repetition-02/lower/python310/lib/python3.10/site-packages/pip/_vendor/chardet/metadata/__pycache__/__init__.cpython-310.pyc
f	644	1000	1000	311	64	35967501	1785345511.6991068660	results/experiments/toolchain-environment/20260729T171551Z-toolchain-formal01/boots/repetition-02/lower/python310/lib/python3.10/site-packages/pip/_vendor/urllib3/packages/__pycache__/__init__.cpython-310.pyc
f	644	1000	1000	311	64	35968933	1785345524.1494058160	results/experiments/toolchain-environment/20260729T171551Z-toolchain-formal01/boots/repetition-02/lower/python312/lib/python3.12/site-packages/pip/_internal/operations/__pycache__/__init__.cpython-312.pyc
f	644	1000	1000	311	64	35968985	1785345524.8503384770	results/experiments/toolchain-environment/20260729T171551Z-toolchain-formal01/boots/repetition-02/lower/python312/lib/python3.12/site-packages/pip/_internal/resolution/__pycache__/__init__.cpython-312.pyc
f	644	1000	1000	3110	64	35965539	1785345491.9145149640	results/experiments/toolchain-environment/20260729T171551Z-toolchain-formal01/boots/repetition-02/lower/python310/lib/python3.10/site-packages/pip/_internal/utils/glibc.py
f	644	1000	1000	3111	64	35969165	1785345527.1512622070	results/experiments/toolchain-environment/20260729T171551Z-toolchain-formal01/boots/repetition-02/lower/python312/lib/python3.12/site-packages/pip/_vendor/chardet/__pycache__/enums.cpython-312.pyc
f	644	1000	1000	3113	64	35967933	1785345517.9250173470	results/experiments/toolchain-environment/20260729T171551Z-toolchain-formal01/boots/repetition-02/lower/python312/lib/python3.12/site-packages/pip/_internal/utils/glibc.py
f	644	1000	1000	31130	64	35964923	1785345486.7965206080	results/experiments/toolchain-environment/20260729T171551Z-toolchain-formal01/boots/repetition-02/lower/python310/lib/python3.10/site-packages/setuptools/_vendor/wheel/vendored/packaging/__pycache__/specifiers.cpython-310.pyc
f	644	1000	1000	3115	64	35966911	1785345503.0207887430	results/experiments/toolchain-environment/20260729T171551Z-toolchain-formal01/boots/repetition-02/lower/python310/lib/python3.10/site-packages/pip/_vendor/colorama/__pycache__/ansi.cpython-310.pyc
f	644	1000	1000	312	64	35967221	1785345507.8945639360	results/experiments/toolchain-environment/20260729T171551Z-toolchain-formal01/boots/repetition-02/lower/python310/lib/python3.10/site-packages/pip/_vendor/resolvelib/compat/__pycache__/__init__.cpython-310.pyc
f	644	1000	1000	3121	64	35967065	1785345505.4120198750	results/experiments/toolchain-environment/20260729T171551Z-toolchain-formal01/boots/repetition-02/lower/python310/lib/python3.10/site-packages/pip/_vendor/pygments/__pycache__/formatter.cpython-310.pyc
f	644	1000	1000	31228	64	35965155	1785345489.9755789900	results/experiments/toolchain-environment/20260729T171551Z-toolchain-formal01/boots/repetition-02/lower/python310/lib/python3.10/site-packages/setuptools/tests/__pycache__/test_egg_info.cpython-310.pyc
f	644	1000	1000	3123	64	35963971	1785345477.0586296140	results/experiments/toolchain-environment/20260729T171551Z-toolchain-formal01/boots/repetition-02/lower/python310/lib/python3.10/site-packages/setuptools/tests/test_build_clib.py
f	644	1000	1000	31252	64	35963189	1785345474.2803868360	results/experiments/toolchain-environment/20260729T171551Z-toolchain-formal01/boots/repetition-02/lower/python310/lib/python3.10/site-packages/pkg_resources/tests/test_resources.py
f	644	1000	1000	3127	64	35967395	1785345510.4221808060	results/experiments/toolchain-environment/20260729T171551Z-toolchain-formal01/boots/repetition-02/lower/python310/lib/python3.10/site-packages/pip/_vendor/rich/__pycache__/terminal_theme.cpython-310.pyc
f	644	1000	1000	31274	64	35965635	1785345492.3486225740	results/experiments/toolchain-environment/20260729T171551Z-toolchain-formal01/boots/repetition-02/lower/python310/lib/python3.10/site-packages/pip/_vendor/chardet/big5freq.py
f	644	1000	1000	31274	64	35968021	1785345518.2280981330	results/experiments/toolchain-environment/20260729T171551Z-toolchain-formal01/boots/repetition-02/lower/python312/lib/python3.12/site-packages/pip/_vendor/chardet/big5freq.py
f	644	1000	1000	313	64	35964939	1785345487.0745257130	results/experiments/toolchain-environment/20260729T171551Z-toolchain-formal01/boots/repetition-02/lower/python310/lib/python3.10/site-packages/setuptools/_vendor/zipp/compat/__pycache__/__init__.cpython-310.pyc
f	644	1000	1000	313	64	35966597	1785345498.1986250790	results/experiments/toolchain-environment/20260729T171551Z-toolchain-formal01/boots/repetition-02/lower/python310/lib/python3.10/site-packages/pip/_internal/operations/build/__pycache__/__init__.cpython-310.pyc
f	644	1000	1000	313	64	35969275	1785345528.5032870720	results/experiments/toolchain-environment/20260729T171551Z-toolchain-formal01/boots/repetition-02/lower/python312/lib/python3.12/site-packages/pip/_vendor/colorama/tests/__pycache__/__init__.cpython-312.pyc
f	644	1000	1000	31316	64	35967125	1785345506.4133329760	results/experiments/toolchain-environment/20260729T171551Z-toolchain-formal01/boots/repetition-02/lower/python310/lib/python3.10/site-packages/pip/_vendor/pygments/__pycache__/unistring.cpython-310.pyc
f	644	1000	1000	31360	64	35963735	1785345476.1553252410	results/experiments/toolchain-environment/20260729T171551Z-toolchain-formal01/boots/repetition-02/lower/python310/lib/python3.10/site-packages/setuptools/_vendor/typeguard/_checkers.py
f	644	1000	1000	31362	64	35969385	1785345530.0313151750	results/experiments/toolchain-environment/20260729T171551Z-toolchain-formal01/boots/repetition-02/lower/python312/lib/python3.12/site-packages/pip/_vendor/packaging/__pycache__/specifiers.cpython-312.pyc
f	644	1000	1000	314	64	35966653	1785345499.1471035650	results/experiments/toolchain-environment/20260729T171551Z-toolchain-formal01/boots/repetition-02/lower/python310/lib/python3.10/site-packages/pip/_internal/resolution/legacy/__pycache__/__init__.cpython-310.pyc
f	644	1000	1000	314	64	35969835	1785345540.0662662740	results/experiments/toolchain-environment/20260729T171551Z-toolchain-formal01/boots/repetition-02/lower/python312/lib/python3.12/site-packages/pip/_vendor/urllib3/contrib/__pycache__/__init__.cpython-312.pyc
f	644	1000	1000	3148	64	35966813	1785345501.5351718410	results/experiments/toolchain-environment/20260729T171551Z-toolchain-formal01/boots/repetition-02/lower/python310/lib/python3.10/site-packages/pip/_vendor/chardet/cli/__pycache__/chardetect.cpython-310.pyc
f	644	1000	1000	315	64	35969245	1785345528.0882885570	results/experiments/toolchain-environment/20260729T171551Z-toolchain-formal01/boots/repetition-02/lower/python312/lib/python3.12/site-packages/pip/_vendor/chardet/metadata/__pycache__/__init__.cpython-312.pyc
f	644	1000	1000	315	64	35969865	1785345541.7714993440	results/experiments/toolchain-environment/20260729T171551Z-toolchain-formal01/boots/repetition-02/lower/python312/lib/python3.12/site-packages/pip/_vendor/urllib3/packages/__pycache__/__init__.cpython-312.pyc
f	644	1000	1000	31509	64	35964801	1785345484.7544831110	results/experiments/toolchain-environment/20260729T171551Z-toolchain-formal01/boots/repetition-02/lower/python310/lib/python3.10/site-packages/setuptools/_vendor/packaging/__pycache__/specifiers.cpython-310.pyc
f	644	1000	1000	31519	64	35966941	1785345503.5342083070	results/experiments/toolchain-environment/20260729T171551Z-toolchain-formal01/boots/repetition-02/lower/python310/lib/python3.10/site-packages/pip/_vendor/distlib/__pycache__/compat.cpython-310.pyc
f	644	1000	1000	3152	64	35964579	1785345480.6114070430	results/experiments/toolchain-environment/20260729T171551Z-toolchain-formal01/boots/repetition-02/lower/python310/lib/python3.10/site-packages/setuptools/_distutils/tests/__pycache__/test_bdist_rpm.cpython-310.pyc
f	644	1000	1000	3153	64	35964487	1785345479.2873827360	results/experiments/toolchain-environment/20260729T171551Z-toolchain-formal01/boots/repetition-02/lower/python310/lib/python3.10/site-packages/setuptools/_distutils/command/__pycache__/install_data.cpython-310.pyc
f	644	1000	1000	316	64	35964027	1785345477.2445713350	results/experiments/toolchain-environment/20260729T171551Z-toolchain-formal01/boots/repetition-02/lower/python310/lib/python3.10/site-packages/setuptools/tests/test_unicode_utils.py
f	644	1000	1000	316	64	35964735	1785345483.4466131610	results/experiments/toolchain-environment/20260729T171551Z-toolchain-formal01/boots/repetition-02/lower/python310/lib/python3.10/site-packages/setuptools/_vendor/inflect/compat/__pycache__/__init__.cpython-310.pyc
f	644	1000	1000	316	64	35964901	1785345486.2815111510	results/experiments/toolchain-environment/20260729T171551Z-toolchain-formal01/boots/repetition-02/lower/python310/lib/python3.10/site-packages/setuptools/_vendor/wheel/vendored/__pycache__/__init__.cpython-310.pyc
f	644	1000	1000	316	64	35969579	1785345534.9160596460	results/experiments/toolchain-environment/20260729T171551Z-toolchain-formal01/boots/repetition-02/lower/python312/lib/python3.12/site-packages/pip/_vendor/resolvelib/compat/__pycache__/__init__.cpython-312.pyc
f	644	1000	1000	31664	64	35969765	1785345539.0484810460	results/experiments/toolchain-environment/20260729T171551Z-toolchain-formal01/boots/repetition-02/lower/python312/lib/python3.12/site-packages/pip/_vendor/rich/__pycache__/traceback.cpython-312.pyc
f	644	1000	1000	317	64	35964567	1785345480.3754509210	results/experiments/toolchain-environment/20260729T171551Z-toolchain-formal01/boots/repetition-02/lower/python310/lib/python3.10/site-packages/setuptools/_distutils/tests/compat/__pycache__/__init__.cpython-310.pyc
f	644	1000	1000	317	64	35968937	1785345524.1835964480	results/experiments/toolchain-environment/20260729T171551Z-toolchain-formal01/boots/repetition-02/lower/python312/lib/python3.12/site-packages/pip/_internal/operations/build/__pycache__/__init__.cpython-312.pyc
f	644	1000	1000	3171	64	35963293	1785345474.5910176900	results/experiments/toolchain-environment/20260729T171551Z-toolchain-formal01/boots/repetition-02/lower/python310/lib/python3.10/site-packages/setuptools/namespaces.py
f	644	1000	1000	3173	64	35964597	1785345481.0236328780	results/experiments/toolchain-environment/20260729T171551Z-toolchain-formal01/boots/repetition-02/lower/python310/lib/python3.10/site-packages/setuptools/_distutils/tests/__pycache__/test_config_cmd.cpython-310.pyc
f	644	1000	1000	3177	64	35966815	1785345501.5712240300	results/experiments/toolchain-environment/20260729T171551Z-toolchain-formal01/boots/repetition-02/lower/python310/lib/python3.10/site-packages/pip/_vendor/chardet/__pycache__/codingstatemachine.cpython-310.pyc
f	644	1000	1000	3179	64	35968945	1785345524.3162449800	results/experiments/toolchain-environment/20260729T171551Z-toolchain-formal01/boots/repetition-02/lower/python312/lib/python3.12/site-packages/pip/_internal/operations/build/__pycache__/metadata_legacy.cpython-312.pyc
f	644	1000	1000	318	64	35966659	1785345499.2288932590	results/experiments/toolchain-environment/20260729T171551Z-toolchain-formal01/boots/repetition-02/lower/python310/lib/python3.10/site-packages/pip/_internal/resolution/resolvelib/__pycache__/__init__.cpython-310.pyc
f	644	1000	1000	318	64	35968991	1785345524.9116536570	results/experiments/toolchain-environment/20260729T171551Z-toolchain-formal01/boots/repetition-02/lower/python312/lib/python3.12/site-packages/pip/_internal/resolution/legacy/__pycache__/__init__.cpython-312.pyc
f	644	1000	1000	3188	64	35965305	1785345490.9986402500	results/experiments/toolchain-environment/20260729T171551Z-toolchain-formal01/boots/repetition-02/lower/python310/lib/python3.10/site-packages/pip/_internal/commands/inspect.py
f	644	1000	1000	3188	64	35967701	1785345517.0926145300	results/experiments/toolchain-environment/20260729T171551Z-toolchain-formal01/boots/repetition-02/lower/python312/lib/python3.12/site-packages/pip/_internal/commands/inspect.py
f	644	1000	1000	3189	64	35963303	1785345474.6192970470	results/experiments/toolchain-environment/20260729T171551Z-toolchain-formal01/boots/repetition-02/lower/python310/lib/python3.10/site-packages/setuptools/unicode_utils.py
f	644	1000	1000	3196	64	35967073	1785345505.5163976080	results/experiments/toolchain-environment/20260729T171551Z-toolchain-formal01/boots/repetition-02/lower/python310/lib/python3.10/site-packages/pip/_vendor/pygments/formatters/__pycache__/bbcode.cpython-310.pyc
f	644	1000	1000	3198	64	35969683	1785345537.7154565220	results/experiments/toolchain-environment/20260729T171551Z-toolchain-formal01/boots/repetition-02/lower/python312/lib/python3.12/site-packages/pip/_vendor/rich/__pycache__/filesize.cpython-312.pyc
f	644	1000	1000	32005	64	35965901	1785345493.5256441930	results/experiments/toolchain-environment/20260729T171551Z-toolchain-formal01/boots/repetition-02/lower/python310/lib/python3.10/site-packages/pip/_vendor/pygments/lexer.py
f	644	1000	1000	3204	64	35964247	1785345477.9382015560	results/experiments/toolchain-environment/20260729T171551Z-toolchain-formal01/boots/repetition-02/lower/python310/lib/python3.10/site-packages/setuptools/_vendor/packaging-24.2.dist-info/METADATA
f	644	1000	1000	3204	64	35967543	1785345512.3285768520	results/experiments/toolchain-environment/20260729T171551Z-toolchain-formal01/boots/repetition-02/lower/python310/lib/python3.10/site-packages/pip/_vendor/urllib3/util/__pycache__/wait.cpython-310.pyc
f	644	1000	1000	3206	64	35965525	1785345491.8556135190	results/experiments/toolchain-environment/20260729T171551Z-toolchain-formal01/boots/repetition-02/lower/python310/lib/python3.10/site-packages/pip/_internal/utils/direct_url_helpers.py
f	644	1000	1000	3206	64	35967921	1785345517.8798223300	results/experiments/toolchain-environment/20260729T171551Z-toolchain-formal01/boots/repetition-02/lower/python312/lib/python3.12/site-packages/pip/_internal/utils/direct_url_helpers.py
f	644	1000	1000	321	64	35965817	1785345493.2093284710	results/experiments/toolchain-environment/20260729T171551Z-toolchain-formal01/boots/repetition-02/lower/python310/lib/python3.10/site-packages/pip/_vendor/idna/compat.py
f	644	1000	1000	321	64	35967505	1785345511.7351457930	results/experiments/toolchain-environment/20260729T171551Z-toolchain-formal01/boots/repetition-02/lower/python310/lib/python3.10/site-packages/pip/_vendor/urllib3/packages/backports/__pycache__/__init__.cpython-310.pyc
f	644	1000	1000	321	64	35968191	1785345518.8830048130	results/experiments/toolchain-environment/20260729T171551Z-toolchain-formal01/boots/repetition-02/lower/python312/lib/python3.12/site-packages/pip/_vendor/idna/compat.py
f	644	1000	1000	3211	64	35963321	1785345474.6700441980	results/experiments/toolchain-environment/20260729T171551Z-toolchain-formal01/boots/repetition-02/lower/python310/lib/python3.10/site-packages/setuptools/_distutils/_modified.py
f	644	1000	1000	3219	64	35964717	1785345483.2084547240	results/experiments/toolchain-environment/20260729T171551Z-toolchain-formal01/boots/repetition-02/lower/python310/lib/python3.10/site-packages/setuptools/_vendor/importlib_metadata/__pycache__/_text.cpython-310.pyc
f	644	1000	1000	322	64	35966987	1785345504.2543240890	results/experiments/toolchain-environment/20260729T171551Z-toolchain-formal01/boots/repetition-02/lower/python310/lib/python3.10/site-packages/pip/_vendor/idna/__pycache__/package_data.cpython-310.pyc
f	644	1000	1000	322	64	35968997	1785345524.9896919560	results/experiments/toolchain-environment/20260729T171551Z-toolchain-formal01/boots/repetition-02/lower/python312/lib/python3.12/site-packages/pip/_internal/resolution/resolvelib/__pycache__/__init__.cpython-312.pyc
f	644	1000	1000	32228	64	35969003	1785345525.1002244890	results/experiments/toolchain-environment/20260729T171551Z-toolchain-formal01/boots/repetition-02/lower/python312/lib/python3.12/site-packages/pip/_internal/resolution/resolvelib/__pycache__/factory.cpython-312.pyc
f	644	1000	1000	3225	64	35966103	1785345494.2313367660	results/experiments/toolchain-environment/20260729T171551Z-toolchain-formal01/boots/repetition-02/lower/python310/lib/python3.10/site-packages/pip/_vendor/rich/_log_render.py
f	644	1000	1000	3225	64	35968455	1785345520.0222350150	results/experiments/toolchain-environment/20260729T171551Z-toolchain-formal01/boots/repetition-02/lower/python312/lib/python3.12/site-packages/pip/_vendor/rich/_log_render.py
f	644	1000	1000	32292	64	35967889	1785345517.7600895290	results/experiments/toolchain-environment/20260729T171551Z-toolchain-formal01/boots/repetition-02/lower/python312/lib/python3.12/site-packages/pip/_internal/resolution/resolvelib/factory.py
f	644	1000	1000	323	64	35963503	1785345475.3309697930	results/experiments/toolchain-environment/20260729T171551Z-toolchain-formal01/boots/repetition-02/lower/python310/lib/python3.10/site-packages/setuptools/_distutils/tests/test_log.py
f	644	1000	1000	323	64	35964637	1785345481.7504279550	results/experiments/toolchain-environment/20260729T171551Z-toolchain-formal01/boots/repetition-02/lower/python310/lib/python3.10/site-packages/setuptools/_distutils/tests/__pycache__/test_versionpredicate.cpython-310.pyc
f	644	1000	1000	323	64	35965115	1785345489.3823860510	results/experiments/toolchain-environment/20260729T171551Z-toolchain-formal01/boots/repetition-02/lower/python310/lib/python3.10/site-packages/setuptools/tests/__pycache__/script-with-bom.cpython-310.pyc
f	644	1000	1000	32358	64	35964741	1785345483.5914617570	results/experiments/toolchain-environment/20260729T171551Z-toolchain-formal01/boots/repetition-02/lower/python310/lib/python3.10/site-packages/setuptools/_vendor/jaraco/collections/__pycache__/__init__.cpython-310.pyc
f	644	1000	1000	3238	64	35966755	1785345500.6637413800	results/experiments/toolchain-environment/20260729T171551Z-toolchain-formal01/boots/repetition-02/lower/python310/lib/python3.10/site-packages/pip/_vendor/__pycache__/__init__.cpython-310.pyc
f	644	1000	1000	32389	64	35965307	1785345491.0085979620	results/experiments/toolchain-environment/20260729T171551Z-toolchain-formal01/boots/repetition-02/lower/python310/lib/python3.10/site-packages/pip/_internal/commands/install.py
f	644	1000	1000	3242	64	35965725	1785345492.7255869920	results/experiments/toolchain-environment/20260729T171551Z-toolchain-formal01/boots/repetition-02/lower/python310/lib/python3.10/site-packages/pip/_vendor/chardet/cli/chardetect.py
f	644	1000	1000	3242	64	35968035	1785345518.2777968490	results/experiments/toolchain-environment/20260729T171551Z-toolchain-formal01/boots/repetition-02/lower/python312/lib/python3.12/site-packages/pip/_vendor/chardet/cli/chardetect.py
f	644	1000	1000	3243	64	35967693	1785345517.0611255390	results/experiments/toolchain-environment/20260729T171551Z-toolchain-formal01/boots/repetition-02/lower/python312/lib/python3.12/site-packages/pip/_internal/commands/freeze.py
f	644	1000	1000	3248	64	35964887	1785345486.0705072760	results/experiments/toolchain-environment/20260729T171551Z-toolchain-formal01/boots/repetition-02/lower/python310/lib/python3.10/site-packages/setuptools/_vendor/wheel/cli/__pycache__/pack.cpython-310.pyc
f	644	1000	1000	325	64	35967451	1785345511.1955670020	results/experiments/toolchain-environment/20260729T171551Z-toolchain-formal01/boots/repetition-02/lower/python310/lib/python3.10/site-packages/pip/_vendor/urllib3/__pycache__/_version.cpython-310.pyc
f	644	1000	1000	325	64	35969869	1785345541.8085420590	results/experiments/toolchain-environment/20260729T171551Z-toolchain-formal01/boots/repetition-02/lower/python312/lib/python3.12/site-packages/pip/_vendor/urllib3/packages/backports/__pycache__/__init__.cpython-312.pyc
f	644	1000	1000	3252	64	35966171	1785345494.5676633330	results/experiments/toolchain-environment/20260729T171551Z-toolchain-formal01/boots/repetition-02/lower/python310/lib/python3.10/site-packages/pip/_vendor/rich/jupyter.py
f	644	1000	1000	3252	64	35968523	1785345520.4157944330	results/experiments/toolchain-environment/20260729T171551Z-toolchain-formal01/boots/repetition-02/lower/python312/lib/python3.12/site-packages/pip/_vendor/rich/jupyter.py
f	644	1000	1000	3254	64	35963477	1785345475.2284183320	results/experiments/toolchain-environment/20260729T171551Z-toolchain-formal01/boots/repetition-02/lower/python310/lib/python3.10/site-packages/setuptools/_distutils/tests/test_cmd.py
f	644	1000	1000	3255	64	35964589	1785345480.8454113390	results/experiments/toolchain-environment/20260729T171551Z-toolchain-formal01/boots/repetition-02/lower/python310/lib/python3.10/site-packages/setuptools/_distutils/tests/__pycache__/test_build_scripts.cpython-310.pyc
f	644	1000	1000	326	64	35964697	1785345482.8094473980	results/experiments/toolchain-environment/20260729T171551Z-toolchain-formal01/boots/repetition-02/lower/python310/lib/python3.10/site-packages/setuptools/_vendor/backports/tarfile/compat/__pycache__/__init__.cpython-310.pyc
f	644	1000	1000	326	64	35964905	1785345486.3385121980	results/experiments/toolchain-environment/20260729T171551Z-toolchain-formal01/boots/repetition-02/lower/python310/lib/python3.10/site-packages/setuptools/_vendor/wheel/vendored/packaging/__pycache__/__init__.cpython-310.pyc
f	644	1000	1000	3261	64	35964617	1785345481.3553962830	results/experiments/toolchain-environment/20260729T171551Z-toolchain-formal01/boots/repetition-02/lower/python310/lib/python3.10/site-packages/setuptools/_distutils/tests/__pycache__/test_install_lib.cpython-310.pyc
f	644	1000	1000	3264	64	35966135	1785345494.3916601000	results/experiments/toolchain-environment/20260729T171551Z-toolchain-formal01/boots/repetition-02/lower/python310/lib/python3.10/site-packages/pip/_vendor/rich/bar.py
f	644	1000	1000	3264	64	35968487	1785345520.2071345180	results/experiments/toolchain-environment/20260729T171551Z-toolchain-formal01/boots/repetition-02/lower/python312/lib/python3.12/site-packages/pip/_vendor/rich/bar.py
f	644	1000	1000	3266	64	35963809	1785345476.4552516900	results/experiments/toolchain-environment/20260729T171551Z-toolchain-formal01/boots/repetition-02/lower/python310/lib/python3.10/site-packages/setuptools/_vendor/wheel/vendored/packaging/_elffile.py
f	644	1000	1000	3267	64	35966763	1785345500.7832132750	results/experiments/toolchain-environment/20260729T171551Z-toolchain-formal01/boots/repetition-02/lower/python310/lib/python3.10/site-packages/pip/_vendor/cachecontrol/__pycache__/adapter.cpython-310.pyc
f	644	1000	1000	327	64	35964721	1785345483.2424553480	results/experiments/toolchain-environment/20260729T171551Z-toolchain-formal01/boots/repetition-02/lower/python310/lib/python3.10/site-packages/setuptools/_vendor/importlib_metadata/compat/__pycache__/__init__.cpython-310.pyc
f	644	1000	1000	327	64	35967477	1785345511.3406474160	results/experiments/toolchain-environment/20260729T171551Z-toolchain-formal01/boots/repetition-02/lower/python310/lib/python3.10/site-packages/pip/_vendor/urllib3/contrib/_securetransport/__pycache__/__init__.cpython-310.pyc
f	644	1000	1000	3271	64	35964059	1785345477.3456349090	results/experiments/toolchain-environment/20260729T171551Z-toolchain-formal01/boots/repetition-02/lower/python310/lib/python3.10/site-packages/setuptools/tests/config/test_pyprojecttoml_dynamic_deps.py
f	644	1000	1000	32710	64	35963387	1785345474.8944706260	results/experiments/toolchain-environment/20260729T171551Z-toolchain-formal01/boots/repetition-02/lower/python310/lib/python3.10/site-packages/setuptools/_distutils/command/build_ext.py
f	644	1000	1000	3283	64	35966797	1785345501.2971450300	results/experiments/toolchain-environment/20260729T171551Z-toolchain-formal01/boots/repetition-02/lower/python310/lib/python3.10/site-packages/pip/_vendor/chardet/__pycache__/__init__.cpython-310.pyc
f	644	1000	1000	3286	64	35964711	1785345483.1024527780	results/experiments/toolchain-environment/20260729T171551Z-toolchain-formal01/boots/repetition-02/lower/python310/lib/python3.10/site-packages/setuptools/_vendor/importlib_metadata/__pycache__/_functools.cpython-310.pyc
f	644	1000	1000	3287	64	35966671	1785345499.4632209830	results/experiments/toolchain-environment/20260729T171551Z-toolchain-formal01/boots/repetition-02/lower/python310/lib/python3.10/site-packages/pip/_internal/resolution/resolvelib/__pycache__/reporter.cpython-310.pyc
f	644	1000	1000	32872	64	35964019	1785345477.2189902960	results/experiments/toolchain-environment/20260729T171551Z-toolchain-formal01/boots/repetition-02/lower/python310/lib/python3.10/site-packages/setuptools/tests/test_sdist.py
f	644	1000	1000	329	64	35965111	1785345489.3262107730	results/experiments/toolchain-environment/20260729T171551Z-toolchain-formal01/boots/repetition-02/lower/python310/lib/python3.10/site-packages/setuptools/tests/__pycache__/mod_with_constant.cpython-310.pyc
f	644	1000	1000	3290	64	35969261	1785345528.3273033380	results/experiments/toolchain-environment/20260729T171551Z-toolchain-formal01/boots/repetition-02/lower/python312/lib/python3.12/site-packages/pip/_vendor/chardet/__pycache__/utf8prober.cpython-312.pyc
f	644	1000	1000	3296	64	35965199	1785345490.5135888710	results/experiments/toolchain-environment/20260729T171551Z-toolchain-formal01/boots/repetition-02/lower/python310/lib/python3.10/site-packages/setuptools/__pycache__/unicode_utils.cpython-310.pyc
f	644	1000	1000	3301	64	35967041	1785345505.0991537610	results/experiments/toolchain-environment/20260729T171551Z-toolchain-formal01/boots/repetition-02/lower/python310/lib/python3.10/site-packages/pip/_vendor/platformdirs/__pycache__/macos.cpython-310.pyc
f	644	1000	1000	3302	64	35966931	1785345503.3969148660	results/experiments/toolchain-environment/20260729T171551Z-toolchain-formal01/boots/repetition-02/lower/python310/lib/python3.10/site-packages/pip/_vendor/colorama/tests/__pycache__/winterm_test.cpython-310.pyc
f	644	1000	1000	3306	64	35963659	1785345475.8613198440	results/experiments/toolchain-environment/20260729T171551Z-toolchain-formal01/boots/repetition-02/lower/python310/lib/python3.10/site-packages/setuptools/_vendor/packaging/_elffile.py
f	644	1000	1000	33091	64	35968981	1785345524.8202909420	results/experiments/toolchain-environment/20260729T171551Z-toolchain-formal01/boots/repetition-02/lower/python312/lib/python3.12/site-packages/pip/_internal/req/__pycache__/req_uninstall.cpython-312.pyc
f	644	1000	1000	331	64	35969355	1785345529.5473071600	results/experiments/toolchain-environment/20260729T171551Z-toolchain-formal01/boots/repetition-02/lower/python312/lib/python3.12/site-packages/pip/_vendor/idna/__pycache__/package_data.cpython-312.pyc
f	644	1000	1000	331	64	35969841	1785345541.3665236950	results/experiments/toolchain-environment/20260729T171551Z-toolchain-formal01/boots/repetition-02/lower/python312/lib/python3.12/site-packages/pip/_vendor/urllib3/contrib/_securetransport/__pycache__/__init__.cpython-312.pyc
f	644	1000	1000	33104	64	35969491	1785345532.4066868740	results/experiments/toolchain-environment/20260729T171551Z-toolchain-formal01/boots/repetition-02/lower/python312/lib/python3.12/site-packages/pip/_vendor/pygments/__pycache__/unistring.cpython-312.pyc
f	644	1000	1000	3314	64	35964425	1785345494.9286699640	results/experiments/toolchain-environment/20260729T171551Z-toolchain-formal01/boots/repetition-02/lower/python310/lib/python3.10/site-packages/pip/_vendor/tenacity/_asyncio.py
f	644	1000	1000	3314	64	35965931	1785345493.6474934390	results/experiments/toolchain-environment/20260729T171551Z-toolchain-formal01/boots/repetition-02/lower/python310/lib/python3.10/site-packages/pip/_vendor/pygments/formatters/bbcode.py
f	644	1000	1000	3314	64	35968283	1785345519.2166273760	results/experiments/toolchain-environment/20260729T171551Z-toolchain-formal01/boots/repetition-02/lower/python312/lib/python3.12/site-packages/pip/_vendor/pygments/formatters/bbcode.py
f	644	1000	1000	33189	64	35968415	1785345519.8211274210	results/experiments/toolchain-environment/20260729T171551Z-toolchain-formal01/boots/repetition-02/lower/python312/lib/python3.12/site-packages/pip/_vendor/requests/utils.py
f	644	1000	1000	33240	64	35966065	1785345494.0926546080	results/experiments/toolchain-environment/20260729T171551Z-toolchain-formal01/boots/repetition-02/lower/python310/lib/python3.10/site-packages/pip/_vendor/requests/utils.py
f	644	1000	1000	3325	64	35965741	1785345492.7816305270	results/experiments/toolchain-environment/20260729T171551Z-toolchain-formal01/boots/repetition-02/lower/python310/lib/python3.10/site-packages/pip/_vendor/colorama/initialise.py
f	644	1000	1000	3325	64	35968127	1785345518.6450225470	results/experiments/toolchain-environment/20260729T171551Z-toolchain-formal01/boots/repetition-02/lower/python312/lib/python3.12/site-packages/pip/_vendor/colorama/initialise.py
f	644	1000	1000	33289	64	35963975	1785345477.0723420740	results/experiments/toolchain-environment/20260729T171551Z-toolchain-formal01/boots/repetition-02/lower/python310/lib/python3.10/site-packages/setuptools/tests/test_build_meta.py
f	644	1000	1000	3329	64	35965107	1785345489.2716795020	results/experiments/toolchain-environment/20260729T171551Z-toolchain-formal01/boots/repetition-02/lower/python310/lib/python3.10/site-packages/setuptools/tests/integration/__pycache__/helpers.cpython-310.pyc
f	644	1000	1000	3333	64	35966287	1785345495.0665608170	results/experiments/toolchain-environment/20260729T171551Z-toolchain-formal01/boots/repetition-02/lower/python310/lib/python3.10/site-packages/pip/_vendor/urllib3/__init__.py
f	644	1000	1000	3333	64	35968645	1785345520.9697934690	results/experiments/toolchain-environment/20260729T171551Z-toolchain-formal01/boots/repetition-02/lower/python312/lib/python3.12/site-packages/pip/_vendor/urllib3/__init__.py
f	644	1000	1000	3337	64	35969037	1785345525.5687704210	results/experiments/toolchain-environment/20260729T171551Z-toolchain-formal01/boots/repetition-02/lower/python312/lib/python3.12/site-packages/pip/_internal/utils/__pycache__/egg_link.cpython-312.pyc
f	644	1000	1000	33398	64	35968843	1785345523.0218420600	results/experiments/toolchain-environment/20260729T171551Z-toolchain-formal01/boots/repetition-02/lower/python312/lib/python3.12/site-packages/pip/_internal/__pycache__/exceptions.cpython-312.pyc
f	644	1000	1000	334	64	35969827	1785345539.9594180730	results/experiments/toolchain-environment/20260729T171551Z-toolchain-formal01/boots/repetition-02/lower/python312/lib/python3.12/site-packages/pip/_vendor/urllib3/__pycache__/_version.cpython-312.pyc
f	644	1000	1000	33427	64	35964061	1785345477.3533472320	results/experiments/toolchain-environment/20260729T171551Z-toolchain-formal01/boots/repetition-02/lower/python310/lib/python3.10/site-packages/setuptools/tests/config/test_setupcfg.py
f	644	1000	1000	3347	64	35964031	1785345477.2575891560	results/experiments/toolchain-environment/20260729T171551Z-toolchain-formal01/boots/repetition-02/lower/python310/lib/python3.10/site-packages/setuptools/tests/test_warnings.py
f	644	1000	1000	3348	64	35969425	1785345530.6341802050	results/experiments/toolchain-environment/20260729T171551Z-toolchain-formal01/boots/repetition-02/lower/python312/lib/python3.12/site-packages/pip/_vendor/pygments/__pycache__/filter.cpython-312.pyc
f	644	1000	1000	335	64	35963323	1785345474.6764535620	results/experiments/toolchain-environment/20260729T171551Z-toolchain-formal01/boots/repetition-02/lower/python310/lib/python3.10/site-packages/setuptools/_distutils/_msvccompiler.py
f	644	1000	1000	335	64	35963945	1785345476.9680346880	results/experiments/toolchain-environment/20260729T171551Z-toolchain-formal01/boots/repetition-02/lower/python310/lib/python3.10/site-packages/setuptools/tests/__init__.py
f	644	1000	1000	3350	64	35965189	1785345490.3955867030	results/experiments/toolchain-environment/20260729T171551Z-toolchain-formal01/boots/repetition-02/lower/python310/lib/python3.10/site-packages/setuptools/tests/__pycache__/test_warnings.cpython-310.pyc
f	644	1000	1000	3351	64	35967907	1785345517.8267674770	results/experiments/toolchain-environment/20260729T171551Z-toolchain-formal01/boots/repetition-02/lower/python312/lib/python3.12/site-packages/pip/_internal/utils/_jaraco_text.py
f	644	1000	1000	3356	64	35969379	1785345529.9214568070	results/experiments/toolchain-environment/20260729T171551Z-toolchain-formal01/boots/repetition-02/lower/python312/lib/python3.12/site-packages/pip/_vendor/packaging/__pycache__/_structures.cpython-312.pyc
f	644	1000	1000	3362	64	35966451	1785345496.1186918240	results/experiments/toolchain-environment/20260729T171551Z-toolchain-formal01/boots/repetition-02/lower/python310/lib/python3.10/site-packages/pip/_internal/commands/__pycache__/__init__.cpython-310.pyc
f	644	1000	1000	33630	64	35969749	1785345538.7924763360	results/experiments/toolchain-environment/20260729T171551Z-toolchain-formal01/boots/repetition-02/lower/python312/lib/python3.12/site-packages/pip/_vendor/rich/__pycache__/style.cpython-312.pyc
f	644	1000	1000	337	64	35966507	1785345496.9552504690	results/experiments/toolchain-environment/20260729T171551Z-toolchain-formal01/boots/repetition-02/lower/python310/lib/python3.10/site-packages/pip/_internal/index/__pycache__/__init__.cpython-310.pyc
f	644	1000	1000	3370	64	35966227	1785345494.8536685860	results/experiments/toolchain-environment/20260729T171551Z-toolchain-formal01/boots/repetition-02/lower/python310/lib/python3.10/site-packages/pip/_vendor/rich/terminal_theme.py
f	644	1000	1000	3370	64	35968579	1785345520.7233555410	results/experiments/toolchain-environment/20260729T171551Z-toolchain-formal01/boots/repetition-02/lower/python312/lib/python3.12/site-packages/pip/_vendor/rich/terminal_theme.py
f	644	1000	1000	3372	64	35967535	1785345512.1924230240	results/experiments/toolchain-environment/20260729T171551Z-toolchain-formal01/boots/repetition-02/lower/python310/lib/python3.10/site-packages/pip/_vendor/urllib3/util/__pycache__/ssl_match_hostname.cpython-310.pyc
f	644	1000	1000	3374	64	35965815	1785345493.2025074830	results/experiments/toolchain-environment/20260729T171551Z-toolchain-formal01/boots/repetition-02/lower/python310/lib/python3.10/site-packages/pip/_vendor/idna/codec.py
f	644	1000	1000	3374	64	35968189	1785345518.8754809820	results/experiments/toolchain-environment/20260729T171551Z-toolchain-formal01/boots/repetition-02/lower/python312/lib/python3.12/site-packages/pip/_vendor/idna/codec.py
f	644	1000	1000	3378	64	35964653	1785345482.0823004580	results/experiments/toolchain-environment/20260729T171551Z-toolchain-formal01/boots/repetition-02/lower/python310/lib/python3.10/site-packages/setuptools/__pycache__/_entry_points.cpython-310.pyc
f	644	1000	1000	3378	64	35967307	1785345509.2793400960	results/experiments/toolchain-environment/20260729T171551Z-toolchain-formal01/boots/repetition-02/lower/python310/lib/python3.10/site-packages/pip/_vendor/rich/__pycache__/emoji.cpython-310.pyc
f	644	1000	1000	33798	64	35963565	1785345475.5313137870	results/experiments/toolchain-environment/20260729T171551Z-toolchain-formal01/boots/repetition-02/lower/python310/lib/python3.10/site-packages/setuptools/_vendor/importlib_metadata/__init__.py
f	644	1000	1000	3396	64	35966189	1785345494.6486648210	results/experiments/toolchain-environment/20260729T171551Z-toolchain-formal01/boots/repetition-02/lower/python310/lib/python3.10/site-packages/pip/_vendor/rich/palette.py
f	644	1000	1000	3396	64	35968541	1785345520.5033434800	results/experiments/toolchain-environment/20260729T171551Z-toolchain-formal01/boots/repetition-02/lower/python312/lib/python3.12/site-packages/pip/_vendor/rich/palette.py
f	644	1000	1000	33973	64	35968963	1785345524.5816276030	results/experiments/toolchain-environment/20260729T171551Z-toolchain-formal01/boots/repetition-02/lower/python312/lib/python3.12/site-packages/pip/_internal/operations/install/__pycache__/wheel.cpython-312.pyc
f	644	1000	1000	3398	64	35966733	1785345500.3850821510	results/experiments/toolchain-environment/20260729T171551Z-toolchain-formal01/boots/repetition-02/lower/python310/lib/python3.10/site-packages/pip/_internal/utils/__pycache__/virtualenv.cpython-310.pyc
f	644	1000	1000	340	64	35965247	1785345490.7435930950	results/experiments/toolchain-environment/20260729T171551Z-toolchain-formal01/boots/repetition-02/lower/python310/lib/python3.10/site-packages/pip/_internal/main.py
f	644	1000	1000	340	64	35967751	1785345517.2638562780	results/experiments/toolchain-environment/20260729T171551Z-toolchain-formal01/boots/repetition-02/lower/python312/lib/python3.12/site-packages/pip/_internal/main.py
f	644	1000	1000	3404	64	35964973	1785345487.5726593440	results/experiments/toolchain-environment/20260729T171551Z-toolchain-formal01/boots/repetition-02/lower/python310/lib/python3.10/site-packages/setuptools/command/__pycache__/dist_info.cpython-310.pyc
f	644	1000	1000	34084	64	35969881	1785345542.0555363720	results/experiments/toolchain-environment/20260729T171551Z-toolchain-formal01/boots/repetition-02/lower/python312/lib/python3.12/site-packages/pip/_vendor/urllib3/__pycache__/response.cpython-312.pyc
f	644	1000	1000	3411	64	35969931	1785345542.7526572510	results/experiments/toolchain-environment/20260729T171551Z-toolchain-formal01/boots/repetition-02/lower/python312/lib/python3.12/site-packages/pip/_vendor/webencodings/__pycache__/x_user_defined.cpython-312.pyc
f	644	1000	1000	3419	64	35965987	1785345493.8036492990	results/experiments/toolchain-environment/20260729T171551Z-toolchain-formal01/boots/repetition-02/lower/python310/lib/python3.10/site-packages/pip/_vendor/pygments/styles/__init__.py
f	644	1000	1000	34226	64	35969513	1785345533.2614101440	results/experiments/toolchain-environment/20260729T171551Z-toolchain-formal01/boots/repetition-02/lower/python312/lib/python3.12/site-packages/pip/_vendor/pyparsing/__pycache__/results.cpython-312.pyc
f	644	1000	1000	34232	64	35969063	1785345525.8122375820	results/experiments/toolchain-environment/20260729T171551Z-toolchain-formal01/boots/repetition-02/lower/python312/lib/python3.12/site-packages/pip/_internal/utils/__pycache__/misc.cpython-312.pyc
f	644	1000	1000	3433	64	35964007	1785345477.1834634640	results/experiments/toolchain-environment/20260729T171551Z-toolchain-formal01/boots/repetition-02/lower/python310/lib/python3.10/site-packages/setuptools/tests/test_install_scripts.py
f	644	1000	1000	3441	64	35966485	1785345496.6186331020	results/experiments/toolchain-environment/20260729T171551Z-toolchain-formal01/boots/repetition-02/lower/python310/lib/python3.10/site-packages/pip/_internal/commands/__pycache__/uninstall.cpython-310.pyc
f	644	1000	1000	3442	64	35969137	1785345526.7571467170	results/experiments/toolchain-environment/20260729T171551Z-toolchain-formal01/boots/repetition-02/lower/python312/lib/python3.12/site-packages/pip/_vendor/certifi/__pycache__/core.cpython-312.pyc
f	644	1000	1000	34448	64	35966321	1785345495.2276754570	results/experiments/toolchain-environment/20260729T171551Z-toolchain-formal01/boots/repetition-02/lower/python310/lib/python3.10/site-packages/pip/_vendor/urllib3/contrib/securetransport.py
f	644	1000	1000	34448	64	35968675	1785345521.1001509370	results/experiments/toolchain-environment/20260729T171551Z-toolchain-formal01/boots/repetition-02/lower/python312/lib/python3.12/site-packages/pip/_vendor/urllib3/contrib/securetransport.py
f	644	1000	1000	3447	64	35968879	1785345523.4540083120	results/experiments/toolchain-environment/20260729T171551Z-toolchain-formal01/boots/repetition-02/lower/python312/lib/python3.12/site-packages/pip/_internal/metadata/importlib/__pycache__/_compat.cpython-312.pyc
f	644	1000	1000	3448	64	35964907	1785345486.3865130800	results/experiments/toolchain-environment/20260729T171551Z-toolchain-formal01/boots/repetition-02/lower/python310/lib/python3.10/site-packages/setuptools/_vendor/wheel/vendored/packaging/__pycache__/_elffile.cpython-310.pyc
f	644	1000	1000	345	64	35964381	1785345478.6603712250	results/experiments/toolchain-environment/20260729T171551Z-toolchain-formal01/boots/repetition-02/lower/python310/lib/python3.10/site-packages/setuptools/_distutils/__pycache__/_log.cpython-310.pyc
f	644	1000	1000	3450	64	35963869	1785345476.7006467810	results/experiments/toolchain-environment/20260729T171551Z-toolchain-formal01/boots/repetition-02/lower/python310/lib/python3.10/site-packages/setuptools/command/dist_info.py
f	644	1000	1000	34544	64	35968211	1785345518.9663829400	results/experiments/toolchain-environment/20260729T171551Z-toolchain-formal01/boots/repetition-02/lower/python312/lib/python3.12/site-packages/pip/_vendor/msgpack/fallback.py
f	644	1000	1000	34549	64	35965585	1785345492.1276508460	results/experiments/toolchain-environment/20260729T171551Z-toolchain-formal01/boots/repetition-02/lower/python310/lib/python3.10/site-packages/pip/_vendor/six.py
f	644	1000	1000	34549	64	35968591	1785345520.7782233930	results/experiments/toolchain-environment/20260729T171551Z-toolchain-formal01/boots/repetition-02/lower/python312/lib/python3.12/site-packages/pip/_vendor/six.py
f	644	1000	1000	34557	64	35965837	1785345493.2856397840	results/experiments/toolchain-environment/20260729T171551Z-toolchain-formal01/boots/repetition-02/lower/python310/lib/python3.10/site-packages/pip/_vendor/msgpack/fallback.py
f	644	1000	1000	3456	64	35965563	1785345492.0306167330	results/experiments/toolchain-environment/20260729T171551Z-toolchain-formal01/boots/repetition-02/lower/python310/lib/python3.10/site-packages/pip/_internal/utils/virtualenv.py
f	644	1000	1000	3456	64	35966623	1785345498.6397381370	results/experiments/toolchain-environment/20260729T171551Z-toolchain-formal01/boots/repetition-02/lower/python310/lib/python3.10/site-packages/pip/_internal/operations/install/__pycache__/legacy.cpython-310.pyc
f	644	1000	1000	3456	64	35967955	1785345518.0101184950	results/experiments/toolchain-environment/20260729T171551Z-toolchain-formal01/boots/repetition-02/lower/python312/lib/python3.12/site-packages/pip/_internal/utils/virtualenv.py
f	644	1000	1000	346	64	35968847	1785345523.0489807410	results/experiments/toolchain-environment/20260729T171551Z-toolchain-formal01/boots/repetition-02/lower/python312/lib/python3.12/site-packages/pip/_internal/index/__pycache__/__init__.cpython-312.pyc
f	644	1000	1000	3460	64	35963513	1785345475.3715519230	results/experiments/toolchain-environment/20260729T171551Z-toolchain-formal01/boots/repetition-02/lower/python310/lib/python3.10/site-packages/setuptools/_distutils/tests/test_text_file.py
f	644	1000	1000	34618	64	35968307	1785345519.3436922780	results/experiments/toolchain-environment/20260729T171551Z-toolchain-formal01/boots/repetition-02/lower/python312/lib/python3.12/site-packages/pip/_vendor/pygments/lexer.py
f	644	1000	1000	3464	64	35969757	1785345538.9164786180	results/experiments/toolchain-environment/20260729T171551Z-toolchain-formal01/boots/repetition-02/lower/python312/lib/python3.12/site-packages/pip/_vendor/rich/__pycache__/terminal_theme.cpython-312.pyc
f	644	1000	1000	34665	64	35966337	1785345495.2866765410	results/experiments/toolchain-environment/20260729T171551Z-toolchain-formal01/boots/repetition-02/lower/python310/lib/python3.10/site-packages/pip/_vendor/urllib3/packages/six.py
f	644	1000	1000	34665	64	35968697	1785345521.2011989610	results/experiments/toolchain-environment/20260729T171551Z-toolchain-formal01/boots/repetition-02/lower/python312/lib/python3.12/site-packages/pip/_vendor/urllib3/packages/six.py
f	644	1000	1000	3476	64	35964911	1785345486.4914880450	results/experiments/toolchain-environment/20260729T171551Z-toolchain-formal01/boots/repetition-02/lower/python310/lib/python3.10/site-packages/setuptools/_vendor/wheel/vendored/packaging/__pycache__/_musllinux.cpython-310.pyc
f	644	1000	1000	34762	64	35963673	1785345475.9226130860	results/experiments/toolchain-environment/20260729T171551Z-toolchain-formal01/boots/repetition-02/lower/python310/lib/python3.10/site-packages/setuptools/_vendor/packaging/metadata.py
f	644	1000	1000	34764	64	35965063	1785345488.7555565840	results/experiments/toolchain-environment/20260729T171551Z-toolchain-formal01/boots/repetition-02/lower/python310/lib/python3.10/site-packages/setuptools/__pycache__/package_index.cpython-310.pyc
f	644	1000	1000	3480	64	35963947	1785345476.9753356970	results/experiments/toolchain-environment/20260729T171551Z-toolchain-formal01/boots/repetition-02/lower/python310/lib/python3.10/site-packages/setuptools/tests/contexts.py
f	644	1000	1000	3482	64	35967121	1785345506.3258328170	results/experiments/toolchain-environment/20260729T171551Z-toolchain-formal01/boots/repetition-02/lower/python310/lib/python3.10/site-packages/pip/_vendor/pygments/styles/__pycache__/__init__.cpython-310.pyc
f	644	1000	1000	3482	64	35967527	1785345512.0666697400	results/experiments/toolchain-environment/20260729T171551Z-toolchain-formal01/boots/repetition-02/lower/python310/lib/python3.10/site-packages/pip/_vendor/urllib3/util/__pycache__/request.cpython-310.pyc
f	644	1000	1000	349	64	35963337	1785345474.7228490210	results/experiments/toolchain-environment/20260729T171551Z-toolchain-formal01/boots/repetition-02/lower/python310/lib/python3.10/site-packages/setuptools/_distutils/dep_util.py
f	644	1000	1000	349	64	35964345	1785345478.2902441110	results/experiments/toolchain-environment/20260729T171551Z-toolchain-formal01/boots/repetition-02/lower/python310/lib/python3.10/site-packages/_distutils_hack/__pycache__/override.cpython-310.pyc
f	644	1000	1000	3493	64	35964715	1785345483.1774011090	results/experiments/toolchain-environment/20260729T171551Z-toolchain-formal01/boots/repetition-02/lower/python310/lib/python3.10/site-packages/setuptools/_vendor/importlib_metadata/__pycache__/_meta.cpython-310.pyc
f	644	1000	1000	34995	64	35966223	1785345494.8316681820	results/experiments/toolchain-environment/20260729T171551Z-toolchain-formal01/boots/repetition-02/lower/python310/lib/python3.10/site-packages/pip/_vendor/rich/syntax.py
f	644	1000	1000	351	64	35966117	1785345494.2886582080	results/experiments/toolchain-environment/20260729T171551Z-toolchain-formal01/boots/repetition-02/lower/python310/lib/python3.10/site-packages/pip/_vendor/rich/_stack.py
f	644	1000	1000	351	64	35968469	1785345520.0995051570	results/experiments/toolchain-environment/20260729T171551Z-toolchain-formal01/boots/repetition-02/lower/python312/lib/python3.12/site-packages/pip/_vendor/rich/_stack.py
f	644	1000	1000	3510	64	35966357	1785345495.3746781570	results/experiments/toolchain-environment/20260729T171551Z-toolchain-formal01/boots/repetition-02/lower/python310/lib/python3.10/site-packages/pip/_vendor/urllib3/util/response.py
f	644	1000	1000	3510	64	35968717	1785345521.2996236570	results/experiments/toolchain-environment/20260729T171551Z-toolchain-formal01/boots/repetition-02/lower/python312/lib/python3.12/site-packages/pip/_vendor/urllib3/util/response.py
f	644	1000	1000	3512	64	35969475	1785345532.0383520900	results/experiments/toolchain-environment/20260729T171551Z-toolchain-formal01/boots/repetition-02/lower/python312/lib/python3.12/site-packages/pip/_vendor/pygments/__pycache__/plugin.cpython-312.pyc
f	644	1000	1000	3513	64	35967335	1785345509.5979927120	results/experiments/toolchain-environment/20260729T171551Z-toolchain-formal01/boots/repetition-02/lower/python310/lib/python3.10/site-packages/pip/_vendor/rich/__pycache__/live_render.cpython-310.pyc
f	644	1000	1000	3516	64	35964777	1785345484.3224751790	results/experiments/toolchain-environment/20260729T171551Z-toolchain-formal01/boots/repetition-02/lower/python310/lib/python3.10/site-packages/setuptools/_vendor/packaging/__pycache__/_elffile.cpython-310.pyc
f	644	1000	1000	35173	64	35968575	1785345520.7001435820	results/experiments/toolchain-environment/20260729T171551Z-toolchain-formal01/boots/repetition-02/lower/python312/lib/python3.12/site-packages/pip/_vendor/rich/syntax.py
f	644	1000	1000	3519	64	35965571	1785345492.0656695250	results/experiments/toolchain-environment/20260729T171551Z-toolchain-formal01/boots/repetition-02/lower/python310/lib/python3.10/site-packages/pip/_internal/vcs/bazaar.py
f	644	1000	1000	3519	64	35967963	1785345518.0338810530	results/experiments/toolchain-environment/20260729T171551Z-toolchain-formal01/boots/repetition-02/lower/python312/lib/python3.12/site-packages/pip/_internal/vcs/bazaar.py
f	644	1000	1000	3520	64	35965093	1785345489.1035629750	results/experiments/toolchain-environment/20260729T171551Z-toolchain-formal01/boots/repetition-02/lower/python310/lib/python3.10/site-packages/setuptools/tests/config/__pycache__/test_pyprojecttoml_dynamic_deps.cpython-310.pyc
f	644	1000	1000	3521	64	35969823	1785345539.8854964460	results/experiments/toolchain-environment/20260729T171551Z-toolchain-formal01/boots/repetition-02/lower/python312/lib/python3.12/site-packages/pip/_vendor/urllib3/__pycache__/__init__.cpython-312.pyc
f	644	1000	1000	3522	64	35963489	1785345475.2753090880	results/experiments/toolchain-environment/20260729T171551Z-toolchain-formal01/boots/repetition-02/lower/python310/lib/python3.10/site-packages/setuptools/_distutils/tests/test_file_util.py
f	644	1000	1000	3524	64	35966841	1785345501.9988792360	results/experiments/toolchain-environment/20260729T171551Z-toolchain-formal01/boots/repetition-02/lower/python310/lib/python3.10/site-packages/pip/_vendor/chardet/__pycache__/hebrewprober.cpython-310.pyc
f	644	1000	1000	35288	64	35966055	1785345494.0526538730	results/experiments/toolchain-environment/20260729T171551Z-toolchain-formal01/boots/repetition-02/lower/python310/lib/python3.10/site-packages/pip/_vendor/requests/models.py
f	644	1000	1000	35288	64	35968405	1785345519.7715253430	results/experiments/toolchain-environment/20260729T171551Z-toolchain-formal01/boots/repetition-02/lower/python312/lib/python3.12/site-packages/pip/_vendor/requests/models.py
f	644	1000	1000	3529	64	35965117	1785345489.4115968650	results/experiments/toolchain-environment/20260729T171551Z-toolchain-formal01/boots/repetition-02/lower/python310/lib/python3.10/site-packages/setuptools/tests/__pycache__/server.cpython-310.pyc
f	644	1000	1000	353	64	35965891	1785345493.4836434210	results/experiments/toolchain-environment/20260729T171551Z-toolchain-formal01/boots/repetition-02/lower/python310/lib/python3.10/site-packages/pip/_vendor/pygments/__main__.py
f	644	1000	1000	353	64	35968263	1785345519.1484692450	results/experiments/toolchain-environment/20260729T171551Z-toolchain-formal01/boots/repetition-02/lower/python312/lib/python3.12/site-packages/pip/_vendor/pygments/__main__.py
f	644	1000	1000	35441	64	35964439	1785345493.6676799100	results/experiments/toolchain-environment/20260729T171551Z-toolchain-formal01/boots/repetition-02/lower/python310/lib/python3.10/site-packages/pip/_vendor/pygments/formatters/html.py
f	644	1000	1000	35451	64	35967145	1785345506.7631858940	results/experiments/toolchain-environment/20260729T171551Z-toolchain-formal01/boots/repetition-02/lower/python310/lib/python3.10/site-packages/pip/_vendor/pyparsing/__pycache__/helpers.cpython-310.pyc
f	644	1000	1000	35460	64	35967863	1785345517.6712658410	results/experiments/toolchain-environment/20260729T171551Z-toolchain-formal01/boots/repetition-02/lower/python312/lib/python3.12/site-packages/pip/_internal/req/req_install.py
f	644	1000	1000	354682	64	35963939	1785345476.9513398530	results/experiments/toolchain-environment/20260729T171551Z-toolchain-formal01/boots/repetition-02/lower/python310/lib/python3.10/site-packages/setuptools/config/_validate_pyproject/fastjsonschema_validations.py
f	644	1000	1000	3548	64	35967521	1785345511.9752007870	results/experiments/toolchain-environment/20260729T171551Z-toolchain-formal01/boots/repetition-02/lower/python310/lib/python3.10/site-packages/pip/_vendor/urllib3/util/__pycache__/connection.cpython-310.pyc
f	644	1000	1000	355	64	35967637	1785345516.8701045210	results/experiments/toolchain-environment/20260729T171551Z-toolchain-formal01/boots/repetition-02/lower/python312/lib/python3.12/site-packages/pip/__init__.py
f	644	1000	1000	3551	64	35968597	1785345520.7960005730	results/experiments/toolchain-environment/20260729T171551Z-toolchain-formal01/boots/repetition-02/lower/python312/lib/python3.12/site-packages/pip/_vendor/tenacity/_asyncio.py
f	644	1000	1000	3552	64	35966569	1785345497.8272068780	results/experiments/toolchain-environment/20260729T171551Z-toolchain-formal01/boots/repetition-02/lower/python310/lib/python3.10/site-packages/pip/_internal/models/__pycache__/target_python.cpython-310.pyc
f	644	1000	1000	35564	64	35969561	1785345534.6554002290	results/experiments/toolchain-environment/20260729T171551Z-toolchain-formal01/boots/repetition-02/lower/python312/lib/python3.12/site-packages/pip/_vendor/requests/__pycache__/models.cpython-312.pyc
f	644	1000	1000	35610	64	35968287	1785345519.2351261840	results/experiments/toolchain-environment/20260729T171551Z-toolchain-formal01/boots/repetition-02/lower/python312/lib/python3.12/site-packages/pip/_vendor/pygments/formatters/html.py
f	644	1000	1000	35624	64	35963873	1785345476.7174951700	results/experiments/toolchain-environment/20260729T171551Z-toolchain-formal01/boots/repetition-02/lower/python310/lib/python3.10/site-packages/setuptools/command/editable_wheel.py
f	644	1000	1000	3565	64	35964781	1785345484.4004766110	results/experiments/toolchain-environment/20260729T171551Z-toolchain-formal01/boots/repetition-02/lower/python310/lib/python3.10/site-packages/setuptools/_vendor/packaging/__pycache__/_musllinux.cpython-310.pyc
f	644	1000	1000	3567	64	35964843	1785345485.4115224530	results/experiments/toolchain-environment/20260729T171551Z-toolchain-formal01/boots/repetition-02/lower/python310/lib/python3.10/site-packages/setuptools/_vendor/typeguard/__pycache__/_config.cpython-310.pyc
f	644	1000	1000	35672	64	35969853	1785345541.6185283320	results/experiments/toolchain-environment/20260729T171551Z-toolchain-formal01/boots/repetition-02/lower/python312/lib/python3.12/site-packages/pip/_vendor/urllib3/contrib/__pycache__/securetransport.cpython-312.pyc
f	644	1000	1000	357	64	35965227	1785345490.6675916990	results/experiments/toolchain-environment/20260729T171551Z-toolchain-formal01/boots/repetition-02/lower/python310/lib/python3.10/site-packages/pip/__init__.py
f	644	1000	1000	3575	64	35964329	1785345478.2150661670	results/experiments/toolchain-environment/20260729T171551Z-toolchain-formal01/boots/repetition-02/lower/python310/lib/python3.10/site-packages/setuptools/_vendor/zipp-3.19.2.dist-info/METADATA
f	644	1000	1000	35763	64	35965471	1785345491.6456096620	results/experiments/toolchain-environment/20260729T171551Z-toolchain-formal01/boots/repetition-02/lower/python310/lib/python3.10/site-packages/pip/_internal/req/req_install.py
f	644	1000	1000	3581	64	35964489	1785345479.3161246130	results/experiments/toolchain-environment/20260729T171551Z-toolchain-formal01/boots/repetition-02/lower/python310/lib/python3.10/site-packages/setuptools/_distutils/command/__pycache__/install_egg_info.cpython-310.pyc
f	644	1000	1000	3581	64	35967625	1785345516.8420191370	results/experiments/toolchain-environment/20260729T171551Z-toolchain-formal01/boots/repetition-02/lower/python312/lib/python3.12/site-packages/pip-24.0.dist-info/METADATA
f	644	1000	1000	35826	64	35968873	1785345523.3881930080	results/experiments/toolchain-environment/20260729T171551Z-toolchain-formal01/boots/repetition-02/lower/python312/lib/python3.12/site-packages/pip/_internal/metadata/__pycache__/base.cpython-312.pyc
f	644	1000	1000	35852	64	35968545	1785345520.5271404020	results/experiments/toolchain-environment/20260729T171551Z-toolchain-formal01/boots/repetition-02/lower/python312/lib/python3.12/site-packages/pip/_vendor/rich/pretty.py
f	644	1000	1000	359	64	35963315	1785345474.6493234920	results/experiments/toolchain-environment/20260729T171551Z-toolchain-formal01/boots/repetition-02/lower/python310/lib/python3.10/site-packages/setuptools/_distutils/__init__.py
f	644	1000	1000	359	64	35966575	1785345497.8895400320	results/experiments/toolchain-environment/20260729T171551Z-toolchain-formal01/boots/repetition-02/lower/python310/lib/python3.10/site-packages/pip/_internal/network/__pycache__/__init__.cpython-310.pyc
f	644	1000	1000	3591	64	35966741	1785345500.4704917850	results/experiments/toolchain-environment/20260729T171551Z-toolchain-formal01/boots/repetition-02/lower/python310/lib/python3.10/site-packages/pip/_internal/vcs/__pycache__/bazaar.cpython-310.pyc
f	644	1000	1000	35923	64	35964977	1785345487.6416762040	results/experiments/toolchain-environment/20260729T171551Z-toolchain-formal01/boots/repetition-02/lower/python310/lib/python3.10/site-packages/setuptools/command/__pycache__/editable_wheel.cpython-310.pyc
f	644	1000	1000	3600	64	35965395	1785345491.4003712260	results/experiments/toolchain-environment/20260729T171551Z-toolchain-formal01/boots/repetition-02/lower/python310/lib/python3.10/site-packages/pip/_internal/models/wheel.py
f	644	1000	1000	3600	64	35967797	1785345517.4265361070	results/experiments/toolchain-environment/20260729T171551Z-toolchain-formal01/boots/repetition-02/lower/python312/lib/python3.12/site-packages/pip/_internal/models/wheel.py
f	644	1000	1000	360165	64	35967241	1785345508.2129140410	results/experiments/toolchain-environment/20260729T171551Z-toolchain-formal01/boots/repetition-02/lower/python310/lib/python3.10/site-packages/pip/_vendor/rich/__pycache__/_emoji_codes.cpython-310.pyc
f	644	1000	1000	3604	64	35969417	1785345530.4963265020	results/experiments/toolchain-environment/20260729T171551Z-toolchain-formal01/boots/repetition-02/lower/python312/lib/python3.12/site-packages/pip/_vendor/pygments/__pycache__/__init__.cpython-312.pyc
f	644	1000	1000	3612	64	35963499	1785345475.3156539950	results/experiments/toolchain-environment/20260729T171551Z-toolchain-formal01/boots/repetition-02/lower/python310/lib/python3.10/site-packages/setuptools/_distutils/tests/test_install_lib.py
f	644	1000	1000	36191	64	35969571	1785345534.8444037060	results/experiments/toolchain-environment/20260729T171551Z-toolchain-formal01/boots/repetition-02/lower/python312/lib/python3.12/site-packages/pip/_vendor/requests/__pycache__/utils.cpython-312.pyc
f	644	1000	1000	3627	64	35965171	1785345490.1734005930	results/experiments/toolchain-environment/20260729T171551Z-toolchain-formal01/boots/repetition-02/lower/python310/lib/python3.10/site-packages/setuptools/tests/__pycache__/test_namespaces.cpython-310.pyc
f	644	1000	1000	3627	64	35966231	1785345494.8756689900	results/experiments/toolchain-environment/20260729T171551Z-toolchain-formal01/boots/repetition-02/lower/python310/lib/python3.10/site-packages/pip/_vendor/rich/theme.py
f	644	1000	1000	3627	64	35967919	1785345517.8722994620	results/experiments/toolchain-environment/20260729T171551Z-toolchain-formal01/boots/repetition-02/lower/python312/lib/python3.12/site-packages/pip/_internal/utils/deprecation.py
f	644	1000	1000	36293	64	35964229	1785345477.8753568140	results/experiments/toolchain-environment/20260729T171551Z-toolchain-formal01/boots/repetition-02/lower/python310/lib/python3.10/site-packages/setuptools/_vendor/more_itertools-10.3.0.dist-info/METADATA
f	644	1000	1000	3635	64	35964607	1785345481.1934177280	results/experiments/toolchain-environment/20260729T171551Z-toolchain-formal01/boots/repetition-02/lower/python310/lib/python3.10/site-packages/setuptools/_distutils/tests/__pycache__/test_file_util.cpython-310.pyc
f	644	1000	1000	36558	64	35969831	1785345540.0296861570	results/experiments/toolchain-environment/20260729T171551Z-toolchain-formal01/boots/repetition-02/lower/python312/lib/python3.12/site-packages/pip/_vendor/urllib3/__pycache__/connectionpool.cpython-312.pyc
f	644	1000	1000	3658	64	35964213	1785345477.8216382930	results/experiments/toolchain-environment/20260729T171551Z-toolchain-formal01/boots/repetition-02/lower/python310/lib/python3.10/site-packages/setuptools/_vendor/jaraco.text-3.12.1.dist-info/METADATA
f	644	1000	1000	3658	64	35966565	1785345497.7692033990	results/experiments/toolchain-environment/20260729T171551Z-toolchain-formal01/boots/repetition-02/lower/python310/lib/python3.10/site-packages/pip/_internal/models/__pycache__/search_scope.cpython-310.pyc
f	644	1000	1000	366	64	35963905	1785345476.8253375400	results/experiments/toolchain-environment/20260729T171551Z-toolchain-formal01/boots/repetition-02/lower/python310/lib/python3.10/site-packages/setuptools/compat/py312.py
f	644	1000	1000	36625	64	35965059	1785345488.7035556290	results/experiments/toolchain-environment/20260729T171551Z-toolchain-formal01/boots/repetition-02/lower/python310/lib/python3.10/site-packages/setuptools/__pycache__/msvc.cpython-310.pyc
f	644	1000	1000	3665	64	35969273	1785345528.4734040240	results/experiments/toolchain-environment/20260729T171551Z-toolchain-formal01/boots/repetition-02/lower/python312/lib/python3.12/site-packages/pip/_vendor/colorama/__pycache__/initialise.cpython-312.pyc
f	644	1000	1000	3667	64	35966177	1785345494.5946638290	results/experiments/toolchain-environment/20260729T171551Z-toolchain-formal01/boots/repetition-02/lower/python310/lib/python3.10/site-packages/pip/_vendor/rich/live_render.py
f	644	1000	1000	3667	64	35968529	1785345520.4456099640	results/experiments/toolchain-environment/20260729T171551Z-toolchain-formal01/boots/repetition-02/lower/python312/lib/python3.12/site-packages/pip/_vendor/rich/live_render.py
f	644	1000	1000	3669	64	35967113	1785345506.2018572410	results/experiments/toolchain-environment/20260729T171551Z-toolchain-formal01/boots/repetition-02/lower/python310/lib/python3.10/site-packages/pip/_vendor/pygments/__pycache__/scanner.cpython-310.pyc
f	644	1000	1000	367	64	35964537	1785345479.9955675430	results/experiments/toolchain-environment/20260729T171551Z-toolchain-formal01/boots/repetition-02/lower/python310/lib/python3.10/site-packages/setuptools/_distutils/__pycache__/debug.cpython-310.pyc
f	644	1000	1000	3670	64	35963487	1785345475.2676175250	results/experiments/toolchain-environment/20260729T171551Z-toolchain-formal01/boots/repetition-02/lower/python310/lib/python3.10/site-packages/setuptools/_distutils/tests/test_extension.py
f	644	1000	1000	3674	64	35969035	1785345525.5392325620	results/experiments/toolchain-environment/20260729T171551Z-toolchain-formal01/boots/repetition-02/lower/python312/lib/python3.12/site-packages/pip/_internal/utils/__pycache__/direct_url_helpers.cpython-312.pyc
f	644	1000	1000	3678	64	35968251	1785345519.1094879550	results/experiments/toolchain-environment/20260729T171551Z-toolchain-formal01/boots/repetition-02/lower/python312/lib/python3.12/site-packages/pip/_vendor/platformdirs/macos.py
f	644	1000	1000	368	64	35968915	1785345523.9102005780	results/experiments/toolchain-environment/20260729T171551Z-toolchain-formal01/boots/repetition-02/lower/python312/lib/python3.12/site-packages/pip/_internal/network/__pycache__/__init__.cpython-312.pyc
f	644	1000	1000	3686	64	35967021	1785345504.8238667200	results/experiments/toolchain-environment/20260729T171551Z-toolchain-formal01/boots/repetition-02/lower/python310/lib/python3.10/site-packages/pip/_vendor/packaging/__pycache__/utils.cpython-310.pyc
f	644	1000	1000	3689	64	35969633	1785345536.5964359360	results/experiments/toolchain-environment/20260729T171551Z-toolchain-formal01/boots/repetition-02/lower/python312/lib/python3.12/site-packages/pip/_vendor/rich/__pycache__/_windows_renderer.cpython-312.pyc
f	644	1000	1000	36913	64	35965663	1785345492.4716248330	results/experiments/toolchain-environment/20260729T171551Z-toolchain-formal01/boots/repetition-02/lower/python310/lib/python3.10/site-packages/pip/_vendor/chardet/euctwfreq.py
f	644	1000	1000	36913	64	35968055	1785345518.3548878030	results/experiments/toolchain-environment/20260729T171551Z-toolchain-formal01/boots/repetition-02/lower/python312/lib/python3.12/site-packages/pip/_vendor/chardet/euctwfreq.py
f	644	1000	1000	3693	64	35969681	1785345537.6584554730	results/experiments/toolchain-environment/20260729T171551Z-toolchain-formal01/boots/repetition-02/lower/python312/lib/python3.12/site-packages/pip/_vendor/rich/__pycache__/file_proxy.cpython-312.pyc
f	644	1000	1000	3700	64	35968331	1785345519.4601746730	results/experiments/toolchain-environment/20260729T171551Z-toolchain-formal01/boots/repetition-02/lower/python312/lib/python3.12/site-packages/pip/_vendor/pygments/styles/__init__.py
f	644	1000	1000	37075	64	35965153	1785345489.9465784570	results/experiments/toolchain-environment/20260729T171551Z-toolchain-formal01/boots/repetition-02/lower/python310/lib/python3.10/site-packages/setuptools/tests/__pycache__/test_editable_install.cpython-310.pyc
f	644	1000	1000	3709	64	35965761	1785345492.8866324550	results/experiments/toolchain-environment/20260729T171551Z-toolchain-formal01/boots/repetition-02/lower/python310/lib/python3.10/site-packages/pip/_vendor/colorama/tests/winterm_test.py
f	644	1000	1000	3709	64	35968143	1785345518.7087863680	results/experiments/toolchain-environment/20260729T171551Z-toolchain-formal01/boots/repetition-02/lower/python312/lib/python3.12/site-packages/pip/_vendor/colorama/tests/winterm_test.py
f	644	1000	1000	371	64	35966549	1785345497.5171500860	results/experiments/toolchain-environment/20260729T171551Z-toolchain-formal01/boots/repetition-02/lower/python310/lib/python3.10/site-packages/pip/_internal/models/__pycache__/__init__.cpython-310.pyc
f	644	1000	1000	371	64	35966619	1785345498.5477586920	results/experiments/toolchain-environment/20260729T171551Z-toolchain-formal01/boots/repetition-02/lower/python310/lib/python3.10/site-packages/pip/_internal/operations/install/__pycache__/__init__.cpython-310.pyc
f	644	1000	1000	3714	64	35967255	1785345508.4416744900	results/experiments/toolchain-environment/20260729T171551Z-toolchain-formal01/boots/repetition-02/lower/python310/lib/python3.10/site-packages/pip/_vendor/rich/__pycache__/_null_file.cpython-310.pyc
f	644	1000	1000	3715	64	35965699	1785345492.6335132020	results/experiments/toolchain-environment/20260729T171551Z-toolchain-formal01/boots/repetition-02/lower/python310/lib/python3.10/site-packages/pip/_vendor/chardet/mbcharsetprober.py
f	644	1000	1000	3715	64	35968091	1785345518.5164324740	results/experiments/toolchain-environment/20260729T171551Z-toolchain-formal01/boots/repetition-02/lower/python312/lib/python3.12/site-packages/pip/_vendor/chardet/mbcharsetprober.py
f	644	1000	1000	3717	64	35963289	1785345474.5792436170	results/experiments/toolchain-environment/20260729T171551Z-toolchain-formal01/boots/repetition-02/lower/python310/lib/python3.10/site-packages/setuptools/monkey.py
f	644	1000	1000	3717	64	35964285	1785345478.0673603390	results/experiments/toolchain-environment/20260729T171551Z-toolchain-formal01/boots/repetition-02/lower/python310/lib/python3.10/site-packages/setuptools/_vendor/typeguard-4.3.0.dist-info/METADATA
f	644	1000	1000	3730	64	35964029	1785345477.2510633040	results/experiments/toolchain-environment/20260729T171551Z-toolchain-formal01/boots/repetition-02/lower/python310/lib/python3.10/site-packages/setuptools/tests/test_virtualenv.py
f	644	1000	1000	3730	64	35966629	1785345498.7997925970	results/experiments/toolchain-environment/20260729T171551Z-toolchain-formal01/boots/repetition-02/lower/python310/lib/python3.10/site-packages/pip/_internal/__pycache__/pyproject.cpython-310.pyc
f	644	1000	1000	3732	64	35965645	1785345492.3926233820	results/experiments/toolchain-environment/20260729T171551Z-toolchain-formal01/boots/repetition-02/lower/python310/lib/python3.10/site-packages/pip/_vendor/chardet/codingstatemachine.py
f	644	1000	1000	3732	64	35968037	1785345518.2854065210	results/experiments/toolchain-environment/20260729T171551Z-toolchain-formal01/boots/repetition-02/lower/python312/lib/python3.12/site-packages/pip/_vendor/chardet/codingstatemachine.py
f	644	1000	1000	37324	64	35965041	1785345488.4845516070	results/experiments/toolchain-environment/20260729T171551Z-toolchain-formal01/boots/repetition-02/lower/python310/lib/python3.10/site-packages/setuptools/__pycache__/dist.cpython-310.pyc
f	644	1000	1000	3734	64	35967485	1785345511.4793862130	results/experiments/toolchain-environment/20260729T171551Z-toolchain-formal01/boots/repetition-02/lower/python310/lib/python3.10/site-packages/pip/_vendor/urllib3/contrib/__pycache__/ntlmpool.cpython-310.pyc
f	644	1000	1000	3736	64	35969615	1785345535.9514240700	results/experiments/toolchain-environment/20260729T171551Z-toolchain-formal01/boots/repetition-02/lower/python312/lib/python3.12/site-packages/pip/_vendor/rich/__pycache__/_null_file.cpython-312.pyc
f	644	1000	1000	37414	64	35966193	1785345494.6676651700	results/experiments/toolchain-environment/20260729T171551Z-toolchain-formal01/boots/repetition-02/lower/python310/lib/python3.10/site-packages/pip/_vendor/rich/pretty.py
f	644	1000	1000	3744	64	35964627	1785345481.5564243930	results/experiments/toolchain-environment/20260729T171551Z-toolchain-formal01/boots/repetition-02/lower/python310/lib/python3.10/site-packages/setuptools/_distutils/tests/__pycache__/test_spawn.cpython-310.pyc
f	644	1000	1000	3773	64	35965057	1785345488.6725550600	results/experiments/toolchain-environment/20260729T171551Z-toolchain-formal01/boots/repetition-02/lower/python310/lib/python3.10/site-packages/setuptools/__pycache__/monkey.cpython-310.pyc
f	644	1000	1000	3777	64	35968583	1785345520.7462066580	results/experiments/toolchain-environment/20260729T171551Z-toolchain-formal01/boots/repetition-02/lower/python312/lib/python3.12/site-packages/pip/_vendor/rich/theme.py
f	644	1000	1000	378	64	35964687	1785345482.6664447730	results/experiments/toolchain-environment/20260729T171551Z-toolchain-formal01/boots/repetition-02/lower/python310/lib/python3.10/site-packages/setuptools/_vendor/backports/__pycache__/__init__.cpython-310.pyc
f	644	1000	1000	37843	64	35967737	1785345517.2173838590	results/experiments/toolchain-environment/20260729T171551Z-toolchain-formal01/boots/repetition-02/lower/python312/lib/python3.12/site-packages/pip/_internal/index/package_finder.py
f	644	1000	1000	3786	64	35964385	1785345478.7082800360	results/experiments/toolchain-environment/20260729T171551Z-toolchain-formal01/boots/repetition-02/lower/python310/lib/python3.10/site-packages/setuptools/_distutils/__pycache__/_modified.cpython-310.pyc
f	644	1000	1000	37873	64	35965337	1785345491.1326002400	results/experiments/toolchain-environment/20260729T171551Z-toolchain-formal01/boots/repetition-02/lower/python310/lib/python3.10/site-packages/pip/_internal/index/package_finder.py
f	644	1000	1000	379	64	35963581	1785345475.5923149070	results/experiments/toolchain-environment/20260729T171551Z-toolchain-formal01/boots/repetition-02/lower/python310/lib/python3.10/site-packages/setuptools/_vendor/importlib_metadata/diagnose.py
f	644	1000	1000	379	64	35964651	1785345482.0504334620	results/experiments/toolchain-environment/20260729T171551Z-toolchain-formal01/boots/repetition-02/lower/python310/lib/python3.10/site-packages/setuptools/_distutils/__pycache__/zosccompiler.cpython-310.pyc
f	644	1000	1000	3792	64	35966893	1785345502.7356511720	results/experiments/toolchain-environment/20260729T171551Z-toolchain-formal01/boots/repetition-02/lower/python310/lib/python3.10/site-packages/pip/_vendor/chardet/__pycache__/sbcharsetprober.cpython-310.pyc
f	644	1000	1000	3796	64	35963307	1785345474.6311253480	results/experiments/toolchain-environment/20260729T171551Z-toolchain-formal01/boots/repetition-02/lower/python310/lib/python3.10/site-packages/setuptools/warnings.py
f	644	1000	1000	380	64	35964871	1785345485.8226801900	results/experiments/toolchain-environment/20260729T171551Z-toolchain-formal01/boots/repetition-02/lower/python310/lib/python3.10/site-packages/setuptools/_vendor/wheel/__pycache__/__init__.cpython-310.pyc
f	644	1000	1000	380	64	35966969	1785345503.9903842970	results/experiments/toolchain-environment/20260729T171551Z-toolchain-formal01/boots/repetition-02/lower/python310/lib/python3.10/site-packages/pip/_vendor/distro/__pycache__/__main__.cpython-310.pyc
f	644	1000	1000	380	64	35968889	1785345523.5854127640	results/experiments/toolchain-environment/20260729T171551Z-toolchain-formal01/boots/repetition-02/lower/python312/lib/python3.12/site-packages/pip/_internal/models/__pycache__/__init__.cpython-312.pyc
f	644	1000	1000	380	64	35968959	1785345524.5157804740	results/experiments/toolchain-environment/20260729T171551Z-toolchain-formal01/boots/repetition-02/lower/python312/lib/python3.12/site-packages/pip/_internal/operations/install/__pycache__/__init__.cpython-312.pyc
f	644	1000	1000	3805	64	35964403	1785345478.9283743300	results/experiments/toolchain-environment/20260729T171551Z-toolchain-formal01/boots/repetition-02/lower/python310/lib/python3.10/site-packages/setuptools/_distutils/command/__pycache__/bdist_dumb.cpython-310.pyc
f	644	1000	1000	38052	64	35969429	1785345530.6765306170	results/experiments/toolchain-environment/20260729T171551Z-toolchain-formal01/boots/repetition-02/lower/python312/lib/python3.12/site-packages/pip/_vendor/pygments/filters/__pycache__/__init__.cpython-312.pyc
f	644	1000	1000	3807	64	35965165	1785345490.0985812490	results/experiments/toolchain-environment/20260729T171551Z-toolchain-formal01/boots/repetition-02/lower/python310/lib/python3.10/site-packages/setuptools/tests/__pycache__/test_install_scripts.cpython-310.pyc
f	644	1000	1000	38095	64	35966849	1785345502.1523680670	results/experiments/toolchain-environment/20260729T171551Z-toolchain-formal01/boots/repetition-02/lower/python310/lib/python3.10/site-packages/pip/_vendor/chardet/__pycache__/jpcntx.cpython-310.pyc
f	644	1000	1000	3819	64	35967347	1785345509.7715049320	results/experiments/toolchain-environment/20260729T171551Z-toolchain-formal01/boots/repetition-02/lower/python310/lib/python3.10/site-packages/pip/_vendor/rich/__pycache__/palette.cpython-310.pyc
f	644	1000	1000	3823	64	35966049	1785345494.0294619300	results/experiments/toolchain-environment/20260729T171551Z-toolchain-formal01/boots/repetition-02/lower/python310/lib/python3.10/site-packages/pip/_vendor/requests/exceptions.py
f	644	1000	1000	3823	64	35968399	1785345519.7386658760	results/experiments/toolchain-environment/20260729T171551Z-toolchain-formal01/boots/repetition-02/lower/python312/lib/python3.12/site-packages/pip/_vendor/requests/exceptions.py
f	644	1000	1000	3829	64	35963481	1785345475.2440390520	results/experiments/toolchain-environment/20260729T171551Z-toolchain-formal01/boots/repetition-02/lower/python310/lib/python3.10/site-packages/setuptools/_distutils/tests/test_core.py
f	644	1000	1000	383	64	35966417	1785345495.7616852660	results/experiments/toolchain-environment/20260729T171551Z-toolchain-formal01/boots/repetition-02/lower/python310/lib/python3.10/site-packages/pip/_internal/cli/__pycache__/__init__.cpython-310.pyc
f	644	1000	1000	38445	64	35969463	1785345531.6093441990	results/experiments/toolchain-environment/20260729T171551Z-toolchain-formal01/boots/repetition-02/lower/python312/lib/python3.12/site-packages/pip/_vendor/pygments/__pycache__/lexer.cpython-312.pyc
f	644	1000	1000	38481	64	35966947	1785345503.6408393510	results/experiments/toolchain-environment/20260729T171551Z-toolchain-formal01/boots/repetition-02/lower/python310/lib/python3.10/site-packages/pip/_vendor/distlib/__pycache__/locators.cpython-310.pyc
f	644	1000	1000	38494	64	35966983	1785345504.1940944580	results/experiments/toolchain-environment/20260729T171551Z-toolchain-formal01/boots/repetition-02/lower/python310/lib/python3.10/site-packages/pip/_vendor/idna/__pycache__/idnadata.cpython-310.pyc
f	644	1000	1000	38528	64	35968977	1785345524.7553219820	results/experiments/toolchain-environment/20260729T171551Z-toolchain-formal01/boots/repetition-02/lower/python312/lib/python3.12/site-packages/pip/_internal/req/__pycache__/req_install.cpython-312.pyc
f	644	1000	1000	3857	64	35968971	1785345524.6633174950	results/experiments/toolchain-environment/20260729T171551Z-toolchain-formal01/boots/repetition-02/lower/python312/lib/python3.12/site-packages/pip/_internal/req/__pycache__/__init__.cpython-312.pyc
f	644	1000	1000	3858	64	35965393	1785345491.3906049780	results/experiments/toolchain-environment/20260729T171551Z-toolchain-formal01/boots/repetition-02/lower/python310/lib/python3.10/site-packages/pip/_internal/models/target_python.py
f	644	1000	1000	386	64	35963373	1785345474.8403011030	results/experiments/toolchain-environment/20260729T171551Z-toolchain-formal01/boots/repetition-02/lower/python310/lib/python3.10/site-packages/setuptools/_distutils/command/__init__.py
f	644	1000	1000	386	64	35963521	1785345475.4026165150	results/experiments/toolchain-environment/20260729T171551Z-toolchain-formal01/boots/repetition-02/lower/python310/lib/python3.10/site-packages/setuptools/_distutils/tests/unix_compat.py
f	644	1000	1000	386	64	35965009	1785345488.0415434720	results/experiments/toolchain-environment/20260729T171551Z-toolchain-formal01/boots/repetition-02/lower/python310/lib/python3.10/site-packages/setuptools/compat/__pycache__/py39.cpython-310.pyc
f	644	1000	1000	38646	64	35968355	1785345519.5502818580	results/experiments/toolchain-environment/20260729T171551Z-toolchain-formal01/boots/repetition-02/lower/python312/lib/python3.12/site-packages/pip/_vendor/pyparsing/helpers.py
f	644	1000	1000	3873	64	35965061	1785345488.7294984240	results/experiments/toolchain-environment/20260729T171551Z-toolchain-formal01/boots/repetition-02/lower/python310/lib/python3.10/site-packages/setuptools/__pycache__/namespaces.cpython-310.pyc
f	644	1000	1000	38760	64	35969241	1785345528.0532787960	results/experiments/toolchain-environment/20260729T171551Z-toolchain-formal01/boots/repetition-02/lower/python312/lib/python3.12/site-packages/pip/_vendor/chardet/__pycache__/mbcssm.cpython-312.pyc
f	644	1000	1000	3878	64	35963619	1785345475.7070195210	results/experiments/toolchain-environment/20260729T171551Z-toolchain-formal01/boots/repetition-02/lower/python310/lib/python3.10/site-packages/setuptools/_vendor/jaraco/functools/__init__.pyi
f	644	1000	1000	3879	64	35966051	1785345494.0366535790	results/experiments/toolchain-environment/20260729T171551Z-toolchain-formal01/boots/repetition-02/lower/python310/lib/python3.10/site-packages/pip/_vendor/requests/help.py
f	644	1000	1000	3879	64	35968401	1785345519.7481402490	results/experiments/toolchain-environment/20260729T171551Z-toolchain-formal01/boots/repetition-02/lower/python312/lib/python3.12/site-packages/pip/_vendor/requests/help.py
f	644	1000	1000	3882	64	35965283	1785345490.8916671740	results/experiments/toolchain-environment/20260729T171551Z-toolchain-formal01/boots/repetition-02/lower/python310/lib/python3.10/site-packages/pip/_internal/commands/__init__.py
f	644	1000	1000	3882	64	35967679	1785345517.0043268780	results/experiments/toolchain-environment/20260729T171551Z-toolchain-formal01/boots/repetition-02/lower/python312/lib/python3.12/site-packages/pip/_internal/commands/__init__.py
f	644	1000	1000	3886	64	35965315	1785345491.0473669100	results/experiments/toolchain-environment/20260729T171551Z-toolchain-formal01/boots/repetition-02/lower/python310/lib/python3.10/site-packages/pip/_internal/commands/uninstall.py
f	644	1000	1000	3886	64	35967711	1785345517.1338285510	results/experiments/toolchain-environment/20260729T171551Z-toolchain-formal01/boots/repetition-02/lower/python312/lib/python3.12/site-packages/pip/_internal/commands/uninstall.py
f	644	1000	1000	3893	64	35964583	1785345480.7004086770	results/experiments/toolchain-environment/20260729T171551Z-toolchain-formal01/boots/repetition-02/lower/python310/lib/python3.10/site-packages/setuptools/_distutils/tests/__pycache__/test_build_clib.cpython-310.pyc
f	644	1000	1000	3895	64	35968863	1785345523.2718483150	results/experiments/toolchain-environment/20260729T171551Z-toolchain-formal01/boots/repetition-02/lower/python312/lib/python3.12/site-packages/pip/_internal/locations/__pycache__/base.cpython-312.pyc
f	644	1000	1000	39048	64	35964543	1785345480.0896567000	results/experiments/toolchain-environment/20260729T171551Z-toolchain-formal01/boots/repetition-02/lower/python310/lib/python3.10/site-packages/setuptools/_distutils/__pycache__/dist.cpython-310.pyc
f	644	1000	1000	39095	64	35966295	1785345495.1116733260	results/experiments/toolchain-environment/20260729T171551Z-toolchain-formal01/boots/repetition-02/lower/python310/lib/python3.10/site-packages/pip/_vendor/urllib3/connectionpool.py
f	644	1000	1000	39129	64	35966001	1785345493.8666504570	results/experiments/toolchain-environment/20260729T171551Z-toolchain-formal01/boots/repetition-02/lower/python310/lib/python3.10/site-packages/pip/_vendor/pyparsing/helpers.py
f	644	1000	1000	3915	64	35965641	1785345492.3766346160	results/experiments/toolchain-environment/20260729T171551Z-toolchain-formal01/boots/repetition-02/lower/python310/lib/python3.10/site-packages/pip/_vendor/chardet/charsetgroupprober.py
f	644	1000	1000	3915	64	35968027	1785345518.2526221620	results/experiments/toolchain-environment/20260729T171551Z-toolchain-formal01/boots/repetition-02/lower/python312/lib/python3.12/site-packages/pip/_vendor/chardet/charsetgroupprober.py
f	644	1000	1000	392	64	35964503	1785345479.5043867200	results/experiments/toolchain-environment/20260729T171551Z-toolchain-formal01/boots/repetition-02/lower/python310/lib/python3.10/site-packages/setuptools/_distutils/compat/__pycache__/numpy.cpython-310.pyc
f	644	1000	1000	392	64	35964693	1785345482.7673716390	results/experiments/toolchain-environment/20260729T171551Z-toolchain-formal01/boots/repetition-02/lower/python310/lib/python3.10/site-packages/setuptools/_vendor/backports/tarfile/__pycache__/__main__.cpython-310.pyc
f	644	1000	1000	392	64	35968767	1785345521.6546304360	results/experiments/toolchain-environment/20260729T171551Z-toolchain-formal01/boots/repetition-02/lower/python312/lib/python3.12/site-packages/pip/_internal/cli/__pycache__/__init__.cpython-312.pyc
f	644	1000	1000	3924	64	35969111	1785345526.4238224610	results/experiments/toolchain-environment/20260729T171551Z-toolchain-formal01/boots/repetition-02/lower/python312/lib/python3.12/site-packages/pip/_vendor/cachecontrol/__pycache__/cache.cpython-312.pyc
f	644	1000	1000	3932	64	35963461	1785345475.1666587480	results/experiments/toolchain-environment/20260729T171551Z-toolchain-formal01/boots/repetition-02/lower/python310/lib/python3.10/site-packages/setuptools/_distutils/tests/test_bdist_rpm.py
f	644	1000	1000	3933	64	35964169	1785345477.6742250710	results/experiments/toolchain-environment/20260729T171551Z-toolchain-formal01/boots/repetition-02/lower/python310/lib/python3.10/site-packages/setuptools/_vendor/jaraco.collections-5.1.0.dist-info/METADATA
f	644	1000	1000	3934	64	35965657	1785345492.4443920430	results/experiments/toolchain-environment/20260729T171551Z-toolchain-formal01/boots/repetition-02/lower/python310/lib/python3.10/site-packages/pip/_vendor/chardet/eucjpprober.py
f	644	1000	1000	3934	64	35968049	1785345518.3314535990	results/experiments/toolchain-environment/20260729T171551Z-toolchain-formal01/boots/repetition-02/lower/python312/lib/python3.12/site-packages/pip/_vendor/chardet/eucjpprober.py
f	644	1000	1000	3935	64	35967805	1785345517.4503175350	results/experiments/toolchain-environment/20260729T171551Z-toolchain-formal01/boots/repetition-02/lower/python312/lib/python3.12/site-packages/pip/_internal/network/cache.py
f	644	1000	1000	3940	64	35966807	1785345501.4631659850	results/experiments/toolchain-environment/20260729T171551Z-toolchain-formal01/boots/repetition-02/lower/python310/lib/python3.10/site-packages/pip/_vendor/chardet/__pycache__/charsetprober.cpython-310.pyc
f	644	1000	1000	3946	64	35965605	1785345492.2216202410	results/experiments/toolchain-environment/20260729T171551Z-toolchain-formal01/boots/repetition-02/lower/python310/lib/python3.10/site-packages/pip/_vendor/cachecontrol/filewrapper.py
f	644	1000	1000	3946	64	35969739	1785345538.6312881940	results/experiments/toolchain-environment/20260729T171551Z-toolchain-formal01/boots/repetition-02/lower/python312/lib/python3.12/site-packages/pip/_vendor/rich/__pycache__/scope.cpython-312.pyc
f	644	1000	1000	396	64	35963721	1785345476.1042303710	results/experiments/toolchain-environment/20260729T171551Z-toolchain-formal01/boots/repetition-02/lower/python310/lib/python3.10/site-packages/setuptools/_vendor/tomli/__init__.py
f	644	1000	1000	396	64	35966277	1785345495.0286718010	results/experiments/toolchain-environment/20260729T171551Z-toolchain-formal01/boots/repetition-02/lower/python310/lib/python3.10/site-packages/pip/_vendor/tomli/__init__.py
f	644	1000	1000	396	64	35968619	1785345520.8773260640	results/experiments/toolchain-environment/20260729T171551Z-toolchain-formal01/boots/repetition-02/lower/python312/lib/python3.12/site-packages/pip/_vendor/tomli/__init__.py
f	644	1000	1000	39664	64	35969217	1785345527.5874847400	results/experiments/toolchain-environment/20260729T171551Z-toolchain-formal01/boots/repetition-02/lower/python312/lib/python3.12/site-packages/pip/_vendor/chardet/__pycache__/jpcntx.cpython-312.pyc
f	644	1000	1000	39684	64	35966225	1785345494.8446684210	results/experiments/toolchain-environment/20260729T171551Z-toolchain-formal01/boots/repetition-02/lower/python310/lib/python3.10/site-packages/pip/_vendor/rich/table.py
f	644	1000	1000	39684	64	35968577	1785345520.7114222680	results/experiments/toolchain-environment/20260729T171551Z-toolchain-formal01/boots/repetition-02/lower/python312/lib/python3.12/site-packages/pip/_vendor/rich/table.py
f	644	1000	1000	39693	64	35968165	1785345518.7905831670	results/experiments/toolchain-environment/20260729T171551Z-toolchain-formal01/boots/repetition-02/lower/python312/lib/python3.12/site-packages/pip/_vendor/distlib/metadata.py
f	644	1000	1000	39728	64	35969753	1785345538.8524906320	results/experiments/toolchain-environment/20260729T171551Z-toolchain-formal01/boots/repetition-02/lower/python312/lib/python3.12/site-packages/pip/_vendor/rich/__pycache__/syntax.cpython-312.pyc
f	644	1000	1000	39778	64	35963825	1785345476.5406066040	results/experiments/toolchain-environment/20260729T171551Z-toolchain-formal01/boots/repetition-02/lower/python310/lib/python3.10/site-packages/setuptools/_vendor/wheel/vendored/packaging/specifiers.py
f	644	1000	1000	39801	64	35965779	1785345492.9886343290	results/experiments/toolchain-environment/20260729T171551Z-toolchain-formal01/boots/repetition-02/lower/python310/lib/python3.10/site-packages/pip/_vendor/distlib/metadata.py
f	644	1000	1000	3993	64	35969159	1785345527.0574447640	results/experiments/toolchain-environment/20260729T171551Z-toolchain-formal01/boots/repetition-02/lower/python312/lib/python3.12/site-packages/pip/_vendor/chardet/__pycache__/codingstatemachine.cpython-312.pyc
f	644	1000	1000	3997	64	35964889	1785345486.1031818250	results/experiments/toolchain-environment/20260729T171551Z-toolchain-formal01/boots/repetition-02/lower/python310/lib/python3.10/site-packages/setuptools/_vendor/wheel/cli/__pycache__/tags.cpython-310.pyc
f	644	1000	1000	3997	64	35966355	1785345495.3626779370	results/experiments/toolchain-environment/20260729T171551Z-toolchain-formal01/boots/repetition-02/lower/python310/lib/python3.10/site-packages/pip/_vendor/urllib3/util/request.py
f	644	1000	1000	3997	64	35968715	1785345521.2884875160	results/experiments/toolchain-environment/20260729T171551Z-toolchain-formal01/boots/repetition-02/lower/python312/lib/python3.12/site-packages/pip/_vendor/urllib3/util/request.py
f	644	1000	1000	4	64	35964105	1785345477.4600954410	results/experiments/toolchain-environment/20260729T171551Z-toolchain-formal01/boots/repetition-02/lower/python310/lib/python3.10/site-packages/setuptools/_vendor/autocommand-2.2.2.dist-info/INSTALLER
f	644	1000	1000	4	64	35964119	1785345477.5059270500	results/experiments/toolchain-environment/20260729T171551Z-toolchain-formal01/boots/repetition-02/lower/python310/lib/python3.10/site-packages/setuptools/_vendor/backports.tarfile-1.2.0.dist-info/INSTALLER
f	644	1000	1000	4	64	35964135	1785345477.5593510140	results/experiments/toolchain-environment/20260729T171551Z-toolchain-formal01/boots/repetition-02/lower/python310/lib/python3.10/site-packages/setuptools/_vendor/importlib_metadata-8.0.0.dist-info/INSTALLER
f	644	1000	1000	4	64	35964151	1785345477.6136118120	results/experiments/toolchain-environment/20260729T171551Z-toolchain-formal01/boots/repetition-02/lower/python310/lib/python3.10/site-packages/setuptools/_vendor/inflect-7.3.1.dist-info/INSTALLER
f	644	1000	1000	4	64	35964165	1785345477.6592198930	results/experiments/toolchain-environment/20260729T171551Z-toolchain-formal01/boots/repetition-02/lower/python310/lib/python3.10/site-packages/setuptools/_vendor/jaraco.collections-5.1.0.dist-info/INSTALLER
f	644	1000	1000	4	64	35964181	1785345477.7134520460	results/experiments/toolchain-environment/20260729T171551Z-toolchain-formal01/boots/repetition-02/lower/python310/lib/python3.10/site-packages/setuptools/_vendor/jaraco.context-5.3.0.dist-info/INSTALLER
f	644	1000	1000	4	64	35964195	1785345477.7605057050	results/experiments/toolchain-environment/20260729T171551Z-toolchain-formal01/boots/repetition-02/lower/python310/lib/python3.10/site-packages/setuptools/_vendor/jaraco.functools-4.0.1.dist-info/INSTALLER
f	644	1000	1000	4	64	35964209	1785345477.8066045500	results/experiments/toolchain-environment/20260729T171551Z-toolchain-formal01/boots/repetition-02/lower/python310/lib/python3.10/site-packages/setuptools/_vendor/jaraco.text-3.12.1.dist-info/INSTALLER
f	644	1000	1000	4	64	35964225	1785345477.8599401400	results/experiments/toolchain-environment/20260729T171551Z-toolchain-formal01/boots/repetition-02/lower/python310/lib/python3.10/site-packages/setuptools/_vendor/more_itertools-10.3.0.dist-info/INSTALLER
f	644	1000	1000	4	64	35964255	1785345477.9686037150	results/experiments/toolchain-environment/20260729T171551Z-toolchain-formal01/boots/repetition-02/lower/python310/lib/python3.10/site-packages/setuptools/_vendor/platformdirs-4.2.2.dist-info/INSTALLER
f	644	1000	1000	4	64	35964267	1785345478.0069214220	results/experiments/toolchain-environment/20260729T171551Z-toolchain-formal01/boots/repetition-02/lower/python310/lib/python3.10/site-packages/setuptools/_vendor/tomli-2.0.1.dist-info/INSTALLER
f	644	1000	1000	4	64	35964281	1785345478.0523600640	results/experiments/toolchain-environment/20260729T171551Z-toolchain-formal01/boots/repetition-02/lower/python310/lib/python3.10/site-packages/setuptools/_vendor/typeguard-4.3.0.dist-info/INSTALLER
f	644	1000	1000	4	64	35964297	1785345478.1062828290	results/experiments/toolchain-environment/20260729T171551Z-toolchain-formal01/boots/repetition-02/lower/python310/lib/python3.10/site-packages/setuptools/_vendor/typing_extensions-4.12.2.dist-info/INSTALLER
f	644	1000	1000	4	64	35964309	1785345478.1456393760	results/experiments/toolchain-environment/20260729T171551Z-toolchain-formal01/boots/repetition-02/lower/python310/lib/python3.10/site-packages/setuptools/_vendor/wheel-0.45.1.dist-info/INSTALLER
f	644	1000	1000	4	64	35964325	1785345478.1995876730	results/experiments/toolchain-environment/20260729T171551Z-toolchain-formal01/boots/repetition-02/lower/python310/lib/python3.10/site-packages/setuptools/_vendor/zipp-3.19.2.dist-info/INSTALLER
f	644	1000	1000	4	64	35965221	1785345490.6105906520	results/experiments/toolchain-environment/20260729T171551Z-toolchain-formal01/boots/repetition-02/lower/python310/lib/python3.10/site-packages/setuptools-79.0.1.dist-info/INSTALLER
f	644	1000	1000	4	64	35966395	1785345495.5316810410	results/experiments/toolchain-environment/20260729T171551Z-toolchain-formal01/boots/repetition-02/lower/python310/lib/python3.10/site-packages/pip-23.0.1.dist-info/top_level.txt
f	644	1000	1000	4	64	35967563	1785345512.4975751570	results/experiments/toolchain-environment/20260729T171551Z-toolchain-formal01/boots/repetition-02/lower/python310/lib/python3.10/site-packages/pip-23.0.1.dist-info/INSTALLER
f	644	1000	1000	4	64	35967633	1785345516.8644570030	results/experiments/toolchain-environment/20260729T171551Z-toolchain-formal01/boots/repetition-02/lower/python312/lib/python3.12/site-packages/pip-24.0.dist-info/top_level.txt
f	644	1000	1000	4	64	35969939	1785345542.7695572300	results/experiments/toolchain-environment/20260729T171551Z-toolchain-formal01/boots/repetition-02/lower/python312/lib/python3.12/site-packages/pip-24.0.dist-info/INSTALLER
f	644	1000	1000	4006	64	35965653	1785345492.4273448380	results/experiments/toolchain-environment/20260729T171551Z-toolchain-formal01/boots/repetition-02/lower/python310/lib/python3.10/site-packages/pip/_vendor/chardet/escprober.py
f	644	1000	1000	4006	64	35968045	1785345518.3159444840	results/experiments/toolchain-environment/20260729T171551Z-toolchain-formal01/boots/repetition-02/lower/python312/lib/python3.12/site-packages/pip/_vendor/chardet/escprober.py
f	644	1000	1000	4007	64	35965711	1785345492.6783234490	results/experiments/toolchain-environment/20260729T171551Z-toolchain-formal01/boots/repetition-02/lower/python310/lib/python3.10/site-packages/pip/_vendor/chardet/sjisprober.py
f	644	1000	1000	4007	64	35968109	1785345518.5830587720	results/experiments/toolchain-environment/20260729T171551Z-toolchain-formal01/boots/repetition-02/lower/python312/lib/python3.12/site-packages/pip/_vendor/chardet/sjisprober.py
f	644	1000	1000	40074	64	35963679	1785345475.9513214960	results/experiments/toolchain-environment/20260729T171551Z-toolchain-formal01/boots/repetition-02/lower/python310/lib/python3.10/site-packages/setuptools/_vendor/packaging/specifiers.py
f	644	1000	1000	401	64	35967045	1785345505.1595809250	results/experiments/toolchain-environment/20260729T171551Z-toolchain-formal01/boots/repetition-02/lower/python310/lib/python3.10/site-packages/pip/_vendor/platformdirs/__pycache__/version.cpython-310.pyc
f	644	1000	1000	40172	64	35969711	1785345538.3574683330	results/experiments/toolchain-environment/20260729T171551Z-toolchain-formal01/boots/repetition-02/lower/python312/lib/python3.12/site-packages/pip/_vendor/rich/__pycache__/pretty.cpython-312.pyc
f	644	1000	1000	4018	64	35969237	1785345527.9928626350	results/experiments/toolchain-environment/20260729T171551Z-toolchain-formal01/boots/repetition-02/lower/python312/lib/python3.12/site-packages/pip/_vendor/chardet/__pycache__/mbcharsetprober.cpython-312.pyc
f	644	1000	1000	402	64	35965705	1785345492.6562350290	results/experiments/toolchain-environment/20260729T171551Z-toolchain-formal01/boots/repetition-02/lower/python310/lib/python3.10/site-packages/pip/_vendor/chardet/resultdict.py
f	644	1000	1000	402	64	35968103	1785345518.5590479700	results/experiments/toolchain-environment/20260729T171551Z-toolchain-formal01/boots/repetition-02/lower/python312/lib/python3.12/site-packages/pip/_vendor/chardet/resultdict.py
f	644	1000	1000	4020	64	35964185	1785345477.7295997390	results/experiments/toolchain-environment/20260729T171551Z-toolchain-formal01/boots/repetition-02/lower/python310/lib/python3.10/site-packages/setuptools/_vendor/jaraco.context-5.3.0.dist-info/METADATA
f	644	1000	1000	4022	64	35966641	1785345499.0061514970	results/experiments/toolchain-environment/20260729T171551Z-toolchain-formal01/boots/repetition-02/lower/python310/lib/python3.10/site-packages/pip/_internal/req/__pycache__/req_set.cpython-310.pyc
f	644	1000	1000	4024	64	35969801	1785345539.5662966480	results/experiments/toolchain-environment/20260729T171551Z-toolchain-formal01/boots/repetition-02/lower/python312/lib/python3.12/site-packages/pip/_vendor/tomli/__pycache__/_re.cpython-312.pyc
f	644	1000	1000	40285	64	35968653	1785345521.0046015900	results/experiments/toolchain-environment/20260729T171551Z-toolchain-formal01/boots/repetition-02/lower/python312/lib/python3.12/site-packages/pip/_vendor/urllib3/connectionpool.py
f	644	1000	1000	40299	64	35963295	1785345474.5966209790	results/experiments/toolchain-environment/20260729T171551Z-toolchain-formal01/boots/repetition-02/lower/python310/lib/python3.10/site-packages/setuptools/package_index.py
f	644	1000	1000	403	64	35968629	1785345520.9106236490	results/experiments/toolchain-environment/20260729T171551Z-toolchain-formal01/boots/repetition-02/lower/python312/lib/python3.12/site-packages/pip/_vendor/truststore/__init__.py
f	644	1000	1000	40302	64	35967397	1785345510.4562634240	results/experiments/toolchain-environment/20260729T171551Z-toolchain-formal01/boots/repetition-02/lower/python310/lib/python3.10/site-packages/pip/_vendor/rich/__pycache__/text.cpython-310.pyc
f	644	1000	1000	40386	64	35965923	1785345493.6146458280	results/experiments/toolchain-environment/20260729T171551Z-toolchain-formal01/boots/repetition-02/lower/python310/lib/python3.10/site-packages/pip/_vendor/pygments/filters/__init__.py
f	644	1000	1000	40386	64	35968273	1785345519.1811156540	results/experiments/toolchain-environment/20260729T171551Z-toolchain-formal01/boots/repetition-02/lower/python312/lib/python3.12/site-packages/pip/_vendor/pygments/filters/__init__.py
f	644	1000	1000	40388	64	35964703	1785345482.9284495830	results/experiments/toolchain-environment/20260729T171551Z-toolchain-formal01/boots/repetition-02/lower/python310/lib/python3.10/site-packages/setuptools/_vendor/importlib_metadata/__pycache__/__init__.cpython-310.pyc
f	644	1000	1000	404	64	35967401	1785345510.5185541180	results/experiments/toolchain-environment/20260729T171551Z-toolchain-formal01/boots/repetition-02/lower/python310/lib/python3.10/site-packages/pip/_vendor/rich/__pycache__/themes.cpython-310.pyc
f	644	1000	1000	4041	64	35967071	1785345505.4802911620	results/experiments/toolchain-environment/20260729T171551Z-toolchain-formal01/boots/repetition-02/lower/python310/lib/python3.10/site-packages/pip/_vendor/pygments/formatters/__pycache__/_mapping.cpython-310.pyc
f	644	1000	1000	4043	64	35968951	1785345524.4175491760	results/experiments/toolchain-environment/20260729T171551Z-toolchain-formal01/boots/repetition-02/lower/python312/lib/python3.12/site-packages/pip/_internal/operations/build/__pycache__/wheel_legacy.cpython-312.pyc
f	644	1000	1000	4065	64	35969269	1785345528.4082853250	results/experiments/toolchain-environment/20260729T171551Z-toolchain-formal01/boots/repetition-02/lower/python312/lib/python3.12/site-packages/pip/_vendor/colorama/__pycache__/ansi.cpython-312.pyc
f	644	1000	1000	4068	64	35965875	1785345493.4236423190	results/experiments/toolchain-environment/20260729T171551Z-toolchain-formal01/boots/repetition-02/lower/python310/lib/python3.10/site-packages/pip/_vendor/platformdirs/android.py
f	644	1000	1000	40688	64	35969443	1785345530.9353318020	results/experiments/toolchain-environment/20260729T171551Z-toolchain-formal01/boots/repetition-02/lower/python312/lib/python3.12/site-packages/pip/_vendor/pygments/formatters/__pycache__/html.cpython-312.pyc
f	644	1000	1000	407	64	35969337	1785345529.2754071440	results/experiments/toolchain-environment/20260729T171551Z-toolchain-formal01/boots/repetition-02/lower/python312/lib/python3.12/site-packages/pip/_vendor/distro/__pycache__/__main__.cpython-312.pyc
f	644	1000	1000	4072	64	35966389	1785345495.5086806190	results/experiments/toolchain-environment/20260729T171551Z-toolchain-formal01/boots/repetition-02/lower/python310/lib/python3.10/site-packages/pip-23.0.1.dist-info/METADATA
f	644	1000	1000	4073	64	35965409	1785345491.4634372930	results/experiments/toolchain-environment/20260729T171551Z-toolchain-formal01/boots/repetition-02/lower/python310/lib/python3.10/site-packages/pip/_internal/network/utils.py
f	644	1000	1000	4073	64	35967813	1785345517.4820290280	results/experiments/toolchain-environment/20260729T171551Z-toolchain-formal01/boots/repetition-02/lower/python312/lib/python3.12/site-packages/pip/_internal/network/utils.py
f	644	1000	1000	40778	64	35964509	1785345479.5663878580	results/experiments/toolchain-environment/20260729T171551Z-toolchain-formal01/boots/repetition-02/lower/python310/lib/python3.10/site-packages/setuptools/_distutils/compilers/C/__pycache__/base.cpython-310.pyc
f	644	1000	1000	4078	64	35965097	1785345489.1625506340	results/experiments/toolchain-environment/20260729T171551Z-toolchain-formal01/boots/repetition-02/lower/python310/lib/python3.10/site-packages/setuptools/tests/__pycache__/contexts.cpython-310.pyc
f	644	1000	1000	4084	64	35967287	1785345508.9467600430	results/experiments/toolchain-environment/20260729T171551Z-toolchain-formal01/boots/repetition-02/lower/python310/lib/python3.10/site-packages/pip/_vendor/rich/__pycache__/cells.cpython-310.pyc
f	644	1000	1000	40849	64	35968851	1785345523.1121879320	results/experiments/toolchain-environment/20260729T171551Z-toolchain-formal01/boots/repetition-02/lower/python312/lib/python3.12/site-packages/pip/_internal/index/__pycache__/package_finder.cpython-312.pyc
f	644	1000	1000	4086	64	35963355	1785345474.7853000940	results/experiments/toolchain-environment/20260729T171551Z-toolchain-formal01/boots/repetition-02/lower/python310/lib/python3.10/site-packages/setuptools/_distutils/spawn.py
f	644	1000	1000	4086	64	35964943	1785345487.1525271460	results/experiments/toolchain-environment/20260729T171551Z-toolchain-formal01/boots/repetition-02/lower/python310/lib/python3.10/site-packages/setuptools/_vendor/zipp/__pycache__/glob.cpython-310.pyc
f	644	1000	1000	4086	64	35967015	1785345504.7121612240	results/experiments/toolchain-environment/20260729T171551Z-toolchain-formal01/boots/repetition-02/lower/python310/lib/python3.10/site-packages/pip/_vendor/packaging/__pycache__/requirements.cpython-310.pyc
f	644	1000	1000	4089	64	35968815	1785345522.5142529830	results/experiments/toolchain-environment/20260729T171551Z-toolchain-formal01/boots/repetition-02/lower/python312/lib/python3.12/site-packages/pip/_internal/commands/__pycache__/inspect.cpython-312.pyc
f	644	1000	1000	4099	64	35963453	1785345475.1362274490	results/experiments/toolchain-environment/20260729T171551Z-toolchain-formal01/boots/repetition-02/lower/python310/lib/python3.10/site-packages/setuptools/_distutils/tests/support.py
f	644	1000	1000	41	64	35964101	1785345477.4524832700	results/experiments/toolchain-environment/20260729T171551Z-toolchain-formal01/boots/repetition-02/lower/python310/lib/python3.10/site-packages/setuptools-79.0.1.dist-info/top_level.txt
f	644	1000	1000	4104	64	35964545	1785345480.1166033730	results/experiments/toolchain-environment/20260729T171551Z-toolchain-formal01/boots/repetition-02/lower/python310/lib/python3.10/site-packages/setuptools/_distutils/__pycache__/errors.cpython-310.pyc
f	644	1000	1000	4104	64	35965929	1785345493.6366462320	results/experiments/toolchain-environment/20260729T171551Z-toolchain-formal01/boots/repetition-02/lower/python310/lib/python3.10/site-packages/pip/_vendor/pygments/formatters/_mapping.py
f	644	1000	1000	4104	64	35969041	1785345525.6240208020	results/experiments/toolchain-environment/20260729T171551Z-toolchain-formal01/boots/repetition-02/lower/python312/lib/python3.12/site-packages/pip/_internal/utils/__pycache__/entrypoints.cpython-312.pyc
f	644	1000	1000	4105	64	35965459	1785345491.6046407450	results/experiments/toolchain-environment/20260729T171551Z-toolchain-formal01/boots/repetition-02/lower/python310/lib/python3.10/site-packages/pip/_internal/operations/install/legacy.py
f	644	1000	1000	411	64	35963709	1785345476.0725196060	results/experiments/toolchain-environment/20260729T171551Z-toolchain-formal01/boots/repetition-02/lower/python310/lib/python3.10/site-packages/setuptools/_vendor/platformdirs/version.py
f	644	1000	1000	4110	64	35967093	1785345505.8726731700	results/experiments/toolchain-environment/20260729T171551Z-toolchain-formal01/boots/repetition-02/lower/python310/lib/python3.10/site-packages/pip/_vendor/pygments/formatters/__pycache__/terminal.cpython-310.pyc
f	644	1000	1000	4110	64	35967329	1785345509.4895815570	results/experiments/toolchain-environment/20260729T171551Z-toolchain-formal01/boots/repetition-02/lower/python310/lib/python3.10/site-packages/pip/_vendor/rich/__pycache__/jupyter.cpython-310.pyc
f	644	1000	1000	41100	64	35964793	1785345484.6144805410	results/experiments/toolchain-environment/20260729T171551Z-toolchain-formal01/boots/repetition-02/lower/python310/lib/python3.10/site-packages/setuptools/_vendor/packaging/licenses/__pycache__/_spdx.cpython-310.pyc
f	644	1000	1000	4112	64	35964599	1785345481.0602546850	results/experiments/toolchain-environment/20260729T171551Z-toolchain-formal01/boots/repetition-02/lower/python310/lib/python3.10/site-packages/setuptools/_distutils/tests/__pycache__/test_core.cpython-310.pyc
f	644	1000	1000	4112	64	35965203	1785345490.5545896240	results/experiments/toolchain-environment/20260729T171551Z-toolchain-formal01/boots/repetition-02/lower/python310/lib/python3.10/site-packages/setuptools/__pycache__/warnings.cpython-310.pyc
f	644	1000	1000	4116	64	35968793	1785345522.0968728150	results/experiments/toolchain-environment/20260729T171551Z-toolchain-formal01/boots/repetition-02/lower/python312/lib/python3.12/site-packages/pip/_internal/commands/__pycache__/__init__.cpython-312.pyc
f	644	1000	1000	412	64	35963633	1785345475.7595754880	results/experiments/toolchain-environment/20260729T171551Z-toolchain-formal01/boots/repetition-02/lower/python310/lib/python3.10/site-packages/setuptools/_vendor/jaraco/text/strip-prefix.py
f	644	1000	1000	412	64	35965003	1785345487.9615420030	results/experiments/toolchain-environment/20260729T171551Z-toolchain-formal01/boots/repetition-02/lower/python310/lib/python3.10/site-packages/setuptools/compat/__pycache__/py310.cpython-310.pyc
f	644	1000	1000	41259	64	35965767	1785345492.9076328410	results/experiments/toolchain-environment/20260729T171551Z-toolchain-formal01/boots/repetition-02/lower/python310/lib/python3.10/site-packages/pip/_vendor/distlib/compat.py
f	644	1000	1000	4127	64	35967171	1785345507.2102254450	results/experiments/toolchain-environment/20260729T171551Z-toolchain-formal01/boots/repetition-02/lower/python310/lib/python3.10/site-packages/pip/_vendor/requests/__pycache__/__init__.cpython-310.pyc
f	644	1000	1000	4127	64	35969157	1785345527.0253336740	results/experiments/toolchain-environment/20260729T171551Z-toolchain-formal01/boots/repetition-02/lower/python312/lib/python3.12/site-packages/pip/_vendor/chardet/cli/__pycache__/chardetect.cpython-312.pyc
f	644	1000	1000	4128	64	35967427	1785345510.9007063760	results/experiments/toolchain-environment/20260729T171551Z-toolchain-formal01/boots/repetition-02/lower/python310/lib/python3.10/site-packages/pip/_vendor/tenacity/__pycache__/stop.cpython-310.pyc
f	644	1000	1000	4129	64	35965289	1785345490.9206747420	results/experiments/toolchain-environment/20260729T171551Z-toolchain-formal01/boots/repetition-02/lower/python310/lib/python3.10/site-packages/pip/_internal/commands/completion.py
f	644	1000	1000	4133	64	35965439	1785345491.5264062910	results/experiments/toolchain-environment/20260729T171551Z-toolchain-formal01/boots/repetition-02/lower/python310/lib/python3.10/site-packages/pip/_internal/operations/build/build_tracker.py
f	644	1000	1000	4134	64	35969861	1785345541.7405305770	results/experiments/toolchain-environment/20260729T171551Z-toolchain-formal01/boots/repetition-02/lower/python312/lib/python3.12/site-packages/pip/_vendor/urllib3/__pycache__/filepost.cpython-312.pyc
f	644	1000	1000	4135	64	35966613	1785345498.4798205940	results/experiments/toolchain-environment/20260729T171551Z-toolchain-formal01/boots/repetition-02/lower/python310/lib/python3.10/site-packages/pip/_internal/operations/__pycache__/check.cpython-310.pyc
f	644	1000	1000	4137	64	35965709	1785345492.6706284880	results/experiments/toolchain-environment/20260729T171551Z-toolchain-formal01/boots/repetition-02/lower/python310/lib/python3.10/site-packages/pip/_vendor/chardet/sbcsgroupprober.py
f	644	1000	1000	4137	64	35968107	1785345518.5750426060	results/experiments/toolchain-environment/20260729T171551Z-toolchain-formal01/boots/repetition-02/lower/python312/lib/python3.12/site-packages/pip/_vendor/chardet/sbcsgroupprober.py
f	644	1000	1000	41384	64	35969769	1785345539.1154822790	results/experiments/toolchain-environment/20260729T171551Z-toolchain-formal01/boots/repetition-02/lower/python312/lib/python3.12/site-packages/pip/_vendor/__pycache__/six.cpython-312.pyc
f	644	1000	1000	41435	64	35969875	1785345541.9385342200	results/experiments/toolchain-environment/20260729T171551Z-toolchain-formal01/boots/repetition-02/lower/python312/lib/python3.12/site-packages/pip/_vendor/urllib3/packages/__pycache__/six.cpython-312.pyc
f	644	1000	1000	41487	64	35968153	1785345518.7391075280	results/experiments/toolchain-environment/20260729T171551Z-toolchain-formal01/boots/repetition-02/lower/python312/lib/python3.12/site-packages/pip/_vendor/distlib/compat.py
f	644	1000	1000	415	64	35966789	1785345501.1954928210	results/experiments/toolchain-environment/20260729T171551Z-toolchain-formal01/boots/repetition-02/lower/python310/lib/python3.10/site-packages/pip/_vendor/certifi/__pycache__/__init__.cpython-310.pyc
f	644	1000	1000	4151	64	35963445	1785345475.1103402070	results/experiments/toolchain-environment/20260729T171551Z-toolchain-formal01/boots/repetition-02/lower/python310/lib/python3.10/site-packages/setuptools/_distutils/compilers/C/tests/test_msvc.py
f	644	1000	1000	4154	64	35965607	1785345492.2306204060	results/experiments/toolchain-environment/20260729T171551Z-toolchain-formal01/boots/repetition-02/lower/python310/lib/python3.10/site-packages/pip/_vendor/cachecontrol/heuristics.py
f	644	1000	1000	41631	64	35963291	1785345474.5842964050	results/experiments/toolchain-environment/20260729T171551Z-toolchain-formal01/boots/repetition-02/lower/python310/lib/python3.10/site-packages/setuptools/msvc.py
f	644	1000	1000	417	64	35966119	1785345494.2996584100	results/experiments/toolchain-environment/20260729T171551Z-toolchain-formal01/boots/repetition-02/lower/python310/lib/python3.10/site-packages/pip/_vendor/rich/_timer.py
f	644	1000	1000	417	64	35968471	1785345520.1100887980	results/experiments/toolchain-environment/20260729T171551Z-toolchain-formal01/boots/repetition-02/lower/python312/lib/python3.12/site-packages/pip/_vendor/rich/_timer.py
f	644	1000	1000	4176	64	35968281	1785345519.2078255150	results/experiments/toolchain-environment/20260729T171551Z-toolchain-formal01/boots/repetition-02/lower/python312/lib/python3.12/site-packages/pip/_vendor/pygments/formatters/_mapping.py
f	644	1000	1000	4178	64	35968275	1785345519.1898821500	results/experiments/toolchain-environment/20260729T171551Z-toolchain-formal01/boots/repetition-02/lower/python312/lib/python3.12/site-packages/pip/_vendor/pygments/formatter.py
f	644	1000	1000	4187	64	35966689	1785345499.7085823260	results/experiments/toolchain-environment/20260729T171551Z-toolchain-formal01/boots/repetition-02/lower/python310/lib/python3.10/site-packages/pip/_internal/utils/__pycache__/compatibility_tags.cpython-310.pyc
f	644	1000	1000	41914	64	35969321	1785345529.0072963410	results/experiments/toolchain-environment/20260729T171551Z-toolchain-formal01/boots/repetition-02/lower/python312/lib/python3.12/site-packages/pip/_vendor/distlib/__pycache__/metadata.cpython-312.pyc
f	644	1000	1000	4197	64	35969477	1785345532.1443540400	results/experiments/toolchain-environment/20260729T171551Z-toolchain-formal01/boots/repetition-02/lower/python312/lib/python3.12/site-packages/pip/_vendor/pygments/__pycache__/regexopt.cpython-312.pyc
f	644	1000	1000	42	64	35963317	1785345474.6564773390	results/experiments/toolchain-environment/20260729T171551Z-toolchain-formal01/boots/repetition-02/lower/python310/lib/python3.10/site-packages/setuptools/_distutils/_log.py
f	644	1000	1000	4200	64	35965859	1785345493.3716413640	results/experiments/toolchain-environment/20260729T171551Z-toolchain-formal01/boots/repetition-02/lower/python310/lib/python3.10/site-packages/pip/_vendor/packaging/utils.py
f	644	1000	1000	4200	64	35968233	1785345519.0484352240	results/experiments/toolchain-environment/20260729T171551Z-toolchain-formal01/boots/repetition-02/lower/python312/lib/python3.12/site-packages/pip/_vendor/packaging/utils.py
f	644	1000	1000	4205	64	35964855	1785345485.5976677350	results/experiments/toolchain-environment/20260729T171551Z-toolchain-formal01/boots/repetition-02/lower/python310/lib/python3.10/site-packages/setuptools/_vendor/typeguard/__pycache__/_pytest_plugin.cpython-310.pyc
f	644	1000	1000	4211	64	35967373	1785345510.0752518000	results/experiments/toolchain-environment/20260729T171551Z-toolchain-formal01/boots/repetition-02/lower/python310/lib/python3.10/site-packages/pip/_vendor/rich/__pycache__/repr.cpython-310.pyc
f	644	1000	1000	4215	64	35964595	1785345480.9755260430	results/experiments/toolchain-environment/20260729T171551Z-toolchain-formal01/boots/repetition-02/lower/python310/lib/python3.10/site-packages/setuptools/_distutils/tests/__pycache__/test_cmd.cpython-310.pyc
f	644	1000	1000	42174	64	35966971	1785345504.0248370790	results/experiments/toolchain-environment/20260729T171551Z-toolchain-formal01/boots/repetition-02/lower/python310/lib/python3.10/site-packages/pip/_vendor/distro/__pycache__/distro.cpython-310.pyc
f	644	1000	1000	4221	64	35963505	1785345475.3383102440	results/experiments/toolchain-environment/20260729T171551Z-toolchain-formal01/boots/repetition-02/lower/python310/lib/python3.10/site-packages/setuptools/_distutils/tests/test_modified.py
f	644	1000	1000	4228	64	35963849	1785345476.6252160550	results/experiments/toolchain-environment/20260729T171551Z-toolchain-formal01/boots/repetition-02/lower/python310/lib/python3.10/site-packages/setuptools/command/_requirestxt.py
f	644	1000	1000	423	64	35963777	1785345476.3270376990	results/experiments/toolchain-environment/20260729T171551Z-toolchain-formal01/boots/repetition-02/lower/python310/lib/python3.10/site-packages/setuptools/_vendor/wheel/util.py
f	644	1000	1000	423	64	35966111	1785345494.2643491670	results/experiments/toolchain-environment/20260729T171551Z-toolchain-formal01/boots/repetition-02/lower/python310/lib/python3.10/site-packages/pip/_vendor/rich/_pick.py
f	644	1000	1000	423	64	35968463	1785345520.0641311880	results/experiments/toolchain-environment/20260729T171551Z-toolchain-formal01/boots/repetition-02/lower/python312/lib/python3.12/site-packages/pip/_vendor/rich/_pick.py
f	644	1000	1000	4235	64	35966061	1785345494.0766840100	results/experiments/toolchain-environment/20260729T171551Z-toolchain-formal01/boots/repetition-02/lower/python310/lib/python3.10/site-packages/pip/_vendor/requests/status_codes.py
f	644	1000	1000	4235	64	35968411	1785345519.8009584030	results/experiments/toolchain-environment/20260729T171551Z-toolchain-formal01/boots/repetition-02/lower/python312/lib/python3.12/site-packages/pip/_vendor/requests/status_codes.py
f	644	1000	1000	4237	64	35969149	1785345526.9219080000	results/experiments/toolchain-environment/20260729T171551Z-toolchain-formal01/boots/repetition-02/lower/python312/lib/python3.12/site-packages/pip/_vendor/chardet/__pycache__/charsetgroupprober.cpython-312.pyc
f	644	1000	1000	424	64	35963983	1785345477.1001910520	results/experiments/toolchain-environment/20260729T171551Z-toolchain-formal01/boots/repetition-02/lower/python310/lib/python3.10/site-packages/setuptools/tests/test_depends.py
f	644	1000	1000	4245	64	35967089	1785345505.8044508360	results/experiments/toolchain-environment/20260729T171551Z-toolchain-formal01/boots/repetition-02/lower/python310/lib/python3.10/site-packages/pip/_vendor/pygments/formatters/__pycache__/rtf.cpython-310.pyc
f	644	1000	1000	42498	64	35965675	1785345492.5256258250	results/experiments/toolchain-environment/20260729T171551Z-toolchain-formal01/boots/repetition-02/lower/python310/lib/python3.10/site-packages/pip/_vendor/chardet/johabfreq.py
f	644	1000	1000	42498	64	35968067	1785345518.4051013870	results/experiments/toolchain-environment/20260729T171551Z-toolchain-formal01/boots/repetition-02/lower/python312/lib/python3.12/site-packages/pip/_vendor/chardet/johabfreq.py
f	644	1000	1000	426	64	35969411	1785345530.4273224580	results/experiments/toolchain-environment/20260729T171551Z-toolchain-formal01/boots/repetition-02/lower/python312/lib/python3.12/site-packages/pip/_vendor/platformdirs/__pycache__/version.cpython-312.pyc
f	644	1000	1000	4261	64	35965101	1785345489.2115609350	results/experiments/toolchain-environment/20260729T171551Z-toolchain-formal01/boots/repetition-02/lower/python310/lib/python3.10/site-packages/setuptools/tests/__pycache__/fixtures.cpython-310.pyc
f	644	1000	1000	4263	64	35969611	1785345535.8353987170	results/experiments/toolchain-environment/20260729T171551Z-toolchain-formal01/boots/repetition-02/lower/python312/lib/python3.12/site-packages/pip/_vendor/rich/__pycache__/_log_render.cpython-312.pyc
f	644	1000	1000	4265	64	35964469	1785345478.9913773020	results/experiments/toolchain-environment/20260729T171551Z-toolchain-formal01/boots/repetition-02/lower/python310/lib/python3.10/site-packages/setuptools/_distutils/command/__pycache__/build.cpython-310.pyc
f	644	1000	1000	4271	64	35966457	1785345496.2156936060	results/experiments/toolchain-environment/20260729T171551Z-toolchain-formal01/boots/repetition-02/lower/python310/lib/python3.10/site-packages/pip/_internal/commands/__pycache__/completion.cpython-310.pyc
f	644	1000	1000	4272	64	35967795	1785345517.4188953970	results/experiments/toolchain-environment/20260729T171551Z-toolchain-formal01/boots/repetition-02/lower/python312/lib/python3.12/site-packages/pip/_internal/models/target_python.py
f	644	1000	1000	42755	64	35969471	1785345531.8703490000	results/experiments/toolchain-environment/20260729T171551Z-toolchain-formal01/boots/repetition-02/lower/python312/lib/python3.12/site-packages/pip/_vendor/pygments/lexers/__pycache__/python.cpython-312.pyc
f	644	1000	1000	4279	64	35965629	1785345492.3276221880	results/experiments/toolchain-environment/20260729T171551Z-toolchain-formal01/boots/repetition-02/lower/python310/lib/python3.10/site-packages/pip/_vendor/certifi/core.py
f	644	1000	1000	428	64	35966537	1785345497.3403156640	results/experiments/toolchain-environment/20260729T171551Z-toolchain-formal01/boots/repetition-02/lower/python310/lib/python3.10/site-packages/pip/_internal/metadata/importlib/__pycache__/__init__.cpython-310.pyc
f	644	1000	1000	4280	64	35965353	1785345491.1934977140	results/experiments/toolchain-environment/20260729T171551Z-toolchain-formal01/boots/repetition-02/lower/python310/lib/python3.10/site-packages/pip/_internal/metadata/__init__.py
f	644	1000	1000	4287	64	35967685	1785345517.0298176080	results/experiments/toolchain-environment/20260729T171551Z-toolchain-formal01/boots/repetition-02/lower/python312/lib/python3.12/site-packages/pip/_internal/commands/completion.py
f	644	1000	1000	4288	64	35965049	1785345488.5835534250	results/experiments/toolchain-environment/20260729T171551Z-toolchain-formal01/boots/repetition-02/lower/python310/lib/python3.10/site-packages/setuptools/__pycache__/installer.cpython-310.pyc
f	644	1000	1000	4292	64	35967999	1785345518.1517687020	results/experiments/toolchain-environment/20260729T171551Z-toolchain-formal01/boots/repetition-02/lower/python312/lib/python3.12/site-packages/pip/_vendor/cachecontrol/filewrapper.py
f	644	1000	1000	4297	64	35969033	1785345525.5081543140	results/experiments/toolchain-environment/20260729T171551Z-toolchain-formal01/boots/repetition-02/lower/python312/lib/python3.12/site-packages/pip/_internal/utils/__pycache__/deprecation.cpython-312.pyc
f	644	1000	1000	4299	64	35969893	1785345542.2464667140	results/experiments/toolchain-environment/20260729T171551Z-toolchain-formal01/boots/repetition-02/lower/python312/lib/python3.12/site-packages/pip/_vendor/urllib3/util/__pycache__/request.cpython-312.pyc
f	644	1000	1000	43	64	35963643	1785345475.7971655910	results/experiments/toolchain-environment/20260729T171551Z-toolchain-formal01/boots/repetition-02/lower/python310/lib/python3.10/site-packages/setuptools/_vendor/more_itertools/__init__.pyi
f	644	1000	1000	430	64	35969763	1785345539.0156370850	results/experiments/toolchain-environment/20260729T171551Z-toolchain-formal01/boots/repetition-02/lower/python312/lib/python3.12/site-packages/pip/_vendor/rich/__pycache__/themes.cpython-312.pyc
f	644	1000	1000	4301	64	35964675	1785345482.4474407520	results/experiments/toolchain-environment/20260729T171551Z-toolchain-formal01/boots/repetition-02/lower/python310/lib/python3.10/site-packages/setuptools/_vendor/autocommand/__pycache__/autoasync.cpython-310.pyc
f	644	1000	1000	4307	64	35966383	1785345495.4964515380	results/experiments/toolchain-environment/20260729T171551Z-toolchain-formal01/boots/repetition-02/lower/python310/lib/python3.10/site-packages/pip/_vendor/webencodings/x_user_defined.py
f	644	1000	1000	4307	64	35968745	1785345521.4416216880	results/experiments/toolchain-environment/20260729T171551Z-toolchain-formal01/boots/repetition-02/lower/python312/lib/python3.12/site-packages/pip/_vendor/webencodings/x_user_defined.py
f	644	1000	1000	431	64	35965075	1785345488.8763533260	results/experiments/toolchain-environment/20260729T171551Z-toolchain-formal01/boots/repetition-02/lower/python310/lib/python3.10/site-packages/setuptools/tests/compat/__pycache__/py39.cpython-310.pyc
f	644	1000	1000	4310	64	35969439	1785345530.8456926920	results/experiments/toolchain-environment/20260729T171551Z-toolchain-formal01/boots/repetition-02/lower/python312/lib/python3.12/site-packages/pip/_vendor/pygments/formatters/__pycache__/bbcode.cpython-312.pyc
f	644	1000	1000	4319	64	35963881	1785345476.7475249360	results/experiments/toolchain-environment/20260729T171551Z-toolchain-formal01/boots/repetition-02/lower/python310/lib/python3.10/site-packages/setuptools/command/install_lib.py
f	644	1000	1000	432	64	35964357	1785345478.3873662140	results/experiments/toolchain-environment/20260729T171551Z-toolchain-formal01/boots/repetition-02/lower/python310/lib/python3.10/site-packages/pkg_resources/tests/data/my-test-package-source/__pycache__/setup.cpython-310.pyc
f	644	1000	1000	4320	64	35966465	1785345496.3116953690	results/experiments/toolchain-environment/20260729T171551Z-toolchain-formal01/boots/repetition-02/lower/python310/lib/python3.10/site-packages/pip/_internal/commands/__pycache__/download.cpython-310.pyc
f	644	1000	1000	4325	64	35969677	1785345537.5835474590	results/experiments/toolchain-environment/20260729T171551Z-toolchain-formal01/boots/repetition-02/lower/python312/lib/python3.12/site-packages/pip/_vendor/rich/__pycache__/emoji.cpython-312.pyc
f	644	1000	1000	43259	64	35966943	1785345503.5708287360	results/experiments/toolchain-environment/20260729T171551Z-toolchain-formal01/boots/repetition-02/lower/python310/lib/python3.10/site-packages/pip/_vendor/distlib/__pycache__/database.cpython-310.pyc
f	644	1000	1000	433	64	35969133	1785345526.6940361330	results/experiments/toolchain-environment/20260729T171551Z-toolchain-formal01/boots/repetition-02/lower/python312/lib/python3.12/site-packages/pip/_vendor/certifi/__pycache__/__init__.cpython-312.pyc
f	644	1000	1000	4330	64	35964017	1785345477.2134744160	results/experiments/toolchain-environment/20260729T171551Z-toolchain-formal01/boots/repetition-02/lower/python310/lib/python3.10/site-packages/setuptools/tests/test_sandbox.py
f	644	1000	1000	4331	64	35963465	1785345475.1819433630	results/experiments/toolchain-environment/20260729T171551Z-toolchain-formal01/boots/repetition-02/lower/python310/lib/python3.10/site-packages/setuptools/_distutils/tests/test_build_clib.py
f	644	1000	1000	4331	64	35969437	1785345530.8003293190	results/experiments/toolchain-environment/20260729T171551Z-toolchain-formal01/boots/repetition-02/lower/python312/lib/python3.12/site-packages/pip/_vendor/pygments/formatters/__pycache__/_mapping.cpython-312.pyc
f	644	1000	1000	4334	64	35964623	1785345481.4714164820	results/experiments/toolchain-environment/20260729T171551Z-toolchain-formal01/boots/repetition-02/lower/python310/lib/python3.10/site-packages/setuptools/_distutils/tests/__pycache__/test_modified.cpython-310.pyc
f	644	1000	1000	4336	64	35964557	1785345480.2734008370	results/experiments/toolchain-environment/20260729T171551Z-toolchain-formal01/boots/repetition-02/lower/python310/lib/python3.10/site-packages/setuptools/_distutils/__pycache__/spawn.cpython-310.pyc
f	644	1000	1000	4338	64	35965269	1785345490.8335947480	results/experiments/toolchain-environment/20260729T171551Z-toolchain-formal01/boots/repetition-02/lower/python310/lib/python3.10/site-packages/pip/_internal/cli/main_parser.py
f	644	1000	1000	4338	64	35967665	1785345516.9563678030	results/experiments/toolchain-environment/20260729T171551Z-toolchain-formal01/boots/repetition-02/lower/python312/lib/python3.12/site-packages/pip/_internal/cli/main_parser.py
f	644	1000	1000	43383	64	35963995	1785345477.1426794560	results/experiments/toolchain-environment/20260729T171551Z-toolchain-formal01/boots/repetition-02/lower/python310/lib/python3.10/site-packages/setuptools/tests/test_editable_install.py
f	644	1000	1000	4339	64	35967755	1785345517.2718902600	results/experiments/toolchain-environment/20260729T171551Z-toolchain-formal01/boots/repetition-02/lower/python312/lib/python3.12/site-packages/pip/_internal/metadata/__init__.py
f	644	1000	1000	4339	64	35968567	1785345520.6586491750	results/experiments/toolchain-environment/20260729T171551Z-toolchain-formal01/boots/repetition-02/lower/python312/lib/python3.12/site-packages/pip/_vendor/rich/spinner.py
f	644	1000	1000	4341	64	35968895	1785345523.6697356710	results/experiments/toolchain-environment/20260729T171551Z-toolchain-formal01/boots/repetition-02/lower/python312/lib/python3.12/site-packages/pip/_internal/models/__pycache__/format_control.cpython-312.pyc
f	644	1000	1000	435	64	35966033	1785345493.9676523120	results/experiments/toolchain-environment/20260729T171551Z-toolchain-formal01/boots/repetition-02/lower/python310/lib/python3.10/site-packages/pip/_vendor/requests/__version__.py
f	644	1000	1000	435	64	35968383	1785345519.6476070520	results/experiments/toolchain-environment/20260729T171551Z-toolchain-formal01/boots/repetition-02/lower/python312/lib/python3.12/site-packages/pip/_vendor/requests/__version__.py
f	644	1000	1000	436	64	35967441	1785345511.0791942440	results/experiments/toolchain-environment/20260729T171551Z-toolchain-formal01/boots/repetition-02/lower/python310/lib/python3.10/site-packages/pip/_vendor/tomli/__pycache__/_types.cpython-310.pyc
f	644	1000	1000	4366	64	35964531	1785345479.9156324750	results/experiments/toolchain-environment/20260729T171551Z-toolchain-formal01/boots/repetition-02/lower/python310/lib/python3.10/site-packages/setuptools/_distutils/compilers/C/__pycache__/zos.cpython-310.pyc
f	644	1000	1000	43691	64	35969367	1785345529.7553100980	results/experiments/toolchain-environment/20260729T171551Z-toolchain-formal01/boots/repetition-02/lower/python312/lib/python3.12/site-packages/pip/_vendor/msgpack/__pycache__/fallback.cpython-312.pyc
f	644	1000	1000	43700	64	35969755	1785345538.8874780840	results/experiments/toolchain-environment/20260729T171551Z-toolchain-formal01/boots/repetition-02/lower/python312/lib/python3.12/site-packages/pip/_vendor/rich/__pycache__/table.cpython-312.pyc
f	644	1000	1000	4374	64	35966215	1785345494.7856673370	results/experiments/toolchain-environment/20260729T171551Z-toolchain-formal01/boots/repetition-02/lower/python310/lib/python3.10/site-packages/pip/_vendor/rich/spinner.py
f	644	1000	1000	4378	64	35965847	1785345493.3196404090	results/experiments/toolchain-environment/20260729T171551Z-toolchain-formal01/boots/repetition-02/lower/python310/lib/python3.10/site-packages/pip/_vendor/packaging/_musllinux.py
f	644	1000	1000	4378	64	35968221	1785345518.9997342860	results/experiments/toolchain-environment/20260729T171551Z-toolchain-formal01/boots/repetition-02/lower/python312/lib/python3.12/site-packages/pip/_vendor/packaging/_musllinux.py
f	644	1000	1000	4388	64	35969643	1785345536.9394422460	results/experiments/toolchain-environment/20260729T171551Z-toolchain-formal01/boots/repetition-02/lower/python312/lib/python3.12/site-packages/pip/_vendor/rich/__pycache__/bar.cpython-312.pyc
f	644	1000	1000	43898	64	35965801	1785345493.1456372130	results/experiments/toolchain-environment/20260729T171551Z-toolchain-formal01/boots/repetition-02/lower/python310/lib/python3.10/site-packages/pip/_vendor/distlib/wheel.py
f	644	1000	1000	4394	64	35966599	1785345498.2369754100	results/experiments/toolchain-environment/20260729T171551Z-toolchain-formal01/boots/repetition-02/lower/python310/lib/python3.10/site-packages/pip/_internal/operations/build/__pycache__/build_tracker.cpython-310.pyc
f	644	1000	1000	43958	64	35968175	1785345518.8341092740	results/experiments/toolchain-environment/20260729T171551Z-toolchain-formal01/boots/repetition-02/lower/python312/lib/python3.12/site-packages/pip/_vendor/distlib/wheel.py
f	644	1000	1000	44	64	35963167	1785345474.2112338330	results/experiments/toolchain-environment/20260729T171551Z-toolchain-formal01/boots/repetition-02/lower/python310/lib/python3.10/site-packages/_distutils_hack/override.py
f	644	1000	1000	4402	64	35963783	1785345476.3449388090	results/experiments/toolchain-environment/20260729T171551Z-toolchain-formal01/boots/repetition-02/lower/python310/lib/python3.10/site-packages/setuptools/_vendor/wheel/cli/__init__.py
f	644	1000	1000	4416	64	35963749	1785345476.2133263060	results/experiments/toolchain-environment/20260729T171551Z-toolchain-formal01/boots/repetition-02/lower/python310/lib/python3.10/site-packages/setuptools/_vendor/typeguard/_pytest_plugin.py
f	644	1000	1000	442	64	35964737	1785345483.4822553480	results/experiments/toolchain-environment/20260729T171551Z-toolchain-formal01/boots/repetition-02/lower/python310/lib/python3.10/site-packages/setuptools/_vendor/inflect/compat/__pycache__/py38.cpython-310.pyc
f	644	1000	1000	4420	64	35967375	1785345510.1051558120	results/experiments/toolchain-environment/20260729T171551Z-toolchain-formal01/boots/repetition-02/lower/python310/lib/python3.10/site-packages/pip/_vendor/rich/__pycache__/rule.cpython-310.pyc
f	644	1000	1000	4425	64	35966217	1785345494.7974493240	results/experiments/toolchain-environment/20260729T171551Z-toolchain-formal01/boots/repetition-02/lower/python310/lib/python3.10/site-packages/pip/_vendor/rich/status.py
f	644	1000	1000	4425	64	35968569	1785345520.6699332150	results/experiments/toolchain-environment/20260729T171551Z-toolchain-formal01/boots/repetition-02/lower/python312/lib/python3.12/site-packages/pip/_vendor/rich/status.py
f	644	1000	1000	4428	64	35969557	1785345534.5783988120	results/experiments/toolchain-environment/20260729T171551Z-toolchain-formal01/boots/repetition-02/lower/python312/lib/python3.12/site-packages/pip/_vendor/requests/__pycache__/help.cpython-312.pyc
f	644	1000	1000	443	64	35964835	1785345485.2994931190	results/experiments/toolchain-environment/20260729T171551Z-toolchain-formal01/boots/repetition-02/lower/python310/lib/python3.10/site-packages/setuptools/_vendor/tomli/__pycache__/_types.cpython-310.pyc
f	644	1000	1000	4431	64	35968557	1785345520.5991417250	results/experiments/toolchain-environment/20260729T171551Z-toolchain-formal01/boots/repetition-02/lower/python312/lib/python3.12/site-packages/pip/_vendor/rich/repr.py
f	644	1000	1000	4435	64	35967945	1785345517.9711140610	results/experiments/toolchain-environment/20260729T171551Z-toolchain-formal01/boots/repetition-02/lower/python312/lib/python3.12/site-packages/pip/_internal/utils/setuptools_build.py
f	644	1000	1000	4436	64	35966205	1785345494.7276662720	results/experiments/toolchain-environment/20260729T171551Z-toolchain-formal01/boots/repetition-02/lower/python310/lib/python3.10/site-packages/pip/_vendor/rich/repr.py
f	644	1000	1000	4437	64	35967037	1785345505.0400118800	results/experiments/toolchain-environment/20260729T171551Z-toolchain-formal01/boots/repetition-02/lower/python310/lib/python3.10/site-packages/pip/_vendor/platformdirs/__pycache__/android.cpython-310.pyc
f	644	1000	1000	44375	64	35965821	1785345493.2236386450	results/experiments/toolchain-environment/20260729T171551Z-toolchain-formal01/boots/repetition-02/lower/python310/lib/python3.10/site-packages/pip/_vendor/idna/idnadata.py
f	644	1000	1000	4442	64	35966783	1785345501.1272513940	results/experiments/toolchain-environment/20260729T171551Z-toolchain-formal01/boots/repetition-02/lower/python310/lib/python3.10/site-packages/pip/_vendor/cachecontrol/__pycache__/serialize.cpython-310.pyc
f	644	1000	1000	4462	64	35969123	1785345526.5838980110	results/experiments/toolchain-environment/20260729T171551Z-toolchain-formal01/boots/repetition-02/lower/python312/lib/python3.12/site-packages/pip/_vendor/cachecontrol/__pycache__/filewrapper.cpython-312.pyc
f	644	1000	1000	44674	64	35966855	1785345502.2786887130	results/experiments/toolchain-environment/20260729T171551Z-toolchain-formal01/boots/repetition-02/lower/python310/lib/python3.10/site-packages/pip/_vendor/chardet/__pycache__/langhebrewmodel.cpython-310.pyc
f	644	1000	1000	44691	64	35966873	1785345502.4391128410	results/experiments/toolchain-environment/20260729T171551Z-toolchain-formal01/boots/repetition-02/lower/python310/lib/python3.10/site-packages/pip/_vendor/chardet/__pycache__/langturkishmodel.cpython-310.pyc
f	644	1000	1000	44707	64	35965151	1785345489.9175779250	results/experiments/toolchain-environment/20260729T171551Z-toolchain-formal01/boots/repetition-02/lower/python310/lib/python3.10/site-packages/setuptools/tests/__pycache__/test_easy_install.cpython-310.pyc
f	644	1000	1000	448	64	35965201	1785345490.5343299950	results/experiments/toolchain-environment/20260729T171551Z-toolchain-formal01/boots/repetition-02/lower/python310/lib/python3.10/site-packages/setuptools/__pycache__/version.cpython-310.pyc
f	644	1000	1000	448	64	35967159	1785345507.0279413020	results/experiments/toolchain-environment/20260729T171551Z-toolchain-formal01/boots/repetition-02/lower/python310/lib/python3.10/site-packages/pip/_vendor/pyproject_hooks/__pycache__/_compat.cpython-310.pyc
f	644	1000	1000	4481	64	35967069	1785345505.4451579920	results/experiments/toolchain-environment/20260729T171551Z-toolchain-formal01/boots/repetition-02/lower/python310/lib/python3.10/site-packages/pip/_vendor/pygments/formatters/__pycache__/__init__.cpython-310.pyc
f	644	1000	1000	44850	64	35966871	1785345502.3974318860	results/experiments/toolchain-environment/20260729T171551Z-toolchain-formal01/boots/repetition-02/lower/python310/lib/python3.10/site-packages/pip/_vendor/chardet/__pycache__/langthaimodel.cpython-310.pyc
f	644	1000	1000	44866	64	35963997	1785345477.1503435060	results/experiments/toolchain-environment/20260729T171551Z-toolchain-formal01/boots/repetition-02/lower/python310/lib/python3.10/site-packages/setuptools/tests/test_egg_info.py
f	644	1000	1000	44897	64	35963265	1785345474.5122950830	results/experiments/toolchain-environment/20260729T171551Z-toolchain-formal01/boots/repetition-02/lower/python310/lib/python3.10/site-packages/setuptools/dist.py
f	644	1000	1000	44937	64	35963753	1785345476.2323266540	results/experiments/toolchain-environment/20260729T171551Z-toolchain-formal01/boots/repetition-02/lower/python310/lib/python3.10/site-packages/setuptools/_vendor/typeguard/_transformer.py
f	644	1000	1000	4498	64	35969171	1785345527.2392638250	results/experiments/toolchain-environment/20260729T171551Z-toolchain-formal01/boots/repetition-02/lower/python312/lib/python3.12/site-packages/pip/_vendor/chardet/__pycache__/eucjpprober.cpython-312.pyc
f	644	1000	1000	4499	64	35967957	1785345518.0177809770	results/experiments/toolchain-environment/20260729T171551Z-toolchain-formal01/boots/repetition-02/lower/python312/lib/python3.12/site-packages/pip/_internal/utils/wheel.py
f	644	1000	1000	450	64	35964067	1785345477.3715001190	results/experiments/toolchain-environment/20260729T171551Z-toolchain-formal01/boots/repetition-02/lower/python310/lib/python3.10/site-packages/setuptools/tests/config/downloads/preload.py
f	644	1000	1000	4500	64	35963483	1785345475.2513086470	results/experiments/toolchain-environment/20260729T171551Z-toolchain-formal01/boots/repetition-02/lower/python310/lib/python3.10/site-packages/setuptools/_distutils/tests/test_dir_util.py
f	644	1000	1000	4503	64	35966139	1785345494.4106604490	results/experiments/toolchain-environment/20260729T171551Z-toolchain-formal01/boots/repetition-02/lower/python310/lib/python3.10/site-packages/pip/_vendor/rich/cells.py
f	644	1000	1000	4509	64	35967075	1785345505.5511998000	results/experiments/toolchain-environment/20260729T171551Z-toolchain-formal01/boots/repetition-02/lower/python310/lib/python3.10/site-packages/pip/_vendor/pygments/formatters/__pycache__/groff.cpython-310.pyc
f	644	1000	1000	4509	64	35968491	1785345520.2356887540	results/experiments/toolchain-environment/20260729T171551Z-toolchain-formal01/boots/repetition-02/lower/python312/lib/python3.12/site-packages/pip/_vendor/rich/cells.py
f	644	1000	1000	4515	64	35964013	1785345477.2024317250	results/experiments/toolchain-environment/20260729T171551Z-toolchain-formal01/boots/repetition-02/lower/python310/lib/python3.10/site-packages/setuptools/tests/test_namespaces.py
f	644	1000	1000	4519	64	35969919	1785345542.6005464010	results/experiments/toolchain-environment/20260729T171551Z-toolchain-formal01/boots/repetition-02/lower/python312/lib/python3.12/site-packages/pip/_vendor/urllib3/util/__pycache__/wait.cpython-312.pyc
f	644	1000	1000	4523	64	35966735	1785345500.4142119160	results/experiments/toolchain-environment/20260729T171551Z-toolchain-formal01/boots/repetition-02/lower/python310/lib/python3.10/site-packages/pip/_internal/utils/__pycache__/wheel.cpython-310.pyc
f	644	1000	1000	4528	64	35963861	1785345476.6703346940	results/experiments/toolchain-environment/20260729T171551Z-toolchain-formal01/boots/repetition-02/lower/python310/lib/python3.10/site-packages/setuptools/command/build_clib.py
f	644	1000	1000	4528	64	35966317	1785345495.2076750890	results/experiments/toolchain-environment/20260729T171551Z-toolchain-formal01/boots/repetition-02/lower/python310/lib/python3.10/site-packages/pip/_vendor/urllib3/contrib/ntlmpool.py
f	644	1000	1000	4528	64	35967383	1785345510.2211994140	results/experiments/toolchain-environment/20260729T171551Z-toolchain-formal01/boots/repetition-02/lower/python310/lib/python3.10/site-packages/pip/_vendor/rich/__pycache__/spinner.cpython-310.pyc
f	644	1000	1000	4528	64	35968671	1785345521.0786238370	results/experiments/toolchain-environment/20260729T171551Z-toolchain-formal01/boots/repetition-02/lower/python312/lib/python3.12/site-packages/pip/_vendor/urllib3/contrib/ntlmpool.py
f	644	1000	1000	4530	64	35968807	1785345522.3560056730	results/experiments/toolchain-environment/20260729T171551Z-toolchain-formal01/boots/repetition-02/lower/python312/lib/python3.12/site-packages/pip/_internal/commands/__pycache__/freeze.cpython-312.pyc
f	644	1000	1000	4531	64	35968015	1785345518.2130271080	results/experiments/toolchain-environment/20260729T171551Z-toolchain-formal01/boots/repetition-02/lower/python312/lib/python3.12/site-packages/pip/_vendor/certifi/core.py
f	644	1000	1000	4549	64	35965565	1785345492.0416169350	results/experiments/toolchain-environment/20260729T171551Z-toolchain-formal01/boots/repetition-02/lower/python310/lib/python3.10/site-packages/pip/_internal/utils/wheel.py
f	644	1000	1000	4549	64	35967211	1785345507.7679058630	results/experiments/toolchain-environment/20260729T171551Z-toolchain-formal01/boots/repetition-02/lower/python310/lib/python3.10/site-packages/pip/_vendor/requests/__pycache__/structures.cpython-310.pyc
f	644	1000	1000	455	64	35963765	1785345476.2763274620	results/experiments/toolchain-environment/20260729T171551Z-toolchain-formal01/boots/repetition-02/lower/python310/lib/python3.10/site-packages/setuptools/_vendor/wheel/__main__.py
f	644	1000	1000	455	64	35964761	1785345483.9476156160	results/experiments/toolchain-environment/20260729T171551Z-toolchain-formal01/boots/repetition-02/lower/python310/lib/python3.10/site-packages/setuptools/_vendor/jaraco/text/__pycache__/to-dvorak.cpython-310.pyc
f	644	1000	1000	455	64	35964763	1785345484.0034693210	results/experiments/toolchain-environment/20260729T171551Z-toolchain-formal01/boots/repetition-02/lower/python310/lib/python3.10/site-packages/setuptools/_vendor/jaraco/text/__pycache__/to-qwerty.cpython-310.pyc
f	644	1000	1000	45525	64	35968581	1785345520.7351442260	results/experiments/toolchain-environment/20260729T171551Z-toolchain-formal01/boots/repetition-02/lower/python312/lib/python3.12/site-packages/pip/_vendor/rich/text.py
f	644	1000	1000	456	64	35964643	1785345481.8774302860	results/experiments/toolchain-environment/20260729T171551Z-toolchain-formal01/boots/repetition-02/lower/python310/lib/python3.10/site-packages/setuptools/_distutils/__pycache__/unixccompiler.cpython-310.pyc
f	644	1000	1000	4563	64	35964591	1785345480.8904121650	results/experiments/toolchain-environment/20260729T171551Z-toolchain-formal01/boots/repetition-02/lower/python310/lib/python3.10/site-packages/setuptools/_distutils/tests/__pycache__/test_check.cpython-310.pyc
f	644	1000	1000	4564	64	35969487	1785345532.3475452990	results/experiments/toolchain-environment/20260729T171551Z-toolchain-formal01/boots/repetition-02/lower/python312/lib/python3.12/site-packages/pip/_vendor/pygments/styles/__pycache__/__init__.cpython-312.pyc
f	644	1000	1000	45686	64	35966229	1785345494.8656688070	results/experiments/toolchain-environment/20260729T171551Z-toolchain-formal01/boots/repetition-02/lower/python310/lib/python3.10/site-packages/pip/_vendor/rich/text.py
f	644	1000	1000	4571	64	35966571	1785345497.8581522360	results/experiments/toolchain-environment/20260729T171551Z-toolchain-formal01/boots/repetition-02/lower/python310/lib/python3.10/site-packages/pip/_internal/models/__pycache__/wheel.cpython-310.pyc
f	644	1000	1000	45720	64	35969309	1785345528.8085141050	results/experiments/toolchain-environment/20260729T171551Z-toolchain-formal01/boots/repetition-02/lower/python312/lib/python3.12/site-packages/pip/_vendor/distlib/__pycache__/compat.cpython-312.pyc
f	644	1000	1000	458	64	35964767	1785345484.0814707540	results/experiments/toolchain-environment/20260729T171551Z-toolchain-formal01/boots/repetition-02/lower/python310/lib/python3.10/site-packages/setuptools/_vendor/more_itertools/__pycache__/__init__.cpython-310.pyc
f	644	1000	1000	4582	64	35966933	1785345503.4286136730	results/experiments/toolchain-environment/20260729T171551Z-toolchain-formal01/boots/repetition-02/lower/python310/lib/python3.10/site-packages/pip/_vendor/colorama/__pycache__/win32.cpython-310.pyc
f	644	1000	1000	4591	64	35966705	1785345499.9535834960	results/experiments/toolchain-environment/20260729T171551Z-toolchain-formal01/boots/repetition-02/lower/python310/lib/python3.10/site-packages/pip/_internal/utils/__pycache__/filesystem.cpython-310.pyc
f	644	1000	1000	4591	64	35969079	1785345526.0510381090	results/experiments/toolchain-environment/20260729T171551Z-toolchain-formal01/boots/repetition-02/lower/python312/lib/python3.12/site-packages/pip/_internal/utils/__pycache__/virtualenv.cpython-312.pyc
f	644	1000	1000	4593	64	35967343	1785345509.7155428670	results/experiments/toolchain-environment/20260729T171551Z-toolchain-formal01/boots/repetition-02/lower/python310/lib/python3.10/site-packages/pip/_vendor/rich/__pycache__/padding.cpython-310.pyc
f	644	1000	1000	4602	64	35968559	1785345520.6136928160	results/experiments/toolchain-environment/20260729T171551Z-toolchain-formal01/boots/repetition-02/lower/python312/lib/python3.12/site-packages/pip/_vendor/rich/rule.py
f	644	1000	1000	4610	64	35969255	1785345528.2452351600	results/experiments/toolchain-environment/20260729T171551Z-toolchain-formal01/boots/repetition-02/lower/python312/lib/python3.12/site-packages/pip/_vendor/chardet/__pycache__/sjisprober.cpython-312.pyc
f	644	1000	1000	4617	64	35963653	1785345475.8443195320	results/experiments/toolchain-environment/20260729T171551Z-toolchain-formal01/boots/repetition-02/lower/python310/lib/python3.10/site-packages/setuptools/_vendor/more_itertools/recipes.pyi
f	644	1000	1000	462	64	35966443	1785345496.0796911080	results/experiments/toolchain-environment/20260729T171551Z-toolchain-formal01/boots/repetition-02/lower/python310/lib/python3.10/site-packages/pip/_internal/cli/__pycache__/status_codes.cpython-310.pyc
f	644	1000	1000	46227	64	35966853	1785345502.2394677680	results/experiments/toolchain-environment/20260729T171551Z-toolchain-formal01/boots/repetition-02/lower/python310/lib/python3.10/site-packages/pip/_vendor/chardet/__pycache__/langgreekmodel.cpython-310.pyc
f	644	1000	1000	4625	64	35964477	1785345479.1303798530	results/experiments/toolchain-environment/20260729T171551Z-toolchain-formal01/boots/repetition-02/lower/python310/lib/python3.10/site-packages/setuptools/_distutils/command/__pycache__/build_scripts.cpython-310.pyc
f	644	1000	1000	4630	64	35965911	1785345493.5656449270	results/experiments/toolchain-environment/20260729T171551Z-toolchain-formal01/boots/repetition-02/lower/python310/lib/python3.10/site-packages/pip/_vendor/pygments/sphinxext.py
f	644	1000	1000	4631	64	35963379	1785345474.8633810330	results/experiments/toolchain-environment/20260729T171551Z-toolchain-formal01/boots/repetition-02/lower/python310/lib/python3.10/site-packages/setuptools/_distutils/command/bdist_dumb.py
f	644	1000	1000	4643	64	35967791	1785345517.4035560420	results/experiments/toolchain-environment/20260729T171551Z-toolchain-formal01/boots/repetition-02/lower/python312/lib/python3.12/site-packages/pip/_internal/models/search_scope.py
f	644	1000	1000	4644	64	35965389	1785345491.3696045920	results/experiments/toolchain-environment/20260729T171551Z-toolchain-formal01/boots/repetition-02/lower/python310/lib/python3.10/site-packages/pip/_internal/models/search_scope.py
f	644	1000	1000	4647	64	35969021	1785345525.3324956430	results/experiments/toolchain-environment/20260729T171551Z-toolchain-formal01/boots/repetition-02/lower/python312/lib/python3.12/site-packages/pip/_internal/utils/__pycache__/_jaraco_text.cpython-312.pyc
f	644	1000	1000	4648	64	35964139	1785345477.5753513070	results/experiments/toolchain-environment/20260729T171551Z-toolchain-formal01/boots/repetition-02/lower/python310/lib/python3.10/site-packages/setuptools/_vendor/importlib_metadata-8.0.0.dist-info/METADATA
f	644	1000	1000	465	64	35965593	1785345492.1595425080	results/experiments/toolchain-environment/20260729T171551Z-toolchain-formal01/boots/repetition-02/lower/python310/lib/python3.10/site-packages/pip/_vendor/cachecontrol/__init__.py
f	644	1000	1000	4653	64	35967115	1785345506.2308776170	results/experiments/toolchain-environment/20260729T171551Z-toolchain-formal01/boots/repetition-02/lower/python310/lib/python3.10/site-packages/pip/_vendor/pygments/__pycache__/sphinxext.cpython-310.pyc
f	644	1000	1000	4656	64	35964927	1785345486.8855222430	results/experiments/toolchain-environment/20260729T171551Z-toolchain-formal01/boots/repetition-02/lower/python310/lib/python3.10/site-packages/setuptools/_vendor/wheel/vendored/packaging/__pycache__/utils.cpython-310.pyc
f	644	1000	1000	466	64	35967435	1785345510.9823434740	results/experiments/toolchain-environment/20260729T171551Z-toolchain-formal01/boots/repetition-02/lower/python310/lib/python3.10/site-packages/pip/_vendor/tomli/__pycache__/__init__.cpython-310.pyc
f	644	1000	1000	4661	64	35969069	1785345525.9082748350	results/experiments/toolchain-environment/20260729T171551Z-toolchain-formal01/boots/repetition-02/lower/python312/lib/python3.12/site-packages/pip/_internal/utils/__pycache__/setuptools_build.cpython-312.pyc
f	644	1000	1000	4664	64	35964985	1785345487.7512919290	results/experiments/toolchain-environment/20260729T171551Z-toolchain-formal01/boots/repetition-02/lower/python310/lib/python3.10/site-packages/setuptools/command/__pycache__/install_lib.cpython-310.pyc
f	644	1000	1000	4673	64	35966875	1785345502.4718937700	results/experiments/toolchain-environment/20260729T171551Z-toolchain-formal01/boots/repetition-02/lower/python310/lib/python3.10/site-packages/pip/_vendor/chardet/__pycache__/latin1prober.cpython-310.pyc
f	644	1000	1000	4674	64	35965973	1785345493.7472665610	results/experiments/toolchain-environment/20260729T171551Z-toolchain-formal01/boots/repetition-02/lower/python310/lib/python3.10/site-packages/pip/_vendor/pygments/formatters/terminal.py
f	644	1000	1000	4674	64	35968303	1785345519.3229265940	results/experiments/toolchain-environment/20260729T171551Z-toolchain-formal01/boots/repetition-02/lower/python312/lib/python3.12/site-packages/pip/_vendor/pygments/formatters/terminal.py
f	644	1000	1000	4676	64	35965853	1785345493.3453175100	results/experiments/toolchain-environment/20260729T171551Z-toolchain-formal01/boots/repetition-02/lower/python310/lib/python3.10/site-packages/pip/_vendor/packaging/requirements.py
f	644	1000	1000	4676	64	35968227	1785345519.0232502580	results/experiments/toolchain-environment/20260729T171551Z-toolchain-formal01/boots/repetition-02/lower/python312/lib/python3.12/site-packages/pip/_vendor/packaging/requirements.py
f	644	1000	1000	468	64	35965197	1785345490.4925884850	results/experiments/toolchain-environment/20260729T171551Z-toolchain-formal01/boots/repetition-02/lower/python310/lib/python3.10/site-packages/setuptools/tests/__pycache__/textwrap.cpython-310.pyc
f	644	1000	1000	4681	64	35969167	1785345527.1815743420	results/experiments/toolchain-environment/20260729T171551Z-toolchain-formal01/boots/repetition-02/lower/python312/lib/python3.12/site-packages/pip/_vendor/chardet/__pycache__/escprober.cpython-312.pyc
f	644	1000	1000	4683	64	35969141	1785345526.7896757450	results/experiments/toolchain-environment/20260729T171551Z-toolchain-formal01/boots/repetition-02/lower/python312/lib/python3.12/site-packages/pip/_vendor/chardet/__pycache__/__init__.cpython-312.pyc
f	644	1000	1000	4685	64	35969431	1785345530.7146092520	results/experiments/toolchain-environment/20260729T171551Z-toolchain-formal01/boots/repetition-02/lower/python312/lib/python3.12/site-packages/pip/_vendor/pygments/__pycache__/formatter.cpython-312.pyc
f	644	1000	1000	4690	64	35967117	1785345506.2789221340	results/experiments/toolchain-environment/20260729T171551Z-toolchain-formal01/boots/repetition-02/lower/python310/lib/python3.10/site-packages/pip/_vendor/pygments/__pycache__/style.cpython-310.pyc
f	644	1000	1000	4697	64	35966473	1785345496.4281198000	results/experiments/toolchain-environment/20260729T171551Z-toolchain-formal01/boots/repetition-02/lower/python310/lib/python3.10/site-packages/pip/_internal/commands/__pycache__/index.cpython-310.pyc
f	644	1000	1000	4699	64	35967081	1785345505.6592489890	results/experiments/toolchain-environment/20260729T171551Z-toolchain-formal01/boots/repetition-02/lower/python310/lib/python3.10/site-packages/pip/_vendor/pygments/formatters/__pycache__/irc.cpython-310.pyc
f	644	1000	1000	470	64	35964657	1785345482.1485723980	results/experiments/toolchain-environment/20260729T171551Z-toolchain-formal01/boots/repetition-02/lower/python310/lib/python3.10/site-packages/setuptools/__pycache__/_importlib.cpython-310.pyc
f	644	1000	1000	4704	64	35967385	1785345510.2492100180	results/experiments/toolchain-environment/20260729T171551Z-toolchain-formal01/boots/repetition-02/lower/python310/lib/python3.10/site-packages/pip/_vendor/rich/__pycache__/status.cpython-310.pyc
f	644	1000	1000	4704	64	35967865	1785345517.6801060210	results/experiments/toolchain-environment/20260729T171551Z-toolchain-formal01/boots/repetition-02/lower/python312/lib/python3.12/site-packages/pip/_internal/req/req_set.py
f	644	1000	1000	4709	64	35966723	1785345500.2316061570	results/experiments/toolchain-environment/20260729T171551Z-toolchain-formal01/boots/repetition-02/lower/python310/lib/python3.10/site-packages/pip/_internal/utils/__pycache__/setuptools_build.cpython-310.pyc
f	644	1000	1000	4712	64	35966519	1785345497.1212857730	results/experiments/toolchain-environment/20260729T171551Z-toolchain-formal01/boots/repetition-02/lower/python310/lib/python3.10/site-packages/pip/_internal/locations/__pycache__/_distutils.cpython-310.pyc
f	644	1000	1000	472	64	35966769	1785345500.8600797200	results/experiments/toolchain-environment/20260729T171551Z-toolchain-formal01/boots/repetition-02/lower/python310/lib/python3.10/site-packages/pip/_vendor/cachecontrol/caches/__pycache__/__init__.cpython-310.pyc
f	644	1000	1000	472	64	35968877	1785345523.4201166210	results/experiments/toolchain-environment/20260729T171551Z-toolchain-formal01/boots/repetition-02/lower/python312/lib/python3.12/site-packages/pip/_internal/metadata/importlib/__pycache__/__init__.cpython-312.pyc
f	644	1000	1000	4723	64	35967009	1785345504.6096561150	results/experiments/toolchain-environment/20260729T171551Z-toolchain-formal01/boots/repetition-02/lower/python310/lib/python3.10/site-packages/pip/_vendor/packaging/__pycache__/_musllinux.cpython-310.pyc
f	644	1000	1000	4728	64	35964883	1785345485.9875057530	results/experiments/toolchain-environment/20260729T171551Z-toolchain-formal01/boots/repetition-02/lower/python310/lib/python3.10/site-packages/setuptools/_vendor/wheel/cli/__pycache__/__init__.cpython-310.pyc
f	644	1000	1000	473	64	35964829	1785345485.2084291460	results/experiments/toolchain-environment/20260729T171551Z-toolchain-formal01/boots/repetition-02/lower/python310/lib/python3.10/site-packages/setuptools/_vendor/tomli/__pycache__/__init__.cpython-310.pyc
f	644	1000	1000	4748	64	35969345	1785345529.3773836620	results/experiments/toolchain-environment/20260729T171551Z-toolchain-formal01/boots/repetition-02/lower/python312/lib/python3.12/site-packages/pip/_vendor/idna/__pycache__/codec.cpython-312.pyc
f	644	1000	1000	476	64	35965589	1785345492.1485363870	results/experiments/toolchain-environment/20260729T171551Z-toolchain-formal01/boots/repetition-02/lower/python310/lib/python3.10/site-packages/pip/_vendor/vendor.txt
f	644	1000	1000	4760	64	35963789	1785345476.3733292430	results/experiments/toolchain-environment/20260729T171551Z-toolchain-formal01/boots/repetition-02/lower/python310/lib/python3.10/site-packages/setuptools/_vendor/wheel/cli/tags.py
f	644	1000	1000	4769	64	35964805	1785345484.8374846350	results/experiments/toolchain-environment/20260729T171551Z-toolchain-formal01/boots/repetition-02/lower/python310/lib/python3.10/site-packages/setuptools/_vendor/packaging/__pycache__/utils.cpython-310.pyc
f	644	1000	1000	4773	64	35966207	1785345494.7376664550	results/experiments/toolchain-environment/20260729T171551Z-toolchain-formal01/boots/repetition-02/lower/python310/lib/python3.10/site-packages/pip/_vendor/rich/rule.py
f	644	1000	1000	4775	64	35967699	1785345517.0848034770	results/experiments/toolchain-environment/20260729T171551Z-toolchain-formal01/boots/repetition-02/lower/python312/lib/python3.12/site-packages/pip/_internal/commands/index.py
f	644	1000	1000	4782	64	35967123	1785345506.3714061340	results/experiments/toolchain-environment/20260729T171551Z-toolchain-formal01/boots/repetition-02/lower/python310/lib/python3.10/site-packages/pip/_vendor/pygments/__pycache__/token.cpython-310.pyc
f	644	1000	1000	4784	64	35967205	1785345507.7329578650	results/experiments/toolchain-environment/20260729T171551Z-toolchain-formal01/boots/repetition-02/lower/python310/lib/python3.10/site-packages/pip/_vendor/requests/__pycache__/status_codes.cpython-310.pyc
f	644	1000	1000	4793	64	35965303	1785345490.9885975950	results/experiments/toolchain-environment/20260729T171551Z-toolchain-formal01/boots/repetition-02/lower/python310/lib/python3.10/site-packages/pip/_internal/commands/index.py
f	644	1000	1000	4794	64	35966077	1785345494.1316553240	results/experiments/toolchain-environment/20260729T171551Z-toolchain-formal01/boots/repetition-02/lower/python310/lib/python3.10/site-packages/pip/_vendor/resolvelib/structs.py
f	644	1000	1000	4797	64	35965633	1785345492.3386223900	results/experiments/toolchain-environment/20260729T171551Z-toolchain-formal01/boots/repetition-02/lower/python310/lib/python3.10/site-packages/pip/_vendor/chardet/__init__.py
f	644	1000	1000	4797	64	35968019	1785345518.2208695720	results/experiments/toolchain-environment/20260729T171551Z-toolchain-formal01/boots/repetition-02/lower/python312/lib/python3.12/site-packages/pip/_vendor/chardet/__init__.py
f	644	1000	1000	47997	64	35966857	1785345502.3145459690	results/experiments/toolchain-environment/20260729T171551Z-toolchain-formal01/boots/repetition-02/lower/python310/lib/python3.10/site-packages/pip/_vendor/chardet/__pycache__/langhungarianmodel.cpython-310.pyc
f	644	1000	1000	48	64	35964291	1785345478.0903607610	results/experiments/toolchain-environment/20260729T171551Z-toolchain-formal01/boots/repetition-02/lower/python310/lib/python3.10/site-packages/setuptools/_vendor/typeguard-4.3.0.dist-info/entry_points.txt
f	644	1000	1000	4803	64	35963509	1785345475.3553254000	results/experiments/toolchain-environment/20260729T171551Z-toolchain-formal01/boots/repetition-02/lower/python310/lib/python3.10/site-packages/setuptools/_distutils/tests/test_spawn.py
f	644	1000	1000	48037	64	35966851	1785345502.1952122230	results/experiments/toolchain-environment/20260729T171551Z-toolchain-formal01/boots/repetition-02/lower/python310/lib/python3.10/site-packages/pip/_vendor/chardet/__pycache__/langbulgarianmodel.cpython-310.pyc
f	644	1000	1000	4807	64	35969101	1785345526.3090954890	results/experiments/toolchain-environment/20260729T171551Z-toolchain-formal01/boots/repetition-02/lower/python312/lib/python3.12/site-packages/pip/_vendor/__pycache__/__init__.cpython-312.pyc
f	644	1000	1000	4810	64	35965927	1785345493.6265094740	results/experiments/toolchain-environment/20260729T171551Z-toolchain-formal01/boots/repetition-02/lower/python310/lib/python3.10/site-packages/pip/_vendor/pygments/formatters/__init__.py
f	644	1000	1000	4811	64	35967399	1785345510.4861259230	results/experiments/toolchain-environment/20260729T171551Z-toolchain-formal01/boots/repetition-02/lower/python310/lib/python3.10/site-packages/pip/_vendor/rich/__pycache__/theme.cpython-310.pyc
f	644	1000	1000	4813	64	35964953	1785345487.2815295150	results/experiments/toolchain-environment/20260729T171551Z-toolchain-formal01/boots/repetition-02/lower/python310/lib/python3.10/site-packages/setuptools/command/__pycache__/_requirestxt.cpython-310.pyc
f	644	1000	1000	4814	64	35966877	1785345502.5011238890	results/experiments/toolchain-environment/20260729T171551Z-toolchain-formal01/boots/repetition-02/lower/python310/lib/python3.10/site-packages/pip/_vendor/chardet/__pycache__/macromanprober.cpython-310.pyc
f	644	1000	1000	482	64	35969803	1785345539.6034912570	results/experiments/toolchain-environment/20260729T171551Z-toolchain-formal01/boots/repetition-02/lower/python312/lib/python3.12/site-packages/pip/_vendor/tomli/__pycache__/_types.cpython-312.pyc
f	644	1000	1000	4827	64	35966781	1785345501.0927843330	results/experiments/toolchain-environment/20260729T171551Z-toolchain-formal01/boots/repetition-02/lower/python310/lib/python3.10/site-packages/pip/_vendor/cachecontrol/__pycache__/heuristics.cpython-310.pyc
f	644	1000	1000	4828	64	35968001	1785345518.1592964710	results/experiments/toolchain-environment/20260729T171551Z-toolchain-formal01/boots/repetition-02/lower/python312/lib/python3.12/site-packages/pip/_vendor/cachecontrol/heuristics.py
f	644	1000	1000	4831	64	35965541	1785345491.9216147310	results/experiments/toolchain-environment/20260729T171551Z-toolchain-formal01/boots/repetition-02/lower/python310/lib/python3.10/site-packages/pip/_internal/utils/hashes.py
f	644	1000	1000	4832	64	35967825	1785345517.5178240690	results/experiments/toolchain-environment/20260729T171551Z-toolchain-formal01/boots/repetition-02/lower/python312/lib/python3.12/site-packages/pip/_internal/operations/build/build_tracker.py
f	644	1000	1000	48398	64	35963691	1785345475.9983223590	results/experiments/toolchain-environment/20260729T171551Z-toolchain-formal01/boots/repetition-02/lower/python310/lib/python3.10/site-packages/setuptools/_vendor/packaging/licenses/_spdx.py
f	644	1000	1000	4840	64	35968825	1785345522.7158926990	results/experiments/toolchain-environment/20260729T171551Z-toolchain-formal01/boots/repetition-02/lower/python312/lib/python3.12/site-packages/pip/_internal/commands/__pycache__/uninstall.cpython-312.pyc
f	644	1000	1000	4841	64	35966529	1785345497.2406446690	results/experiments/toolchain-environment/20260729T171551Z-toolchain-formal01/boots/repetition-02/lower/python310/lib/python3.10/site-packages/pip/_internal/metadata/__pycache__/__init__.cpython-310.pyc
f	644	1000	1000	4855	64	35963247	1785345474.4536340800	results/experiments/toolchain-environment/20260729T171551Z-toolchain-formal01/boots/repetition-02/lower/python310/lib/python3.10/site-packages/setuptools/_static.py
f	644	1000	1000	4858	64	35967327	1785345509.4579532660	results/experiments/toolchain-environment/20260729T171551Z-toolchain-formal01/boots/repetition-02/lower/python310/lib/python3.10/site-packages/pip/_vendor/rich/__pycache__/json.cpython-310.pyc
f	644	1000	1000	48617	64	35969511	1785345533.1973734090	results/experiments/toolchain-environment/20260729T171551Z-toolchain-formal01/boots/repetition-02/lower/python312/lib/python3.12/site-packages/pip/_vendor/pyparsing/__pycache__/helpers.cpython-312.pyc
f	644	1000	1000	4872	64	35969479	1785345532.2163553640	results/experiments/toolchain-environment/20260729T171551Z-toolchain-formal01/boots/repetition-02/lower/python312/lib/python3.12/site-packages/pip/_vendor/pygments/__pycache__/scanner.cpython-312.pyc
f	644	1000	1000	4872	64	35969887	1785345542.1375378810	results/experiments/toolchain-environment/20260729T171551Z-toolchain-formal01/boots/repetition-02/lower/python312/lib/python3.12/site-packages/pip/_vendor/urllib3/util/__pycache__/connection.cpython-312.pyc
f	644	1000	1000	488	64	35967223	1785345507.9328585160	results/experiments/toolchain-environment/20260729T171551Z-toolchain-formal01/boots/repetition-02/lower/python310/lib/python3.10/site-packages/pip/_vendor/resolvelib/compat/__pycache__/collections_abc.cpython-310.pyc
f	644	1000	1000	489	64	35968789	1785345522.0611773500	results/experiments/toolchain-environment/20260729T171551Z-toolchain-formal01/boots/repetition-02/lower/python312/lib/python3.12/site-packages/pip/_internal/cli/__pycache__/status_codes.cpython-312.pyc
f	644	1000	1000	490	64	35969525	1785345533.6203811900	results/experiments/toolchain-environment/20260729T171551Z-toolchain-formal01/boots/repetition-02/lower/python312/lib/python3.12/site-packages/pip/_vendor/pyproject_hooks/__pycache__/_compat.cpython-312.pyc
f	644	1000	1000	4900	64	35964315	1785345478.1690973720	results/experiments/toolchain-environment/20260729T171551Z-toolchain-formal01/boots/repetition-02/lower/python310/lib/python3.10/site-packages/setuptools/_vendor/wheel-0.45.1.dist-info/RECORD
f	644	1000	1000	4901	64	35966349	1785345495.3326773850	results/experiments/toolchain-environment/20260729T171551Z-toolchain-formal01/boots/repetition-02/lower/python310/lib/python3.10/site-packages/pip/_vendor/urllib3/util/connection.py
f	644	1000	1000	4901	64	35968709	1785345521.2566369460	results/experiments/toolchain-environment/20260729T171551Z-toolchain-formal01/boots/repetition-02/lower/python312/lib/python3.12/site-packages/pip/_vendor/urllib3/util/connection.py
f	644	1000	1000	4902	64	35964995	1785345487.8846382660	results/experiments/toolchain-environment/20260729T171551Z-toolchain-formal01/boots/repetition-02/lower/python310/lib/python3.10/site-packages/setuptools/command/__pycache__/setopt.cpython-310.pyc
f	644	1000	1000	491	64	35966017	1785345493.9166513750	results/experiments/toolchain-environment/20260729T171551Z-toolchain-formal01/boots/repetition-02/lower/python310/lib/python3.10/site-packages/pip/_vendor/pyproject_hooks/__init__.py
f	644	1000	1000	491	64	35968367	1785345519.5951574380	results/experiments/toolchain-environment/20260729T171551Z-toolchain-formal01/boots/repetition-02/lower/python312/lib/python3.12/site-packages/pip/_vendor/pyproject_hooks/__init__.py
f	644	1000	1000	4910	64	35965877	1785345493.4316424660	results/experiments/toolchain-environment/20260729T171551Z-toolchain-formal01/boots/repetition-02/lower/python310/lib/python3.10/site-packages/pip/_vendor/platformdirs/api.py
f	644	1000	1000	4915	64	35967085	1785345505.7326508510	results/experiments/toolchain-environment/20260729T171551Z-toolchain-formal01/boots/repetition-02/lower/python310/lib/python3.10/site-packages/pip/_vendor/pygments/formatters/__pycache__/other.cpython-310.pyc
f	644	1000	1000	4922	64	35969775	1785345539.1843771830	results/experiments/toolchain-environment/20260729T171551Z-toolchain-formal01/boots/repetition-02/lower/python312/lib/python3.12/site-packages/pip/_vendor/tenacity/__pycache__/_asyncio.cpython-312.pyc
f	644	1000	1000	493	64	35963907	1785345476.8323376680	results/experiments/toolchain-environment/20260729T171551Z-toolchain-formal01/boots/repetition-02/lower/python310/lib/python3.10/site-packages/setuptools/compat/py39.py
f	644	1000	1000	493	64	35963911	1785345476.8399491930	results/experiments/toolchain-environment/20260729T171551Z-toolchain-formal01/boots/repetition-02/lower/python310/lib/python3.10/site-packages/setuptools/config/NOTICE
f	644	1000	1000	493	64	35968733	1785345521.3926607180	results/experiments/toolchain-environment/20260729T171551Z-toolchain-formal01/boots/repetition-02/lower/python312/lib/python3.12/site-packages/pip/_vendor/vendor.txt
f	644	1000	1000	49330	64	35965809	1785345493.1806378560	results/experiments/toolchain-environment/20260729T171551Z-toolchain-formal01/boots/repetition-02/lower/python310/lib/python3.10/site-packages/pip/_vendor/distro/distro.py
f	644	1000	1000	49330	64	35968183	1785345518.8583523250	results/experiments/toolchain-environment/20260729T171551Z-toolchain-formal01/boots/repetition-02/lower/python312/lib/python3.12/site-packages/pip/_vendor/distro/distro.py
f	644	1000	1000	494	64	35963657	1785345475.8534733230	results/experiments/toolchain-environment/20260729T171551Z-toolchain-formal01/boots/repetition-02/lower/python310/lib/python3.10/site-packages/setuptools/_vendor/packaging/__init__.py
f	644	1000	1000	494	64	35964379	1785345478.6363707840	results/experiments/toolchain-environment/20260729T171551Z-toolchain-formal01/boots/repetition-02/lower/python310/lib/python3.10/site-packages/setuptools/_distutils/__pycache__/__init__.cpython-310.pyc
f	644	1000	1000	4946	64	35963393	1785345474.9180281350	results/experiments/toolchain-environment/20260729T171551Z-toolchain-formal01/boots/repetition-02/lower/python310/lib/python3.10/site-packages/setuptools/_distutils/command/check.py
f	644	1000	1000	4963	64	35968433	1785345519.8996753550	results/experiments/toolchain-environment/20260729T171551Z-toolchain-formal01/boots/repetition-02/lower/python312/lib/python3.12/site-packages/pip/_vendor/resolvelib/structs.py
f	644	1000	1000	4965	64	35964401	1785345478.8985750460	results/experiments/toolchain-environment/20260729T171551Z-toolchain-formal01/boots/repetition-02/lower/python310/lib/python3.10/site-packages/setuptools/_distutils/command/__pycache__/bdist.cpython-310.pyc
f	644	1000	1000	4966	64	35965583	1785345492.1176683960	results/experiments/toolchain-environment/20260729T171551Z-toolchain-formal01/boots/repetition-02/lower/python310/lib/python3.10/site-packages/pip/_vendor/__init__.py
f	644	1000	1000	497	64	35965843	1785345493.3026400970	results/experiments/toolchain-environment/20260729T171551Z-toolchain-formal01/boots/repetition-02/lower/python310/lib/python3.10/site-packages/pip/_vendor/packaging/__init__.py
f	644	1000	1000	497	64	35968217	1785345518.9834030030	results/experiments/toolchain-environment/20260729T171551Z-toolchain-formal01/boots/repetition-02/lower/python312/lib/python3.12/site-packages/pip/_vendor/packaging/__init__.py
f	644	1000	1000	4970	64	35966185	1785345494.6324963340	results/experiments/toolchain-environment/20260729T171551Z-toolchain-formal01/boots/repetition-02/lower/python310/lib/python3.10/site-packages/pip/_vendor/rich/padding.py
f	644	1000	1000	4970	64	35968537	1785345520.4813818460	results/experiments/toolchain-environment/20260729T171551Z-toolchain-formal01/boots/repetition-02/lower/python312/lib/python3.12/site-packages/pip/_vendor/rich/padding.py
f	644	1000	1000	4978	64	35966667	1785345499.3886441200	results/experiments/toolchain-environment/20260729T171551Z-toolchain-formal01/boots/repetition-02/lower/python310/lib/python3.10/site-packages/pip/_internal/resolution/resolvelib/__pycache__/found_candidates.cpython-310.pyc
f	644	1000	1000	498	64	35966353	1785345495.3526564380	results/experiments/toolchain-environment/20260729T171551Z-toolchain-formal01/boots/repetition-02/lower/python310/lib/python3.10/site-packages/pip/_vendor/urllib3/util/queue.py
f	644	1000	1000	498	64	35968713	1785345521.2777906040	results/experiments/toolchain-environment/20260729T171551Z-toolchain-formal01/boots/repetition-02/lower/python312/lib/python3.12/site-packages/pip/_vendor/urllib3/util/queue.py
f	644	1000	1000	4981	64	35968291	1785345519.2551267650	results/experiments/toolchain-environment/20260729T171551Z-toolchain-formal01/boots/repetition-02/lower/python312/lib/python3.12/site-packages/pip/_vendor/pygments/formatters/irc.py
f	644	1000	1000	4993	64	35967977	1785345518.0794889900	results/experiments/toolchain-environment/20260729T171551Z-toolchain-formal01/boots/repetition-02/lower/python312/lib/python3.12/site-packages/pip/_vendor/__init__.py
f	644	1000	1000	5	64	35964337	1785345478.2453636070	results/experiments/toolchain-environment/20260729T171551Z-toolchain-formal01/boots/repetition-02/lower/python310/lib/python3.10/site-packages/setuptools/_vendor/zipp-3.19.2.dist-info/top_level.txt
f	644	1000	1000	50	64	35965399	1785345491.4106269840	results/experiments/toolchain-environment/20260729T171551Z-toolchain-formal01/boots/repetition-02/lower/python310/lib/python3.10/site-packages/pip/_internal/network/__init__.py
f	644	1000	1000	50	64	35967801	1785345517.4343528660	results/experiments/toolchain-environment/20260729T171551Z-toolchain-formal01/boots/repetition-02/lower/python312/lib/python3.12/site-packages/pip/_internal/network/__init__.py
f	644	1000	1000	500	64	35969797	1785345539.4901434370	results/experiments/toolchain-environment/20260729T171551Z-toolchain-formal01/boots/repetition-02/lower/python312/lib/python3.12/site-packages/pip/_vendor/tomli/__pycache__/__init__.cpython-312.pyc
f	644	1000	1000	5010	64	35969695	1785345538.0264622440	results/experiments/toolchain-environment/20260729T171551Z-toolchain-formal01/boots/repetition-02/lower/python312/lib/python3.12/site-packages/pip/_vendor/rich/__pycache__/live_render.cpython-312.pyc
f	644	1000	1000	5014	64	35964421	1785345493.7264797690	results/experiments/toolchain-environment/20260729T171551Z-toolchain-formal01/boots/repetition-02/lower/python310/lib/python3.10/site-packages/pip/_vendor/pygments/formatters/rtf.py
f	644	1000	1000	5014	64	35968299	1785345519.2987725800	results/experiments/toolchain-environment/20260729T171551Z-toolchain-formal01/boots/repetition-02/lower/python312/lib/python3.12/site-packages/pip/_vendor/pygments/formatters/rtf.py
f	644	1000	1000	5019	64	35968779	1785345521.8718923520	results/experiments/toolchain-environment/20260729T171551Z-toolchain-formal01/boots/repetition-02/lower/python312/lib/python3.12/site-packages/pip/_internal/cli/__pycache__/main_parser.cpython-312.pyc
f	644	1000	1000	5019	64	35969295	1785345528.6260799410	results/experiments/toolchain-environment/20260729T171551Z-toolchain-formal01/boots/repetition-02/lower/python312/lib/python3.12/site-packages/pip/_vendor/colorama/tests/__pycache__/isatty_test.cpython-312.pyc
f	644	1000	1000	5032	64	35968521	1785345520.4025632060	results/experiments/toolchain-environment/20260729T171551Z-toolchain-formal01/boots/repetition-02/lower/python312/lib/python3.12/site-packages/pip/_vendor/rich/json.py
f	644	1000	1000	5033	64	35965597	1785345492.1836195430	results/experiments/toolchain-environment/20260729T171551Z-toolchain-formal01/boots/repetition-02/lower/python310/lib/python3.10/site-packages/pip/_vendor/cachecontrol/adapter.py
f	644	1000	1000	5038	64	35964479	1785345479.1634318950	results/experiments/toolchain-environment/20260729T171551Z-toolchain-formal01/boots/repetition-02/lower/python310/lib/python3.10/site-packages/setuptools/_distutils/command/__pycache__/check.cpython-310.pyc
f	644	1000	1000	5049	64	35969009	1785345525.1945250770	results/experiments/toolchain-environment/20260729T171551Z-toolchain-formal01/boots/repetition-02/lower/python312/lib/python3.12/site-packages/pip/_internal/resolution/resolvelib/__pycache__/reporter.cpython-312.pyc
f	644	1000	1000	5050	64	35963683	1785345475.9692455170	results/experiments/toolchain-environment/20260729T171551Z-toolchain-formal01/boots/repetition-02/lower/python310/lib/python3.10/site-packages/setuptools/_vendor/packaging/utils.py
f	644	1000	1000	5053	64	35966169	1785345494.5586631670	results/experiments/toolchain-environment/20260729T171551Z-toolchain-formal01/boots/repetition-02/lower/python310/lib/python3.10/site-packages/pip/_vendor/rich/json.py
f	644	1000	1000	5058	64	35965777	1785345492.9736340540	results/experiments/toolchain-environment/20260729T171551Z-toolchain-formal01/boots/repetition-02/lower/python310/lib/python3.10/site-packages/pip/_vendor/distlib/markers.py
f	644	1000	1000	5068	64	35968909	1785345523.8572248920	results/experiments/toolchain-environment/20260729T171551Z-toolchain-formal01/boots/repetition-02/lower/python312/lib/python3.12/site-packages/pip/_internal/models/__pycache__/target_python.cpython-312.pyc
f	644	1000	1000	5072	64	35966771	1785345500.9024174080	results/experiments/toolchain-environment/20260729T171551Z-toolchain-formal01/boots/repetition-02/lower/python310/lib/python3.10/site-packages/pip/_vendor/cachecontrol/caches/__pycache__/file_cache.cpython-310.pyc
f	644	1000	1000	5073	64	35965953	1785345493.7075682230	results/experiments/toolchain-environment/20260729T171551Z-toolchain-formal01/boots/repetition-02/lower/python310/lib/python3.10/site-packages/pip/_vendor/pygments/formatters/other.py
f	644	1000	1000	5073	64	35966441	1785345496.0524725390	results/experiments/toolchain-environment/20260729T171551Z-toolchain-formal01/boots/repetition-02/lower/python310/lib/python3.10/site-packages/pip/_internal/cli/__pycache__/spinners.cpython-310.pyc
f	644	1000	1000	5073	64	35968295	1785345519.2770539730	results/experiments/toolchain-environment/20260729T171551Z-toolchain-formal01/boots/repetition-02/lower/python312/lib/python3.12/site-packages/pip/_vendor/pygments/formatters/other.py
f	644	1000	1000	508	64	35964673	1785345482.4054399810	results/experiments/toolchain-environment/20260729T171551Z-toolchain-formal01/boots/repetition-02/lower/python310/lib/python3.10/site-packages/setuptools/_vendor/autocommand/__pycache__/__init__.cpython-310.pyc
f	644	1000	1000	5085	64	35968967	1785345524.6375244490	results/experiments/toolchain-environment/20260729T171551Z-toolchain-formal01/boots/repetition-02/lower/python312/lib/python3.12/site-packages/pip/_internal/__pycache__/pyproject.cpython-312.pyc
f	644	1000	1000	5086	64	35965933	1785345493.6576466180	results/experiments/toolchain-environment/20260729T171551Z-toolchain-formal01/boots/repetition-02/lower/python310/lib/python3.10/site-packages/pip/_vendor/pygments/formatters/groff.py
f	644	1000	1000	5093	64	35964601	1785345481.0935356640	results/experiments/toolchain-environment/20260729T171551Z-toolchain-formal01/boots/repetition-02/lower/python310/lib/python3.10/site-packages/setuptools/_distutils/tests/__pycache__/test_dir_util.cpython-310.pyc
f	644	1000	1000	5094	64	35968285	1785345519.2262714750	results/experiments/toolchain-environment/20260729T171551Z-toolchain-formal01/boots/repetition-02/lower/python312/lib/python3.12/site-packages/pip/_vendor/pygments/formatters/groff.py
f	644	1000	1000	51	64	35965455	1785345491.5872638430	results/experiments/toolchain-environment/20260729T171551Z-toolchain-formal01/boots/repetition-02/lower/python310/lib/python3.10/site-packages/pip/_internal/operations/install/__init__.py
f	644	1000	1000	51	64	35967845	1785345517.6020866240	results/experiments/toolchain-environment/20260729T171551Z-toolchain-formal01/boots/repetition-02/lower/python312/lib/python3.12/site-packages/pip/_internal/operations/install/__init__.py
f	644	1000	1000	5100	64	35963893	1785345476.7903008750	results/experiments/toolchain-environment/20260729T171551Z-toolchain-formal01/boots/repetition-02/lower/python310/lib/python3.10/site-packages/setuptools/command/setopt.py
f	644	1000	1000	5106	64	35966499	1785345496.8608301150	results/experiments/toolchain-environment/20260729T171551Z-toolchain-formal01/boots/repetition-02/lower/python310/lib/python3.10/site-packages/pip/_internal/distributions/__pycache__/sdist.cpython-310.pyc
f	644	1000	1000	5110	64	35963281	1785345474.5572959090	results/experiments/toolchain-environment/20260729T171551Z-toolchain-formal01/boots/repetition-02/lower/python310/lib/python3.10/site-packages/setuptools/installer.py
f	644	1000	1000	5118	64	35963391	1785345474.9104815140	results/experiments/toolchain-environment/20260729T171551Z-toolchain-formal01/boots/repetition-02/lower/python310/lib/python3.10/site-packages/setuptools/_distutils/command/build_scripts.py
f	644	1000	1000	5118	64	35965277	1785345490.8715954460	results/experiments/toolchain-environment/20260729T171551Z-toolchain-formal01/boots/repetition-02/lower/python310/lib/python3.10/site-packages/pip/_internal/cli/spinners.py
f	644	1000	1000	5118	64	35967673	1785345516.9875556520	results/experiments/toolchain-environment/20260729T171551Z-toolchain-formal01/boots/repetition-02/lower/python312/lib/python3.12/site-packages/pip/_internal/cli/spinners.py
f	644	1000	1000	5118	64	35967935	1785345517.9326284020	results/experiments/toolchain-environment/20260729T171551Z-toolchain-formal01/boots/repetition-02/lower/python312/lib/python3.12/site-packages/pip/_internal/utils/hashes.py
f	644	1000	1000	5122	64	35965429	1785345491.4875267170	results/experiments/toolchain-environment/20260729T171551Z-toolchain-formal01/boots/repetition-02/lower/python310/lib/python3.10/site-packages/pip/_internal/operations/check.py
f	644	1000	1000	5122	64	35965535	1785345491.8976142900	results/experiments/toolchain-environment/20260729T171551Z-toolchain-formal01/boots/repetition-02/lower/python310/lib/python3.10/site-packages/pip/_internal/utils/filesystem.py
f	644	1000	1000	5122	64	35967929	1785345517.9100335700	results/experiments/toolchain-environment/20260729T171551Z-toolchain-formal01/boots/repetition-02/lower/python312/lib/python3.12/site-packages/pip/_internal/utils/filesystem.py
f	644	1000	1000	5133	64	35969151	1785345526.9492584920	results/experiments/toolchain-environment/20260729T171551Z-toolchain-formal01/boots/repetition-02/lower/python312/lib/python3.12/site-packages/pip/_vendor/chardet/__pycache__/charsetprober.cpython-312.pyc
f	644	1000	1000	5137	64	35969087	1785345526.1370182980	results/experiments/toolchain-environment/20260729T171551Z-toolchain-formal01/boots/repetition-02/lower/python312/lib/python3.12/site-packages/pip/_internal/vcs/__pycache__/bazaar.cpython-312.pyc
f	644	1000	1000	5142	64	35963985	1785345477.1071110310	results/experiments/toolchain-environment/20260729T171551Z-toolchain-formal01/boots/repetition-02/lower/python310/lib/python3.10/site-packages/setuptools/tests/test_develop.py
f	644	1000	1000	5145	64	35966951	1785345503.7039581610	results/experiments/toolchain-environment/20260729T171551Z-toolchain-formal01/boots/repetition-02/lower/python310/lib/python3.10/site-packages/pip/_vendor/distlib/__pycache__/markers.cpython-310.pyc
f	644	1000	1000	515	64	35967645	1785345516.8873176680	results/experiments/toolchain-environment/20260729T171551Z-toolchain-formal01/boots/repetition-02/lower/python312/lib/python3.12/site-packages/pip/_internal/__init__.py
f	644	1000	1000	5154	64	35967553	1785345512.4505065320	results/experiments/toolchain-environment/20260729T171551Z-toolchain-formal01/boots/repetition-02/lower/python310/lib/python3.10/site-packages/pip/_vendor/webencodings/__pycache__/tests.cpython-310.pyc
f	644	1000	1000	5169	64	35968381	1785345519.6381240560	results/experiments/toolchain-environment/20260729T171551Z-toolchain-formal01/boots/repetition-02/lower/python312/lib/python3.12/site-packages/pip/_vendor/requests/__init__.py
f	644	1000	1000	51697	64	35965769	1785345492.9196330620	results/experiments/toolchain-environment/20260729T171551Z-toolchain-formal01/boots/repetition-02/lower/python310/lib/python3.10/site-packages/pip/_vendor/distlib/database.py
f	644	1000	1000	5171	64	35966745	1785345500.5334349120	results/experiments/toolchain-environment/20260729T171551Z-toolchain-formal01/boots/repetition-02/lower/python310/lib/python3.10/site-packages/pip/_internal/vcs/__pycache__/mercurial.cpython-310.pyc
f	644	1000	1000	5173	64	35967885	1785345517.7420495550	results/experiments/toolchain-environment/20260729T171551Z-toolchain-formal01/boots/repetition-02/lower/python312/lib/python3.12/site-packages/pip/_internal/resolution/resolvelib/base.py
f	644	1000	1000	51767	64	35968159	1785345518.7651080060	results/experiments/toolchain-environment/20260729T171551Z-toolchain-formal01/boots/repetition-02/lower/python312/lib/python3.12/site-packages/pip/_vendor/distlib/locators.py
f	644	1000	1000	5178	64	35966031	1785345493.9602391210	results/experiments/toolchain-environment/20260729T171551Z-toolchain-formal01/boots/repetition-02/lower/python310/lib/python3.10/site-packages/pip/_vendor/requests/__init__.py
f	644	1000	1000	51806	64	35966959	1785345503.8548340570	results/experiments/toolchain-environment/20260729T171551Z-toolchain-formal01/boots/repetition-02/lower/python310/lib/python3.10/site-packages/pip/_vendor/distlib/__pycache__/util.cpython-310.pyc
f	644	1000	1000	5187	64	35967341	1785345509.6885716730	results/experiments/toolchain-environment/20260729T171551Z-toolchain-formal01/boots/repetition-02/lower/python310/lib/python3.10/site-packages/pip/_vendor/rich/__pycache__/measure.cpython-310.pyc
f	644	1000	1000	5187	64	35969911	1785345542.4165430150	results/experiments/toolchain-environment/20260729T171551Z-toolchain-formal01/boots/repetition-02/lower/python312/lib/python3.12/site-packages/pip/_vendor/urllib3/util/__pycache__/ssl_match_hostname.cpython-312.pyc
f	644	1000	1000	5190	64	35964471	1785345479.0243779080	results/experiments/toolchain-environment/20260729T171551Z-toolchain-formal01/boots/repetition-02/lower/python310/lib/python3.10/site-packages/setuptools/_distutils/command/__pycache__/build_clib.cpython-310.pyc
f	644	1000	1000	51965	64	35968155	1785345518.7482682410	results/experiments/toolchain-environment/20260729T171551Z-toolchain-formal01/boots/repetition-02/lower/python312/lib/python3.12/site-packages/pip/_vendor/distlib/database.py
f	644	1000	1000	5197	64	35963951	1785345476.9893761860	results/experiments/toolchain-environment/20260729T171551Z-toolchain-formal01/boots/repetition-02/lower/python310/lib/python3.10/site-packages/setuptools/tests/fixtures.py
f	644	1000	1000	51976	64	35969331	1785345529.2143001490	results/experiments/toolchain-environment/20260729T171551Z-toolchain-formal01/boots/repetition-02/lower/python312/lib/python3.12/site-packages/pip/_vendor/distlib/__pycache__/wheel.cpython-312.pyc
f	644	1000	1000	51991	64	35965773	1785345492.9446335210	results/experiments/toolchain-environment/20260729T171551Z-toolchain-formal01/boots/repetition-02/lower/python310/lib/python3.10/site-packages/pip/_vendor/distlib/locators.py
f	644	1000	1000	5202	64	35968905	1785345523.8040975190	results/experiments/toolchain-environment/20260729T171551Z-toolchain-formal01/boots/repetition-02/lower/python312/lib/python3.12/site-packages/pip/_internal/models/__pycache__/search_scope.cpython-312.pyc
f	644	1000	1000	5205	64	35963367	1785345474.8265232390	results/experiments/toolchain-environment/20260729T171551Z-toolchain-formal01/boots/repetition-02/lower/python310/lib/python3.10/site-packages/setuptools/_distutils/versionpredicate.py
f	644	1000	1000	5208	64	35967257	1785345508.4811300400	results/experiments/toolchain-environment/20260729T171551Z-toolchain-formal01/boots/repetition-02/lower/python310/lib/python3.10/site-packages/pip/_vendor/rich/__pycache__/_palettes.cpython-310.pyc
f	644	1000	1000	5210	64	35966693	1785345499.7693300910	results/experiments/toolchain-environment/20260729T171551Z-toolchain-formal01/boots/repetition-02/lower/python310/lib/python3.10/site-packages/pip/_internal/utils/__pycache__/deprecation.cpython-310.pyc
f	644	1000	1000	522	64	35963415	1785345474.9973039850	results/experiments/toolchain-environment/20260729T171551Z-toolchain-formal01/boots/repetition-02/lower/python310/lib/python3.10/site-packages/setuptools/_distutils/compat/__init__.py
f	644	1000	1000	5220	64	35965493	1785345491.7206110390	results/experiments/toolchain-environment/20260729T171551Z-toolchain-formal01/boots/repetition-02/lower/python310/lib/python3.10/site-packages/pip/_internal/resolution/resolvelib/base.py
f	644	1000	1000	5238	64	35964571	1785345480.4274036650	results/experiments/toolchain-environment/20260729T171551Z-toolchain-formal01/boots/repetition-02/lower/python310/lib/python3.10/site-packages/setuptools/_distutils/tests/__pycache__/support.cpython-310.pyc
f	644	1000	1000	5238	64	35965575	1785345492.0886177980	results/experiments/toolchain-environment/20260729T171551Z-toolchain-formal01/boots/repetition-02/lower/python310/lib/python3.10/site-packages/pip/_internal/vcs/mercurial.py
f	644	1000	1000	524	64	35963327	1785345474.6896447780	results/experiments/toolchain-environment/20260729T171551Z-toolchain-formal01/boots/repetition-02/lower/python310/lib/python3.10/site-packages/setuptools/_distutils/ccompiler.py
f	644	1000	1000	5249	64	35967967	1785345518.0498812810	results/experiments/toolchain-environment/20260729T171551Z-toolchain-formal01/boots/repetition-02/lower/python312/lib/python3.12/site-packages/pip/_internal/vcs/mercurial.py
f	644	1000	1000	5252	64	35965047	1785345488.5525528560	results/experiments/toolchain-environment/20260729T171551Z-toolchain-formal01/boots/repetition-02/lower/python310/lib/python3.10/site-packages/setuptools/__pycache__/glob.cpython-310.pyc
f	644	1000	1000	5257	64	35964525	1785345479.8103426970	results/experiments/toolchain-environment/20260729T171551Z-toolchain-formal01/boots/repetition-02/lower/python310/lib/python3.10/site-packages/setuptools/_distutils/compilers/C/tests/__pycache__/test_msvc.cpython-310.pyc
f	644	1000	1000	5268	64	35963829	1785345476.5636591970	results/experiments/toolchain-environment/20260729T171551Z-toolchain-formal01/boots/repetition-02/lower/python310/lib/python3.10/site-packages/setuptools/_vendor/wheel/vendored/packaging/utils.py
f	644	1000	1000	5268	64	35967261	1785345508.5585310160	results/experiments/toolchain-environment/20260729T171551Z-toolchain-formal01/boots/repetition-02/lower/python310/lib/python3.10/site-packages/pip/_vendor/rich/__pycache__/_ratio.cpython-310.pyc
f	644	1000	1000	5268	64	35968163	1785345518.7818272140	results/experiments/toolchain-environment/20260729T171551Z-toolchain-formal01/boots/repetition-02/lower/python312/lib/python3.12/site-packages/pip/_vendor/distlib/markers.py
f	644	1000	1000	5270	64	35963757	1785345476.2505557930	results/experiments/toolchain-environment/20260729T171551Z-toolchain-formal01/boots/repetition-02/lower/python310/lib/python3.10/site-packages/setuptools/_vendor/typeguard/_utils.py
f	644	1000	1000	5271	64	35965617	1785345492.2666040210	results/experiments/toolchain-environment/20260729T171551Z-toolchain-formal01/boots/repetition-02/lower/python310/lib/python3.10/site-packages/pip/_vendor/cachecontrol/caches/file_cache.py
f	644	1000	1000	5273	64	35963669	1785345475.9046587610	results/experiments/toolchain-environment/20260729T171551Z-toolchain-formal01/boots/repetition-02/lower/python310/lib/python3.10/site-packages/setuptools/_vendor/packaging/_tokenizer.py
f	644	1000	1000	5276	64	35969617	1785345536.0184253020	results/experiments/toolchain-environment/20260729T171551Z-toolchain-formal01/boots/repetition-02/lower/python312/lib/python3.12/site-packages/pip/_vendor/rich/__pycache__/_palettes.cpython-312.pyc
f	644	1000	1000	5278	64	35966935	1785345503.4623367740	results/experiments/toolchain-environment/20260729T171551Z-toolchain-formal01/boots/repetition-02/lower/python310/lib/python3.10/site-packages/pip/_vendor/colorama/__pycache__/winterm.cpython-310.pyc
f	644	1000	1000	5289	64	35965295	1785345490.9495968790	results/experiments/toolchain-environment/20260729T171551Z-toolchain-formal01/boots/repetition-02/lower/python310/lib/python3.10/site-packages/pip/_internal/commands/download.py
f	644	1000	1000	5292	64	35963819	1785345476.5082346500	results/experiments/toolchain-environment/20260729T171551Z-toolchain-formal01/boots/repetition-02/lower/python310/lib/python3.10/site-packages/setuptools/_vendor/wheel/vendored/packaging/_tokenizer.py
f	644	1000	1000	5301	64	35964669	1785345482.3464388970	results/experiments/toolchain-environment/20260729T171551Z-toolchain-formal01/boots/repetition-02/lower/python310/lib/python3.10/site-packages/setuptools/__pycache__/_static.cpython-310.pyc
f	644	1000	1000	5305	64	35966183	1785345494.6235028450	results/experiments/toolchain-environment/20260729T171551Z-toolchain-formal01/boots/repetition-02/lower/python310/lib/python3.10/site-packages/pip/_vendor/rich/measure.py
f	644	1000	1000	5305	64	35968535	1785345520.4735312900	results/experiments/toolchain-environment/20260729T171551Z-toolchain-formal01/boots/repetition-02/lower/python312/lib/python3.12/site-packages/pip/_vendor/rich/measure.py
f	644	1000	1000	5306	64	35968799	1785345522.1983076550	results/experiments/toolchain-environment/20260729T171551Z-toolchain-formal01/boots/repetition-02/lower/python312/lib/python3.12/site-packages/pip/_internal/commands/__pycache__/completion.cpython-312.pyc
f	644	1000	1000	531	64	35965007	1785345488.0145429760	results/experiments/toolchain-environment/20260729T171551Z-toolchain-formal01/boots/repetition-02/lower/python310/lib/python3.10/site-packages/setuptools/compat/__pycache__/py312.cpython-310.pyc
f	644	1000	1000	5313	64	35967039	1785345505.0707064660	results/experiments/toolchain-environment/20260729T171551Z-toolchain-formal01/boots/repetition-02/lower/python310/lib/python3.10/site-packages/pip/_vendor/platformdirs/__pycache__/api.cpython-310.pyc
f	644	1000	1000	5316	64	35964863	1785345485.7245297310	results/experiments/toolchain-environment/20260729T171551Z-toolchain-formal01/boots/repetition-02/lower/python310/lib/python3.10/site-packages/setuptools/_vendor/typeguard/__pycache__/_utils.cpython-310.pyc
f	644	1000	1000	5325	64	35969689	1785345537.8844596310	results/experiments/toolchain-environment/20260729T171551Z-toolchain-formal01/boots/repetition-02/lower/python312/lib/python3.12/site-packages/pip/_vendor/rich/__pycache__/jupyter.cpython-312.pyc
f	644	1000	1000	5332	64	35966711	1785345500.0487666300	results/experiments/toolchain-environment/20260729T171551Z-toolchain-formal01/boots/repetition-02/lower/python310/lib/python3.10/site-packages/pip/_internal/utils/__pycache__/hashes.cpython-310.pyc
f	644	1000	1000	5335	64	35967691	1785345517.0535688520	results/experiments/toolchain-environment/20260729T171551Z-toolchain-formal01/boots/repetition-02/lower/python312/lib/python3.12/site-packages/pip/_internal/commands/download.py
f	644	1000	1000	53376	64	35965983	1785345493.7926490970	results/experiments/toolchain-environment/20260729T171551Z-toolchain-formal01/boots/repetition-02/lower/python310/lib/python3.10/site-packages/pip/_vendor/pygments/lexers/python.py
f	644	1000	1000	53424	64	35968315	1785345519.3902198670	results/experiments/toolchain-environment/20260729T171551Z-toolchain-formal01/boots/repetition-02/lower/python312/lib/python3.12/site-packages/pip/_vendor/pygments/lexers/python.py
f	644	1000	1000	5343	64	35968695	1785345521.1891525730	results/experiments/toolchain-environment/20260729T171551Z-toolchain-formal01/boots/repetition-02/lower/python312/lib/python3.12/site-packages/pip/_vendor/urllib3/packages/backports/weakref_finalize.py
f	644	1000	1000	5347	64	35967549	1785345512.3932652590	results/experiments/toolchain-environment/20260729T171551Z-toolchain-formal01/boots/repetition-02/lower/python310/lib/python3.10/site-packages/pip/_vendor/webencodings/__pycache__/labels.cpython-310.pyc
f	644	1000	1000	5352	64	35967993	1785345518.1275462670	results/experiments/toolchain-environment/20260729T171551Z-toolchain-formal01/boots/repetition-02/lower/python312/lib/python3.12/site-packages/pip/_vendor/cachecontrol/caches/file_cache.py
f	644	1000	1000	53534	64	35963993	1785345477.1353432300	results/experiments/toolchain-environment/20260729T171551Z-toolchain-formal01/boots/repetition-02/lower/python310/lib/python3.10/site-packages/setuptools/tests/test_easy_install.py
f	644	1000	1000	536	64	35969581	1785345534.9544057290	results/experiments/toolchain-environment/20260729T171551Z-toolchain-formal01/boots/repetition-02/lower/python312/lib/python3.12/site-packages/pip/_vendor/resolvelib/compat/__pycache__/collections_abc.cpython-312.pyc
f	644	1000	1000	537	64	35966069	1785345494.1006547550	results/experiments/toolchain-environment/20260729T171551Z-toolchain-formal01/boots/repetition-02/lower/python310/lib/python3.10/site-packages/pip/_vendor/resolvelib/__init__.py
f	644	1000	1000	537	64	35968419	1785345519.8301275860	results/experiments/toolchain-environment/20260729T171551Z-toolchain-formal01/boots/repetition-02/lower/python312/lib/python3.12/site-packages/pip/_vendor/resolvelib/__init__.py
f	644	1000	1000	5377	64	35965519	1785345491.8306268950	results/experiments/toolchain-environment/20260729T171551Z-toolchain-formal01/boots/repetition-02/lower/python310/lib/python3.10/site-packages/pip/_internal/utils/compatibility_tags.py
f	644	1000	1000	5377	64	35967915	1785345517.8570308700	results/experiments/toolchain-environment/20260729T171551Z-toolchain-formal01/boots/repetition-02/lower/python312/lib/python3.12/site-packages/pip/_internal/utils/compatibility_tags.py
f	644	1000	1000	538	64	35964683	1785345482.6084437080	results/experiments/toolchain-environment/20260729T171551Z-toolchain-formal01/boots/repetition-02/lower/python310/lib/python3.10/site-packages/setuptools/_vendor/autocommand/__pycache__/errors.cpython-310.pyc
f	644	1000	1000	5380	64	35965695	1785345492.6183789130	results/experiments/toolchain-environment/20260729T171551Z-toolchain-formal01/boots/repetition-02/lower/python310/lib/python3.10/site-packages/pip/_vendor/chardet/latin1prober.py
f	644	1000	1000	5380	64	35968087	1785345518.5009258150	results/experiments/toolchain-environment/20260729T171551Z-toolchain-formal01/boots/repetition-02/lower/python312/lib/python3.12/site-packages/pip/_vendor/chardet/latin1prober.py
f	644	1000	1000	53869	64	35969339	1785345529.3123019510	results/experiments/toolchain-environment/20260729T171551Z-toolchain-formal01/boots/repetition-02/lower/python312/lib/python3.12/site-packages/pip/_vendor/distro/__pycache__/distro.cpython-312.pyc
f	644	1000	1000	5403	64	35966371	1785345495.4466794790	results/experiments/toolchain-environment/20260729T171551Z-toolchain-formal01/boots/repetition-02/lower/python310/lib/python3.10/site-packages/pip/_vendor/urllib3/util/wait.py
f	644	1000	1000	5403	64	35968731	1785345521.3825334410	results/experiments/toolchain-environment/20260729T171551Z-toolchain-formal01/boots/repetition-02/lower/python312/lib/python3.12/site-packages/pip/_vendor/urllib3/util/wait.py
f	644	1000	1000	54139	64	35967353	1785345509.8911154120	results/experiments/toolchain-environment/20260729T171551Z-toolchain-formal01/boots/repetition-02/lower/python310/lib/python3.10/site-packages/pip/_vendor/rich/__pycache__/progress.cpython-310.pyc
f	644	1000	1000	5416	64	35964649	1785345482.0104327280	results/experiments/toolchain-environment/20260729T171551Z-toolchain-formal01/boots/repetition-02/lower/python310/lib/python3.10/site-packages/setuptools/_distutils/__pycache__/versionpredicate.cpython-310.pyc
f	644	1000	1000	5416	64	35966419	1785345495.7956858900	results/experiments/toolchain-environment/20260729T171551Z-toolchain-formal01/boots/repetition-02/lower/python310/lib/python3.10/site-packages/pip/_internal/cli/__pycache__/autocompletion.cpython-310.pyc
f	644	1000	1000	542	64	35965647	1785345492.4006235290	results/experiments/toolchain-environment/20260729T171551Z-toolchain-formal01/boots/repetition-02/lower/python310/lib/python3.10/site-packages/pip/_vendor/chardet/codingstatemachinedict.py
f	644	1000	1000	542	64	35968039	1785345518.2932157670	results/experiments/toolchain-environment/20260729T171551Z-toolchain-formal01/boots/repetition-02/lower/python312/lib/python3.12/site-packages/pip/_vendor/chardet/codingstatemachinedict.py
f	644	1000	1000	5420	64	35965643	1785345492.3846232350	results/experiments/toolchain-environment/20260729T171551Z-toolchain-formal01/boots/repetition-02/lower/python310/lib/python3.10/site-packages/pip/_vendor/chardet/charsetprober.py
f	644	1000	1000	5420	64	35968029	1785345518.2601212720	results/experiments/toolchain-environment/20260729T171551Z-toolchain-formal01/boots/repetition-02/lower/python312/lib/python3.12/site-packages/pip/_vendor/chardet/charsetprober.py
f	644	1000	1000	5424	64	35968279	1785345519.1987302100	results/experiments/toolchain-environment/20260729T171551Z-toolchain-formal01/boots/repetition-02/lower/python312/lib/python3.12/site-packages/pip/_vendor/pygments/formatters/__init__.py
f	644	1000	1000	543	64	35965195	1785345490.4696319030	results/experiments/toolchain-environment/20260729T171551Z-toolchain-formal01/boots/repetition-02/lower/python310/lib/python3.10/site-packages/setuptools/tests/__pycache__/text.cpython-310.pyc
f	644	1000	1000	5430	64	35969707	1785345538.2794668980	results/experiments/toolchain-environment/20260729T171551Z-toolchain-formal01/boots/repetition-02/lower/python312/lib/python3.12/site-packages/pip/_vendor/rich/__pycache__/palette.cpython-312.pyc
f	644	1000	1000	5432	64	35964963	1785345487.4305322510	results/experiments/toolchain-environment/20260729T171551Z-toolchain-formal01/boots/repetition-02/lower/python310/lib/python3.10/site-packages/setuptools/command/__pycache__/build.cpython-310.pyc
f	644	1000	1000	5455	64	35965505	1785345491.7796121540	results/experiments/toolchain-environment/20260729T171551Z-toolchain-formal01/boots/repetition-02/lower/python310/lib/python3.10/site-packages/pip/_internal/resolution/resolvelib/requirements.py
f	644	1000	1000	546	64	35966025	1785345493.9435945190	results/experiments/toolchain-environment/20260729T171551Z-toolchain-formal01/boots/repetition-02/lower/python310/lib/python3.10/site-packages/pip/_vendor/pyproject_hooks/_in_process/__init__.py
f	644	1000	1000	546	64	35968375	1785345519.6201676580	results/experiments/toolchain-environment/20260729T171551Z-toolchain-formal01/boots/repetition-02/lower/python312/lib/python3.12/site-packages/pip/_vendor/pyproject_hooks/_in_process/__init__.py
f	644	1000	1000	5472	64	35966113	1785345494.2725106580	results/experiments/toolchain-environment/20260729T171551Z-toolchain-formal01/boots/repetition-02/lower/python310/lib/python3.10/site-packages/pip/_vendor/rich/_ratio.py
f	644	1000	1000	5472	64	35968465	1785345520.0751320910	results/experiments/toolchain-environment/20260729T171551Z-toolchain-formal01/boots/repetition-02/lower/python312/lib/python3.12/site-packages/pip/_vendor/rich/_ratio.py
f	644	1000	1000	5473	64	35966481	1785345496.5524834310	results/experiments/toolchain-environment/20260729T171551Z-toolchain-formal01/boots/repetition-02/lower/python310/lib/python3.10/site-packages/pip/_internal/commands/__pycache__/search.cpython-310.pyc
f	644	1000	1000	54876	64	35963425	1785345475.0253044990	results/experiments/toolchain-environment/20260729T171551Z-toolchain-formal01/boots/repetition-02/lower/python310/lib/python3.10/site-packages/setuptools/_distutils/compilers/C/base.py
f	644	1000	1000	5497	64	35966151	1785345494.4676614960	results/experiments/toolchain-environment/20260729T171551Z-toolchain-formal01/boots/repetition-02/lower/python310/lib/python3.10/site-packages/pip/_vendor/rich/containers.py
f	644	1000	1000	5497	64	35968503	1785345520.3093660340	results/experiments/toolchain-environment/20260729T171551Z-toolchain-formal01/boots/repetition-02/lower/python312/lib/python3.12/site-packages/pip/_vendor/rich/containers.py
f	644	1000	1000	550	64	35969115	1785345526.4556185000	results/experiments/toolchain-environment/20260729T171551Z-toolchain-formal01/boots/repetition-02/lower/python312/lib/python3.12/site-packages/pip/_vendor/cachecontrol/caches/__pycache__/__init__.cpython-312.pyc
f	644	1000	1000	551	64	35966905	1785345502.9412918560	results/experiments/toolchain-environment/20260729T171551Z-toolchain-formal01/boots/repetition-02/lower/python310/lib/python3.10/site-packages/pip/_vendor/chardet/__pycache__/version.cpython-310.pyc
f	644	1000	1000	5516	64	35966487	1785345496.6639573060	results/experiments/toolchain-environment/20260729T171551Z-toolchain-formal01/boots/repetition-02/lower/python310/lib/python3.10/site-packages/pip/_internal/commands/__pycache__/wheel.cpython-310.pyc
f	644	1000	1000	554	64	35964941	1785345487.1145264480	results/experiments/toolchain-environment/20260729T171551Z-toolchain-formal01/boots/repetition-02/lower/python310/lib/python3.10/site-packages/setuptools/_vendor/zipp/compat/__pycache__/py310.cpython-310.pyc
f	644	1000	1000	5569	64	35969537	1785345533.8953862480	results/experiments/toolchain-environment/20260729T171551Z-toolchain-formal01/boots/repetition-02/lower/python312/lib/python3.12/site-packages/pip/_vendor/requests/__pycache__/__init__.cpython-312.pyc
f	644	1000	1000	557	64	35965055	1785345488.6496778770	results/experiments/toolchain-environment/20260729T171551Z-toolchain-formal01/boots/repetition-02/lower/python310/lib/python3.10/site-packages/setuptools/__pycache__/modified.cpython-310.pyc
f	644	1000	1000	557	64	35967005	1785345504.5482802560	results/experiments/toolchain-environment/20260729T171551Z-toolchain-formal01/boots/repetition-02/lower/python310/lib/python3.10/site-packages/pip/_vendor/packaging/__pycache__/__init__.cpython-310.pyc
f	644	1000	1000	5573	64	35964981	1785345487.6985371730	results/experiments/toolchain-environment/20260729T171551Z-toolchain-formal01/boots/repetition-02/lower/python310/lib/python3.10/site-packages/setuptools/command/__pycache__/install.cpython-310.pyc
f	644	1000	1000	55794	64	35963341	1785345474.7372992130	results/experiments/toolchain-environment/20260729T171551Z-toolchain-formal01/boots/repetition-02/lower/python310/lib/python3.10/site-packages/setuptools/_distutils/dist.py
f	644	1000	1000	5580	64	35963703	1785345476.0455700700	results/experiments/toolchain-environment/20260729T171551Z-toolchain-formal01/boots/repetition-02/lower/python310/lib/python3.10/site-packages/setuptools/_vendor/platformdirs/macos.py
f	644	1000	1000	5582	64	35969289	1785345528.5355219940	results/experiments/toolchain-environment/20260729T171551Z-toolchain-formal01/boots/repetition-02/lower/python312/lib/python3.12/site-packages/pip/_vendor/colorama/tests/__pycache__/ansi_test.cpython-312.pyc
f	644	1000	1000	559	64	35964951	1785345487.2511345100	results/experiments/toolchain-environment/20260729T171551Z-toolchain-formal01/boots/repetition-02/lower/python310/lib/python3.10/site-packages/setuptools/command/__pycache__/__init__.cpython-310.pyc
f	644	1000	1000	5590	64	35965037	1785345488.4303366230	results/experiments/toolchain-environment/20260729T171551Z-toolchain-formal01/boots/repetition-02/lower/python310/lib/python3.10/site-packages/setuptools/__pycache__/depends.cpython-310.pyc
f	644	1000	1000	562	64	35965867	1785345493.3996418780	results/experiments/toolchain-environment/20260729T171551Z-toolchain-formal01/boots/repetition-02/lower/python310/lib/python3.10/site-packages/pip/_vendor/pkg_resources/py31compat.py
f	644	1000	1000	5641	64	35966581	1785345497.9854057490	results/experiments/toolchain-environment/20260729T171551Z-toolchain-formal01/boots/repetition-02/lower/python310/lib/python3.10/site-packages/pip/_internal/network/__pycache__/download.cpython-310.pyc
f	644	1000	1000	565	64	35966791	1785345501.2265150830	results/experiments/toolchain-environment/20260729T171551Z-toolchain-formal01/boots/repetition-02/lower/python310/lib/python3.10/site-packages/pip/_vendor/certifi/__pycache__/__main__.cpython-310.pyc
f	644	1000	1000	5662	64	35965553	1785345491.9826158510	results/experiments/toolchain-environment/20260729T171551Z-toolchain-formal01/boots/repetition-02/lower/python310/lib/python3.10/site-packages/pip/_internal/utils/setuptools_build.py
f	644	1000	1000	5666	64	35964493	1785345479.3763843700	results/experiments/toolchain-environment/20260729T171551Z-toolchain-formal01/boots/repetition-02/lower/python310/lib/python3.10/site-packages/setuptools/_distutils/command/__pycache__/install_lib.cpython-310.pyc
f	644	1000	1000	5672	64	35969029	1785345525.4419266470	results/experiments/toolchain-environment/20260729T171551Z-toolchain-formal01/boots/repetition-02/lower/python312/lib/python3.12/site-packages/pip/_internal/utils/__pycache__/compatibility_tags.cpython-312.pyc
f	644	1000	1000	568	64	35963287	1785345474.5740069760	results/experiments/toolchain-environment/20260729T171551Z-toolchain-formal01/boots/repetition-02/lower/python310/lib/python3.10/site-packages/setuptools/modified.py
f	644	1000	1000	568	64	35963561	1785345475.5233206250	results/experiments/toolchain-environment/20260729T171551Z-toolchain-formal01/boots/repetition-02/lower/python310/lib/python3.10/site-packages/setuptools/_vendor/backports/tarfile/compat/py38.py
f	644	1000	1000	568	64	35964383	1785345478.6843833270	results/experiments/toolchain-environment/20260729T171551Z-toolchain-formal01/boots/repetition-02/lower/python310/lib/python3.10/site-packages/setuptools/_distutils/__pycache__/_macos_compat.cpython-310.pyc
f	644	1000	1000	5680	64	35963537	1785345475.4452461810	results/experiments/toolchain-environment/20260729T171551Z-toolchain-formal01/boots/repetition-02/lower/python310/lib/python3.10/site-packages/setuptools/_vendor/autocommand/autoasync.py
f	644	1000	1000	5684	64	35969789	1785345539.4005770980	results/experiments/toolchain-environment/20260729T171551Z-toolchain-formal01/boots/repetition-02/lower/python312/lib/python3.12/site-packages/pip/_vendor/tenacity/__pycache__/stop.cpython-312.pyc
f	644	1000	1000	5694	64	35964661	1785345482.2184365470	results/experiments/toolchain-environment/20260729T171551Z-toolchain-formal01/boots/repetition-02/lower/python310/lib/python3.10/site-packages/setuptools/__pycache__/_normalization.cpython-310.pyc
f	644	1000	1000	5696	64	35967897	1785345517.7958767460	results/experiments/toolchain-environment/20260729T171551Z-toolchain-formal01/boots/repetition-02/lower/python312/lib/python3.12/site-packages/pip/_internal/resolution/resolvelib/requirements.py
f	644	1000	1000	5697	64	35965311	1785345491.0285983290	results/experiments/toolchain-environment/20260729T171551Z-toolchain-formal01/boots/repetition-02/lower/python310/lib/python3.10/site-packages/pip/_internal/commands/search.py
f	644	1000	1000	5697	64	35967707	1785345517.1170777070	results/experiments/toolchain-environment/20260729T171551Z-toolchain-formal01/boots/repetition-02/lower/python312/lib/python3.12/site-packages/pip/_internal/commands/search.py
f	644	1000	1000	5705	64	35965499	1785345491.7516116090	results/experiments/toolchain-environment/20260729T171551Z-toolchain-formal01/boots/repetition-02/lower/python310/lib/python3.10/site-packages/pip/_internal/resolution/resolvelib/found_candidates.py
f	644	1000	1000	5705	64	35967891	1785345517.7693371530	results/experiments/toolchain-environment/20260729T171551Z-toolchain-formal01/boots/repetition-02/lower/python312/lib/python3.12/site-packages/pip/_internal/resolution/resolvelib/found_candidates.py
f	644	1000	1000	571	64	35964303	1785345478.1295812070	results/experiments/toolchain-environment/20260729T171551Z-toolchain-formal01/boots/repetition-02/lower/python310/lib/python3.10/site-packages/setuptools/_vendor/typing_extensions-4.12.2.dist-info/RECORD
f	644	1000	1000	5712	64	35967491	1785345511.5799144330	results/experiments/toolchain-environment/20260729T171551Z-toolchain-formal01/boots/repetition-02/lower/python310/lib/python3.10/site-packages/pip/_vendor/urllib3/contrib/__pycache__/socks.cpython-310.pyc
f	644	1000	1000	5715	64	35963689	1785345475.9873221570	results/experiments/toolchain-environment/20260729T171551Z-toolchain-formal01/boots/repetition-02/lower/python310/lib/python3.10/site-packages/setuptools/_vendor/packaging/licenses/__init__.py
f	644	1000	1000	5719	64	35964587	1785345480.7974104580	results/experiments/toolchain-environment/20260729T171551Z-toolchain-formal01/boots/repetition-02/lower/python310/lib/python3.10/site-packages/setuptools/_distutils/tests/__pycache__/test_build_py.cpython-310.pyc
f	644	1000	1000	573	64	35963429	1785345475.0439515370	results/experiments/toolchain-environment/20260729T171551Z-toolchain-formal01/boots/repetition-02/lower/python310/lib/python3.10/site-packages/setuptools/_distutils/compilers/C/errors.py
f	644	1000	1000	573	64	35965237	1785345490.6995922870	results/experiments/toolchain-environment/20260729T171551Z-toolchain-formal01/boots/repetition-02/lower/python310/lib/python3.10/site-packages/pip/_internal/__init__.py
f	644	1000	1000	5733	64	35969569	1785345534.8052175470	results/experiments/toolchain-environment/20260729T171551Z-toolchain-formal01/boots/repetition-02/lower/python312/lib/python3.12/site-packages/pip/_vendor/requests/__pycache__/structures.cpython-312.pyc
f	644	1000	1000	5734	64	35969647	1785345537.0434441590	results/experiments/toolchain-environment/20260729T171551Z-toolchain-formal01/boots/repetition-02/lower/python312/lib/python3.12/site-packages/pip/_vendor/rich/__pycache__/cells.cpython-312.pyc
f	644	1000	1000	5737	64	35967513	1785345511.8767065450	results/experiments/toolchain-environment/20260729T171551Z-toolchain-formal01/boots/repetition-02/lower/python310/lib/python3.10/site-packages/pip/_vendor/urllib3/__pycache__/request.cpython-310.pyc
f	644	1000	1000	575	64	35966043	1785345494.0066913630	results/experiments/toolchain-environment/20260729T171551Z-toolchain-formal01/boots/repetition-02/lower/python310/lib/python3.10/site-packages/pip/_vendor/requests/certs.py
f	644	1000	1000	575	64	35968393	1785345519.7040386880	results/experiments/toolchain-environment/20260729T171551Z-toolchain-formal01/boots/repetition-02/lower/python312/lib/python3.12/site-packages/pip/_vendor/requests/certs.py
f	644	1000	1000	5752	64	35969407	1785345530.3628893030	results/experiments/toolchain-environment/20260729T171551Z-toolchain-formal01/boots/repetition-02/lower/python312/lib/python3.12/site-packages/pip/_vendor/platformdirs/__pycache__/macos.cpython-312.pyc
f	644	1000	1000	5758	64	35966363	1785345495.4036786900	results/experiments/toolchain-environment/20260729T171551Z-toolchain-formal01/boots/repetition-02/lower/python310/lib/python3.10/site-packages/pip/_vendor/urllib3/util/ssl_match_hostname.py
f	644	1000	1000	5758	64	35968723	1785345521.3351306300	results/experiments/toolchain-environment/20260729T171551Z-toolchain-formal01/boots/repetition-02/lower/python312/lib/python3.12/site-packages/pip/_vendor/urllib3/util/ssl_match_hostname.py
f	644	1000	1000	5764	64	35965523	1785345491.8476133720	results/experiments/toolchain-environment/20260729T171551Z-toolchain-formal01/boots/repetition-02/lower/python310/lib/python3.10/site-packages/pip/_internal/utils/deprecation.py
f	644	1000	1000	5765	64	35965149	1785345489.8875773740	results/experiments/toolchain-environment/20260729T171551Z-toolchain-formal01/boots/repetition-02/lower/python310/lib/python3.10/site-packages/setuptools/tests/__pycache__/test_distutils_adoption.cpython-310.pyc
f	644	1000	1000	58	64	35963369	1785345474.8330205290	results/experiments/toolchain-environment/20260729T171551Z-toolchain-formal01/boots/repetition-02/lower/python310/lib/python3.10/site-packages/setuptools/_distutils/zosccompiler.py
f	644	1000	1000	581	64	35965765	1785345492.8966326390	results/experiments/toolchain-environment/20260729T171551Z-toolchain-formal01/boots/repetition-02/lower/python310/lib/python3.10/site-packages/pip/_vendor/distlib/__init__.py
f	644	1000	1000	581	64	35969373	1785345529.8183112570	results/experiments/toolchain-environment/20260729T171551Z-toolchain-formal01/boots/repetition-02/lower/python312/lib/python3.12/site-packages/pip/_vendor/packaging/__pycache__/__init__.cpython-312.pyc
f	644	1000	1000	5824	64	35963239	1785345474.4312935960	results/experiments/toolchain-environment/20260729T171551Z-toolchain-formal01/boots/repetition-02/lower/python310/lib/python3.10/site-packages/setuptools/_normalization.py
f	644	1000	1000	583	64	35965481	1785345491.6786102680	results/experiments/toolchain-environment/20260729T171551Z-toolchain-formal01/boots/repetition-02/lower/python310/lib/python3.10/site-packages/pip/_internal/resolution/base.py
f	644	1000	1000	583	64	35967873	1785345517.7048388160	results/experiments/toolchain-environment/20260729T171551Z-toolchain-formal01/boots/repetition-02/lower/python312/lib/python3.12/site-packages/pip/_internal/resolution/base.py
f	644	1000	1000	5835	64	35969849	1785345541.5365268230	results/experiments/toolchain-environment/20260729T171551Z-toolchain-formal01/boots/repetition-02/lower/python312/lib/python3.12/site-packages/pip/_vendor/urllib3/contrib/__pycache__/ntlmpool.cpython-312.pyc
f	644	1000	1000	5839	64	35965143	1785345489.7995757570	results/experiments/toolchain-environment/20260729T171551Z-toolchain-formal01/boots/repetition-02/lower/python310/lib/python3.10/site-packages/setuptools/tests/__pycache__/test_develop.cpython-310.pyc
f	644	1000	1000	5852	64	35967193	1785345507.5636124310	results/experiments/toolchain-environment/20260729T171551Z-toolchain-formal01/boots/repetition-02/lower/python310/lib/python3.10/site-packages/pip/_vendor/requests/__pycache__/exceptions.cpython-310.pyc
f	644	1000	1000	5854	64	35963377	1785345474.8556523940	results/experiments/toolchain-environment/20260729T171551Z-toolchain-formal01/boots/repetition-02/lower/python310/lib/python3.10/site-packages/setuptools/_distutils/command/bdist.py
f	644	1000	1000	5871	64	35965949	1785345493.6876471690	results/experiments/toolchain-environment/20260729T171551Z-toolchain-formal01/boots/repetition-02/lower/python310/lib/python3.10/site-packages/pip/_vendor/pygments/formatters/irc.py
f	644	1000	1000	5871	64	35968427	1785345519.8671282660	results/experiments/toolchain-environment/20260729T171551Z-toolchain-formal01/boots/repetition-02/lower/python312/lib/python3.12/site-packages/pip/_vendor/resolvelib/providers.py
f	644	1000	1000	5872	64	35966071	1785345494.1084127280	results/experiments/toolchain-environment/20260729T171551Z-toolchain-formal01/boots/repetition-02/lower/python310/lib/python3.10/site-packages/pip/_vendor/resolvelib/providers.py
f	644	1000	1000	5881	64	35966725	1785345500.2615069010	results/experiments/toolchain-environment/20260729T171551Z-toolchain-formal01/boots/repetition-02/lower/python310/lib/python3.10/site-packages/pip/_internal/utils/__pycache__/subprocess.cpython-310.pyc
f	644	1000	1000	589	64	35966909	1785345502.9805314200	results/experiments/toolchain-environment/20260729T171551Z-toolchain-formal01/boots/repetition-02/lower/python310/lib/python3.10/site-packages/pip/_vendor/colorama/__pycache__/__init__.cpython-310.pyc
f	644	1000	1000	5894	64	35968911	1785345523.8842605480	results/experiments/toolchain-environment/20260729T171551Z-toolchain-formal01/boots/repetition-02/lower/python312/lib/python3.12/site-packages/pip/_internal/models/__pycache__/wheel.cpython-312.pyc
f	644	1000	1000	58994	64	35967103	1785345506.0179412640	results/experiments/toolchain-environment/20260729T171551Z-toolchain-formal01/boots/repetition-02/lower/python310/lib/python3.10/site-packages/pip/_vendor/pygments/lexers/__pycache__/_mapping.cpython-310.pyc
f	644	1000	1000	59	64	35963555	1785345475.5035132920	results/experiments/toolchain-environment/20260729T171551Z-toolchain-formal01/boots/repetition-02/lower/python310/lib/python3.10/site-packages/setuptools/_vendor/backports/tarfile/__main__.py
f	644	1000	1000	59	64	35963763	1785345476.2683060620	results/experiments/toolchain-environment/20260729T171551Z-toolchain-formal01/boots/repetition-02/lower/python310/lib/python3.10/site-packages/setuptools/_vendor/wheel/__init__.py
f	644	1000	1000	59079	64	35969759	1785345538.9554793350	results/experiments/toolchain-environment/20260729T171551Z-toolchain-formal01/boots/repetition-02/lower/python312/lib/python3.12/site-packages/pip/_vendor/rich/__pycache__/text.cpython-312.pyc
f	644	1000	1000	5923	64	35963383	1785345474.8789522390	results/experiments/toolchain-environment/20260729T171551Z-toolchain-formal01/boots/repetition-02/lower/python310/lib/python3.10/site-packages/setuptools/_distutils/command/build.py
f	644	1000	1000	5937	64	35969197	1785345527.4570629560	results/experiments/toolchain-environment/20260729T171551Z-toolchain-formal01/boots/repetition-02/lower/python312/lib/python3.12/site-packages/pip/_vendor/chardet/__pycache__/hebrewprober.cpython-312.pyc
f	644	1000	1000	594	64	35963333	1785345474.7099196240	results/experiments/toolchain-environment/20260729T171551Z-toolchain-formal01/boots/repetition-02/lower/python310/lib/python3.10/site-packages/setuptools/_distutils/cygwinccompiler.py
f	644	1000	1000	5945	64	35969459	1785345531.4253408150	results/experiments/toolchain-environment/20260729T171551Z-toolchain-formal01/boots/repetition-02/lower/python312/lib/python3.12/site-packages/pip/_vendor/pygments/formatters/__pycache__/terminal.cpython-312.pyc
f	644	1000	1000	5958	64	35964917	1785345486.6435177990	results/experiments/toolchain-environment/20260729T171551Z-toolchain-formal01/boots/repetition-02/lower/python310/lib/python3.10/site-packages/setuptools/_vendor/wheel/vendored/packaging/__pycache__/_tokenizer.cpython-310.pyc
f	644	1000	1000	596	64	35965569	1785345492.0536171550	results/experiments/toolchain-environment/20260729T171551Z-toolchain-formal01/boots/repetition-02/lower/python310/lib/python3.10/site-packages/pip/_internal/vcs/__init__.py
f	644	1000	1000	596	64	35967961	1785345518.0257742040	results/experiments/toolchain-environment/20260729T171551Z-toolchain-formal01/boots/repetition-02/lower/python312/lib/python3.12/site-packages/pip/_internal/vcs/__init__.py
f	644	1000	1000	5965	64	35963261	1785345474.4993041760	results/experiments/toolchain-environment/20260729T171551Z-toolchain-formal01/boots/repetition-02/lower/python310/lib/python3.10/site-packages/setuptools/depends.py
f	644	1000	1000	59706	64	35968547	1785345520.5391406220	results/experiments/toolchain-environment/20260729T171551Z-toolchain-formal01/boots/repetition-02/lower/python312/lib/python3.12/site-packages/pip/_vendor/rich/progress.py
f	644	1000	1000	5983	64	35969389	1785345530.1005856690	results/experiments/toolchain-environment/20260729T171551Z-toolchain-formal01/boots/repetition-02/lower/python312/lib/python3.12/site-packages/pip/_vendor/packaging/__pycache__/utils.cpython-312.pyc
f	644	1000	1000	59836	64	35966195	1785345494.6776653530	results/experiments/toolchain-environment/20260729T171551Z-toolchain-formal01/boots/repetition-02/lower/python310/lib/python3.10/site-packages/pip/_vendor/rich/progress.py
f	644	1000	1000	5985	64	35966305	1785345495.1606742260	results/experiments/toolchain-environment/20260729T171551Z-toolchain-formal01/boots/repetition-02/lower/python310/lib/python3.10/site-packages/pip/_vendor/urllib3/request.py
f	644	1000	1000	5987	64	35963991	1785345477.1282290990	results/experiments/toolchain-environment/20260729T171551Z-toolchain-formal01/boots/repetition-02/lower/python310/lib/python3.10/site-packages/setuptools/tests/test_distutils_adoption.py
f	644	1000	1000	5996	64	35968869	1785345523.3258823940	results/experiments/toolchain-environment/20260729T171551Z-toolchain-formal01/boots/repetition-02/lower/python312/lib/python3.12/site-packages/pip/_internal/metadata/__pycache__/__init__.cpython-312.pyc
f	644	1000	1000	6009	64	35967745	1785345517.2416341190	results/experiments/toolchain-environment/20260729T171551Z-toolchain-formal01/boots/repetition-02/lower/python312/lib/python3.12/site-packages/pip/_internal/locations/_distutils.py
f	644	1000	1000	6014	64	35964819	1785345485.0584014650	results/experiments/toolchain-environment/20260729T171551Z-toolchain-formal01/boots/repetition-02/lower/python310/lib/python3.10/site-packages/setuptools/_vendor/platformdirs/__pycache__/macos.cpython-310.pyc
f	644	1000	1000	60273	64	35969315	1785345528.9092945390	results/experiments/toolchain-environment/20260729T171551Z-toolchain-formal01/boots/repetition-02/lower/python312/lib/python3.12/site-packages/pip/_vendor/distlib/__pycache__/locators.cpython-312.pyc
f	644	1000	1000	603	64	35969263	1785345528.3540701420	results/experiments/toolchain-environment/20260729T171551Z-toolchain-formal01/boots/repetition-02/lower/python312/lib/python3.12/site-packages/pip/_vendor/chardet/__pycache__/version.cpython-312.pyc
f	644	1000	1000	6035	64	35964787	1785345484.5234788700	results/experiments/toolchain-environment/20260729T171551Z-toolchain-formal01/boots/repetition-02/lower/python310/lib/python3.10/site-packages/setuptools/_vendor/packaging/__pycache__/_tokenizer.cpython-310.pyc
f	644	1000	1000	6037	64	35969081	1785345526.0778631770	results/experiments/toolchain-environment/20260729T171551Z-toolchain-formal01/boots/repetition-02/lower/python312/lib/python3.12/site-packages/pip/_internal/utils/__pycache__/wheel.cpython-312.pyc
f	644	1000	1000	6052	64	35963859	1785345476.6631383710	results/experiments/toolchain-environment/20260729T171551Z-toolchain-formal01/boots/repetition-02/lower/python310/lib/python3.10/site-packages/setuptools/command/build.py
f	644	1000	1000	6052	64	35967339	1785345509.6613923010	results/experiments/toolchain-environment/20260729T171551Z-toolchain-formal01/boots/repetition-02/lower/python310/lib/python3.10/site-packages/pip/_vendor/rich/__pycache__/markup.cpython-310.pyc
f	644	1000	1000	606	64	35965069	1785345488.8106102240	results/experiments/toolchain-environment/20260729T171551Z-toolchain-formal01/boots/repetition-02/lower/python310/lib/python3.10/site-packages/setuptools/tests/__pycache__/__init__.cpython-310.pyc
f	644	1000	1000	606	64	35967247	1785345508.3072124260	results/experiments/toolchain-environment/20260729T171551Z-toolchain-formal01/boots/repetition-02/lower/python310/lib/python3.10/site-packages/pip/_vendor/rich/__pycache__/_extension.cpython-310.pyc
f	644	1000	1000	6062	64	35963271	1785345474.5292953950	results/experiments/toolchain-environment/20260729T171551Z-toolchain-formal01/boots/repetition-02/lower/python310/lib/python3.10/site-packages/setuptools/glob.py
f	644	1000	1000	6064	64	35967281	1785345508.8589514130	results/experiments/toolchain-environment/20260729T171551Z-toolchain-formal01/boots/repetition-02/lower/python310/lib/python3.10/site-packages/pip/_vendor/rich/__pycache__/ansi.cpython-310.pyc
f	644	1000	1000	607	64	35969267	1785345528.3801361350	results/experiments/toolchain-environment/20260729T171551Z-toolchain-formal01/boots/repetition-02/lower/python312/lib/python3.12/site-packages/pip/_vendor/colorama/__pycache__/__init__.cpython-312.pyc
f	644	1000	1000	6075	64	35969567	1785345534.7654022520	results/experiments/toolchain-environment/20260729T171551Z-toolchain-formal01/boots/repetition-02/lower/python312/lib/python3.12/site-packages/pip/_vendor/requests/__pycache__/status_codes.cpython-312.pyc
f	644	1000	1000	6077	64	35965697	1785345492.6256276620	results/experiments/toolchain-environment/20260729T171551Z-toolchain-formal01/boots/repetition-02/lower/python310/lib/python3.10/site-packages/pip/_vendor/chardet/macromanprober.py
f	644	1000	1000	6077	64	35968089	1785345518.5086807960	results/experiments/toolchain-environment/20260729T171551Z-toolchain-formal01/boots/repetition-02/lower/python312/lib/python3.12/site-packages/pip/_vendor/chardet/macromanprober.py
f	644	1000	1000	6079	64	35968209	1785345518.9582477740	results/experiments/toolchain-environment/20260729T171551Z-toolchain-formal01/boots/repetition-02/lower/python312/lib/python3.12/site-packages/pip/_vendor/msgpack/ext.py
f	644	1000	1000	608	64	35963589	1785345475.6183153840	results/experiments/toolchain-environment/20260729T171551Z-toolchain-formal01/boots/repetition-02/lower/python310/lib/python3.10/site-packages/setuptools/_vendor/importlib_metadata/compat/py311.py
f	644	1000	1000	6080	64	35965835	1785345493.2773632010	results/experiments/toolchain-environment/20260729T171551Z-toolchain-formal01/boots/repetition-02/lower/python310/lib/python3.10/site-packages/pip/_vendor/msgpack/ext.py
f	644	1000	1000	6086	64	35967807	1785345517.4580161870	results/experiments/toolchain-environment/20260729T171551Z-toolchain-formal01/boots/repetition-02/lower/python312/lib/python3.12/site-packages/pip/_internal/network/download.py
f	644	1000	1000	6090	64	35966087	1785345494.1573497870	results/experiments/toolchain-environment/20260729T171551Z-toolchain-formal01/boots/repetition-02/lower/python310/lib/python3.10/site-packages/pip/_vendor/rich/__init__.py
f	644	1000	1000	6090	64	35968437	1785345519.9112210600	results/experiments/toolchain-environment/20260729T171551Z-toolchain-formal01/boots/repetition-02/lower/python312/lib/python3.12/site-packages/pip/_vendor/rich/__init__.py
f	644	1000	1000	6096	64	35965405	1785345491.4386058600	results/experiments/toolchain-environment/20260729T171551Z-toolchain-formal01/boots/repetition-02/lower/python310/lib/python3.10/site-packages/pip/_internal/network/download.py
f	644	1000	1000	6100	64	35965345	1785345491.1605637240	results/experiments/toolchain-environment/20260729T171551Z-toolchain-formal01/boots/repetition-02/lower/python310/lib/python3.10/site-packages/pip/_internal/locations/_distutils.py
f	644	1000	1000	6103	64	35966521	1785345497.1537332390	results/experiments/toolchain-environment/20260729T171551Z-toolchain-formal01/boots/repetition-02/lower/python310/lib/python3.10/site-packages/pip/_internal/locations/__pycache__/_sysconfig.cpython-310.pyc
f	644	1000	1000	61138	64	35966859	1785345502.3532448940	results/experiments/toolchain-environment/20260729T171551Z-toolchain-formal01/boots/repetition-02/lower/python310/lib/python3.10/site-packages/pip/_vendor/chardet/__pycache__/langrussianmodel.cpython-310.pyc
f	644	1000	1000	613	64	35964397	1785345478.8350846500	results/experiments/toolchain-environment/20260729T171551Z-toolchain-formal01/boots/repetition-02/lower/python310/lib/python3.10/site-packages/setuptools/_distutils/command/__pycache__/__init__.cpython-310.pyc
f	644	1000	1000	6151	64	35969687	1785345537.8234585090	results/experiments/toolchain-environment/20260729T171551Z-toolchain-formal01/boots/repetition-02/lower/python312/lib/python3.12/site-packages/pip/_vendor/rich/__pycache__/json.cpython-312.pyc
f	644	1000	1000	6157	64	35964551	1785345480.1903993130	results/experiments/toolchain-environment/20260729T171551Z-toolchain-formal01/boots/repetition-02/lower/python310/lib/python3.10/site-packages/setuptools/_distutils/__pycache__/file_util.cpython-310.pyc
f	644	1000	1000	6171	64	35963775	1785345476.3186793860	results/experiments/toolchain-environment/20260729T171551Z-toolchain-formal01/boots/repetition-02/lower/python310/lib/python3.10/site-packages/setuptools/_vendor/wheel/metadata.py
f	644	1000	1000	6180	64	35969745	1785345538.7300354080	results/experiments/toolchain-environment/20260729T171551Z-toolchain-formal01/boots/repetition-02/lower/python312/lib/python3.12/site-packages/pip/_vendor/rich/__pycache__/spinner.cpython-312.pyc
f	644	1000	1000	6181	64	35965743	1785345492.7913202950	results/experiments/toolchain-environment/20260729T171551Z-toolchain-formal01/boots/repetition-02/lower/python310/lib/python3.10/site-packages/pip/_vendor/colorama/win32.py
f	644	1000	1000	6181	64	35968145	1785345518.7164330630	results/experiments/toolchain-environment/20260729T171551Z-toolchain-formal01/boots/repetition-02/lower/python312/lib/python3.12/site-packages/pip/_vendor/colorama/win32.py
f	644	1000	1000	6181	64	35969447	1785345531.0266263380	results/experiments/toolchain-environment/20260729T171551Z-toolchain-formal01/boots/repetition-02/lower/python312/lib/python3.12/site-packages/pip/_vendor/pygments/formatters/__pycache__/irc.cpython-312.pyc
f	644	1000	1000	6184	64	35965915	1785345493.5826452400	results/experiments/toolchain-environment/20260729T171551Z-toolchain-formal01/boots/repetition-02/lower/python310/lib/python3.10/site-packages/pip/_vendor/pygments/token.py
f	644	1000	1000	6184	64	35968333	1785345519.4684416170	results/experiments/toolchain-environment/20260729T171551Z-toolchain-formal01/boots/repetition-02/lower/python312/lib/python3.12/site-packages/pip/_vendor/pygments/token.py
f	644	1000	1000	6184	64	35969747	1785345538.7596347490	results/experiments/toolchain-environment/20260729T171551Z-toolchain-formal01/boots/repetition-02/lower/python312/lib/python3.12/site-packages/pip/_vendor/rich/__pycache__/status.cpython-312.pyc
f	644	1000	1000	619	64	35967201	1785345507.6755540030	results/experiments/toolchain-environment/20260729T171551Z-toolchain-formal01/boots/repetition-02/lower/python310/lib/python3.10/site-packages/pip/_vendor/requests/__pycache__/packages.cpython-310.pyc
f	644	1000	1000	6209	64	35966901	1785345502.8644728810	results/experiments/toolchain-environment/20260729T171551Z-toolchain-formal01/boots/repetition-02/lower/python310/lib/python3.10/site-packages/pip/_vendor/chardet/__pycache__/utf1632prober.cpython-310.pyc
f	644	1000	1000	6224	64	35967235	1785345508.0965700050	results/experiments/toolchain-environment/20260729T171551Z-toolchain-formal01/boots/repetition-02/lower/python310/lib/python3.10/site-packages/pip/_vendor/rich/__pycache__/__init__.cpython-310.pyc
f	644	1000	1000	6226	64	35963473	1785345475.2130463100	results/experiments/toolchain-environment/20260729T171551Z-toolchain-formal01/boots/repetition-02/lower/python310/lib/python3.10/site-packages/setuptools/_distutils/tests/test_check.py
f	644	1000	1000	6231	64	35965109	1785345489.3005665930	results/experiments/toolchain-environment/20260729T171551Z-toolchain-formal01/boots/repetition-02/lower/python310/lib/python3.10/site-packages/setuptools/tests/integration/__pycache__/test_pip_install_sdist.cpython-310.pyc
f	644	1000	1000	6241	64	35966425	1785345495.8253508360	results/experiments/toolchain-environment/20260729T171551Z-toolchain-formal01/boots/repetition-02/lower/python310/lib/python3.10/site-packages/pip/_internal/cli/__pycache__/base_command.cpython-310.pyc
f	644	1000	1000	6242	64	35969455	1785345531.2353594900	results/experiments/toolchain-environment/20260729T171551Z-toolchain-formal01/boots/repetition-02/lower/python312/lib/python3.12/site-packages/pip/_vendor/pygments/formatters/__pycache__/rtf.cpython-312.pyc
f	644	1000	1000	6244	64	35964971	1785345487.5454881250	results/experiments/toolchain-environment/20260729T171551Z-toolchain-formal01/boots/repetition-02/lower/python310/lib/python3.10/site-packages/setuptools/command/__pycache__/develop.cpython-310.pyc
f	644	1000	1000	625	64	35966691	1785345499.7394325500	results/experiments/toolchain-environment/20260729T171551Z-toolchain-formal01/boots/repetition-02/lower/python310/lib/python3.10/site-packages/pip/_internal/utils/__pycache__/datetime.cpython-310.pyc
f	644	1000	1000	625	64	35966739	1785345500.4422210610	results/experiments/toolchain-environment/20260729T171551Z-toolchain-formal01/boots/repetition-02/lower/python310/lib/python3.10/site-packages/pip/_internal/vcs/__pycache__/__init__.cpython-310.pyc
f	644	1000	1000	625	64	35968151	1785345518.7321984950	results/experiments/toolchain-environment/20260729T171551Z-toolchain-formal01/boots/repetition-02/lower/python312/lib/python3.12/site-packages/pip/_vendor/distlib/__init__.py
f	644	1000	1000	6257	64	35965913	1785345493.5746450930	results/experiments/toolchain-environment/20260729T171551Z-toolchain-formal01/boots/repetition-02/lower/python310/lib/python3.10/site-packages/pip/_vendor/pygments/style.py
f	644	1000	1000	6257	64	35968327	1785345519.4502717920	results/experiments/toolchain-environment/20260729T171551Z-toolchain-formal01/boots/repetition-02/lower/python312/lib/python3.12/site-packages/pip/_vendor/pygments/style.py
f	644	1000	1000	628	64	35963885	1785345476.7613363650	results/experiments/toolchain-environment/20260729T171551Z-toolchain-formal01/boots/repetition-02/lower/python310/lib/python3.10/site-packages/setuptools/command/launcher manifest.xml
f	644	1000	1000	63	64	35965373	1785345491.2866030680	results/experiments/toolchain-environment/20260729T171551Z-toolchain-formal01/boots/repetition-02/lower/python310/lib/python3.10/site-packages/pip/_internal/models/__init__.py
f	644	1000	1000	63	64	35967775	1785345517.3409955910	results/experiments/toolchain-environment/20260729T171551Z-toolchain-formal01/boots/repetition-02/lower/python312/lib/python3.12/site-packages/pip/_internal/models/__init__.py
f	644	1000	1000	6308	64	35967293	1785345509.0399695440	results/experiments/toolchain-environment/20260729T171551Z-toolchain-formal01/boots/repetition-02/lower/python310/lib/python3.10/site-packages/pip/_vendor/rich/__pycache__/columns.cpython-310.pyc
f	644	1000	1000	6309	64	35967303	1785345509.2082396830	results/experiments/toolchain-environment/20260729T171551Z-toolchain-formal01/boots/repetition-02/lower/python310/lib/python3.10/site-packages/pip/_vendor/rich/__pycache__/default_styles.cpython-310.pyc
f	644	1000	1000	6312	64	35966615	1785345498.5134111890	results/experiments/toolchain-environment/20260729T171551Z-toolchain-formal01/boots/repetition-02/lower/python310/lib/python3.10/site-packages/pip/_internal/operations/__pycache__/freeze.cpython-310.pyc
f	644	1000	1000	63187	64	35965917	1785345493.5946454600	results/experiments/toolchain-environment/20260729T171551Z-toolchain-formal01/boots/repetition-02/lower/python310/lib/python3.10/site-packages/pip/_vendor/pygments/unistring.py
f	644	1000	1000	6322	64	35969005	1785345525.1332078940	results/experiments/toolchain-environment/20260729T171551Z-toolchain-formal01/boots/repetition-02/lower/python312/lib/python3.12/site-packages/pip/_internal/resolution/resolvelib/__pycache__/found_candidates.cpython-312.pyc
f	644	1000	1000	63223	64	35968335	1785345519.4771210960	results/experiments/toolchain-environment/20260729T171551Z-toolchain-formal01/boots/repetition-02/lower/python312/lib/python3.12/site-packages/pip/_vendor/pygments/unistring.py
f	644	1000	1000	6330	64	35964945	1785345487.1834453710	results/experiments/toolchain-environment/20260729T171551Z-toolchain-formal01/boots/repetition-02/lower/python310/lib/python3.10/site-packages/setuptools/__pycache__/archive_util.cpython-310.pyc
f	644	1000	1000	6337	64	35964895	1785345486.2005096640	results/experiments/toolchain-environment/20260729T171551Z-toolchain-formal01/boots/repetition-02/lower/python310/lib/python3.10/site-packages/setuptools/_vendor/wheel/__pycache__/metadata.cpython-310.pyc
f	644	1000	1000	6345	64	35966453	1785345496.1524814440	results/experiments/toolchain-environment/20260729T171551Z-toolchain-formal01/boots/repetition-02/lower/python310/lib/python3.10/site-packages/pip/_internal/commands/__pycache__/cache.cpython-310.pyc
f	644	1000	1000	636	64	35964823	1785345485.1286562040	results/experiments/toolchain-environment/20260729T171551Z-toolchain-formal01/boots/repetition-02/lower/python310/lib/python3.10/site-packages/setuptools/_vendor/platformdirs/__pycache__/version.cpython-310.pyc
f	644	1000	1000	6377	64	35966039	1785345493.9906527340	results/experiments/toolchain-environment/20260729T171551Z-toolchain-formal01/boots/repetition-02/lower/python310/lib/python3.10/site-packages/pip/_vendor/requests/api.py
f	644	1000	1000	638	64	35967371	1785345510.0435347410	results/experiments/toolchain-environment/20260729T171551Z-toolchain-formal01/boots/repetition-02/lower/python310/lib/python3.10/site-packages/pip/_vendor/rich/__pycache__/region.cpython-310.pyc
f	644	1000	1000	6389	64	35963745	1785345476.1972400850	results/experiments/toolchain-environment/20260729T171551Z-toolchain-formal01/boots/repetition-02/lower/python310/lib/python3.10/site-packages/setuptools/_vendor/typeguard/_importhook.py
f	644	1000	1000	6392	64	35967985	1785345518.1022550060	results/experiments/toolchain-environment/20260729T171551Z-toolchain-formal01/boots/repetition-02/lower/python312/lib/python3.12/site-packages/pip/_vendor/cachecontrol/adapter.py
f	644	1000	1000	6398	64	35965175	1785345490.2224625200	results/experiments/toolchain-environment/20260729T171551Z-toolchain-formal01/boots/repetition-02/lower/python310/lib/python3.10/site-packages/setuptools/tests/__pycache__/test_sandbox.cpython-310.pyc
f	644	1000	1000	64	64	35965807	1785345493.1666376710	results/experiments/toolchain-environment/20260729T171551Z-toolchain-formal01/boots/repetition-02/lower/python310/lib/python3.10/site-packages/pip/_vendor/distro/__main__.py
f	644	1000	1000	64	64	35966291	1785345495.0886729030	results/experiments/toolchain-environment/20260729T171551Z-toolchain-formal01/boots/repetition-02/lower/python310/lib/python3.10/site-packages/pip/_vendor/urllib3/_version.py
f	644	1000	1000	64	64	35968181	1785345518.8502179400	results/experiments/toolchain-environment/20260729T171551Z-toolchain-formal01/boots/repetition-02/lower/python312/lib/python3.12/site-packages/pip/_vendor/distro/__main__.py
f	644	1000	1000	64	64	35968649	1785345520.9873259460	results/experiments/toolchain-environment/20260729T171551Z-toolchain-formal01/boots/repetition-02/lower/python312/lib/python3.12/site-packages/pip/_vendor/urllib3/_version.py
f	644	1000	1000	6400	64	35965707	1785345492.6634570850	results/experiments/toolchain-environment/20260729T171551Z-toolchain-formal01/boots/repetition-02/lower/python310/lib/python3.10/site-packages/pip/_vendor/chardet/sbcharsetprober.py
f	644	1000	1000	6400	64	35968105	1785345518.5668036490	results/experiments/toolchain-environment/20260729T171551Z-toolchain-formal01/boots/repetition-02/lower/python312/lib/python3.12/site-packages/pip/_vendor/chardet/sbcharsetprober.py
f	644	1000	1000	641	64	35964025	1785345477.2381096460	results/experiments/toolchain-environment/20260729T171551Z-toolchain-formal01/boots/repetition-02/lower/python310/lib/python3.10/site-packages/setuptools/tests/test_shutil_wrapper.py
f	644	1000	1000	641	64	35964187	1785345477.7373445900	results/experiments/toolchain-environment/20260729T171551Z-toolchain-formal01/boots/repetition-02/lower/python310/lib/python3.10/site-packages/setuptools/_vendor/jaraco.context-5.3.0.dist-info/RECORD
f	644	1000	1000	641	64	35964775	1785345484.2854745000	results/experiments/toolchain-environment/20260729T171551Z-toolchain-formal01/boots/repetition-02/lower/python310/lib/python3.10/site-packages/setuptools/_vendor/packaging/__pycache__/__init__.cpython-310.pyc
f	644	1000	1000	6419	64	35965313	1785345491.0375984950	results/experiments/toolchain-environment/20260729T171551Z-toolchain-formal01/boots/repetition-02/lower/python310/lib/python3.10/site-packages/pip/_internal/commands/show.py
f	644	1000	1000	6419	64	35967709	1785345517.1260590610	results/experiments/toolchain-environment/20260729T171551Z-toolchain-formal01/boots/repetition-02/lower/python312/lib/python3.12/site-packages/pip/_internal/commands/show.py
f	644	1000	1000	642	64	35964363	1785345478.4803679210	results/experiments/toolchain-environment/20260729T171551Z-toolchain-formal01/boots/repetition-02/lower/python310/lib/python3.10/site-packages/pkg_resources/tests/__pycache__/test_markers.cpython-310.pyc
f	644	1000	1000	642	64	35966161	1785345494.5116623040	results/experiments/toolchain-environment/20260729T171551Z-toolchain-formal01/boots/repetition-02/lower/python310/lib/python3.10/site-packages/pip/_vendor/rich/errors.py
f	644	1000	1000	642	64	35968513	1785345520.3557316440	results/experiments/toolchain-environment/20260729T171551Z-toolchain-formal01/boots/repetition-02/lower/python312/lib/python3.12/site-packages/pip/_vendor/rich/errors.py
f	644	1000	1000	6426	64	35965993	1785345493.8223692610	results/experiments/toolchain-environment/20260729T171551Z-toolchain-formal01/boots/repetition-02/lower/python310/lib/python3.10/site-packages/pip/_vendor/pyparsing/actions.py
f	644	1000	1000	6427	64	35966997	1785345504.4435689960	results/experiments/toolchain-environment/20260729T171551Z-toolchain-formal01/boots/repetition-02/lower/python310/lib/python3.10/site-packages/pip/_vendor/msgpack/__pycache__/ext.cpython-310.pyc
f	644	1000	1000	6428	64	35965045	1785345488.5314382470	results/experiments/toolchain-environment/20260729T171551Z-toolchain-formal01/boots/repetition-02/lower/python310/lib/python3.10/site-packages/setuptools/__pycache__/extension.cpython-310.pyc
f	644	1000	1000	643	64	35963629	1785345475.7421270570	results/experiments/toolchain-environment/20260729T171551Z-toolchain-formal01/boots/repetition-02/lower/python310/lib/python3.10/site-packages/setuptools/_vendor/jaraco/text/layouts.py
f	644	1000	1000	6443	64	35967091	1785345505.8396660870	results/experiments/toolchain-environment/20260729T171551Z-toolchain-formal01/boots/repetition-02/lower/python310/lib/python3.10/site-packages/pip/_vendor/pygments/formatters/__pycache__/svg.cpython-310.pyc
f	644	1000	1000	6449	64	35968389	1785345519.6794352020	results/experiments/toolchain-environment/20260729T171551Z-toolchain-formal01/boots/repetition-02/lower/python312/lib/python3.12/site-packages/pip/_vendor/requests/api.py
f	644	1000	1000	645	64	35969085	1785345526.1042950340	results/experiments/toolchain-environment/20260729T171551Z-toolchain-formal01/boots/repetition-02/lower/python312/lib/python3.12/site-packages/pip/_internal/vcs/__pycache__/__init__.cpython-312.pyc
f	644	1000	1000	64520	64	35969469	1785345531.7813473630	results/experiments/toolchain-environment/20260729T171551Z-toolchain-formal01/boots/repetition-02/lower/python312/lib/python3.12/site-packages/pip/_vendor/pygments/lexers/__pycache__/_mapping.cpython-312.pyc
f	644	1000	1000	6456	64	35969761	1785345538.9874799240	results/experiments/toolchain-environment/20260729T171551Z-toolchain-formal01/boots/repetition-02/lower/python312/lib/python3.12/site-packages/pip/_vendor/rich/__pycache__/theme.cpython-312.pyc
f	644	1000	1000	6476	64	35967713	1785345517.1415531090	results/experiments/toolchain-environment/20260729T171551Z-toolchain-formal01/boots/repetition-02/lower/python312/lib/python3.12/site-packages/pip/_internal/commands/wheel.py
f	644	1000	1000	6492	64	35969701	1785345538.1704648920	results/experiments/toolchain-environment/20260729T171551Z-toolchain-formal01/boots/repetition-02/lower/python312/lib/python3.12/site-packages/pip/_vendor/rich/__pycache__/measure.cpython-312.pyc
f	644	1000	1000	6494	64	35965327	1785345491.0944577770	results/experiments/toolchain-environment/20260729T171551Z-toolchain-formal01/boots/repetition-02/lower/python310/lib/python3.10/site-packages/pip/_internal/distributions/sdist.py
f	644	1000	1000	6502	64	35969251	1785345528.1872812600	results/experiments/toolchain-environment/20260729T171551Z-toolchain-formal01/boots/repetition-02/lower/python312/lib/python3.12/site-packages/pip/_vendor/chardet/__pycache__/sbcharsetprober.cpython-312.pyc
f	644	1000	1000	65146	64	35967443	1785345511.1109673040	results/experiments/toolchain-environment/20260729T171551Z-toolchain-formal01/boots/repetition-02/lower/python310/lib/python3.10/site-packages/pip/_vendor/__pycache__/typing_extensions.cpython-310.pyc
f	644	1000	1000	6520	64	35969127	1785345526.6412528280	results/experiments/toolchain-environment/20260729T171551Z-toolchain-formal01/boots/repetition-02/lower/python312/lib/python3.12/site-packages/pip/_vendor/cachecontrol/__pycache__/serialize.cpython-312.pyc
f	644	1000	1000	653	64	35969605	1785345535.6814191030	results/experiments/toolchain-environment/20260729T171551Z-toolchain-formal01/boots/repetition-02/lower/python312/lib/python3.12/site-packages/pip/_vendor/rich/__pycache__/_extension.cpython-312.pyc
f	644	1000	1000	65341	64	35964975	1785345487.6085355200	results/experiments/toolchain-environment/20260729T171551Z-toolchain-formal01/boots/repetition-02/lower/python310/lib/python3.10/site-packages/setuptools/command/__pycache__/easy_install.cpython-310.pyc
f	644	1000	1000	6548	64	35964095	1785345477.4360317570	results/experiments/toolchain-environment/20260729T171551Z-toolchain-formal01/boots/repetition-02/lower/python310/lib/python3.10/site-packages/setuptools-79.0.1.dist-info/METADATA
f	644	1000	1000	6557	64	35964909	1785345486.4415140890	results/experiments/toolchain-environment/20260729T171551Z-toolchain-formal01/boots/repetition-02/lower/python310/lib/python3.10/site-packages/setuptools/_vendor/wheel/vendored/packaging/__pycache__/_manylinux.cpython-310.pyc
f	644	1000	1000	6557	64	35965339	1785345491.1425514360	results/experiments/toolchain-environment/20260729T171551Z-toolchain-formal01/boots/repetition-02/lower/python310/lib/python3.10/site-packages/pip/_internal/index/sources.py
f	644	1000	1000	6561	64	35966661	1785345499.2682856880	results/experiments/toolchain-environment/20260729T171551Z-toolchain-formal01/boots/repetition-02/lower/python310/lib/python3.10/site-packages/pip/_internal/resolution/resolvelib/__pycache__/base.cpython-310.pyc
f	644	1000	1000	6563	64	35966381	1785345495.4865636460	results/experiments/toolchain-environment/20260729T171551Z-toolchain-formal01/boots/repetition-02/lower/python310/lib/python3.10/site-packages/pip/_vendor/webencodings/tests.py
f	644	1000	1000	6563	64	35968743	1785345521.4322366110	results/experiments/toolchain-environment/20260729T171551Z-toolchain-formal01/boots/repetition-02/lower/python312/lib/python3.12/site-packages/pip/_vendor/webencodings/tests.py
f	644	1000	1000	6567	64	35968343	1785345519.5014122480	results/experiments/toolchain-environment/20260729T171551Z-toolchain-formal01/boots/repetition-02/lower/python312/lib/python3.12/site-packages/pip/_vendor/pyparsing/actions.py
f	644	1000	1000	657	64	35963237	1785345474.4262972250	results/experiments/toolchain-environment/20260729T171551Z-toolchain-formal01/boots/repetition-02/lower/python310/lib/python3.10/site-packages/setuptools/_itertools.py
f	644	1000	1000	6579	64	35969109	1785345526.3949968780	results/experiments/toolchain-environment/20260729T171551Z-toolchain-formal01/boots/repetition-02/lower/python312/lib/python3.12/site-packages/pip/_vendor/cachecontrol/__pycache__/adapter.cpython-312.pyc
f	644	1000	1000	6586	64	35963435	1785345475.0704837420	results/experiments/toolchain-environment/20260729T171551Z-toolchain-formal01/boots/repetition-02/lower/python310/lib/python3.10/site-packages/setuptools/_distutils/compilers/C/zos.py
f	644	1000	1000	659	64	35964639	1785345481.7924287260	results/experiments/toolchain-environment/20260729T171551Z-toolchain-formal01/boots/repetition-02/lower/python310/lib/python3.10/site-packages/setuptools/_distutils/tests/__pycache__/unix_compat.cpython-310.pyc
f	644	1000	1000	6591	64	35965293	1785345490.9395966950	results/experiments/toolchain-environment/20260729T171551Z-toolchain-formal01/boots/repetition-02/lower/python310/lib/python3.10/site-packages/pip/_internal/commands/debug.py
f	644	1000	1000	6596	64	35965885	1785345493.4646430720	results/experiments/toolchain-environment/20260729T171551Z-toolchain-formal01/boots/repetition-02/lower/python310/lib/python3.10/site-packages/pip/_vendor/platformdirs/windows.py
f	644	1000	1000	6597	64	35967299	1785345509.1350887630	results/experiments/toolchain-environment/20260729T171551Z-toolchain-formal01/boots/repetition-02/lower/python310/lib/python3.10/site-packages/pip/_vendor/rich/__pycache__/containers.cpython-310.pyc
f	644	1000	1000	661	64	35965841	1785345493.2946399500	results/experiments/toolchain-environment/20260729T171551Z-toolchain-formal01/boots/repetition-02/lower/python310/lib/python3.10/site-packages/pip/_vendor/packaging/__about__.py
f	644	1000	1000	661	64	35967173	1785345507.2520725210	results/experiments/toolchain-environment/20260729T171551Z-toolchain-formal01/boots/repetition-02/lower/python310/lib/python3.10/site-packages/pip/_vendor/requests/__pycache__/__version__.cpython-310.pyc
f	644	1000	1000	661	64	35968215	1785345518.9752918070	results/experiments/toolchain-environment/20260729T171551Z-toolchain-formal01/boots/repetition-02/lower/python312/lib/python3.12/site-packages/pip/_vendor/packaging/__about__.py
f	644	1000	1000	66142	64	35969311	1785345528.8432933250	results/experiments/toolchain-environment/20260729T171551Z-toolchain-formal01/boots/repetition-02/lower/python312/lib/python3.12/site-packages/pip/_vendor/distlib/__pycache__/database.cpython-312.pyc
f	644	1000	1000	6621	64	35967047	1785345505.1893545470	results/experiments/toolchain-environment/20260729T171551Z-toolchain-formal01/boots/repetition-02/lower/python310/lib/python3.10/site-packages/pip/_vendor/platformdirs/__pycache__/windows.cpython-310.pyc
f	644	1000	1000	6626	64	35965377	1785345491.3096034900	results/experiments/toolchain-environment/20260729T171551Z-toolchain-formal01/boots/repetition-02/lower/python310/lib/python3.10/site-packages/pip/_internal/models/direct_url.py
f	644	1000	1000	66262	64	35965791	1785345493.0746359090	results/experiments/toolchain-environment/20260729T171551Z-toolchain-formal01/boots/repetition-02/lower/python310/lib/python3.10/site-packages/pip/_vendor/distlib/util.py
f	644	1000	1000	6630	64	35966153	1785345494.4766616610	results/experiments/toolchain-environment/20260729T171551Z-toolchain-formal01/boots/repetition-02/lower/python310/lib/python3.10/site-packages/pip/_vendor/rich/control.py
f	644	1000	1000	6630	64	35968505	1785345520.3194079430	results/experiments/toolchain-environment/20260729T171551Z-toolchain-formal01/boots/repetition-02/lower/python312/lib/python3.12/site-packages/pip/_vendor/rich/control.py
f	644	1000	1000	6632	64	35968919	1785345523.9665285610	results/experiments/toolchain-environment/20260729T171551Z-toolchain-formal01/boots/repetition-02/lower/python312/lib/python3.12/site-packages/pip/_internal/network/__pycache__/cache.cpython-312.pyc
f	644	1000	1000	6634	64	35966483	1785345496.5825005540	results/experiments/toolchain-environment/20260729T171551Z-toolchain-formal01/boots/repetition-02/lower/python310/lib/python3.10/site-packages/pip/_internal/commands/__pycache__/show.cpython-310.pyc
f	644	1000	1000	6652	64	35964931	1785345486.9804920960	results/experiments/toolchain-environment/20260729T171551Z-toolchain-formal01/boots/repetition-02/lower/python310/lib/python3.10/site-packages/setuptools/_vendor/wheel/__pycache__/wheelfile.cpython-310.pyc
f	644	1000	1000	6676	64	35965259	1785345490.7874804310	results/experiments/toolchain-environment/20260729T171551Z-toolchain-formal01/boots/repetition-02/lower/python310/lib/python3.10/site-packages/pip/_internal/cli/autocompletion.py
f	644	1000	1000	6683	64	35963269	1785345474.5242342490	results/experiments/toolchain-environment/20260729T171551Z-toolchain-formal01/boots/repetition-02/lower/python310/lib/python3.10/site-packages/setuptools/extension.py
f	644	1000	1000	6684	64	35966803	1785345501.3998732360	results/experiments/toolchain-environment/20260729T171551Z-toolchain-formal01/boots/repetition-02/lower/python310/lib/python3.10/site-packages/pip/_vendor/chardet/__pycache__/chardistribution.cpython-310.pyc
f	644	1000	1000	6684	64	35969737	1785345538.5964727300	results/experiments/toolchain-environment/20260729T171551Z-toolchain-formal01/boots/repetition-02/lower/python312/lib/python3.12/site-packages/pip/_vendor/rich/__pycache__/rule.cpython-312.pyc
f	644	1000	1000	6690	64	35967655	1785345516.9161227490	results/experiments/toolchain-environment/20260729T171551Z-toolchain-formal01/boots/repetition-02/lower/python312/lib/python3.12/site-packages/pip/_internal/cli/autocompletion.py
f	644	1000	1000	6691	64	35968701	1785345521.2228252320	results/experiments/toolchain-environment/20260729T171551Z-toolchain-formal01/boots/repetition-02/lower/python312/lib/python3.12/site-packages/pip/_vendor/urllib3/request.py
f	644	1000	1000	6695	64	35969621	1785345536.1504277310	results/experiments/toolchain-environment/20260729T171551Z-toolchain-formal01/boots/repetition-02/lower/python312/lib/python3.12/site-packages/pip/_vendor/rich/__pycache__/_ratio.cpython-312.pyc
f	644	1000	1000	6706	64	35964779	1785345484.3624759140	results/experiments/toolchain-environment/20260729T171551Z-toolchain-formal01/boots/repetition-02/lower/python310/lib/python3.10/site-packages/setuptools/_vendor/packaging/__pycache__/_manylinux.cpython-310.pyc
f	644	1000	1000	6709	64	35967725	1785345517.1794764060	results/experiments/toolchain-environment/20260729T171551Z-toolchain-formal01/boots/repetition-02/lower/python312/lib/python3.12/site-packages/pip/_internal/distributions/sdist.py
f	644	1000	1000	6727	64	35969299	1785345528.6852904190	results/experiments/toolchain-environment/20260729T171551Z-toolchain-formal01/boots/repetition-02/lower/python312/lib/python3.12/site-packages/pip/_vendor/colorama/tests/__pycache__/winterm_test.cpython-312.pyc
f	644	1000	1000	6741	64	35965755	1785345492.8506317940	results/experiments/toolchain-environment/20260729T171551Z-toolchain-formal01/boots/repetition-02/lower/python310/lib/python3.10/site-packages/pip/_vendor/colorama/tests/initialise_test.py
f	644	1000	1000	6741	64	35968137	1785345518.6817341470	results/experiments/toolchain-environment/20260729T171551Z-toolchain-formal01/boots/repetition-02/lower/python312/lib/python3.12/site-packages/pip/_vendor/colorama/tests/initialise_test.py
f	644	1000	1000	6742	64	35969723	1785345538.5644721420	results/experiments/toolchain-environment/20260729T171551Z-toolchain-formal01/boots/repetition-02/lower/python312/lib/python3.12/site-packages/pip/_vendor/rich/__pycache__/repr.cpython-312.pyc
f	644	1000	1000	6752	64	35966677	1785345499.5637659440	results/experiments/toolchain-environment/20260729T171551Z-toolchain-formal01/boots/repetition-02/lower/python310/lib/python3.10/site-packages/pip/_internal/__pycache__/self_outdated_check.cpython-310.pyc
f	644	1000	1000	67530	64	35968171	1785345518.8171089620	results/experiments/toolchain-environment/20260729T171551Z-toolchain-formal01/boots/repetition-02/lower/python312/lib/python3.12/site-packages/pip/_vendor/distlib/util.py
f	644	1000	1000	6755	64	35963165	1785345474.2032894110	results/experiments/toolchain-environment/20260729T171551Z-toolchain-formal01/boots/repetition-02/lower/python310/lib/python3.10/site-packages/_distutils_hack/__init__.py
f	644	1000	1000	676	64	35967981	1785345518.0872143290	results/experiments/toolchain-environment/20260729T171551Z-toolchain-formal01/boots/repetition-02/lower/python312/lib/python3.12/site-packages/pip/_vendor/cachecontrol/__init__.py
f	644	1000	1000	6762	64	35966729	1785345500.3247690940	results/experiments/toolchain-environment/20260729T171551Z-toolchain-formal01/boots/repetition-02/lower/python310/lib/python3.10/site-packages/pip/_internal/utils/__pycache__/unpacking.cpython-310.pyc
f	644	1000	1000	6765	64	35967179	1785345507.3852321510	results/experiments/toolchain-environment/20260729T171551Z-toolchain-formal01/boots/repetition-02/lower/python310/lib/python3.10/site-packages/pip/_vendor/requests/__pycache__/api.cpython-310.pyc
f	644	1000	1000	6768	64	35967225	1785345507.9619741260	results/experiments/toolchain-environment/20260729T171551Z-toolchain-formal01/boots/repetition-02/lower/python310/lib/python3.10/site-packages/pip/_vendor/resolvelib/__pycache__/providers.cpython-310.pyc
f	644	1000	1000	6777	64	35967689	1785345517.0459537400	results/experiments/toolchain-environment/20260729T171551Z-toolchain-formal01/boots/repetition-02/lower/python312/lib/python3.12/site-packages/pip/_internal/commands/debug.py
f	644	1000	1000	6790	64	35966463	1785345496.2766947260	results/experiments/toolchain-environment/20260729T171551Z-toolchain-formal01/boots/repetition-02/lower/python310/lib/python3.10/site-packages/pip/_internal/commands/__pycache__/debug.cpython-310.pyc
f	644	1000	1000	6790	64	35969483	1785345532.3145151320	results/experiments/toolchain-environment/20260729T171551Z-toolchain-formal01/boots/repetition-02/lower/python312/lib/python3.12/site-packages/pip/_vendor/pygments/__pycache__/style.cpython-312.pyc
f	644	1000	1000	6805	64	35966009	1785345493.8986510440	results/experiments/toolchain-environment/20260729T171551Z-toolchain-formal01/boots/repetition-02/lower/python310/lib/python3.10/site-packages/pip/_vendor/pyparsing/util.py
f	644	1000	1000	6806	64	35967839	1785345517.5827751380	results/experiments/toolchain-environment/20260729T171551Z-toolchain-formal01/boots/repetition-02/lower/python312/lib/python3.12/site-packages/pip/_internal/operations/check.py
f	644	1000	1000	6809	64	35969125	1785345526.6149133810	results/experiments/toolchain-environment/20260729T171551Z-toolchain-formal01/boots/repetition-02/lower/python312/lib/python3.12/site-packages/pip/_vendor/cachecontrol/__pycache__/heuristics.cpython-312.pyc
f	644	1000	1000	6819	64	35966133	1785345494.3766598240	results/experiments/toolchain-environment/20260729T171551Z-toolchain-formal01/boots/repetition-02/lower/python310/lib/python3.10/site-packages/pip/_vendor/rich/ansi.py
f	644	1000	1000	683	64	35969721	1785345538.5314715340	results/experiments/toolchain-environment/20260729T171551Z-toolchain-formal01/boots/repetition-02/lower/python312/lib/python3.12/site-packages/pip/_vendor/rich/__pycache__/region.cpython-312.pyc
f	644	1000	1000	6834	64	35968813	1785345522.4746592730	results/experiments/toolchain-environment/20260729T171551Z-toolchain-formal01/boots/repetition-02/lower/python312/lib/python3.12/site-packages/pip/_internal/commands/__pycache__/index.cpython-312.pyc
f	644	1000	1000	686	64	35966891	1785345502.7052625310	results/experiments/toolchain-environment/20260729T171551Z-toolchain-formal01/boots/repetition-02/lower/python310/lib/python3.10/site-packages/pip/_vendor/chardet/__pycache__/resultdict.cpython-310.pyc
f	644	1000	1000	688	64	35964387	1785345478.7319047090	results/experiments/toolchain-environment/20260729T171551Z-toolchain-formal01/boots/repetition-02/lower/python310/lib/python3.10/site-packages/setuptools/_distutils/__pycache__/_msvccompiler.cpython-310.pyc
f	644	1000	1000	6882	64	35963469	1785345475.1976476910	results/experiments/toolchain-environment/20260729T171551Z-toolchain-formal01/boots/repetition-02/lower/python310/lib/python3.10/site-packages/setuptools/_distutils/tests/test_build_py.py
f	644	1000	1000	6882	64	35968325	1785345519.4419300850	results/experiments/toolchain-environment/20260729T171551Z-toolchain-formal01/boots/repetition-02/lower/python312/lib/python3.12/site-packages/pip/_vendor/pygments/sphinxext.py
f	644	1000	1000	6886	64	35963867	1785345476.6934692160	results/experiments/toolchain-environment/20260729T171551Z-toolchain-formal01/boots/repetition-02/lower/python310/lib/python3.10/site-packages/setuptools/command/develop.py
f	644	1000	1000	6889	64	35967779	1785345517.3562293830	results/experiments/toolchain-environment/20260729T171551Z-toolchain-formal01/boots/repetition-02/lower/python312/lib/python3.12/site-packages/pip/_internal/models/direct_url.py
f	644	1000	1000	689	64	35964535	1785345479.9693952560	results/experiments/toolchain-environment/20260729T171551Z-toolchain-formal01/boots/repetition-02/lower/python310/lib/python3.10/site-packages/setuptools/_distutils/__pycache__/cygwinccompiler.cpython-310.pyc
f	644	1000	1000	6895	64	35966365	1785345495.4124199090	results/experiments/toolchain-environment/20260729T171551Z-toolchain-formal01/boots/repetition-02/lower/python310/lib/python3.10/site-packages/pip/_vendor/urllib3/util/ssltransport.py
f	644	1000	1000	6895	64	35968725	1785345521.3483868960	results/experiments/toolchain-environment/20260729T171551Z-toolchain-formal01/boots/repetition-02/lower/python312/lib/python3.12/site-packages/pip/_vendor/urllib3/util/ssltransport.py
f	644	1000	1000	6906	64	35968485	1785345520.1941342790	results/experiments/toolchain-environment/20260729T171551Z-toolchain-formal01/boots/repetition-02/lower/python312/lib/python3.12/site-packages/pip/_vendor/rich/ansi.py
f	644	1000	1000	6911	64	35965881	1785345493.4476427600	results/experiments/toolchain-environment/20260729T171551Z-toolchain-formal01/boots/repetition-02/lower/python310/lib/python3.10/site-packages/pip/_vendor/platformdirs/unix.py
f	644	1000	1000	692	64	35963889	1785345476.7753366220	results/experiments/toolchain-environment/20260729T171551Z-toolchain-formal01/boots/repetition-02/lower/python310/lib/python3.10/site-packages/setuptools/command/saveopts.py
f	644	1000	1000	695	64	35966057	1785345494.0605825000	results/experiments/toolchain-environment/20260729T171551Z-toolchain-formal01/boots/repetition-02/lower/python310/lib/python3.10/site-packages/pip/_vendor/requests/packages.py
f	644	1000	1000	695	64	35968407	1785345519.7827066560	results/experiments/toolchain-environment/20260729T171551Z-toolchain-formal01/boots/repetition-02/lower/python312/lib/python3.12/site-packages/pip/_vendor/requests/packages.py
f	644	1000	1000	6967	64	35969583	1785345534.9895245750	results/experiments/toolchain-environment/20260729T171551Z-toolchain-formal01/boots/repetition-02/lower/python312/lib/python3.12/site-packages/pip/_vendor/resolvelib/__pycache__/providers.cpython-312.pyc
f	644	1000	1000	697	64	35967157	1785345506.9842735820	results/experiments/toolchain-environment/20260729T171551Z-toolchain-formal01/boots/repetition-02/lower/python310/lib/python3.10/site-packages/pip/_vendor/pyproject_hooks/__pycache__/__init__.cpython-310.pyc
f	644	1000	1000	6970	64	35968859	1785345523.2062587230	results/experiments/toolchain-environment/20260729T171551Z-toolchain-formal01/boots/repetition-02/lower/python312/lib/python3.12/site-packages/pip/_internal/locations/__pycache__/_distutils.cpython-312.pyc
f	644	1000	1000	6987	64	35965249	1785345490.7515932420	results/experiments/toolchain-environment/20260729T171551Z-toolchain-formal01/boots/repetition-02/lower/python310/lib/python3.10/site-packages/pip/_internal/pyproject.py
f	644	1000	1000	699	64	35967053	1785345505.2495531670	results/experiments/toolchain-environment/20260729T171551Z-toolchain-formal01/boots/repetition-02/lower/python310/lib/python3.10/site-packages/pip/_vendor/pygments/__pycache__/__main__.cpython-310.pyc
f	644	1000	1000	7	64	35964177	1785345477.7055144540	results/experiments/toolchain-environment/20260729T171551Z-toolchain-formal01/boots/repetition-02/lower/python310/lib/python3.10/site-packages/setuptools/_vendor/jaraco.collections-5.1.0.dist-info/top_level.txt
f	644	1000	1000	7	64	35964191	1785345477.7525922900	results/experiments/toolchain-environment/20260729T171551Z-toolchain-formal01/boots/repetition-02/lower/python310/lib/python3.10/site-packages/setuptools/_vendor/jaraco.context-5.3.0.dist-info/top_level.txt
f	644	1000	1000	7	64	35964205	1785345477.7983554010	results/experiments/toolchain-environment/20260729T171551Z-toolchain-formal01/boots/repetition-02/lower/python310/lib/python3.10/site-packages/setuptools/_vendor/jaraco.functools-4.0.1.dist-info/top_level.txt
f	644	1000	1000	7	64	35964221	1785345477.8519401840	results/experiments/toolchain-environment/20260729T171551Z-toolchain-formal01/boots/repetition-02/lower/python310/lib/python3.10/site-packages/setuptools/_vendor/jaraco.text-3.12.1.dist-info/top_level.txt
f	644	1000	1000	700	64	35969539	1785345533.9313869110	results/experiments/toolchain-environment/20260729T171551Z-toolchain-formal01/boots/repetition-02/lower/python312/lib/python3.12/site-packages/pip/_vendor/requests/__pycache__/__version__.cpython-312.pyc
f	644	1000	1000	7000	64	35969451	1785345531.1213352230	results/experiments/toolchain-environment/20260729T171551Z-toolchain-formal01/boots/repetition-02/lower/python312/lib/python3.12/site-packages/pip/_vendor/pygments/formatters/__pycache__/other.cpython-312.pyc
f	644	1000	1000	7003	64	35967043	1785345505.1292478790	results/experiments/toolchain-environment/20260729T171551Z-toolchain-formal01/boots/repetition-02/lower/python310/lib/python3.10/site-packages/pip/_vendor/platformdirs/__pycache__/unix.cpython-310.pyc
f	644	1000	1000	7009	64	35966925	1785345503.2802774530	results/experiments/toolchain-environment/20260729T171551Z-toolchain-formal01/boots/repetition-02/lower/python310/lib/python3.10/site-packages/pip/_vendor/colorama/tests/__pycache__/initialise_test.cpython-310.pyc
f	644	1000	1000	701	64	35967003	1785345504.5160263100	results/experiments/toolchain-environment/20260729T171551Z-toolchain-formal01/boots/repetition-02/lower/python310/lib/python3.10/site-packages/pip/_vendor/packaging/__pycache__/__about__.cpython-310.pyc
f	644	1000	1000	7022	64	35967355	1785345509.9295685110	results/experiments/toolchain-environment/20260729T171551Z-toolchain-formal01/boots/repetition-02/lower/python310/lib/python3.10/site-packages/pip/_vendor/rich/__pycache__/progress_bar.cpython-310.pyc
f	644	1000	1000	70232	64	35965981	1785345493.7816488950	results/experiments/toolchain-environment/20260729T171551Z-toolchain-formal01/boots/repetition-02/lower/python310/lib/python3.10/site-packages/pip/_vendor/pygments/lexers/_mapping.py
f	644	1000	1000	7025	64	35969377	1785345529.8854975070	results/experiments/toolchain-environment/20260729T171551Z-toolchain-formal01/boots/repetition-02/lower/python312/lib/python3.12/site-packages/pip/_vendor/packaging/__pycache__/_musllinux.cpython-312.pyc
f	644	1000	1000	703	64	35964539	1785345480.0243338740	results/experiments/toolchain-environment/20260729T171551Z-toolchain-formal01/boots/repetition-02/lower/python310/lib/python3.10/site-packages/setuptools/_distutils/__pycache__/dep_util.cpython-310.pyc
f	644	1000	1000	704	64	35966403	1785345495.6156825840	results/experiments/toolchain-environment/20260729T171551Z-toolchain-formal01/boots/repetition-02/lower/python310/lib/python3.10/site-packages/pip/__pycache__/__main__.cpython-310.pyc
f	644	1000	1000	7042	64	35969435	1785345530.7576522050	results/experiments/toolchain-environment/20260729T171551Z-toolchain-formal01/boots/repetition-02/lower/python312/lib/python3.12/site-packages/pip/_vendor/pygments/formatters/__pycache__/__init__.cpython-312.pyc
f	644	1000	1000	7044	64	35964919	1785345486.6945187350	results/experiments/toolchain-environment/20260729T171551Z-toolchain-formal01/boots/repetition-02/lower/python310/lib/python3.10/site-packages/setuptools/_vendor/wheel/vendored/packaging/__pycache__/markers.cpython-310.pyc
f	644	1000	1000	7046	64	35963877	1785345476.7331410140	results/experiments/toolchain-environment/20260729T171551Z-toolchain-formal01/boots/repetition-02/lower/python310/lib/python3.10/site-packages/setuptools/command/install.py
f	644	1000	1000	7061	64	35969383	1785345529.9925406890	results/experiments/toolchain-environment/20260729T171551Z-toolchain-formal01/boots/repetition-02/lower/python312/lib/python3.12/site-packages/pip/_vendor/packaging/__pycache__/requirements.cpython-312.pyc
f	644	1000	1000	7063	64	35966109	1785345494.2563402630	results/experiments/toolchain-environment/20260729T171551Z-toolchain-formal01/boots/repetition-02/lower/python310/lib/python3.10/site-packages/pip/_vendor/rich/_palettes.py
f	644	1000	1000	7063	64	35968461	1785345520.0521952100	results/experiments/toolchain-environment/20260729T171551Z-toolchain-formal01/boots/repetition-02/lower/python312/lib/python3.12/site-packages/pip/_vendor/rich/_palettes.py
f	644	1000	1000	7077	64	35963989	1785345477.1211054460	results/experiments/toolchain-environment/20260729T171551Z-toolchain-formal01/boots/repetition-02/lower/python310/lib/python3.10/site-packages/setuptools/tests/test_dist_info.py
f	644	1000	1000	7079	64	35965145	1785345489.8292184420	results/experiments/toolchain-environment/20260729T171551Z-toolchain-formal01/boots/repetition-02/lower/python310/lib/python3.10/site-packages/setuptools/tests/__pycache__/test_dist.cpython-310.pyc
f	644	1000	1000	7097	64	35966323	1785345495.2364758710	results/experiments/toolchain-environment/20260729T171551Z-toolchain-formal01/boots/repetition-02/lower/python310/lib/python3.10/site-packages/pip/_vendor/urllib3/contrib/socks.py
f	644	1000	1000	7097	64	35968677	1785345521.1111511390	results/experiments/toolchain-environment/20260729T171551Z-toolchain-formal01/boots/repetition-02/lower/python312/lib/python3.12/site-packages/pip/_vendor/urllib3/contrib/socks.py
f	644	1000	1000	71	64	35963153	1785345470.5826782010	results/experiments/toolchain-environment/20260729T171551Z-toolchain-formal01/boots/repetition-02/lower/python310/pyvenv.cfg
f	644	1000	1000	7105	64	35965609	1785345492.2385701380	results/experiments/toolchain-environment/20260729T171551Z-toolchain-formal01/boots/repetition-02/lower/python310/lib/python3.10/site-packages/pip/_vendor/cachecontrol/serialize.py
f	644	1000	1000	7117	64	35969233	1785345527.9252764420	results/experiments/toolchain-environment/20260729T171551Z-toolchain-formal01/boots/repetition-02/lower/python312/lib/python3.12/site-packages/pip/_vendor/chardet/__pycache__/latin1prober.cpython-312.pyc
f	644	1000	1000	7131	64	35966145	1785345494.4386999830	results/experiments/toolchain-environment/20260729T171551Z-toolchain-formal01/boots/repetition-02/lower/python310/lib/python3.10/site-packages/pip/_vendor/rich/columns.py
f	644	1000	1000	7131	64	35968497	1785345520.2731357310	results/experiments/toolchain-environment/20260729T171551Z-toolchain-formal01/boots/repetition-02/lower/python312/lib/python3.12/site-packages/pip/_vendor/rich/columns.py
f	644	1000	1000	7131	64	35969593	1785345535.2074103830	results/experiments/toolchain-environment/20260729T171551Z-toolchain-formal01/boots/repetition-02/lower/python312/lib/python3.12/site-packages/pip/_vendor/rich/__pycache__/__init__.cpython-312.pyc
f	644	1000	1000	7132	64	35968249	1785345519.1016839380	results/experiments/toolchain-environment/20260729T171551Z-toolchain-formal01/boots/repetition-02/lower/python312/lib/python3.12/site-packages/pip/_vendor/platformdirs/api.py
f	644	1000	1000	7134	64	35965745	1785345492.8006308760	results/experiments/toolchain-environment/20260729T171551Z-toolchain-formal01/boots/repetition-02/lower/python310/lib/python3.10/site-packages/pip/_vendor/colorama/winterm.py
f	644	1000	1000	7134	64	35968147	1785345518.7241097210	results/experiments/toolchain-environment/20260729T171551Z-toolchain-formal01/boots/repetition-02/lower/python312/lib/python3.12/site-packages/pip/_vendor/colorama/winterm.py
f	644	1000	1000	7135	64	35964851	1785345485.5404975440	results/experiments/toolchain-environment/20260729T171551Z-toolchain-formal01/boots/repetition-02/lower/python310/lib/python3.10/site-packages/setuptools/_vendor/typeguard/__pycache__/_importhook.cpython-310.pyc
f	644	1000	1000	7152	64	35967853	1785345517.6381995060	results/experiments/toolchain-environment/20260729T171551Z-toolchain-formal01/boots/repetition-02/lower/python312/lib/python3.12/site-packages/pip/_internal/pyproject.py
f	644	1000	1000	716	64	35965537	1785345491.9071757080	results/experiments/toolchain-environment/20260729T171551Z-toolchain-formal01/boots/repetition-02/lower/python310/lib/python3.10/site-packages/pip/_internal/utils/filetypes.py
f	644	1000	1000	716	64	35967931	1785345517.9175563230	results/experiments/toolchain-environment/20260729T171551Z-toolchain-formal01/boots/repetition-02/lower/python312/lib/python3.12/site-packages/pip/_internal/utils/filetypes.py
f	644	1000	1000	7163	64	35969555	1785345534.5433981690	results/experiments/toolchain-environment/20260729T171551Z-toolchain-formal01/boots/repetition-02/lower/python312/lib/python3.12/site-packages/pip/_vendor/requests/__pycache__/exceptions.cpython-312.pyc
f	644	1000	1000	7168	64	35965147	1785345489.8606000820	results/experiments/toolchain-environment/20260729T171551Z-toolchain-formal01/boots/repetition-02/lower/python310/lib/python3.10/site-packages/setuptools/tests/__pycache__/test_dist_info.cpython-310.pyc
f	644	1000	1000	717	64	35967217	1785345507.8526144140	results/experiments/toolchain-environment/20260729T171551Z-toolchain-formal01/boots/repetition-02/lower/python310/lib/python3.10/site-packages/pip/_vendor/resolvelib/__pycache__/__init__.cpython-310.pyc
f	644	1000	1000	7173	64	35968003	1785345518.1669036620	results/experiments/toolchain-environment/20260729T171551Z-toolchain-formal01/boots/repetition-02/lower/python312/lib/python3.12/site-packages/pip/_vendor/cachecontrol/serialize.py
f	644	1000	1000	72050	64	35964691	1785345482.7244458380	results/experiments/toolchain-environment/20260729T171551Z-toolchain-formal01/boots/repetition-02/lower/python310/lib/python3.10/site-packages/setuptools/_vendor/backports/tarfile/__pycache__/__init__.cpython-310.pyc
f	644	1000	1000	7211	64	35968247	1785345519.0940453420	results/experiments/toolchain-environment/20260729T171551Z-toolchain-formal01/boots/repetition-02/lower/python312/lib/python3.12/site-packages/pip/_vendor/platformdirs/android.py
f	644	1000	1000	72281	64	35968313	1785345519.3801193130	results/experiments/toolchain-environment/20260729T171551Z-toolchain-formal01/boots/repetition-02/lower/python312/lib/python3.12/site-packages/pip/_vendor/pygments/lexers/_mapping.py
f	644	1000	1000	7230	64	35966513	1785345497.0579682780	results/experiments/toolchain-environment/20260729T171551Z-toolchain-formal01/boots/repetition-02/lower/python310/lib/python3.10/site-packages/pip/_internal/index/__pycache__/sources.cpython-310.pyc
f	644	1000	1000	7236	64	35963339	1785345474.7292374260	results/experiments/toolchain-environment/20260729T171551Z-toolchain-formal01/boots/repetition-02/lower/python310/lib/python3.10/site-packages/setuptools/_distutils/dir_util.py
f	644	1000	1000	7237	64	35966899	1785345502.8284580250	results/experiments/toolchain-environment/20260729T171551Z-toolchain-formal01/boots/repetition-02/lower/python310/lib/python3.10/site-packages/pip/_vendor/chardet/__pycache__/universaldetector.cpython-310.pyc
f	644	1000	1000	7240	64	35967131	1785345506.4870600940	results/experiments/toolchain-environment/20260729T171551Z-toolchain-formal01/boots/repetition-02/lower/python310/lib/python3.10/site-packages/pip/_vendor/pyparsing/__pycache__/__init__.cpython-310.pyc
f	644	1000	1000	7248	64	35969925	1785345542.6673517660	results/experiments/toolchain-environment/20260729T171551Z-toolchain-formal01/boots/repetition-02/lower/python312/lib/python3.12/site-packages/pip/_vendor/webencodings/__pycache__/labels.cpython-312.pyc
f	644	1000	1000	7250	64	35969703	1785345538.2114656470	results/experiments/toolchain-environment/20260729T171551Z-toolchain-formal01/boots/repetition-02/lower/python312/lib/python3.12/site-packages/pip/_vendor/rich/__pycache__/padding.cpython-312.pyc
f	644	1000	1000	726	64	35963311	1785345474.6423658940	results/experiments/toolchain-environment/20260729T171551Z-toolchain-formal01/boots/repetition-02/lower/python310/lib/python3.10/site-packages/setuptools/windows_support.py
f	644	1000	1000	7272	64	35964845	1785345485.4476182570	results/experiments/toolchain-environment/20260729T171551Z-toolchain-formal01/boots/repetition-02/lower/python310/lib/python3.10/site-packages/setuptools/_vendor/typeguard/__pycache__/_decorators.cpython-310.pyc
f	644	1000	1000	7274	64	35967231	1785345508.0609621120	results/experiments/toolchain-environment/20260729T171551Z-toolchain-formal01/boots/repetition-02/lower/python310/lib/python3.10/site-packages/pip/_vendor/resolvelib/__pycache__/structs.cpython-310.pyc
f	644	1000	1000	728	64	35966525	1785345497.2111446500	results/experiments/toolchain-environment/20260729T171551Z-toolchain-formal01/boots/repetition-02/lower/python310/lib/python3.10/site-packages/pip/_internal/__pycache__/main.cpython-310.pyc
f	644	1000	1000	729	64	35965325	1785345491.0835993400	results/experiments/toolchain-environment/20260729T171551Z-toolchain-formal01/boots/repetition-02/lower/python310/lib/python3.10/site-packages/pip/_internal/distributions/installed.py
f	644	1000	1000	729	64	35969523	1785345533.5773803990	results/experiments/toolchain-environment/20260729T171551Z-toolchain-formal01/boots/repetition-02/lower/python312/lib/python3.12/site-packages/pip/_vendor/pyproject_hooks/__pycache__/__init__.cpython-312.pyc
f	644	1000	1000	7290	64	35967133	1785345506.5256572220	results/experiments/toolchain-environment/20260729T171551Z-toolchain-formal01/boots/repetition-02/lower/python310/lib/python3.10/site-packages/pip/_vendor/pyparsing/__pycache__/actions.cpython-310.pyc
f	644	1000	1000	7294	64	35967237	1785345508.1281189160	results/experiments/toolchain-environment/20260729T171551Z-toolchain-formal01/boots/repetition-02/lower/python310/lib/python3.10/site-packages/pip/_vendor/rich/__pycache__/__main__.cpython-310.pyc
f	644	1000	1000	7297	64	35969235	1785345527.9595046160	results/experiments/toolchain-environment/20260729T171551Z-toolchain-formal01/boots/repetition-02/lower/python312/lib/python3.12/site-packages/pip/_vendor/chardet/__pycache__/macromanprober.cpython-312.pyc
f	644	1000	1000	732	64	35964569	1785345480.4058769720	results/experiments/toolchain-environment/20260729T171551Z-toolchain-formal01/boots/repetition-02/lower/python310/lib/python3.10/site-packages/setuptools/_distutils/tests/compat/__pycache__/py39.cpython-310.pyc
f	644	1000	1000	7320	64	35964389	1785345478.7564854520	results/experiments/toolchain-environment/20260729T171551Z-toolchain-formal01/boots/repetition-02/lower/python310/lib/python3.10/site-packages/setuptools/_distutils/__pycache__/archive_util.cpython-310.pyc
f	644	1000	1000	7320	64	35969545	1785345534.3033937540	results/experiments/toolchain-environment/20260729T171551Z-toolchain-formal01/boots/repetition-02/lower/python312/lib/python3.12/site-packages/pip/_vendor/requests/__pycache__/api.cpython-312.pyc
f	644	1000	1000	733	64	35966053	1785345494.0445744020	results/experiments/toolchain-environment/20260729T171551Z-toolchain-formal01/boots/repetition-02/lower/python310/lib/python3.10/site-packages/pip/_vendor/requests/hooks.py
f	644	1000	1000	733	64	35968403	1785345519.7606133540	results/experiments/toolchain-environment/20260729T171551Z-toolchain-formal01/boots/repetition-02/lower/python312/lib/python3.12/site-packages/pip/_vendor/requests/hooks.py
f	644	1000	1000	7332	64	35968979	1785345524.7864340480	results/experiments/toolchain-environment/20260729T171551Z-toolchain-formal01/boots/repetition-02/lower/python312/lib/python3.12/site-packages/pip/_internal/req/__pycache__/req_set.cpython-312.pyc
f	644	1000	1000	7333	64	35964533	1785345479.9421065330	results/experiments/toolchain-environment/20260729T171551Z-toolchain-formal01/boots/repetition-02/lower/python310/lib/python3.10/site-packages/setuptools/_distutils/__pycache__/core.cpython-310.pyc
f	644	1000	1000	7335	64	35965971	1785345493.7366480680	results/experiments/toolchain-environment/20260729T171551Z-toolchain-formal01/boots/repetition-02/lower/python310/lib/python3.10/site-packages/pip/_vendor/pygments/formatters/svg.py
f	644	1000	1000	7335	64	35968301	1785345519.3121180620	results/experiments/toolchain-environment/20260729T171551Z-toolchain-formal01/boots/repetition-02/lower/python312/lib/python3.12/site-packages/pip/_vendor/pygments/formatters/svg.py
f	644	1000	1000	734	64	35969807	1785345539.6394919200	results/experiments/toolchain-environment/20260729T171551Z-toolchain-formal01/boots/repetition-02/lower/python312/lib/python3.12/site-packages/pip/_vendor/truststore/__pycache__/__init__.cpython-312.pyc
f	644	1000	1000	7356	64	35963249	1785345474.4606573130	results/experiments/toolchain-environment/20260729T171551Z-toolchain-formal01/boots/repetition-02/lower/python310/lib/python3.10/site-packages/setuptools/archive_util.py
f	644	1000	1000	7374	64	35963891	1785345476.7830364140	results/experiments/toolchain-environment/20260729T171551Z-toolchain-formal01/boots/repetition-02/lower/python310/lib/python3.10/site-packages/setuptools/command/sdist.py
f	644	1000	1000	7374	64	35964541	1785345480.0553968350	results/experiments/toolchain-environment/20260729T171551Z-toolchain-formal01/boots/repetition-02/lower/python310/lib/python3.10/site-packages/setuptools/_distutils/__pycache__/dir_util.cpython-310.pyc
f	644	1000	1000	738	64	35965387	1785345491.3594779250	results/experiments/toolchain-environment/20260729T171551Z-toolchain-formal01/boots/repetition-02/lower/python310/lib/python3.10/site-packages/pip/_internal/models/scheme.py
f	644	1000	1000	738	64	35967789	1785345517.3957281390	results/experiments/toolchain-environment/20260729T171551Z-toolchain-formal01/boots/repetition-02/lower/python312/lib/python3.12/site-packages/pip/_internal/models/scheme.py
f	644	1000	1000	7380	64	35969441	1785345530.8901660310	results/experiments/toolchain-environment/20260729T171551Z-toolchain-formal01/boots/repetition-02/lower/python312/lib/python3.12/site-packages/pip/_vendor/pygments/formatters/__pycache__/groff.cpython-312.pyc
f	644	1000	1000	7396	64	35965317	1785345491.0555988250	results/experiments/toolchain-environment/20260729T171551Z-toolchain-formal01/boots/repetition-02/lower/python310/lib/python3.10/site-packages/pip/_internal/commands/wheel.py
f	644	1000	1000	7410	64	35969879	1785345542.0105355440	results/experiments/toolchain-environment/20260729T171551Z-toolchain-formal01/boots/repetition-02/lower/python312/lib/python3.12/site-packages/pip/_vendor/urllib3/__pycache__/request.cpython-312.pyc
f	644	1000	1000	7411	64	35967007	1785345504.5786684160	results/experiments/toolchain-environment/20260729T171551Z-toolchain-formal01/boots/repetition-02/lower/python310/lib/python3.10/site-packages/pip/_vendor/packaging/__pycache__/_manylinux.cpython-310.pyc
f	644	1000	1000	74198	64	35964731	1785345483.4114584520	results/experiments/toolchain-environment/20260729T171551Z-toolchain-formal01/boots/repetition-02/lower/python310/lib/python3.10/site-packages/setuptools/_vendor/inflect/__pycache__/__init__.cpython-310.pyc
f	644	1000	1000	742	64	35966401	1785345495.5826819780	results/experiments/toolchain-environment/20260729T171551Z-toolchain-formal01/boots/repetition-02/lower/python310/lib/python3.10/site-packages/pip/__pycache__/__init__.cpython-310.pyc
f	644	1000	1000	7425	64	35966727	1785345500.2911909530	results/experiments/toolchain-environment/20260729T171551Z-toolchain-formal01/boots/repetition-02/lower/python310/lib/python3.10/site-packages/pip/_internal/utils/__pycache__/temp_dir.cpython-310.pyc
f	644	1000	1000	743	64	35963569	1785345475.5472242870	results/experiments/toolchain-environment/20260729T171551Z-toolchain-formal01/boots/repetition-02/lower/python310/lib/python3.10/site-packages/setuptools/_vendor/importlib_metadata/_collections.py
f	644	1000	1000	7445	64	35967405	1785345510.5930887090	results/experiments/toolchain-environment/20260729T171551Z-toolchain-formal01/boots/repetition-02/lower/python310/lib/python3.10/site-packages/pip/_vendor/rich/__pycache__/tree.cpython-310.pyc
f	644	1000	1000	7447	64	35969873	1785345541.8944379310	results/experiments/toolchain-environment/20260729T171551Z-toolchain-formal01/boots/repetition-02/lower/python312/lib/python3.12/site-packages/pip/_vendor/urllib3/packages/backports/__pycache__/weakref_finalize.cpython-312.pyc
f	644	1000	1000	745	64	35969371	1785345529.7871898140	results/experiments/toolchain-environment/20260729T171551Z-toolchain-formal01/boots/repetition-02/lower/python312/lib/python3.12/site-packages/pip/_vendor/packaging/__pycache__/__about__.cpython-312.pyc
f	644	1000	1000	7456	64	35967769	1785345517.3251418850	results/experiments/toolchain-environment/20260729T171551Z-toolchain-formal01/boots/repetition-02/lower/python312/lib/python3.12/site-packages/pip/_internal/metadata/importlib/_envs.py
f	644	1000	1000	7457	64	35965369	1785345491.2726028110	results/experiments/toolchain-environment/20260729T171551Z-toolchain-formal01/boots/repetition-02/lower/python310/lib/python3.10/site-packages/pip/_internal/metadata/importlib/_envs.py
f	644	1000	1000	747	64	35969249	1785345528.1582807270	results/experiments/toolchain-environment/20260729T171551Z-toolchain-formal01/boots/repetition-02/lower/python312/lib/python3.12/site-packages/pip/_vendor/chardet/__pycache__/resultdict.cpython-312.pyc
f	644	1000	1000	75	64	35965749	1785345492.8144765740	results/experiments/toolchain-environment/20260729T171551Z-toolchain-formal01/boots/repetition-02/lower/python310/lib/python3.10/site-packages/pip/_vendor/colorama/tests/__init__.py
f	644	1000	1000	75	64	35968131	1785345518.6539618810	results/experiments/toolchain-environment/20260729T171551Z-toolchain-formal01/boots/repetition-02/lower/python312/lib/python3.12/site-packages/pip/_vendor/colorama/tests/__init__.py
f	644	1000	1000	750	64	35969575	1785345534.8774043130	results/experiments/toolchain-environment/20260729T171551Z-toolchain-formal01/boots/repetition-02/lower/python312/lib/python3.12/site-packages/pip/_vendor/resolvelib/__pycache__/__init__.cpython-312.pyc
f	644	1000	1000	751	64	35967259	1785345508.5186926960	results/experiments/toolchain-environment/20260729T171551Z-toolchain-formal01/boots/repetition-02/lower/python310/lib/python3.10/site-packages/pip/_vendor/rich/__pycache__/_pick.cpython-310.pyc
f	644	1000	1000	7510	64	35967537	1785345512.2233385660	results/experiments/toolchain-environment/20260729T171551Z-toolchain-formal01/boots/repetition-02/lower/python310/lib/python3.10/site-packages/pip/_vendor/urllib3/util/__pycache__/ssltransport.cpython-310.pyc
f	644	1000	1000	75194	64	35969713	1785345538.4044691980	results/experiments/toolchain-environment/20260729T171551Z-toolchain-formal01/boots/repetition-02/lower/python312/lib/python3.12/site-packages/pip/_vendor/rich/__pycache__/progress.cpython-312.pyc
f	644	1000	1000	7527	64	35966553	1785345497.5767423750	results/experiments/toolchain-environment/20260729T171551Z-toolchain-formal01/boots/repetition-02/lower/python310/lib/python3.10/site-packages/pip/_internal/models/__pycache__/direct_url.cpython-310.pyc
f	644	1000	1000	7529	64	35964815	1785345484.9971718490	results/experiments/toolchain-environment/20260729T171551Z-toolchain-formal01/boots/repetition-02/lower/python310/lib/python3.10/site-packages/setuptools/_vendor/platformdirs/__pycache__/android.cpython-310.pyc
f	644	1000	1000	753	64	35964391	1785345478.7802583360	results/experiments/toolchain-environment/20260729T171551Z-toolchain-formal01/boots/repetition-02/lower/python310/lib/python3.10/site-packages/setuptools/_distutils/__pycache__/ccompiler.cpython-310.pyc
f	644	1000	1000	753	64	35966759	1785345500.7022783140	results/experiments/toolchain-environment/20260729T171551Z-toolchain-formal01/boots/repetition-02/lower/python310/lib/python3.10/site-packages/pip/_vendor/cachecontrol/__pycache__/__init__.cpython-310.pyc
f	644	1000	1000	7539	64	35967349	1785345509.8018522960	results/experiments/toolchain-environment/20260729T171551Z-toolchain-formal01/boots/repetition-02/lower/python310/lib/python3.10/site-packages/pip/_vendor/rich/__pycache__/panel.cpython-310.pyc
f	644	1000	1000	754	64	35965157	1785345489.9995794310	results/experiments/toolchain-environment/20260729T171551Z-toolchain-formal01/boots/repetition-02/lower/python310/lib/python3.10/site-packages/setuptools/tests/__pycache__/test_extern.cpython-310.pyc
f	644	1000	1000	7543	64	35964611	1785345481.2654190500	results/experiments/toolchain-environment/20260729T171551Z-toolchain-formal01/boots/repetition-02/lower/python310/lib/python3.10/site-packages/setuptools/_distutils/tests/__pycache__/test_install.cpython-310.pyc
f	644	1000	1000	7550	64	35966267	1785345494.9846709930	results/experiments/toolchain-environment/20260729T171551Z-toolchain-formal01/boots/repetition-02/lower/python310/lib/python3.10/site-packages/pip/_vendor/tenacity/retry.py
f	644	1000	1000	7563	64	35965193	1785345490.4455876220	results/experiments/toolchain-environment/20260729T171551Z-toolchain-formal01/boots/repetition-02/lower/python310/lib/python3.10/site-packages/setuptools/tests/__pycache__/test_windows_wrappers.cpython-310.pyc
f	644	1000	1000	7569	64	35969043	1785345525.6519307020	results/experiments/toolchain-environment/20260729T171551Z-toolchain-formal01/boots/repetition-02/lower/python312/lib/python3.12/site-packages/pip/_internal/utils/__pycache__/filesystem.cpython-312.pyc
f	644	1000	1000	75738	64	35965225	1785345490.6425912400	results/experiments/toolchain-environment/20260729T171551Z-toolchain-formal01/boots/repetition-02/lower/python310/lib/python3.10/site-packages/setuptools-79.0.1.dist-info/RECORD
f	644	1000	1000	7576	64	35966673	1785345499.5002338860	results/experiments/toolchain-environment/20260729T171551Z-toolchain-formal01/boots/repetition-02/lower/python310/lib/python3.10/site-packages/pip/_internal/resolution/resolvelib/__pycache__/requirements.cpython-310.pyc
f	644	1000	1000	7582	64	35965285	1785345490.9005959780	results/experiments/toolchain-environment/20260729T171551Z-toolchain-formal01/boots/repetition-02/lower/python310/lib/python3.10/site-packages/pip/_internal/commands/cache.py
f	644	1000	1000	760	64	35969135	1785345526.7231157770	results/experiments/toolchain-environment/20260729T171551Z-toolchain-formal01/boots/repetition-02/lower/python312/lib/python3.12/site-packages/pip/_vendor/certifi/__pycache__/__main__.cpython-312.pyc
f	644	1000	1000	7627	64	35969855	1785345541.6535289760	results/experiments/toolchain-environment/20260729T171551Z-toolchain-formal01/boots/repetition-02/lower/python312/lib/python3.12/site-packages/pip/_vendor/urllib3/contrib/__pycache__/socks.cpython-312.pyc
f	644	1000	1000	7634	64	35964107	1785345477.4676228160	results/experiments/toolchain-environment/20260729T171551Z-toolchain-formal01/boots/repetition-02/lower/python310/lib/python3.10/site-packages/setuptools/_vendor/autocommand-2.2.2.dist-info/LICENSE
f	644	1000	1000	7638	64	35964431	1785345491.4466060060	results/experiments/toolchain-environment/20260729T171551Z-toolchain-formal01/boots/repetition-02/lower/python310/lib/python3.10/site-packages/pip/_internal/network/lazy_wheel.py
f	644	1000	1000	7638	64	35967809	1785345517.4658909210	results/experiments/toolchain-environment/20260729T171551Z-toolchain-formal01/boots/repetition-02/lower/python312/lib/python3.12/site-packages/pip/_internal/network/lazy_wheel.py
f	644	1000	1000	7665	64	35969059	1785345525.7432134770	results/experiments/toolchain-environment/20260729T171551Z-toolchain-formal01/boots/repetition-02/lower/python312/lib/python3.12/site-packages/pip/_internal/utils/__pycache__/hashes.cpython-312.pyc
f	644	1000	1000	7680	64	35965347	1785345491.1726009740	results/experiments/toolchain-environment/20260729T171551Z-toolchain-formal01/boots/repetition-02/lower/python310/lib/python3.10/site-packages/pip/_internal/locations/_sysconfig.py
f	644	1000	1000	7680	64	35967747	1785345517.2494256690	results/experiments/toolchain-environment/20260729T171551Z-toolchain-formal01/boots/repetition-02/lower/python312/lib/python3.12/site-packages/pip/_internal/locations/_sysconfig.py
f	644	1000	1000	7693	64	35968953	1785345524.4512885480	results/experiments/toolchain-environment/20260729T171551Z-toolchain-formal01/boots/repetition-02/lower/python312/lib/python3.12/site-packages/pip/_internal/operations/__pycache__/check.cpython-312.pyc
f	644	1000	1000	7702	64	35965557	1785345491.9996161640	results/experiments/toolchain-environment/20260729T171551Z-toolchain-formal01/boots/repetition-02/lower/python310/lib/python3.10/site-packages/pip/_internal/utils/temp_dir.py
f	644	1000	1000	7703	64	35968805	1785345522.3162027700	results/experiments/toolchain-environment/20260729T171551Z-toolchain-formal01/boots/repetition-02/lower/python312/lib/python3.12/site-packages/pip/_internal/commands/__pycache__/download.cpython-312.pyc
f	644	1000	1000	771	64	35967029	1785345504.9467129650	results/experiments/toolchain-environment/20260729T171551Z-toolchain-formal01/boots/repetition-02/lower/python310/lib/python3.10/site-packages/pip/_vendor/pkg_resources/__pycache__/py31compat.cpython-310.pyc
f	644	1000	1000	77103	64	35969221	1785345527.6742718260	results/experiments/toolchain-environment/20260729T171551Z-toolchain-formal01/boots/repetition-02/lower/python312/lib/python3.12/site-packages/pip/_vendor/chardet/__pycache__/langgreekmodel.cpython-312.pyc
f	644	1000	1000	77163	64	35967567	1785345512.5229932580	results/experiments/toolchain-environment/20260729T171551Z-toolchain-formal01/boots/repetition-02/lower/python310/lib/python3.10/site-packages/pip-23.0.1.dist-info/RECORD
f	644	1000	1000	7726	64	35969091	1785345526.1940244890	results/experiments/toolchain-environment/20260729T171551Z-toolchain-formal01/boots/repetition-02/lower/python312/lib/python3.12/site-packages/pip/_internal/vcs/__pycache__/mercurial.cpython-312.pyc
f	644	1000	1000	77316	64	35969943	1785345542.7975500260	results/experiments/toolchain-environment/20260729T171551Z-toolchain-formal01/boots/repetition-02/lower/python312/lib/python3.12/site-packages/pip-24.0.dist-info/RECORD
f	644	1000	1000	7735	64	35968821	1785345522.6471793820	results/experiments/toolchain-environment/20260729T171551Z-toolchain-formal01/boots/repetition-02/lower/python312/lib/python3.12/site-packages/pip/_internal/commands/__pycache__/search.cpython-312.pyc
f	644	1000	1000	774	64	35965265	1785345490.8156254290	results/experiments/toolchain-environment/20260729T171551Z-toolchain-formal01/boots/repetition-02/lower/python310/lib/python3.10/site-packages/pip/_internal/cli/command_context.py
f	644	1000	1000	774	64	35965611	1785345492.2456206820	results/experiments/toolchain-environment/20260729T171551Z-toolchain-formal01/boots/repetition-02/lower/python310/lib/python3.10/site-packages/pip/_vendor/cachecontrol/wrapper.py
f	644	1000	1000	774	64	35967661	1785345516.9397347680	results/experiments/toolchain-environment/20260729T171551Z-toolchain-formal01/boots/repetition-02/lower/python312/lib/python3.12/site-packages/pip/_internal/cli/command_context.py
f	644	1000	1000	775	64	35963963	1785345477.0310992400	results/experiments/toolchain-environment/20260729T171551Z-toolchain-formal01/boots/repetition-02/lower/python310/lib/python3.10/site-packages/setuptools/tests/test_bdist_deprecations.py
f	644	1000	1000	77614	64	35969223	1785345527.7172726160	results/experiments/toolchain-environment/20260729T171551Z-toolchain-formal01/boots/repetition-02/lower/python312/lib/python3.12/site-packages/pip/_vendor/chardet/__pycache__/langhebrewmodel.cpython-312.pyc
f	644	1000	1000	77631	64	35969231	1785345527.8942758720	results/experiments/toolchain-environment/20260729T171551Z-toolchain-formal01/boots/repetition-02/lower/python312/lib/python3.12/site-packages/pip/_vendor/chardet/__pycache__/langturkishmodel.cpython-312.pyc
f	644	1000	1000	7777	64	35963385	1785345474.8865657240	results/experiments/toolchain-environment/20260729T171551Z-toolchain-formal01/boots/repetition-02/lower/python310/lib/python3.10/site-packages/setuptools/_distutils/command/build_clib.py
f	644	1000	1000	77792	64	35969229	1785345527.8542751360	results/experiments/toolchain-environment/20260729T171551Z-toolchain-formal01/boots/repetition-02/lower/python312/lib/python3.12/site-packages/pip/_vendor/chardet/__pycache__/langthaimodel.cpython-312.pyc
f	644	1000	1000	778	64	35964873	1785345485.8541169010	results/experiments/toolchain-environment/20260729T171551Z-toolchain-formal01/boots/repetition-02/lower/python310/lib/python3.10/site-packages/setuptools/_vendor/wheel/__pycache__/__main__.cpython-310.pyc
f	644	1000	1000	778	64	35965601	1785345492.2044482310	results/experiments/toolchain-environment/20260729T171551Z-toolchain-formal01/boots/repetition-02/lower/python310/lib/python3.10/site-packages/pip/_vendor/cachecontrol/compat.py
f	644	1000	1000	7792	64	35964547	1785345480.1415442670	results/experiments/toolchain-environment/20260729T171551Z-toolchain-formal01/boots/repetition-02/lower/python310/lib/python3.10/site-packages/setuptools/_distutils/__pycache__/extension.cpython-310.pyc
f	644	1000	1000	7797	64	35969319	1785345528.9703936730	results/experiments/toolchain-environment/20260729T171551Z-toolchain-formal01/boots/repetition-02/lower/python312/lib/python3.12/site-packages/pip/_vendor/distlib/__pycache__/markers.cpython-312.pyc
f	644	1000	1000	781	64	35963769	1785345476.2933277740	results/experiments/toolchain-environment/20260729T171551Z-toolchain-formal01/boots/repetition-02/lower/python310/lib/python3.10/site-packages/setuptools/_vendor/wheel/_setuptools_logging.py
f	644	1000	1000	7814	64	35966543	1785345497.4506752830	results/experiments/toolchain-environment/20260729T171551Z-toolchain-formal01/boots/repetition-02/lower/python310/lib/python3.10/site-packages/pip/_internal/metadata/importlib/__pycache__/_envs.cpython-310.pyc
f	644	1000	1000	7819	64	35964001	1785345477.1633437440	results/experiments/toolchain-environment/20260729T171551Z-toolchain-formal01/boots/repetition-02/lower/python310/lib/python3.10/site-packages/setuptools/tests/test_find_packages.py
f	644	1000	1000	7819	64	35966669	1785345499.4263918010	results/experiments/toolchain-environment/20260729T171551Z-toolchain-formal01/boots/repetition-02/lower/python310/lib/python3.10/site-packages/pip/_internal/resolution/resolvelib/__pycache__/provider.cpython-310.pyc
f	644	1000	1000	7825	64	35969117	1785345526.4852499590	results/experiments/toolchain-environment/20260729T171551Z-toolchain-formal01/boots/repetition-02/lower/python312/lib/python3.12/site-packages/pip/_vendor/cachecontrol/caches/__pycache__/file_cache.cpython-312.pyc
f	644	1000	1000	7833	64	35964849	1785345485.5104969940	results/experiments/toolchain-environment/20260729T171551Z-toolchain-formal01/boots/repetition-02/lower/python310/lib/python3.10/site-packages/setuptools/_vendor/typeguard/__pycache__/_functions.cpython-310.pyc
f	644	1000	1000	78344	64	35968195	1785345518.9001104880	results/experiments/toolchain-environment/20260729T171551Z-toolchain-formal01/boots/repetition-02/lower/python312/lib/python3.12/site-packages/pip/_vendor/idna/idnadata.py
f	644	1000	1000	784	64	35968865	1785345523.2981640500	results/experiments/toolchain-environment/20260729T171551Z-toolchain-formal01/boots/repetition-02/lower/python312/lib/python3.12/site-packages/pip/_internal/__pycache__/main.cpython-312.pyc
f	644	1000	1000	7842	64	35965261	1785345490.7965940690	results/experiments/toolchain-environment/20260729T171551Z-toolchain-formal01/boots/repetition-02/lower/python310/lib/python3.10/site-packages/pip/_internal/cli/base_command.py
f	644	1000	1000	7881	64	35964035	1785345477.2709776810	results/experiments/toolchain-environment/20260729T171551Z-toolchain-formal01/boots/repetition-02/lower/python310/lib/python3.10/site-packages/setuptools/tests/test_windows_wrappers.py
f	644	1000	1000	790	64	35963903	1785345476.8183374110	results/experiments/toolchain-environment/20260729T171551Z-toolchain-formal01/boots/repetition-02/lower/python310/lib/python3.10/site-packages/setuptools/compat/py311.py
f	644	1000	1000	7914	64	35965205	1785345490.5765900280	results/experiments/toolchain-environment/20260729T171551Z-toolchain-formal01/boots/repetition-02/lower/python310/lib/python3.10/site-packages/setuptools/__pycache__/wheel.cpython-310.pyc
f	644	1000	1000	7925	64	35967239	1785345508.1639991930	results/experiments/toolchain-environment/20260729T171551Z-toolchain-formal01/boots/repetition-02/lower/python310/lib/python3.10/site-packages/pip/_vendor/rich/__pycache__/_cell_widths.cpython-310.pyc
f	644	1000	1000	7934	64	35965089	1785345489.0434127600	results/experiments/toolchain-environment/20260729T171551Z-toolchain-formal01/boots/repetition-02/lower/python310/lib/python3.10/site-packages/setuptools/tests/config/__pycache__/test_expand.cpython-310.pyc
f	644	1000	1000	7937	64	35968939	1785345524.2192082890	results/experiments/toolchain-environment/20260729T171551Z-toolchain-formal01/boots/repetition-02/lower/python312/lib/python3.12/site-packages/pip/_internal/operations/build/__pycache__/build_tracker.cpython-312.pyc
f	644	1000	1000	7937	64	35969597	1785345535.3954138420	results/experiments/toolchain-environment/20260729T171551Z-toolchain-formal01/boots/repetition-02/lower/python312/lib/python3.12/site-packages/pip/_vendor/rich/__pycache__/_cell_widths.cpython-312.pyc
f	644	1000	1000	7944	64	35967681	1785345517.0143567080	results/experiments/toolchain-environment/20260729T171551Z-toolchain-formal01/boots/repetition-02/lower/python312/lib/python3.12/site-packages/pip/_internal/commands/cache.py
f	644	1000	1000	795	64	35965543	1785345491.9306148960	results/experiments/toolchain-environment/20260729T171551Z-toolchain-formal01/boots/repetition-02/lower/python310/lib/python3.10/site-packages/pip/_internal/utils/inject_securetransport.py
f	644	1000	1000	795	64	35969031	1785345525.4742313670	results/experiments/toolchain-environment/20260729T171551Z-toolchain-formal01/boots/repetition-02/lower/python312/lib/python3.12/site-packages/pip/_internal/utils/__pycache__/datetime.cpython-312.pyc
f	644	1000	1000	7954	64	35966155	1785345494.4846618080	results/experiments/toolchain-environment/20260729T171551Z-toolchain-formal01/boots/repetition-02/lower/python310/lib/python3.10/site-packages/pip/_vendor/rich/default_styles.py
f	644	1000	1000	7954	64	35968787	1785345522.0268612700	results/experiments/toolchain-environment/20260729T171551Z-toolchain-formal01/boots/repetition-02/lower/python312/lib/python3.12/site-packages/pip/_internal/cli/__pycache__/spinners.cpython-312.pyc
f	644	1000	1000	7978	64	35963349	1785345474.7653244730	results/experiments/toolchain-environment/20260729T171551Z-toolchain-formal01/boots/repetition-02/lower/python310/lib/python3.10/site-packages/setuptools/_distutils/file_util.py
f	644	1000	1000	798	64	35963969	1785345477.0522100610	results/experiments/toolchain-environment/20260729T171551Z-toolchain-formal01/boots/repetition-02/lower/python310/lib/python3.10/site-packages/setuptools/tests/test_build.py
f	644	1000	1000	798	64	35966785	1785345501.1608433940	results/experiments/toolchain-environment/20260729T171551Z-toolchain-formal01/boots/repetition-02/lower/python310/lib/python3.10/site-packages/pip/_vendor/cachecontrol/__pycache__/wrapper.cpython-310.pyc
f	644	1000	1000	798	64	35967267	1785345508.6512686800	results/experiments/toolchain-environment/20260729T171551Z-toolchain-formal01/boots/repetition-02/lower/python310/lib/python3.10/site-packages/pip/_vendor/rich/__pycache__/_timer.cpython-310.pyc
f	644	1000	1000	7988	64	35963515	1785345475.3795107030	results/experiments/toolchain-environment/20260729T171551Z-toolchain-formal01/boots/repetition-02/lower/python310/lib/python3.10/site-packages/setuptools/_distutils/tests/test_util.py
f	644	1000	1000	799	64	35964759	1785345483.8954673380	results/experiments/toolchain-environment/20260729T171551Z-toolchain-formal01/boots/repetition-02/lower/python310/lib/python3.10/site-packages/setuptools/_vendor/jaraco/text/__pycache__/strip-prefix.cpython-310.pyc
f	644	1000	1000	799	64	35965085	1785345488.9705605320	results/experiments/toolchain-environment/20260729T171551Z-toolchain-formal01/boots/repetition-02/lower/python310/lib/python3.10/site-packages/setuptools/tests/config/downloads/__pycache__/preload.cpython-310.pyc
f	644	1000	1000	799	64	35968451	1785345519.9976009270	results/experiments/toolchain-environment/20260729T171551Z-toolchain-formal01/boots/repetition-02/lower/python312/lib/python3.12/site-packages/pip/_vendor/rich/_fileno.py
f	644	1000	1000	799	64	35968751	1785345521.4812449640	results/experiments/toolchain-environment/20260729T171551Z-toolchain-formal01/boots/repetition-02/lower/python312/lib/python3.12/site-packages/pip/__pycache__/__init__.cpython-312.pyc
f	644	1000	1000	8	64	35964161	1785345477.6514617560	results/experiments/toolchain-environment/20260729T171551Z-toolchain-formal01/boots/repetition-02/lower/python310/lib/python3.10/site-packages/setuptools/_vendor/inflect-7.3.1.dist-info/top_level.txt
f	644	1000	1000	8002	64	35964795	1785345484.6505978670	results/experiments/toolchain-environment/20260729T171551Z-toolchain-formal01/boots/repetition-02/lower/python310/lib/python3.10/site-packages/setuptools/_vendor/packaging/__pycache__/markers.cpython-310.pyc
f	644	1000	1000	8011	64	35966273	1785345495.0186716180	results/experiments/toolchain-environment/20260729T171551Z-toolchain-formal01/boots/repetition-02/lower/python310/lib/python3.10/site-packages/pip/_vendor/tenacity/wait.py
f	644	1000	1000	80114	64	35965587	1785345492.1396187350	results/experiments/toolchain-environment/20260729T171551Z-toolchain-formal01/boots/repetition-02/lower/python310/lib/python3.10/site-packages/pip/_vendor/typing_extensions.py
f	644	1000	1000	8024	64	35968615	1785345520.8684026870	results/experiments/toolchain-environment/20260729T171551Z-toolchain-formal01/boots/repetition-02/lower/python312/lib/python3.12/site-packages/pip/_vendor/tenacity/wait.py
f	644	1000	1000	8027	64	35969497	1785345532.5763619860	results/experiments/toolchain-environment/20260729T171551Z-toolchain-formal01/boots/repetition-02/lower/python312/lib/python3.12/site-packages/pip/_vendor/pyparsing/__pycache__/__init__.cpython-312.pyc
f	644	1000	1000	803	64	35963847	1785345476.6181717120	results/experiments/toolchain-environment/20260729T171551Z-toolchain-formal01/boots/repetition-02/lower/python310/lib/python3.10/site-packages/setuptools/command/__init__.py
f	644	1000	1000	8033	64	35964633	1785345481.6806545040	results/experiments/toolchain-environment/20260729T171551Z-toolchain-formal01/boots/repetition-02/lower/python310/lib/python3.10/site-packages/setuptools/_distutils/tests/__pycache__/test_util.cpython-310.pyc
f	644	1000	1000	806	64	35966817	1785345501.6060828250	results/experiments/toolchain-environment/20260729T171551Z-toolchain-formal01/boots/repetition-02/lower/python310/lib/python3.10/site-packages/pip/_vendor/chardet/__pycache__/codingstatemachinedict.cpython-310.pyc
f	644	1000	1000	8060	64	35967279	1785345508.8267053030	results/experiments/toolchain-environment/20260729T171551Z-toolchain-formal01/boots/repetition-02/lower/python310/lib/python3.10/site-packages/pip/_vendor/rich/__pycache__/align.cpython-310.pyc
f	644	1000	1000	8082	64	35968507	1785345520.3295298670	results/experiments/toolchain-environment/20260729T171551Z-toolchain-formal01/boots/repetition-02/lower/python312/lib/python3.12/site-packages/pip/_vendor/rich/default_styles.py
f	644	1000	1000	81	64	35963549	1785345475.4834019520	results/experiments/toolchain-environment/20260729T171551Z-toolchain-formal01/boots/repetition-02/lower/python310/lib/python3.10/site-packages/setuptools/_vendor/backports/__init__.py
f	644	1000	1000	81	64	35964235	1785345477.8986050600	results/experiments/toolchain-environment/20260729T171551Z-toolchain-formal01/boots/repetition-02/lower/python310/lib/python3.10/site-packages/setuptools/_vendor/more_itertools-10.3.0.dist-info/WHEEL
f	644	1000	1000	81	64	35964277	1785345478.0449442810	results/experiments/toolchain-environment/20260729T171551Z-toolchain-formal01/boots/repetition-02/lower/python310/lib/python3.10/site-packages/setuptools/_vendor/tomli-2.0.1.dist-info/WHEEL
f	644	1000	1000	81	64	35964305	1785345478.1371940980	results/experiments/toolchain-environment/20260729T171551Z-toolchain-formal01/boots/repetition-02/lower/python310/lib/python3.10/site-packages/setuptools/_vendor/typing_extensions-4.12.2.dist-info/WHEEL
f	644	1000	1000	8125	64	35968861	1785345523.2369429380	results/experiments/toolchain-environment/20260729T171551Z-toolchain-formal01/boots/repetition-02/lower/python312/lib/python3.12/site-packages/pip/_internal/locations/__pycache__/_sysconfig.cpython-312.pyc
f	644	1000	1000	8131	64	35964993	1785345487.8575400930	results/experiments/toolchain-environment/20260729T171551Z-toolchain-formal01/boots/repetition-02/lower/python310/lib/python3.10/site-packages/setuptools/command/__pycache__/sdist.cpython-310.pyc
f	644	1000	1000	8165	64	35966197	1785345494.6876655370	results/experiments/toolchain-environment/20260729T171551Z-toolchain-formal01/boots/repetition-02/lower/python310/lib/python3.10/site-packages/pip/_vendor/rich/progress_bar.py
f	644	1000	1000	8165	64	35968549	1785345520.5510660350	results/experiments/toolchain-environment/20260729T171551Z-toolchain-formal01/boots/repetition-02/lower/python312/lib/python3.12/site-packages/pip/_vendor/rich/progress_bar.py
f	644	1000	1000	8167	64	35965251	1785345490.7595933890	results/experiments/toolchain-environment/20260729T171551Z-toolchain-formal01/boots/repetition-02/lower/python310/lib/python3.10/site-packages/pip/_internal/self_outdated_check.py
f	644	1000	1000	8171	64	35966247	1785345509.4193054230	results/experiments/toolchain-environment/20260729T171551Z-toolchain-formal01/boots/repetition-02/lower/python310/lib/python3.10/site-packages/pip/_vendor/rich/__pycache__/highlighter.cpython-310.pyc
f	644	1000	1000	8181	64	35965367	1785345491.2626362790	results/experiments/toolchain-environment/20260729T171551Z-toolchain-formal01/boots/repetition-02/lower/python310/lib/python3.10/site-packages/pip/_internal/metadata/importlib/_dists.py
f	644	1000	1000	8198	64	35966181	1785345494.6146641960	results/experiments/toolchain-environment/20260729T171551Z-toolchain-formal01/boots/repetition-02/lower/python310/lib/python3.10/site-packages/pip/_vendor/rich/markup.py
f	644	1000	1000	8198	64	35968533	1785345520.4650844050	results/experiments/toolchain-environment/20260729T171551Z-toolchain-formal01/boots/repetition-02/lower/python312/lib/python3.12/site-packages/pip/_vendor/rich/markup.py
f	644	1000	1000	82	64	35964253	1785345477.9603583750	results/experiments/toolchain-environment/20260729T171551Z-toolchain-formal01/boots/repetition-02/lower/python310/lib/python3.10/site-packages/setuptools/_vendor/packaging-24.2.dist-info/WHEEL
f	644	1000	1000	82	64	35964319	1785345478.1841782060	results/experiments/toolchain-environment/20260729T171551Z-toolchain-formal01/boots/repetition-02/lower/python310/lib/python3.10/site-packages/setuptools/_vendor/wheel-0.45.1.dist-info/WHEEL
f	644	1000	1000	820	64	35963283	1785345474.5632226070	results/experiments/toolchain-environment/20260729T171551Z-toolchain-formal01/boots/repetition-02/lower/python310/lib/python3.10/site-packages/setuptools/launch.py
f	644	1000	1000	8202	64	35964511	1785345479.5991621520	results/experiments/toolchain-environment/20260729T171551Z-toolchain-formal01/boots/repetition-02/lower/python310/lib/python3.10/site-packages/setuptools/_distutils/compilers/C/__pycache__/cygwin.cpython-310.pyc
f	644	1000	1000	8217	64	35966297	1785345495.1226735280	results/experiments/toolchain-environment/20260729T171551Z-toolchain-formal01/boots/repetition-02/lower/python310/lib/python3.10/site-packages/pip/_vendor/urllib3/exceptions.py
f	644	1000	1000	8217	64	35968679	1785345521.1223521080	results/experiments/toolchain-environment/20260729T171551Z-toolchain-formal01/boots/repetition-02/lower/python312/lib/python3.12/site-packages/pip/_vendor/urllib3/exceptions.py
f	644	1000	1000	8232	64	35963821	1785345476.5191012100	results/experiments/toolchain-environment/20260729T171551Z-toolchain-formal01/boots/repetition-02/lower/python310/lib/python3.10/site-packages/setuptools/_vendor/wheel/vendored/packaging/markers.py
f	644	1000	1000	8233	64	35967181	1785345507.4304758980	results/experiments/toolchain-environment/20260729T171551Z-toolchain-formal01/boots/repetition-02/lower/python310/lib/python3.10/site-packages/pip/_vendor/requests/__pycache__/auth.cpython-310.pyc
f	644	1000	1000	8241	64	35969301	1785345528.7175380450	results/experiments/toolchain-environment/20260729T171551Z-toolchain-formal01/boots/repetition-02/lower/python312/lib/python3.12/site-packages/pip/_vendor/colorama/__pycache__/win32.cpython-312.pyc
f	644	1000	1000	8243	64	35964647	1785345481.9694319750	results/experiments/toolchain-environment/20260729T171551Z-toolchain-formal01/boots/repetition-02/lower/python310/lib/python3.10/site-packages/setuptools/_distutils/__pycache__/version.cpython-310.pyc
f	644	1000	1000	8256	64	35964087	1785345477.4213484800	results/experiments/toolchain-environment/20260729T171551Z-toolchain-formal01/boots/repetition-02/lower/python310/lib/python3.10/site-packages/setuptools/tests/integration/test_pip_install_sdist.py
f	644	1000	1000	8258	64	35969489	1785345532.3766764920	results/experiments/toolchain-environment/20260729T171551Z-toolchain-formal01/boots/repetition-02/lower/python312/lib/python3.12/site-packages/pip/_vendor/pygments/__pycache__/token.cpython-312.pyc
f	644	1000	1000	82682	64	35967295	1785345509.0789299570	results/experiments/toolchain-environment/20260729T171551Z-toolchain-formal01/boots/repetition-02/lower/python310/lib/python3.10/site-packages/pip/_vendor/rich/__pycache__/console.cpython-310.pyc
f	644	1000	1000	8270	64	35967301	1785345509.1719316660	results/experiments/toolchain-environment/20260729T171551Z-toolchain-formal01/boots/repetition-02/lower/python310/lib/python3.10/site-packages/pip/_vendor/rich/__pycache__/control.cpython-310.pyc
f	644	1000	1000	828	64	35966187	1785345494.6406646740	results/experiments/toolchain-environment/20260729T171551Z-toolchain-formal01/boots/repetition-02/lower/python310/lib/python3.10/site-packages/pip/_vendor/rich/pager.py
f	644	1000	1000	828	64	35968539	1785345520.4926065770	results/experiments/toolchain-environment/20260729T171551Z-toolchain-formal01/boots/repetition-02/lower/python312/lib/python3.12/site-packages/pip/_vendor/rich/pager.py
f	644	1000	1000	8286	64	35965159	1785345490.0212630230	results/experiments/toolchain-environment/20260729T171551Z-toolchain-formal01/boots/repetition-02/lower/python310/lib/python3.10/site-packages/setuptools/tests/__pycache__/test_find_packages.cpython-310.pyc
f	644	1000	1000	8291	64	35966675	1785345499.5364528850	results/experiments/toolchain-environment/20260729T171551Z-toolchain-formal01/boots/repetition-02/lower/python310/lib/python3.10/site-packages/pip/_internal/resolution/resolvelib/__pycache__/resolver.cpython-310.pyc
f	644	1000	1000	8294	64	35966889	1785345502.6732757270	results/experiments/toolchain-environment/20260729T171551Z-toolchain-formal01/boots/repetition-02/lower/python310/lib/python3.10/site-packages/pip/_vendor/chardet/metadata/__pycache__/languages.cpython-310.pyc
f	644	1000	1000	8294	64	35967495	1785345511.6390856030	results/experiments/toolchain-environment/20260729T171551Z-toolchain-formal01/boots/repetition-02/lower/python310/lib/python3.10/site-packages/pip/_vendor/urllib3/__pycache__/fields.cpython-310.pyc
f	644	1000	1000	8297	64	35967767	1785345517.3153550960	results/experiments/toolchain-environment/20260729T171551Z-toolchain-formal01/boots/repetition-02/lower/python312/lib/python3.12/site-packages/pip/_internal/metadata/importlib/_dists.py
f	644	1000	1000	8307	64	35967483	1785345511.4484236990	results/experiments/toolchain-environment/20260729T171551Z-toolchain-formal01/boots/repetition-02/lower/python310/lib/python3.10/site-packages/pip/_vendor/urllib3/contrib/__pycache__/appengine.cpython-310.pyc
f	644	1000	1000	83118	64	35969201	1785345527.5242690670	results/experiments/toolchain-environment/20260729T171551Z-toolchain-formal01/boots/repetition-02/lower/python312/lib/python3.12/site-packages/pip/_vendor/chardet/__pycache__/johabfreq.cpython-312.pyc
f	644	1000	1000	83191	64	35969225	1785345527.7592733890	results/experiments/toolchain-environment/20260729T171551Z-toolchain-formal01/boots/repetition-02/lower/python312/lib/python3.12/site-packages/pip/_vendor/chardet/__pycache__/langhungarianmodel.cpython-312.pyc
f	644	1000	1000	83237	64	35969219	1785345527.6312710350	results/experiments/toolchain-environment/20260729T171551Z-toolchain-formal01/boots/repetition-02/lower/python312/lib/python3.12/site-packages/pip/_vendor/chardet/__pycache__/langbulgarianmodel.cpython-312.pyc
f	644	1000	1000	835	64	35965185	1785345490.3474638740	results/experiments/toolchain-environment/20260729T171551Z-toolchain-formal01/boots/repetition-02/lower/python310/lib/python3.10/site-packages/setuptools/tests/__pycache__/test_unicode_utils.cpython-310.pyc
f	644	1000	1000	8355	64	35964343	1785345478.2696376860	results/experiments/toolchain-environment/20260729T171551Z-toolchain-formal01/boots/repetition-02/lower/python310/lib/python3.10/site-packages/_distutils_hack/__pycache__/__init__.cpython-310.pyc
f	644	1000	1000	8378	64	35967901	1785345517.8114913990	results/experiments/toolchain-environment/20260729T171551Z-toolchain-formal01/boots/repetition-02/lower/python312/lib/python3.12/site-packages/pip/_internal/self_outdated_check.py
f	644	1000	1000	8392	64	35964641	1785345481.8334294780	results/experiments/toolchain-environment/20260729T171551Z-toolchain-formal01/boots/repetition-02/lower/python310/lib/python3.10/site-packages/setuptools/_distutils/__pycache__/text_file.cpython-310.pyc
f	644	1000	1000	840	64	35964879	1785345485.9495050550	results/experiments/toolchain-environment/20260729T171551Z-toolchain-formal01/boots/repetition-02/lower/python310/lib/python3.10/site-packages/setuptools/_vendor/wheel/__pycache__/bdist_wheel.cpython-310.pyc
f	644	1000	1000	8411	64	35963779	1785345476.3351418310	results/experiments/toolchain-environment/20260729T171551Z-toolchain-formal01/boots/repetition-02/lower/python310/lib/python3.10/site-packages/setuptools/_vendor/wheel/wheelfile.py
f	644	1000	1000	842	64	35967723	1785345517.1719399830	results/experiments/toolchain-environment/20260729T171551Z-toolchain-formal01/boots/repetition-02/lower/python312/lib/python3.12/site-packages/pip/_internal/distributions/installed.py
f	644	1000	1000	842	64	35969619	1785345536.0844265170	results/experiments/toolchain-environment/20260729T171551Z-toolchain-formal01/boots/repetition-02/lower/python312/lib/python3.12/site-packages/pip/_vendor/rich/__pycache__/_pick.cpython-312.pyc
f	644	1000	1000	843	64	35963223	1785345474.3922928800	results/experiments/toolchain-environment/20260729T171551Z-toolchain-formal01/boots/repetition-02/lower/python310/lib/python3.10/site-packages/pkg_resources/tests/data/my-test-package_zipped-egg/my_test_package-1.0-py3.7.egg
f	644	1000	1000	843	64	35964201	1785345477.7835642690	results/experiments/toolchain-environment/20260729T171551Z-toolchain-formal01/boots/repetition-02/lower/python310/lib/python3.10/site-packages/setuptools/_vendor/jaraco.functools-4.0.1.dist-info/RECORD
f	644	1000	1000	8446	64	35964609	1785345481.2313666890	results/experiments/toolchain-environment/20260729T171551Z-toolchain-formal01/boots/repetition-02/lower/python310/lib/python3.10/site-packages/setuptools/_distutils/tests/__pycache__/test_filelist.cpython-310.pyc
f	644	1000	1000	845	64	35963961	1785345477.0239493700	results/experiments/toolchain-environment/20260729T171551Z-toolchain-formal01/boots/repetition-02/lower/python310/lib/python3.10/site-packages/setuptools/tests/test_archive_util.py
f	644	1000	1000	8451	64	35968999	1785345525.0261740450	results/experiments/toolchain-environment/20260729T171551Z-toolchain-formal01/boots/repetition-02/lower/python312/lib/python3.12/site-packages/pip/_internal/resolution/resolvelib/__pycache__/base.cpython-312.pyc
f	644	1000	1000	8478	64	35966089	1785345494.1646559300	results/experiments/toolchain-environment/20260729T171551Z-toolchain-formal01/boots/repetition-02/lower/python310/lib/python3.10/site-packages/pip/_vendor/rich/__main__.py
f	644	1000	1000	8478	64	35968439	1785345519.9241293150	results/experiments/toolchain-environment/20260729T171551Z-toolchain-formal01/boots/repetition-02/lower/python312/lib/python3.12/site-packages/pip/_vendor/rich/__main__.py
f	644	1000	1000	8487	64	35965851	1785345493.3366407210	results/experiments/toolchain-environment/20260729T171551Z-toolchain-formal01/boots/repetition-02/lower/python310/lib/python3.10/site-packages/pip/_vendor/packaging/markers.py
f	644	1000	1000	8487	64	35968225	1785345519.0155822940	results/experiments/toolchain-environment/20260729T171551Z-toolchain-formal01/boots/repetition-02/lower/python312/lib/python3.12/site-packages/pip/_vendor/packaging/markers.py
f	644	1000	1000	849	64	35964621	1785345481.4296415140	results/experiments/toolchain-environment/20260729T171551Z-toolchain-formal01/boots/repetition-02/lower/python310/lib/python3.10/site-packages/setuptools/_distutils/tests/__pycache__/test_log.cpython-310.pyc
f	644	1000	1000	849	64	35965813	1785345493.1946381130	results/experiments/toolchain-environment/20260729T171551Z-toolchain-formal01/boots/repetition-02/lower/python310/lib/python3.10/site-packages/pip/_vendor/idna/__init__.py
f	644	1000	1000	849	64	35968187	1785345518.8678700670	results/experiments/toolchain-environment/20260729T171551Z-toolchain-formal01/boots/repetition-02/lower/python312/lib/python3.12/site-packages/pip/_vendor/idna/__init__.py
f	644	1000	1000	8490	64	35964369	1785345478.5591838770	results/experiments/toolchain-environment/20260729T171551Z-toolchain-formal01/boots/repetition-02/lower/python310/lib/python3.10/site-packages/pkg_resources/tests/__pycache__/test_working_set.cpython-310.pyc
f	644	1000	1000	850	64	35969419	1785345530.5283865930	results/experiments/toolchain-environment/20260729T171551Z-toolchain-formal01/boots/repetition-02/lower/python312/lib/python3.12/site-packages/pip/_vendor/pygments/__pycache__/__main__.cpython-312.pyc
f	644	1000	1000	8505	64	35965715	1785345492.6933648570	results/experiments/toolchain-environment/20260729T171551Z-toolchain-formal01/boots/repetition-02/lower/python310/lib/python3.10/site-packages/pip/_vendor/chardet/utf1632prober.py
f	644	1000	1000	8505	64	35968113	1785345518.5988547110	results/experiments/toolchain-environment/20260729T171551Z-toolchain-formal01/boots/repetition-02/lower/python312/lib/python3.12/site-packages/pip/_vendor/chardet/utf1632prober.py
f	644	1000	1000	8508	64	35964681	1785345482.5673798840	results/experiments/toolchain-environment/20260729T171551Z-toolchain-formal01/boots/repetition-02/lower/python310/lib/python3.10/site-packages/setuptools/_vendor/autocommand/__pycache__/autoparse.cpython-310.pyc
f	644	1000	1000	8511	64	35969499	1785345532.6633635860	results/experiments/toolchain-environment/20260729T171551Z-toolchain-formal01/boots/repetition-02/lower/python312/lib/python3.12/site-packages/pip/_vendor/pyparsing/__pycache__/actions.cpython-312.pyc
f	644	1000	1000	8514	64	35967285	1785345508.9175746580	results/experiments/toolchain-environment/20260729T171551Z-toolchain-formal01/boots/repetition-02/lower/python310/lib/python3.10/site-packages/pip/_vendor/rich/__pycache__/box.cpython-310.pyc
f	644	1000	1000	8527	64	35966583	1785345498.0167266910	results/experiments/toolchain-environment/20260729T171551Z-toolchain-formal01/boots/repetition-02/lower/python310/lib/python3.10/site-packages/pip/_internal/network/__pycache__/lazy_wheel.cpython-310.pyc
f	644	1000	1000	854	64	35967639	1785345516.8753853690	results/experiments/toolchain-environment/20260729T171551Z-toolchain-formal01/boots/repetition-02/lower/python312/lib/python3.12/site-packages/pip/__main__.py
f	644	1000	1000	8563	64	35966747	1785345500.5651638710	results/experiments/toolchain-environment/20260729T171551Z-toolchain-formal01/boots/repetition-02/lower/python310/lib/python3.10/site-packages/pip/_internal/vcs/__pycache__/subversion.cpython-310.pyc
f	644	1000	1000	8579	64	35966299	1785345495.1306879310	results/experiments/toolchain-environment/20260729T171551Z-toolchain-formal01/boots/repetition-02/lower/python310/lib/python3.10/site-packages/pip/_vendor/urllib3/fields.py
f	644	1000	1000	8579	64	35968681	1785345521.1311588120	results/experiments/toolchain-environment/20260729T171551Z-toolchain-formal01/boots/repetition-02/lower/python312/lib/python3.12/site-packages/pip/_vendor/urllib3/fields.py
f	644	1000	1000	8579	64	35968769	1785345521.6923091190	results/experiments/toolchain-environment/20260729T171551Z-toolchain-formal01/boots/repetition-02/lower/python312/lib/python3.12/site-packages/pip/_internal/cli/__pycache__/autocompletion.cpython-312.pyc
f	644	1000	1000	858	64	35965321	1785345491.0655990090	results/experiments/toolchain-environment/20260729T171551Z-toolchain-formal01/boots/repetition-02/lower/python310/lib/python3.10/site-packages/pip/_internal/distributions/__init__.py
f	644	1000	1000	858	64	35966979	1785345504.1275975820	results/experiments/toolchain-environment/20260729T171551Z-toolchain-formal01/boots/repetition-02/lower/python310/lib/python3.10/site-packages/pip/_vendor/idna/__pycache__/compat.cpython-310.pyc
f	644	1000	1000	858	64	35967719	1785345517.1563232750	results/experiments/toolchain-environment/20260729T171551Z-toolchain-formal01/boots/repetition-02/lower/python312/lib/python3.12/site-packages/pip/_internal/distributions/__init__.py
f	644	1000	1000	8588	64	35963407	1785345474.9731047890	results/experiments/toolchain-environment/20260729T171551Z-toolchain-formal01/boots/repetition-02/lower/python310/lib/python3.10/site-packages/setuptools/_distutils/command/install_lib.py
f	644	1000	1000	8602	64	35963191	1785345474.2882407640	results/experiments/toolchain-environment/20260729T171551Z-toolchain-formal01/boots/repetition-02/lower/python310/lib/python3.10/site-packages/pkg_resources/tests/test_working_set.py
f	644	1000	1000	8602	64	35968839	1785345522.9611851560	results/experiments/toolchain-environment/20260729T171551Z-toolchain-formal01/boots/repetition-02/lower/python312/lib/python3.12/site-packages/pip/_internal/distributions/__pycache__/sdist.cpython-312.pyc
f	644	1000	1000	861	64	35964897	1785345486.2363867150	results/experiments/toolchain-environment/20260729T171551Z-toolchain-formal01/boots/repetition-02/lower/python310/lib/python3.10/site-packages/setuptools/_vendor/wheel/__pycache__/util.cpython-310.pyc
f	644	1000	1000	8618	64	35963493	1785345475.2925482250	results/experiments/toolchain-environment/20260729T171551Z-toolchain-formal01/boots/repetition-02/lower/python310/lib/python3.10/site-packages/setuptools/_distutils/tests/test_install.py
f	644	1000	1000	8624	64	35963309	1785345474.6362973590	results/experiments/toolchain-environment/20260729T171551Z-toolchain-formal01/boots/repetition-02/lower/python310/lib/python3.10/site-packages/setuptools/wheel.py
f	644	1000	1000	8627	64	35966913	1785345503.0562043220	results/experiments/toolchain-environment/20260729T171551Z-toolchain-formal01/boots/repetition-02/lower/python310/lib/python3.10/site-packages/pip/_vendor/colorama/__pycache__/ansitowin32.cpython-310.pyc
f	644	1000	1000	8628	64	35966825	1785345501.7296406520	results/experiments/toolchain-environment/20260729T171551Z-toolchain-formal01/boots/repetition-02/lower/python310/lib/python3.10/site-packages/pip/_vendor/chardet/__pycache__/escsm.cpython-310.pyc
f	644	1000	1000	863	64	35966409	1785345495.6716836130	results/experiments/toolchain-environment/20260729T171551Z-toolchain-formal01/boots/repetition-02/lower/python310/lib/python3.10/site-packages/pip/_internal/__pycache__/__init__.cpython-310.pyc
f	644	1000	1000	8667	64	35968921	1785345523.9956572960	results/experiments/toolchain-environment/20260729T171551Z-toolchain-formal01/boots/repetition-02/lower/python312/lib/python3.12/site-packages/pip/_internal/network/__pycache__/download.cpython-312.pyc
f	644	1000	1000	867	64	35966775	1785345500.9821374790	results/experiments/toolchain-environment/20260729T171551Z-toolchain-formal01/boots/repetition-02/lower/python310/lib/python3.10/site-packages/pip/_vendor/cachecontrol/__pycache__/compat.cpython-310.pyc
f	644	1000	1000	8670	64	35968363	1785345519.5870677760	results/experiments/toolchain-environment/20260729T171551Z-toolchain-formal01/boots/repetition-02/lower/python312/lib/python3.12/site-packages/pip/_vendor/pyparsing/util.py
f	644	1000	1000	8688	64	35967739	1785345517.2257524850	results/experiments/toolchain-environment/20260729T171551Z-toolchain-formal01/boots/repetition-02/lower/python312/lib/python3.12/site-packages/pip/_internal/index/sources.py
f	644	1000	1000	87	64	35964263	1785345477.9991918310	results/experiments/toolchain-environment/20260729T171551Z-toolchain-formal01/boots/repetition-02/lower/python310/lib/python3.10/site-packages/setuptools/_vendor/platformdirs-4.2.2.dist-info/WHEEL
f	644	1000	1000	8701	64	35966777	1785345501.0202598710	results/experiments/toolchain-environment/20260729T171551Z-toolchain-formal01/boots/repetition-02/lower/python310/lib/python3.10/site-packages/pip/_vendor/cachecontrol/__pycache__/controller.cpython-310.pyc
f	644	1000	1000	8703	64	35969653	1785345537.2244474890	results/experiments/toolchain-environment/20260729T171551Z-toolchain-formal01/boots/repetition-02/lower/python312/lib/python3.12/site-packages/pip/_vendor/rich/__pycache__/columns.cpython-312.pyc
f	644	1000	1000	8716	64	35967153	1785345506.9408906640	results/experiments/toolchain-environment/20260729T171551Z-toolchain-formal01/boots/repetition-02/lower/python310/lib/python3.10/site-packages/pip/_vendor/pyparsing/__pycache__/util.cpython-310.pyc
f	644	1000	1000	873	64	35964171	1785345477.6813532530	results/experiments/toolchain-environment/20260729T171551Z-toolchain-formal01/boots/repetition-02/lower/python310/lib/python3.10/site-packages/setuptools/_vendor/jaraco.collections-5.1.0.dist-info/RECORD
f	644	1000	1000	8733	64	35967657	1785345516.9237680420	results/experiments/toolchain-environment/20260729T171551Z-toolchain-formal01/boots/repetition-02/lower/python312/lib/python3.12/site-packages/pip/_internal/cli/base_command.py
f	644	1000	1000	8746	64	35968609	1785345520.8448859490	results/experiments/toolchain-environment/20260729T171551Z-toolchain-formal01/boots/repetition-02/lower/python312/lib/python3.12/site-packages/pip/_vendor/tenacity/retry.py
f	644	1000	1000	8775	64	35964015	1785345477.2073445520	results/experiments/toolchain-environment/20260729T171551Z-toolchain-formal01/boots/repetition-02/lower/python310/lib/python3.10/site-packages/setuptools/tests/test_packageindex.py
f	644	1000	1000	8783	64	35967249	1785345508.3398675700	results/experiments/toolchain-environment/20260729T171551Z-toolchain-formal01/boots/repetition-02/lower/python310/lib/python3.10/site-packages/pip/_vendor/rich/__pycache__/_inspect.cpython-310.pyc
f	644	1000	1000	8783	64	35969365	1785345529.7179083950	results/experiments/toolchain-environment/20260729T171551Z-toolchain-formal01/boots/repetition-02/lower/python312/lib/python3.12/site-packages/pip/_vendor/msgpack/__pycache__/ext.cpython-312.pyc
f	644	1000	1000	87870	64	35963871	1785345476.7093354100	results/experiments/toolchain-environment/20260729T171551Z-toolchain-formal01/boots/repetition-02/lower/python310/lib/python3.10/site-packages/setuptools/command/easy_install.py
f	644	1000	1000	8809	64	35968253	1785345519.1170334890	results/experiments/toolchain-environment/20260729T171551Z-toolchain-formal01/boots/repetition-02/lower/python312/lib/python3.12/site-packages/pip/_vendor/platformdirs/unix.py
f	644	1000	1000	8821	64	35965559	1785345492.0093450730	results/experiments/toolchain-environment/20260729T171551Z-toolchain-formal01/boots/repetition-02/lower/python310/lib/python3.10/site-packages/pip/_internal/utils/unpacking.py
f	644	1000	1000	8821	64	35967951	1785345517.9947462020	results/experiments/toolchain-environment/20260729T171551Z-toolchain-formal01/boots/repetition-02/lower/python312/lib/python3.12/site-packages/pip/_internal/utils/unpacking.py
f	644	1000	1000	8829	64	35969071	1785345525.9414233490	results/experiments/toolchain-environment/20260729T171551Z-toolchain-formal01/boots/repetition-02/lower/python312/lib/python3.12/site-packages/pip/_internal/utils/__pycache__/subprocess.cpython-312.pyc
f	644	1000	1000	88371	64	35969327	1785345529.1172983640	results/experiments/toolchain-environment/20260729T171551Z-toolchain-formal01/boots/repetition-02/lower/python312/lib/python3.12/site-packages/pip/_vendor/distlib/__pycache__/util.cpython-312.pyc
f	644	1000	1000	886	64	35963545	1785345475.4753127590	results/experiments/toolchain-environment/20260729T171551Z-toolchain-formal01/boots/repetition-02/lower/python310/lib/python3.10/site-packages/setuptools/_vendor/autocommand/errors.py
f	644	1000	1000	887	64	35964005	1785345477.1769900250	results/experiments/toolchain-environment/20260729T171551Z-toolchain-formal01/boots/repetition-02/lower/python310/lib/python3.10/site-packages/setuptools/tests/test_glob.py
f	644	1000	1000	8875	64	35964271	1785345478.0221942890	results/experiments/toolchain-environment/20260729T171551Z-toolchain-formal01/boots/repetition-02/lower/python310/lib/python3.10/site-packages/setuptools/_vendor/tomli-2.0.1.dist-info/METADATA
f	644	1000	1000	888	64	35969563	1785345534.6894008540	results/experiments/toolchain-environment/20260729T171551Z-toolchain-formal01/boots/repetition-02/lower/python312/lib/python3.12/site-packages/pip/_vendor/requests/__pycache__/packages.cpython-312.pyc
f	644	1000	1000	8884	64	35963325	1785345474.6829625920	results/experiments/toolchain-environment/20260729T171551Z-toolchain-formal01/boots/repetition-02/lower/python310/lib/python3.10/site-packages/setuptools/_distutils/archive_util.py
f	644	1000	1000	890	64	35966129	1785345494.3506593470	results/experiments/toolchain-environment/20260729T171551Z-toolchain-formal01/boots/repetition-02/lower/python310/lib/python3.10/site-packages/pip/_vendor/rich/abc.py
f	644	1000	1000	890	64	35968481	1785345520.1704081320	results/experiments/toolchain-environment/20260729T171551Z-toolchain-formal01/boots/repetition-02/lower/python312/lib/python3.12/site-packages/pip/_vendor/rich/abc.py
f	644	1000	1000	8901	64	35963987	1785345477.1139407170	results/experiments/toolchain-environment/20260729T171551Z-toolchain-formal01/boots/repetition-02/lower/python310/lib/python3.10/site-packages/setuptools/tests/test_dist.py
f	644	1000	1000	8933	64	35964055	1785345477.3301664970	results/experiments/toolchain-environment/20260729T171551Z-toolchain-formal01/boots/repetition-02/lower/python310/lib/python3.10/site-packages/setuptools/tests/config/test_expand.py
f	644	1000	1000	8979	64	35966377	1785345495.4656798290	results/experiments/toolchain-environment/20260729T171551Z-toolchain-formal01/boots/repetition-02/lower/python310/lib/python3.10/site-packages/pip/_vendor/webencodings/labels.py
f	644	1000	1000	8979	64	35968739	1785345521.4113640200	results/experiments/toolchain-environment/20260729T171551Z-toolchain-formal01/boots/repetition-02/lower/python312/lib/python3.12/site-packages/pip/_vendor/webencodings/labels.py
f	644	1000	1000	8996	64	35963701	1785345476.0363076230	results/experiments/toolchain-environment/20260729T171551Z-toolchain-formal01/boots/repetition-02/lower/python310/lib/python3.10/site-packages/setuptools/_vendor/platformdirs/api.py
f	644	1000	1000	9008	64	35964023	1785345477.2315321560	results/experiments/toolchain-environment/20260729T171551Z-toolchain-formal01/boots/repetition-02/lower/python310/lib/python3.10/site-packages/setuptools/tests/test_setuptools.py
f	644	1000	1000	901	64	35968759	1785345521.5563762380	results/experiments/toolchain-environment/20260729T171551Z-toolchain-formal01/boots/repetition-02/lower/python312/lib/python3.12/site-packages/pip/_internal/__pycache__/__init__.cpython-312.pyc
f	644	1000	1000	9016	64	35963699	1785345476.0263228730	results/experiments/toolchain-environment/20260729T171551Z-toolchain-formal01/boots/repetition-02/lower/python310/lib/python3.10/site-packages/setuptools/_vendor/platformdirs/android.py
f	644	1000	1000	9018	64	35966541	1785345497.4138242190	results/experiments/toolchain-environment/20260729T171551Z-toolchain-formal01/boots/repetition-02/lower/python310/lib/python3.10/site-packages/pip/_internal/metadata/importlib/__pycache__/_dists.cpython-310.pyc
f	644	1000	1000	9023	64	35965999	1785345493.8574647370	results/experiments/toolchain-environment/20260729T171551Z-toolchain-formal01/boots/repetition-02/lower/python310/lib/python3.10/site-packages/pip/_vendor/pyparsing/exceptions.py
f	644	1000	1000	9033	64	35963739	1785345476.1721414420	results/experiments/toolchain-environment/20260729T171551Z-toolchain-formal01/boots/repetition-02/lower/python310/lib/python3.10/site-packages/setuptools/_vendor/typeguard/_decorators.py
f	644	1000	1000	9033	64	35967571	1785345512.6267814790	results/experiments/toolchain-environment/20260729T171551Z-toolchain-formal01/boots/repetition-02/lower/python310/bin/Activate.ps1
f	644	1000	1000	9033	64	35969947	1785345542.8906170800	results/experiments/toolchain-environment/20260729T171551Z-toolchain-formal01/boots/repetition-02/lower/python312/bin/Activate.ps1
f	644	1000	1000	904	64	35963631	1785345475.7503178070	results/experiments/toolchain-environment/20260729T171551Z-toolchain-formal01/boots/repetition-02/lower/python310/lib/python3.10/site-packages/setuptools/_vendor/jaraco/text/show-newlines.py
f	644	1000	1000	904	64	35969161	1785345527.0852609930	results/experiments/toolchain-environment/20260729T171551Z-toolchain-formal01/boots/repetition-02/lower/python312/lib/python3.12/site-packages/pip/_vendor/chardet/__pycache__/codingstatemachinedict.cpython-312.pyc
f	644	1000	1000	9044	64	35967539	1785345512.2563747370	results/experiments/toolchain-environment/20260729T171551Z-toolchain-formal01/boots/repetition-02/lower/python310/lib/python3.10/site-packages/pip/_vendor/urllib3/util/__pycache__/timeout.cpython-310.pyc
f	644	1000	1000	9049	64	35966459	1785345496.2473928220	results/experiments/toolchain-environment/20260729T171551Z-toolchain-formal01/boots/repetition-02/lower/python310/lib/python3.10/site-packages/pip/_internal/commands/__pycache__/configuration.cpython-310.pyc
f	644	1000	1000	9070	64	35968827	1785345522.7489325740	results/experiments/toolchain-environment/20260729T171551Z-toolchain-formal01/boots/repetition-02/lower/python312/lib/python3.12/site-packages/pip/_internal/commands/__pycache__/wheel.cpython-312.pyc
f	644	1000	1000	908	64	35964699	1785345482.8534482060	results/experiments/toolchain-environment/20260729T171551Z-toolchain-formal01/boots/repetition-02/lower/python310/lib/python3.10/site-packages/setuptools/_vendor/backports/tarfile/compat/__pycache__/py38.cpython-310.pyc
f	644	1000	1000	908	64	35965141	1785345489.7725752620	results/experiments/toolchain-environment/20260729T171551Z-toolchain-formal01/boots/repetition-02/lower/python310/lib/python3.10/site-packages/setuptools/tests/__pycache__/test_depends.cpython-310.pyc
f	644	1000	1000	90898	64	35965027	1785345488.2845479340	results/experiments/toolchain-environment/20260729T171551Z-toolchain-formal01/boots/repetition-02/lower/python310/lib/python3.10/site-packages/setuptools/config/_validate_pyproject/__pycache__/fastjsonschema_validations.cpython-310.pyc
f	644	1000	1000	91	64	35964097	1785345477.4415100200	results/experiments/toolchain-environment/20260729T171551Z-toolchain-formal01/boots/repetition-02/lower/python310/lib/python3.10/site-packages/setuptools-79.0.1.dist-info/WHEEL
f	644	1000	1000	91	64	35964145	1785345477.5984673150	results/experiments/toolchain-environment/20260729T171551Z-toolchain-formal01/boots/repetition-02/lower/python310/lib/python3.10/site-packages/setuptools/_vendor/importlib_metadata-8.0.0.dist-info/WHEEL
f	644	1000	1000	91	64	35964159	1785345477.6440135750	results/experiments/toolchain-environment/20260729T171551Z-toolchain-formal01/boots/repetition-02/lower/python310/lib/python3.10/site-packages/setuptools/_vendor/inflect-7.3.1.dist-info/WHEEL
f	644	1000	1000	91	64	35964175	1785345477.6972652820	results/experiments/toolchain-environment/20260729T171551Z-toolchain-formal01/boots/repetition-02/lower/python310/lib/python3.10/site-packages/setuptools/_vendor/jaraco.collections-5.1.0.dist-info/WHEEL
f	644	1000	1000	910	64	35966493	1785345496.7519124590	results/experiments/toolchain-environment/20260729T171551Z-toolchain-formal01/boots/repetition-02/lower/python310/lib/python3.10/site-packages/pip/_internal/distributions/__pycache__/__init__.cpython-310.pyc
f	644	1000	1000	9100	64	35964913	1785345486.5435159620	results/experiments/toolchain-environment/20260729T171551Z-toolchain-formal01/boots/repetition-02/lower/python310/lib/python3.10/site-packages/setuptools/_vendor/wheel/vendored/packaging/__pycache__/_parser.cpython-310.pyc
f	644	1000	1000	9110	64	35965919	1785345493.6026456070	results/experiments/toolchain-environment/20260729T171551Z-toolchain-formal01/boots/repetition-02/lower/python310/lib/python3.10/site-packages/pip/_vendor/pygments/util.py
f	644	1000	1000	9116	64	35968341	1785345519.4938299900	results/experiments/toolchain-environment/20260729T171551Z-toolchain-formal01/boots/repetition-02/lower/python312/lib/python3.12/site-packages/pip/_vendor/pyparsing/__init__.py
f	644	1000	1000	91648	64	35965795	1785345493.1026364230	results/experiments/toolchain-environment/20260729T171551Z-toolchain-formal01/boots/repetition-02/lower/python310/lib/python3.10/site-packages/pip/_vendor/distlib/w32.exe
f	644	1000	1000	9167	64	35967101	1785345505.9768052220	results/experiments/toolchain-environment/20260729T171551Z-toolchain-formal01/boots/repetition-02/lower/python310/lib/python3.10/site-packages/pip/_vendor/pygments/lexers/__pycache__/__init__.cpython-310.pyc
f	644	1000	1000	9169	64	35966237	1785345494.9056695420	results/experiments/toolchain-environment/20260729T171551Z-toolchain-formal01/boots/repetition-02/lower/python310/lib/python3.10/site-packages/pip/_vendor/rich/tree.py
f	644	1000	1000	9169	64	35968589	1785345520.7711446810	results/experiments/toolchain-environment/20260729T171551Z-toolchain-formal01/boots/repetition-02/lower/python312/lib/python3.12/site-packages/pip/_vendor/rich/tree.py
f	644	1000	1000	9171	64	35965991	1785345493.8136494830	results/experiments/toolchain-environment/20260729T171551Z-toolchain-formal01/boots/repetition-02/lower/python310/lib/python3.10/site-packages/pip/_vendor/pyparsing/__init__.py
f	644	1000	1000	9174	64	35967143	1785345506.7189068440	results/experiments/toolchain-environment/20260729T171551Z-toolchain-formal01/boots/repetition-02/lower/python310/lib/python3.10/site-packages/pip/_vendor/pyparsing/__pycache__/exceptions.cpython-310.pyc
f	644	1000	1000	9182	64	35969457	1785345531.3643396930	results/experiments/toolchain-environment/20260729T171551Z-toolchain-formal01/boots/repetition-02/lower/python312/lib/python3.12/site-packages/pip/_vendor/pygments/formatters/__pycache__/svg.cpython-312.pyc
f	644	1000	1000	92	64	35964073	1785345477.3833811720	results/experiments/toolchain-environment/20260729T171551Z-toolchain-formal01/boots/repetition-02/lower/python310/lib/python3.10/site-packages/setuptools/tests/indexes/test_links_priority/external.html
f	644	1000	1000	92	64	35964113	1785345477.4903497470	results/experiments/toolchain-environment/20260729T171551Z-toolchain-formal01/boots/repetition-02/lower/python310/lib/python3.10/site-packages/setuptools/_vendor/autocommand-2.2.2.dist-info/WHEEL
f	644	1000	1000	92	64	35964129	1785345477.5436933220	results/experiments/toolchain-environment/20260729T171551Z-toolchain-formal01/boots/repetition-02/lower/python310/lib/python3.10/site-packages/setuptools/_vendor/backports.tarfile-1.2.0.dist-info/WHEEL
f	644	1000	1000	92	64	35964189	1785345477.7450477660	results/experiments/toolchain-environment/20260729T171551Z-toolchain-formal01/boots/repetition-02/lower/python310/lib/python3.10/site-packages/setuptools/_vendor/jaraco.context-5.3.0.dist-info/WHEEL
f	644	1000	1000	92	64	35964203	1785345477.7912079640	results/experiments/toolchain-environment/20260729T171551Z-toolchain-formal01/boots/repetition-02/lower/python310/lib/python3.10/site-packages/setuptools/_vendor/jaraco.functools-4.0.1.dist-info/WHEEL
f	644	1000	1000	92	64	35964219	1785345477.8444603420	results/experiments/toolchain-environment/20260729T171551Z-toolchain-formal01/boots/repetition-02/lower/python310/lib/python3.10/site-packages/setuptools/_vendor/jaraco.text-3.12.1.dist-info/WHEEL
f	644	1000	1000	92	64	35964289	1785345478.0831216340	results/experiments/toolchain-environment/20260729T171551Z-toolchain-formal01/boots/repetition-02/lower/python310/lib/python3.10/site-packages/setuptools/_vendor/typeguard-4.3.0.dist-info/WHEEL
f	644	1000	1000	92	64	35964335	1785345478.2384053700	results/experiments/toolchain-environment/20260729T171551Z-toolchain-formal01/boots/repetition-02/lower/python310/lib/python3.10/site-packages/setuptools/_vendor/zipp-3.19.2.dist-info/WHEEL
f	644	1000	1000	92	64	35966391	1785345495.5175585320	results/experiments/toolchain-environment/20260729T171551Z-toolchain-formal01/boots/repetition-02/lower/python310/lib/python3.10/site-packages/pip-23.0.1.dist-info/WHEEL
f	644	1000	1000	92	64	35967629	1785345516.8539172650	results/experiments/toolchain-environment/20260729T171551Z-toolchain-formal01/boots/repetition-02/lower/python312/lib/python3.12/site-packages/pip-24.0.dist-info/WHEEL
f	644	1000	1000	920	64	35967183	1785345507.4729569500	results/experiments/toolchain-environment/20260729T171551Z-toolchain-formal01/boots/repetition-02/lower/python310/lib/python3.10/site-packages/pip/_vendor/requests/__pycache__/certs.cpython-310.pyc
f	644	1000	1000	9200	64	35965555	1785345491.9916160170	results/experiments/toolchain-environment/20260729T171551Z-toolchain-formal01/boots/repetition-02/lower/python310/lib/python3.10/site-packages/pip/_internal/utils/subprocess.py
f	644	1000	1000	9203	64	35969303	1785345528.7460408220	results/experiments/toolchain-environment/20260729T171551Z-toolchain-formal01/boots/repetition-02/lower/python312/lib/python3.12/site-packages/pip/_vendor/colorama/__pycache__/winterm.cpython-312.pyc
f	644	1000	1000	9207	64	35967947	1785345517.9789615500	results/experiments/toolchain-environment/20260729T171551Z-toolchain-formal01/boots/repetition-02/lower/python312/lib/python3.12/site-packages/pip/_internal/utils/subprocess.py
f	644	1000	1000	9209	64	35964825	1785345485.1646758350	results/experiments/toolchain-environment/20260729T171551Z-toolchain-formal01/boots/repetition-02/lower/python310/lib/python3.10/site-packages/setuptools/_vendor/platformdirs/__pycache__/windows.cpython-310.pyc
f	644	1000	1000	9210	64	35967481	1785345511.4164737690	results/experiments/toolchain-environment/20260729T171551Z-toolchain-formal01/boots/repetition-02/lower/python310/lib/python3.10/site-packages/pip/_vendor/urllib3/contrib/_securetransport/__pycache__/low_level.cpython-310.pyc
f	644	1000	1000	9222	64	35969641	1785345536.8954414360	results/experiments/toolchain-environment/20260729T171551Z-toolchain-formal01/boots/repetition-02/lower/python312/lib/python3.12/site-packages/pip/_vendor/rich/__pycache__/ansi.cpython-312.pyc
f	644	1000	1000	9240	64	35966751	1785345500.6286478730	results/experiments/toolchain-environment/20260729T171551Z-toolchain-formal01/boots/repetition-02/lower/python310/lib/python3.10/site-packages/pip/_internal/__pycache__/wheel_builder.cpython-310.pyc
f	644	1000	1000	9258	64	35967127	1785345506.4522147300	results/experiments/toolchain-environment/20260729T171551Z-toolchain-formal01/boots/repetition-02/lower/python310/lib/python3.10/site-packages/pip/_vendor/pygments/__pycache__/util.cpython-310.pyc
f	644	1000	1000	931	64	35967777	1785345517.3485590450	results/experiments/toolchain-environment/20260729T171551Z-toolchain-formal01/boots/repetition-02/lower/python312/lib/python3.12/site-packages/pip/_internal/models/candidate.py
f	644	1000	1000	9312	64	35967949	1785345517.9870411350	results/experiments/toolchain-environment/20260729T171551Z-toolchain-formal01/boots/repetition-02/lower/python312/lib/python3.12/site-packages/pip/_internal/utils/temp_dir.py
f	644	1000	1000	9342	64	35969659	1785345537.3954506350	results/experiments/toolchain-environment/20260729T171551Z-toolchain-formal01/boots/repetition-02/lower/python312/lib/python3.12/site-packages/pip/_vendor/rich/__pycache__/containers.cpython-312.pyc
f	644	1000	1000	935	64	35967165	1785345507.1188939360	results/experiments/toolchain-environment/20260729T171551Z-toolchain-formal01/boots/repetition-02/lower/python310/lib/python3.10/site-packages/pip/_vendor/pyproject_hooks/_in_process/__pycache__/__init__.cpython-310.pyc
f	644	1000	1000	936	64	35963497	1785345475.3081491210	results/experiments/toolchain-environment/20260729T171551Z-toolchain-formal01/boots/repetition-02/lower/python310/lib/python3.10/site-packages/setuptools/_distutils/tests/test_install_headers.py
f	644	1000	1000	9360	64	35967095	1785345505.9071455040	results/experiments/toolchain-environment/20260729T171551Z-toolchain-formal01/boots/repetition-02/lower/python310/lib/python3.10/site-packages/pip/_vendor/pygments/formatters/__pycache__/terminal256.cpython-310.pyc
f	644	1000	1000	9364	64	35963331	1785345474.7030825720	results/experiments/toolchain-environment/20260729T171551Z-toolchain-formal01/boots/repetition-02/lower/python310/lib/python3.10/site-packages/setuptools/_distutils/core.py
f	644	1000	1000	9367	64	35969929	1785345542.7245486830	results/experiments/toolchain-environment/20260729T171551Z-toolchain-formal01/boots/repetition-02/lower/python312/lib/python3.12/site-packages/pip/_vendor/webencodings/__pycache__/tests.cpython-312.pyc
f	644	1000	1000	9375	64	35966413	1785345495.7294284310	results/experiments/toolchain-environment/20260729T171551Z-toolchain-formal01/boots/repetition-02/lower/python310/lib/python3.10/site-packages/pip/_internal/__pycache__/cache.cpython-310.pyc
f	644	1000	1000	9381	64	35964783	1785345484.4424773820	results/experiments/toolchain-environment/20260729T171551Z-toolchain-formal01/boots/repetition-02/lower/python310/lib/python3.10/site-packages/setuptools/_vendor/packaging/__pycache__/_parser.cpython-310.pyc
f	644	1000	1000	9398	64	35967013	1785345504.6781778330	results/experiments/toolchain-environment/20260729T171551Z-toolchain-formal01/boots/repetition-02/lower/python310/lib/python3.10/site-packages/pip/_vendor/packaging/__pycache__/markers.cpython-310.pyc
f	644	1000	1000	94	64	35965623	1785345492.2856214170	results/experiments/toolchain-environment/20260729T171551Z-toolchain-formal01/boots/repetition-02/lower/python310/lib/python3.10/site-packages/pip/_vendor/certifi/__init__.py
f	644	1000	1000	94	64	35968009	1785345518.1826216480	results/experiments/toolchain-environment/20260729T171551Z-toolchain-formal01/boots/repetition-02/lower/python312/lib/python3.12/site-packages/pip/_vendor/certifi/__init__.py
f	644	1000	1000	9414	64	35969699	1785345538.1304641570	results/experiments/toolchain-environment/20260729T171551Z-toolchain-formal01/boots/repetition-02/lower/python312/lib/python3.12/site-packages/pip/_vendor/rich/__pycache__/markup.cpython-312.pyc
f	644	1000	1000	943	64	35964157	1785345477.6365513890	results/experiments/toolchain-environment/20260729T171551Z-toolchain-formal01/boots/repetition-02/lower/python310/lib/python3.10/site-packages/setuptools/_vendor/inflect-7.3.1.dist-info/RECORD
f	644	1000	1000	9471	64	35967431	1785345510.9555004340	results/experiments/toolchain-environment/20260729T171551Z-toolchain-formal01/boots/repetition-02/lower/python310/lib/python3.10/site-packages/pip/_vendor/tenacity/__pycache__/wait.cpython-310.pyc
f	644	1000	1000	9472	64	35967425	1785345510.8741259890	results/experiments/toolchain-environment/20260729T171551Z-toolchain-formal01/boots/repetition-02/lower/python310/lib/python3.10/site-packages/pip/_vendor/tenacity/__pycache__/retry.cpython-310.pyc
f	644	1000	1000	949	64	35967265	1785345508.6232097650	results/experiments/toolchain-environment/20260729T171551Z-toolchain-formal01/boots/repetition-02/lower/python310/lib/python3.10/site-packages/pip/_vendor/rich/__pycache__/_stack.cpython-310.pyc
f	644	1000	1000	9516	64	35965131	1785345489.6265725800	results/experiments/toolchain-environment/20260729T171551Z-toolchain-formal01/boots/repetition-02/lower/python310/lib/python3.10/site-packages/setuptools/tests/__pycache__/test_build_ext.cpython-310.pyc
f	644	1000	1000	9523	64	35968353	1785345519.5409798750	results/experiments/toolchain-environment/20260729T171551Z-toolchain-formal01/boots/repetition-02/lower/python312/lib/python3.12/site-packages/pip/_vendor/pyparsing/exceptions.py
f	644	1000	1000	95372	64	35965693	1785345492.6106273860	results/experiments/toolchain-environment/20260729T171551Z-toolchain-formal01/boots/repetition-02/lower/python310/lib/python3.10/site-packages/pip/_vendor/chardet/langturkishmodel.py
f	644	1000	1000	95372	64	35968085	1785345518.4921029870	results/experiments/toolchain-environment/20260729T171551Z-toolchain-formal01/boots/repetition-02/lower/python312/lib/python3.12/site-packages/pip/_vendor/chardet/langturkishmodel.py
f	644	1000	1000	9549	64	35964375	1785345478.6123347830	results/experiments/toolchain-environment/20260729T171551Z-toolchain-formal01/boots/repetition-02/lower/python310/lib/python3.10/site-packages/setuptools/__pycache__/_core_metadata.cpython-310.pyc
f	644	1000	1000	955	64	35968753	1785345521.5031848580	results/experiments/toolchain-environment/20260729T171551Z-toolchain-formal01/boots/repetition-02/lower/python312/lib/python3.12/site-packages/pip/__pycache__/__main__.cpython-312.pyc
f	644	1000	1000	9552	64	35963607	1785345475.6710660440	results/experiments/toolchain-environment/20260729T171551Z-toolchain-formal01/boots/repetition-02/lower/python310/lib/python3.10/site-packages/setuptools/_vendor/jaraco/context.py
f	644	1000	1000	9559	64	35969403	1785345530.2903199390	results/experiments/toolchain-environment/20260729T171551Z-toolchain-formal01/boots/repetition-02/lower/python312/lib/python3.12/site-packages/pip/_vendor/platformdirs/__pycache__/android.cpython-312.pyc
f	644	1000	1000	957	64	35966313	1785345495.1905224450	results/experiments/toolchain-environment/20260729T171551Z-toolchain-formal01/boots/repetition-02/lower/python310/lib/python3.10/site-packages/pip/_vendor/urllib3/contrib/_appengine_environ.py
f	644	1000	1000	957	64	35968659	1785345521.0232276630	results/experiments/toolchain-environment/20260729T171551Z-toolchain-formal01/boots/repetition-02/lower/python312/lib/python3.12/site-packages/pip/_vendor/urllib3/contrib/_appengine_environ.py
f	644	1000	1000	9573	64	35968257	1785345519.1328911430	results/experiments/toolchain-environment/20260729T171551Z-toolchain-formal01/boots/repetition-02/lower/python312/lib/python3.12/site-packages/pip/_vendor/platformdirs/windows.py
f	644	1000	1000	958	64	35966975	1785345504.0615763580	results/experiments/toolchain-environment/20260729T171551Z-toolchain-formal01/boots/repetition-02/lower/python310/lib/python3.10/site-packages/pip/_vendor/idna/__pycache__/__init__.cpython-310.pyc
f	644	1000	1000	9584	64	35968519	1785345520.3901378820	results/experiments/toolchain-environment/20260729T171551Z-toolchain-formal01/boots/repetition-02/lower/python312/lib/python3.12/site-packages/pip/_vendor/rich/highlighter.py
f	644	1000	1000	9585	64	35966167	1785345494.5496630020	results/experiments/toolchain-environment/20260729T171551Z-toolchain-formal01/boots/repetition-02/lower/python310/lib/python3.10/site-packages/pip/_vendor/rich/highlighter.py
f	644	1000	1000	9588	64	35963811	1785345476.4659889080	results/experiments/toolchain-environment/20260729T171551Z-toolchain-formal01/boots/repetition-02/lower/python310/lib/python3.10/site-packages/setuptools/_vendor/wheel/vendored/packaging/_manylinux.py
f	644	1000	1000	9612	64	35963661	1785345475.8704326500	results/experiments/toolchain-environment/20260729T171551Z-toolchain-formal01/boots/repetition-02/lower/python310/lib/python3.10/site-packages/setuptools/_vendor/packaging/_manylinux.py
f	644	1000	1000	9695	64	35966101	1785345494.2222479410	results/experiments/toolchain-environment/20260729T171551Z-toolchain-formal01/boots/repetition-02/lower/python310/lib/python3.10/site-packages/pip/_vendor/rich/_inspect.py
f	644	1000	1000	9695	64	35968453	1785345520.0095182410	results/experiments/toolchain-environment/20260729T171551Z-toolchain-formal01/boots/repetition-02/lower/python312/lib/python3.12/site-packages/pip/_vendor/rich/_inspect.py
f	644	1000	1000	971	64	35969607	1785345535.7534204270	results/experiments/toolchain-environment/20260729T171551Z-toolchain-formal01/boots/repetition-02/lower/python312/lib/python3.12/site-packages/pip/_vendor/rich/__pycache__/_fileno.cpython-312.pyc
f	644	1000	1000	972	64	35963917	1785345476.8620933280	results/experiments/toolchain-environment/20260729T171551Z-toolchain-formal01/boots/repetition-02/lower/python310/lib/python3.10/site-packages/setuptools/config/distutils.schema.json
f	644	1000	1000	972	64	35966157	1785345494.4926619550	results/experiments/toolchain-environment/20260729T171551Z-toolchain-formal01/boots/repetition-02/lower/python310/lib/python3.10/site-packages/pip/_vendor/rich/diagnose.py
f	644	1000	1000	972	64	35968509	1785345520.3381369270	results/experiments/toolchain-environment/20260729T171551Z-toolchain-formal01/boots/repetition-02/lower/python312/lib/python3.12/site-packages/pip/_vendor/rich/diagnose.py
f	644	1000	1000	9753	64	35969147	1785345526.8940795120	results/experiments/toolchain-environment/20260729T171551Z-toolchain-formal01/boots/repetition-02/lower/python312/lib/python3.12/site-packages/pip/_vendor/chardet/__pycache__/chardistribution.cpython-312.pyc
f	644	1000	1000	9766	64	35967687	1785345517.0377219510	results/experiments/toolchain-environment/20260729T171551Z-toolchain-formal01/boots/repetition-02/lower/python312/lib/python3.12/site-packages/pip/_internal/commands/configuration.py
f	644	1000	1000	9773	64	35965359	1785345491.2286849940	results/experiments/toolchain-environment/20260729T171551Z-toolchain-formal01/boots/repetition-02/lower/python310/lib/python3.10/site-packages/pip/_internal/metadata/pkg_resources.py
f	644	1000	1000	9778	64	35964885	1785345486.0311646500	results/experiments/toolchain-environment/20260729T171551Z-toolchain-formal01/boots/repetition-02/lower/python310/lib/python3.10/site-packages/setuptools/_vendor/wheel/cli/__pycache__/convert.cpython-310.pyc
f	644	1000	1000	97792	64	35965785	1785345493.0276350450	results/experiments/toolchain-environment/20260729T171551Z-toolchain-formal01/boots/repetition-02/lower/python310/lib/python3.10/site-packages/pip/_vendor/distlib/t32.exe
f	644	1000	1000	9784	64	35965431	1785345491.4986069620	results/experiments/toolchain-environment/20260729T171551Z-toolchain-formal01/boots/repetition-02/lower/python310/lib/python3.10/site-packages/pip/_internal/operations/freeze.py
f	644	1000	1000	9787	64	35966981	1785345504.1604392580	results/experiments/toolchain-environment/20260729T171551Z-toolchain-formal01/boots/repetition-02/lower/python310/lib/python3.10/site-packages/pip/_vendor/idna/__pycache__/core.cpython-310.pyc
f	644	1000	1000	9787	64	35969405	1785345530.3261908110	results/experiments/toolchain-environment/20260729T171551Z-toolchain-formal01/boots/repetition-02/lower/python312/lib/python3.12/site-packages/pip/_vendor/platformdirs/__pycache__/api.cpython-312.pyc
f	644	1000	1000	979	64	35965183	1785345490.3237801840	results/experiments/toolchain-environment/20260729T171551Z-toolchain-formal01/boots/repetition-02/lower/python310/lib/python3.10/site-packages/setuptools/tests/__pycache__/test_shutil_wrapper.cpython-310.pyc
f	644	1000	1000	97992	64	35966147	1785345494.4486611470	results/experiments/toolchain-environment/20260729T171551Z-toolchain-formal01/boots/repetition-02/lower/python310/lib/python3.10/site-packages/pip/_vendor/rich/console.py
f	644	1000	1000	98	64	35964039	1785345477.2840260330	results/experiments/toolchain-environment/20260729T171551Z-toolchain-formal01/boots/repetition-02/lower/python310/lib/python3.10/site-packages/setuptools/tests/textwrap.py
f	644	1000	1000	981	64	35965805	1785345493.1566374150	results/experiments/toolchain-environment/20260729T171551Z-toolchain-formal01/boots/repetition-02/lower/python310/lib/python3.10/site-packages/pip/_vendor/distro/__init__.py
f	644	1000	1000	981	64	35968179	1785345518.8428196780	results/experiments/toolchain-environment/20260729T171551Z-toolchain-formal01/boots/repetition-02/lower/python312/lib/python3.12/site-packages/pip/_vendor/distro/__init__.py
f	644	1000	1000	981	64	35969627	1785345536.3444313000	results/experiments/toolchain-environment/20260729T171551Z-toolchain-formal01/boots/repetition-02/lower/python312/lib/python3.12/site-packages/pip/_vendor/rich/__pycache__/_timer.cpython-312.pyc
f	644	1000	1000	9815	64	35965291	1785345490.9305965290	results/experiments/toolchain-environment/20260729T171551Z-toolchain-formal01/boots/repetition-02/lower/python310/lib/python3.10/site-packages/pip/_internal/commands/configuration.py
f	644	1000	1000	9816	64	35967841	1785345517.5916362460	results/experiments/toolchain-environment/20260729T171551Z-toolchain-formal01/boots/repetition-02/lower/python312/lib/python3.12/site-packages/pip/_internal/operations/freeze.py
f	644	1000	1000	9817	64	35967167	1785345507.1690299800	results/experiments/toolchain-environment/20260729T171551Z-toolchain-formal01/boots/repetition-02/lower/python310/lib/python3.10/site-packages/pip/_vendor/pyproject_hooks/_in_process/__pycache__/_in_process.cpython-310.pyc
f	644	1000	1000	98196	64	35965685	1785345492.5716266700	results/experiments/toolchain-environment/20260729T171551Z-toolchain-formal01/boots/repetition-02/lower/python310/lib/python3.10/site-packages/pip/_vendor/chardet/langhebrewmodel.py
f	644	1000	1000	98196	64	35968077	1785345518.4521022510	results/experiments/toolchain-environment/20260729T171551Z-toolchain-formal01/boots/repetition-02/lower/python312/lib/python3.12/site-packages/pip/_vendor/chardet/langhebrewmodel.py
f	644	1000	1000	9821	64	35966411	1785345495.6992192670	results/experiments/toolchain-environment/20260729T171551Z-toolchain-formal01/boots/repetition-02/lower/python310/lib/python3.10/site-packages/pip/_internal/__pycache__/build_env.cpython-310.pyc
f	644	1000	1000	9824	64	35967893	1785345517.7781893150	results/experiments/toolchain-environment/20260729T171551Z-toolchain-formal01/boots/repetition-02/lower/python312/lib/python3.12/site-packages/pip/_internal/resolution/resolvelib/provider.py
f	644	1000	1000	9825	64	35968795	1785345522.1336867520	results/experiments/toolchain-environment/20260729T171551Z-toolchain-formal01/boots/repetition-02/lower/python312/lib/python3.12/site-packages/pip/_internal/commands/__pycache__/cache.cpython-312.pyc
f	644	1000	1000	9827	64	35966715	1785345500.1116233930	results/experiments/toolchain-environment/20260729T171551Z-toolchain-formal01/boots/repetition-02/lower/python310/lib/python3.10/site-packages/pip/_internal/utils/__pycache__/logging.cpython-310.pyc
f	644	1000	1000	9842	64	35966137	1785345494.4016602840	results/experiments/toolchain-environment/20260729T171551Z-toolchain-formal01/boots/repetition-02/lower/python310/lib/python3.10/site-packages/pip/_vendor/rich/box.py
f	644	1000	1000	9842	64	35968489	1785345520.2221347930	results/experiments/toolchain-environment/20260729T171551Z-toolchain-formal01/boots/repetition-02/lower/python312/lib/python3.12/site-packages/pip/_vendor/rich/box.py
f	644	1000	1000	9842	64	35968823	1785345522.6832466810	results/experiments/toolchain-environment/20260729T171551Z-toolchain-formal01/boots/repetition-02/lower/python312/lib/python3.12/site-packages/pip/_internal/commands/__pycache__/show.cpython-312.pyc
f	644	1000	1000	98484	64	35965683	1785345492.5626265040	results/experiments/toolchain-environment/20260729T171551Z-toolchain-formal01/boots/repetition-02/lower/python310/lib/python3.10/site-packages/pip/_vendor/chardet/langgreekmodel.py
f	644	1000	1000	98484	64	35968075	1785345518.4411020490	results/experiments/toolchain-environment/20260729T171551Z-toolchain-formal01/boots/repetition-02/lower/python312/lib/python3.12/site-packages/pip/_vendor/chardet/langgreekmodel.py
f	644	1000	1000	9857	64	35967547	1785345512.3638470680	results/experiments/toolchain-environment/20260729T171551Z-toolchain-formal01/boots/repetition-02/lower/python310/lib/python3.10/site-packages/pip/_vendor/webencodings/__pycache__/__init__.cpython-310.pyc
f	644	1000	1000	986	64	35965903	1785345493.5346443580	results/experiments/toolchain-environment/20260729T171551Z-toolchain-formal01/boots/repetition-02/lower/python310/lib/python3.10/site-packages/pip/_vendor/pygments/modeline.py
f	644	1000	1000	986	64	35968317	1785345519.4000704010	results/experiments/toolchain-environment/20260729T171551Z-toolchain-formal01/boots/repetition-02/lower/python312/lib/python3.12/site-packages/pip/_vendor/pygments/modeline.py
f	644	1000	1000	9870	64	35969247	1785345528.1275834200	results/experiments/toolchain-environment/20260729T171551Z-toolchain-formal01/boots/repetition-02/lower/python312/lib/python3.12/site-packages/pip/_vendor/chardet/metadata/__pycache__/languages.cpython-312.pyc
f	644	1000	1000	988	64	35964727	1785345483.3475865880	results/experiments/toolchain-environment/20260729T171551Z-toolchain-formal01/boots/repetition-02/lower/python310/lib/python3.10/site-packages/setuptools/_vendor/importlib_metadata/__pycache__/diagnose.cpython-310.pyc
f	644	1000	1000	9893	64	35968631	1785345520.9183164560	results/experiments/toolchain-environment/20260729T171551Z-toolchain-formal01/boots/repetition-02/lower/python312/lib/python3.12/site-packages/pip/_vendor/truststore/_api.py
f	644	1000	1000	990	64	35965375	1785345491.2986032880	results/experiments/toolchain-environment/20260729T171551Z-toolchain-formal01/boots/repetition-02/lower/python310/lib/python3.10/site-packages/pip/_internal/models/candidate.py
f	644	1000	1000	9914	64	35965501	1785345491.7616117920	results/experiments/toolchain-environment/20260729T171551Z-toolchain-formal01/boots/repetition-02/lower/python310/lib/python3.10/site-packages/pip/_internal/resolution/resolvelib/provider.py
f	644	1000	1000	99218	64	35968499	1785345520.2871359890	results/experiments/toolchain-environment/20260729T171551Z-toolchain-formal01/boots/repetition-02/lower/python312/lib/python3.12/site-packages/pip/_vendor/rich/console.py
f	644	1000	1000	996	64	35969343	1785345529.3449215480	results/experiments/toolchain-environment/20260729T171551Z-toolchain-formal01/boots/repetition-02/lower/python312/lib/python3.12/site-packages/pip/_vendor/idna/__pycache__/__init__.cpython-312.pyc
f	644	1000	1000	99612	64	35969351	1785345529.4843051140	results/experiments/toolchain-environment/20260729T171551Z-toolchain-formal01/boots/repetition-02/lower/python312/lib/python3.12/site-packages/pip/_vendor/idna/__pycache__/idnadata.cpython-312.pyc
f	644	1000	1000	999	64	35964273	1785345478.0293596420	results/experiments/toolchain-environment/20260729T171551Z-toolchain-formal01/boots/repetition-02/lower/python310/lib/python3.10/site-packages/setuptools/_vendor/tomli-2.0.1.dist-info/RECORD
f	644	1000	1000	99987	64	35967027	1785345504.9128533960	results/experiments/toolchain-environment/20260729T171551Z-toolchain-formal01/boots/repetition-02/lower/python310/lib/python3.10/site-packages/pip/_vendor/pkg_resources/__pycache__/__init__.cpython-310.pyc
f	755	1000	1000	401	64	35967557	1785345512.4893337930	results/experiments/toolchain-environment/20260729T171551Z-toolchain-formal01/boots/repetition-02/lower/python310/bin/pip
f	755	1000	1000	401	64	35967559	1785345512.4918934920	results/experiments/toolchain-environment/20260729T171551Z-toolchain-formal01/boots/repetition-02/lower/python310/bin/pip3
f	755	1000	1000	401	64	35967561	1785345512.4945843530	results/experiments/toolchain-environment/20260729T171551Z-toolchain-formal01/boots/repetition-02/lower/python310/bin/pip3.10
f	755	1000	1000	401	64	35969933	1785345542.7615493630	results/experiments/toolchain-environment/20260729T171551Z-toolchain-formal01/boots/repetition-02/lower/python312/bin/pip
f	755	1000	1000	401	64	35969935	1785345542.7643447200	results/experiments/toolchain-environment/20260729T171551Z-toolchain-formal01/boots/repetition-02/lower/python312/bin/pip3
f	755	1000	1000	401	64	35969937	1785345542.7665494550	results/experiments/toolchain-environment/20260729T171551Z-toolchain-formal01/boots/repetition-02/lower/python312/bin/pip3.12
f	755	1000	1000	5232024	64	35963155	1785345470.8422277250	results/experiments/toolchain-environment/20260729T171551Z-toolchain-formal01/boots/repetition-02/lower/python310/bin/python3.10
f	755	1000	1000	5232024	64	35963157	1785345471.1092326250	results/experiments/toolchain-environment/20260729T171551Z-toolchain-formal01/boots/repetition-02/lower/python310/bin/python
f	755	1000	1000	5232024	64	35963159	1785345471.4032380210	results/experiments/toolchain-environment/20260729T171551Z-toolchain-formal01/boots/repetition-02/lower/python310/bin/python3
f	755	1000	1000	8020928	64	35967597	1785345513.3990093600	results/experiments/toolchain-environment/20260729T171551Z-toolchain-formal01/boots/repetition-02/lower/python312/bin/python3.12
f	755	1000	1000	8020928	64	35967599	1785345513.7860164740	results/experiments/toolchain-environment/20260729T171551Z-toolchain-formal01/boots/repetition-02/lower/python312/bin/python
f	755	1000	1000	8020928	64	35967613	1785345514.1610233670	results/experiments/toolchain-environment/20260729T171551Z-toolchain-formal01/boots/repetition-02/lower/python312/bin/python3
l	777	1000	1000	3	64	35963149	1785345470.5772228620	results/experiments/toolchain-environment/20260729T171551Z-toolchain-formal01/boots/repetition-02/lower/python310/lib64
l	777	1000	1000	3	64	35967591	1785345513.0160023200	results/experiments/toolchain-environment/20260729T171551Z-toolchain-formal01/boots/repetition-02/lower/python312/lib64
