d	755	1000	1000	4096	64	35970091	1785345603.1036607680	results/experiments/toolchain-environment/20260729T171551Z-toolchain-formal01/boots/repetition-03/lower/python310/lib/python3.10/site-packages/setuptools/_vendor/wheel/vendored
d	755	1000	1000	4096	64	35970227	1785345628.7191331950	results/experiments/toolchain-environment/20260729T171551Z-toolchain-formal01/boots/repetition-03/lower
d	755	1000	1000	4096	64	35970235	1785345587.7933785760	results/experiments/toolchain-environment/20260729T171551Z-toolchain-formal01/boots/repetition-03/lower/python310
d	755	1000	1000	4096	64	35970237	1785345587.7783783000	results/experiments/toolchain-environment/20260729T171551Z-toolchain-formal01/boots/repetition-03/lower/python310/include
d	755	1000	1000	4096	64	35970239	1785345587.7833783920	results/experiments/toolchain-environment/20260729T171551Z-toolchain-formal01/boots/repetition-03/lower/python310/lib
d	755	1000	1000	4096	64	35970241	1785345587.7853784280	results/experiments/toolchain-environment/20260729T171551Z-toolchain-formal01/boots/repetition-03/lower/python310/lib/python3.10
d	755	1000	1000	4096	64	35970243	1785345612.2908301700	results/experiments/toolchain-environment/20260729T171551Z-toolchain-formal01/boots/repetition-03/lower/python310/lib/python3.10/site-packages
d	755	1000	1000	4096	64	35970247	1785345628.3931271810	results/experiments/toolchain-environment/20260729T171551Z-toolchain-formal01/boots/repetition-03/lower/python310/bin
d	755	1000	1000	4096	64	35970267	1785345595.8955278950	results/experiments/toolchain-environment/20260729T171551Z-toolchain-formal01/boots/repetition-03/lower/python310/lib/python3.10/site-packages/_distutils_hack
d	755	1000	1000	4096	64	35970273	1785345595.9615291110	results/experiments/toolchain-environment/20260729T171551Z-toolchain-formal01/boots/repetition-03/lower/python310/lib/python3.10/site-packages/pkg_resources
d	755	1000	1000	4096	64	35970281	1785345595.9925296830	results/experiments/toolchain-environment/20260729T171551Z-toolchain-formal01/boots/repetition-03/lower/python310/lib/python3.10/site-packages/pkg_resources/tests
d	755	1000	1000	4096	64	35970297	1785345591.6624498760	results/experiments/toolchain-environment/20260729T171551Z-toolchain-formal01/boots/repetition-03/lower/python310/lib/python3.10/site-packages/pkg_resources/tests/data
d	755	1000	1000	4096	64	35970299	1785345596.0225302350	results/experiments/toolchain-environment/20260729T171551Z-toolchain-formal01/boots/repetition-03/lower/python310/lib/python3.10/site-packages/pkg_resources/tests/data/my-test-package-source
d	755	1000	1000	4096	64	35970305	1785345591.5774483100	results/experiments/toolchain-environment/20260729T171551Z-toolchain-formal01/boots/repetition-03/lower/python310/lib/python3.10/site-packages/pkg_resources/tests/data/my-test-package-zip
d	755	1000	1000	4096	64	35970309	1785345591.5904485500	results/experiments/toolchain-environment/20260729T171551Z-toolchain-formal01/boots/repetition-03/lower/python310/lib/python3.10/site-packages/pkg_resources/tests/data/my-test-package_unpacked-egg
d	755	1000	1000	4096	64	35970311	1785345591.5934486050	results/experiments/toolchain-environment/20260729T171551Z-toolchain-formal01/boots/repetition-03/lower/python310/lib/python3.10/site-packages/pkg_resources/tests/data/my-test-package_unpacked-egg/my_test_package-1.0-py3.7.egg
d	755	1000	1000	4096	64	35970313	1785345591.6564497660	results/experiments/toolchain-environment/20260729T171551Z-toolchain-formal01/boots/repetition-03/lower/python310/lib/python3.10/site-packages/pkg_resources/tests/data/my-test-package_unpacked-egg/my_test_package-1.0-py3.7.egg/EGG-INFO
d	755	1000	1000	4096	64	35970325	1785345591.6684499870	results/experiments/toolchain-environment/20260729T171551Z-toolchain-formal01/boots/repetition-03/lower/python310/lib/python3.10/site-packages/pkg_resources/tests/data/my-test-package_zipped-egg
d	755	1000	1000	4096	64	35970329	1785345596.2395342350	results/experiments/toolchain-environment/20260729T171551Z-toolchain-formal01/boots/repetition-03/lower/python310/lib/python3.10/site-packages/setuptools
d	755	1000	1000	4096	64	35970417	1785345596.2835350470	results/experiments/toolchain-environment/20260729T171551Z-toolchain-formal01/boots/repetition-03/lower/python310/lib/python3.10/site-packages/setuptools/_distutils
d	755	1000	1000	4096	64	35970475	1785345596.4845387510	results/experiments/toolchain-environment/20260729T171551Z-toolchain-formal01/boots/repetition-03/lower/python310/lib/python3.10/site-packages/setuptools/_distutils/command
d	755	1000	1000	4096	64	35970517	1785345597.0915499400	results/experiments/toolchain-environment/20260729T171551Z-toolchain-formal01/boots/repetition-03/lower/python310/lib/python3.10/site-packages/setuptools/_distutils/compat
d	755	1000	1000	4096	64	35970525	1785345592.3420059660	results/experiments/toolchain-environment/20260729T171551Z-toolchain-formal01/boots/repetition-03/lower/python310/lib/python3.10/site-packages/setuptools/_distutils/compilers
d	755	1000	1000	4096	64	35970527	1785345597.1875517100	results/experiments/toolchain-environment/20260729T171551Z-toolchain-formal01/boots/repetition-03/lower/python310/lib/python3.10/site-packages/setuptools/_distutils/compilers/C
d	755	1000	1000	4096	64	35970541	1785345597.3285543080	results/experiments/toolchain-environment/20260729T171551Z-toolchain-formal01/boots/repetition-03/lower/python310/lib/python3.10/site-packages/setuptools/_distutils/compilers/C/tests
d	755	1000	1000	4096	64	35970553	1785345598.0805681700	results/experiments/toolchain-environment/20260729T171551Z-toolchain-formal01/boots/repetition-03/lower/python310/lib/python3.10/site-packages/setuptools/_distutils/tests
d	755	1000	1000	4096	64	35970631	1785345598.1175688520	results/experiments/toolchain-environment/20260729T171551Z-toolchain-formal01/boots/repetition-03/lower/python310/lib/python3.10/site-packages/setuptools/_distutils/tests/compat
d	755	1000	1000	4096	64	35970637	1785345602.5922732720	results/experiments/toolchain-environment/20260729T171551Z-toolchain-formal01/boots/repetition-03/lower/python310/lib/python3.10/site-packages/setuptools/_vendor
d	755	1000	1000	4096	64	35970641	1785345599.7955997840	results/experiments/toolchain-environment/20260729T171551Z-toolchain-formal01/boots/repetition-03/lower/python310/lib/python3.10/site-packages/setuptools/_vendor/autocommand
d	755	1000	1000	4096	64	35970655	1785345599.9986035270	results/experiments/toolchain-environment/20260729T171551Z-toolchain-formal01/boots/repetition-03/lower/python310/lib/python3.10/site-packages/setuptools/_vendor/backports
d	755	1000	1000	4096	64	35970659	1785345600.0436043560	results/experiments/toolchain-environment/20260729T171551Z-toolchain-formal01/boots/repetition-03/lower/python310/lib/python3.10/site-packages/setuptools/_vendor/backports/tarfile
d	755	1000	1000	4096	64	35970665	1785345600.1166057020	results/experiments/toolchain-environment/20260729T171551Z-toolchain-formal01/boots/repetition-03/lower/python310/lib/python3.10/site-packages/setuptools/_vendor/backports/tarfile/compat
d	755	1000	1000	4096	64	35970671	1785345600.2126074720	results/experiments/toolchain-environment/20260729T171551Z-toolchain-formal01/boots/repetition-03/lower/python310/lib/python3.10/site-packages/setuptools/_vendor/importlib_metadata
d	755	1000	1000	4096	64	35970693	1785345600.4466117850	results/experiments/toolchain-environment/20260729T171551Z-toolchain-formal01/boots/repetition-03/lower/python310/lib/python3.10/site-packages/setuptools/_vendor/importlib_metadata/compat
d	755	1000	1000	4096	64	35970701	1785345600.5906144400	results/experiments/toolchain-environment/20260729T171551Z-toolchain-formal01/boots/repetition-03/lower/python310/lib/python3.10/site-packages/setuptools/_vendor/inflect
d	755	1000	1000	4096	64	35970707	1785345600.6251827820	results/experiments/toolchain-environment/20260729T171551Z-toolchain-formal01/boots/repetition-03/lower/python310/lib/python3.10/site-packages/setuptools/_vendor/inflect/compat
d	755	1000	1000	4096	64	35970713	1785345600.7906181270	results/experiments/toolchain-environment/20260729T171551Z-toolchain-formal01/boots/repetition-03/lower/python310/lib/python3.10/site-packages/setuptools/_vendor/jaraco
d	755	1000	1000	4096	64	35970717	1785345600.7536174450	results/experiments/toolchain-environment/20260729T171551Z-toolchain-formal01/boots/repetition-03/lower/python310/lib/python3.10/site-packages/setuptools/_vendor/jaraco/collections
d	755	1000	1000	4096	64	35970727	1785345600.8246187540	results/experiments/toolchain-environment/20260729T171551Z-toolchain-formal01/boots/repetition-03/lower/python310/lib/python3.10/site-packages/setuptools/_vendor/jaraco/functools
d	755	1000	1000	4096	64	35970735	1785345600.8646194910	results/experiments/toolchain-environment/20260729T171551Z-toolchain-formal01/boots/repetition-03/lower/python310/lib/python3.10/site-packages/setuptools/_vendor/jaraco/text
d	755	1000	1000	4096	64	35970751	1785345601.0656231960	results/experiments/toolchain-environment/20260729T171551Z-toolchain-formal01/boots/repetition-03/lower/python310/lib/python3.10/site-packages/setuptools/_vendor/more_itertools
d	755	1000	1000	4096	64	35970767	1785345601.1886254640	results/experiments/toolchain-environment/20260729T171551Z-toolchain-formal01/boots/repetition-03/lower/python310/lib/python3.10/site-packages/setuptools/_vendor/packaging
d	755	1000	1000	4096	64	35970799	1785345601.4036294280	results/experiments/toolchain-environment/20260729T171551Z-toolchain-formal01/boots/repetition-03/lower/python310/lib/python3.10/site-packages/setuptools/_vendor/packaging/licenses
d	755	1000	1000	4096	64	35970805	1785345601.7386356030	results/experiments/toolchain-environment/20260729T171551Z-toolchain-formal01/boots/repetition-03/lower/python310/lib/python3.10/site-packages/setuptools/_vendor/platformdirs
d	755	1000	1000	4096	64	35970825	1785345595.6005224570	results/experiments/toolchain-environment/20260729T171551Z-toolchain-formal01/boots/repetition-03/lower/python310/lib/python3.10/site-packages/setuptools/_vendor/platformdirs-4.2.2.dist-info
d	755	1000	1000	4096	64	35970827	1785345593.4884835300	results/experiments/toolchain-environment/20260729T171551Z-toolchain-formal01/boots/repetition-03/lower/python310/lib/python3.10/site-packages/setuptools/_vendor/platformdirs-4.2.2.dist-info/licenses
d	755	1000	1000	4096	64	35970831	1785345601.9856401570	results/experiments/toolchain-environment/20260729T171551Z-toolchain-formal01/boots/repetition-03/lower/python310/lib/python3.10/site-packages/setuptools/_vendor/tomli
d	755	1000	1000	4096	64	35970843	1785345602.1466431250	results/experiments/toolchain-environment/20260729T171551Z-toolchain-formal01/boots/repetition-03/lower/python310/lib/python3.10/site-packages/setuptools/_vendor/typeguard
d	755	1000	1000	4096	64	35970873	1785345602.6426522690	results/experiments/toolchain-environment/20260729T171551Z-toolchain-formal01/boots/repetition-03/lower/python310/lib/python3.10/site-packages/setuptools/_vendor/wheel
d	755	1000	1000	4096	64	35970893	1785345602.8116553850	results/experiments/toolchain-environment/20260729T171551Z-toolchain-formal01/boots/repetition-03/lower/python310/lib/python3.10/site-packages/setuptools/_vendor/wheel/cli
d	755	1000	1000	4096	64	35970921	1785345603.1466615610	results/experiments/toolchain-environment/20260729T171551Z-toolchain-formal01/boots/repetition-03/lower/python310/lib/python3.10/site-packages/setuptools/_vendor/wheel/vendored/packaging
d	755	1000	1000	4096	64	35970955	1785345603.7136720140	results/experiments/toolchain-environment/20260729T171551Z-toolchain-formal01/boots/repetition-03/lower/python310/lib/python3.10/site-packages/setuptools/_vendor/zipp
d	755	1000	1000	4096	64	35970961	1785345603.7436725670	results/experiments/toolchain-environment/20260729T171551Z-toolchain-formal01/boots/repetition-03/lower/python310/lib/python3.10/site-packages/setuptools/_vendor/zipp/compat
d	755	1000	1000	4096	64	35970967	1785345603.8816751120	results/experiments/toolchain-environment/20260729T171551Z-toolchain-formal01/boots/repetition-03/lower/python310/lib/python3.10/site-packages/setuptools/command
d	755	1000	1000	4096	64	35971019	1785345604.5236869480	results/experiments/toolchain-environment/20260729T171551Z-toolchain-formal01/boots/repetition-03/lower/python310/lib/python3.10/site-packages/setuptools/compat
d	755	1000	1000	4096	64	35971031	1785345604.6476892340	results/experiments/toolchain-environment/20260729T171551Z-toolchain-formal01/boots/repetition-03/lower/python310/lib/python3.10/site-packages/setuptools/config
d	755	1000	1000	4096	64	35971049	1785345604.7016902300	results/experiments/toolchain-environment/20260729T171551Z-toolchain-formal01/boots/repetition-03/lower/python310/lib/python3.10/site-packages/setuptools/config/_validate_pyproject
d	755	1000	1000	4096	64	35971065	1785345605.3327018640	results/experiments/toolchain-environment/20260729T171551Z-toolchain-formal01/boots/repetition-03/lower/python310/lib/python3.10/site-packages/setuptools/tests
d	755	1000	1000	4096	64	35971175	1785345605.3567023060	results/experiments/toolchain-environment/20260729T171551Z-toolchain-formal01/boots/repetition-03/lower/python310/lib/python3.10/site-packages/setuptools/tests/compat
d	755	1000	1000	4096	64	35971181	1785345605.4127033390	results/experiments/toolchain-environment/20260729T171551Z-toolchain-formal01/boots/repetition-03/lower/python310/lib/python3.10/site-packages/setuptools/tests/config
d	755	1000	1000	4096	64	35971197	1785345605.4427038920	results/experiments/toolchain-environment/20260729T171551Z-toolchain-formal01/boots/repetition-03/lower/python310/lib/python3.10/site-packages/setuptools/tests/config/downloads
d	755	1000	1000	4096	64	35971203	1785345594.9035096100	results/experiments/toolchain-environment/20260729T171551Z-toolchain-formal01/boots/repetition-03/lower/python310/lib/python3.10/site-packages/setuptools/tests/indexes
d	755	1000	1000	4096	64	35971205	1785345594.9165098500	results/experiments/toolchain-environment/20260729T171551Z-toolchain-formal01/boots/repetition-03/lower/python310/lib/python3.10/site-packages/setuptools/tests/indexes/test_links_priority
d	755	1000	1000	4096	64	35971209	1785345594.9195099050	results/experiments/toolchain-environment/20260729T171551Z-toolchain-formal01/boots/repetition-03/lower/python310/lib/python3.10/site-packages/setuptools/tests/indexes/test_links_priority/simple
d	755	1000	1000	4096	64	35971211	1785345594.9245099970	results/experiments/toolchain-environment/20260729T171551Z-toolchain-formal01/boots/repetition-03/lower/python310/lib/python3.10/site-packages/setuptools/tests/indexes/test_links_priority/simple/foobar
d	755	1000	1000	4096	64	35971215	1785345605.7557096630	results/experiments/toolchain-environment/20260729T171551Z-toolchain-formal01/boots/repetition-03/lower/python310/lib/python3.10/site-packages/setuptools/tests/integration
d	755	1000	1000	4096	64	35971223	1785345607.2077364350	results/experiments/toolchain-environment/20260729T171551Z-toolchain-formal01/boots/repetition-03/lower/python310/lib/python3.10/site-packages/setuptools-79.0.1.dist-info
d	755	1000	1000	4096	64	35971225	1785345594.9605106610	results/experiments/toolchain-environment/20260729T171551Z-toolchain-formal01/boots/repetition-03/lower/python310/lib/python3.10/site-packages/setuptools-79.0.1.dist-info/licenses
d	755	1000	1000	4096	64	35971237	1785345595.0445122090	results/experiments/toolchain-environment/20260729T171551Z-toolchain-formal01/boots/repetition-03/lower/python310/lib/python3.10/site-packages/setuptools/_vendor/autocommand-2.2.2.dist-info
d	755	1000	1000	4096	64	35971251	1785345595.1075133700	results/experiments/toolchain-environment/20260729T171551Z-toolchain-formal01/boots/repetition-03/lower/python310/lib/python3.10/site-packages/setuptools/_vendor/backports.tarfile-1.2.0.dist-info
d	755	1000	1000	4096	64	35971267	1785345595.1715145500	results/experiments/toolchain-environment/20260729T171551Z-toolchain-formal01/boots/repetition-03/lower/python310/lib/python3.10/site-packages/setuptools/_vendor/importlib_metadata-8.0.0.dist-info
d	755	1000	1000	4096	64	35971283	1785345595.2245155270	results/experiments/toolchain-environment/20260729T171551Z-toolchain-formal01/boots/repetition-03/lower/python310/lib/python3.10/site-packages/setuptools/_vendor/inflect-7.3.1.dist-info
d	755	1000	1000	4096	64	35971297	1785345595.2895167250	results/experiments/toolchain-environment/20260729T171551Z-toolchain-formal01/boots/repetition-03/lower/python310/lib/python3.10/site-packages/setuptools/_vendor/jaraco.collections-5.1.0.dist-info
d	755	1000	1000	4096	64	35971313	1785345595.3455177570	results/experiments/toolchain-environment/20260729T171551Z-toolchain-formal01/boots/repetition-03/lower/python310/lib/python3.10/site-packages/setuptools/_vendor/jaraco.context-5.3.0.dist-info
d	755	1000	1000	4096	64	35971327	1785345595.3935186420	results/experiments/toolchain-environment/20260729T171551Z-toolchain-formal01/boots/repetition-03/lower/python310/lib/python3.10/site-packages/setuptools/_vendor/jaraco.functools-4.0.1.dist-info
d	755	1000	1000	4096	64	35971341	1785345595.4495196740	results/experiments/toolchain-environment/20260729T171551Z-toolchain-formal01/boots/repetition-03/lower/python310/lib/python3.10/site-packages/setuptools/_vendor/jaraco.text-3.12.1.dist-info
d	755	1000	1000	4096	64	35971357	1785345595.4965205400	results/experiments/toolchain-environment/20260729T171551Z-toolchain-formal01/boots/repetition-03/lower/python310/lib/python3.10/site-packages/setuptools/_vendor/more_itertools-10.3.0.dist-info
d	755	1000	1000	4096	64	35971371	1785345595.5605217200	results/experiments/toolchain-environment/20260729T171551Z-toolchain-formal01/boots/repetition-03/lower/python310/lib/python3.10/site-packages/setuptools/_vendor/packaging-24.2.dist-info
d	755	1000	1000	4096	64	35971399	1785345595.6465233050	results/experiments/toolchain-environment/20260729T171551Z-toolchain-formal01/boots/repetition-03/lower/python310/lib/python3.10/site-packages/setuptools/_vendor/tomli-2.0.1.dist-info
d	755	1000	1000	4096	64	35971413	1785345595.7085244480	results/experiments/toolchain-environment/20260729T171551Z-toolchain-formal01/boots/repetition-03/lower/python310/lib/python3.10/site-packages/setuptools/_vendor/typeguard-4.3.0.dist-info
d	755	1000	1000	4096	64	35971429	1785345595.7525252590	results/experiments/toolchain-environment/20260729T171551Z-toolchain-formal01/boots/repetition-03/lower/python310/lib/python3.10/site-packages/setuptools/_vendor/typing_extensions-4.12.2.dist-info
d	755	1000	1000	4096	64	35971441	1785345595.8135263830	results/experiments/toolchain-environment/20260729T171551Z-toolchain-formal01/boots/repetition-03/lower/python310/lib/python3.10/site-packages/setuptools/_vendor/wheel-0.45.1.dist-info
d	755	1000	1000	4096	64	35971457	1785345595.8735274890	results/experiments/toolchain-environment/20260729T171551Z-toolchain-formal01/boots/repetition-03/lower/python310/lib/python3.10/site-packages/setuptools/_vendor/zipp-3.19.2.dist-info
d	755	1000	1000	4096	64	35971473	1785345612.3588314240	results/experiments/toolchain-environment/20260729T171551Z-toolchain-formal01/boots/repetition-03/lower/python310/lib/python3.10/site-packages/pip
d	755	1000	1000	4096	64	35971475	1785345595.9315285580	results/experiments/toolchain-environment/20260729T171551Z-toolchain-formal01/boots/repetition-03/lower/python310/lib/python3.10/site-packages/_distutils_hack/__pycache__
d	755	1000	1000	4096	64	35971481	1785345595.9735293320	results/experiments/toolchain-environment/20260729T171551Z-toolchain-formal01/boots/repetition-03/lower/python310/lib/python3.10/site-packages/pkg_resources/__pycache__
d	755	1000	1000	4096	64	35971485	1785345596.2135337560	results/experiments/toolchain-environment/20260729T171551Z-toolchain-formal01/boots/repetition-03/lower/python310/lib/python3.10/site-packages/pkg_resources/tests/__pycache__
d	755	1000	1000	4096	64	35971489	1785345596.0335304380	results/experiments/toolchain-environment/20260729T171551Z-toolchain-formal01/boots/repetition-03/lower/python310/lib/python3.10/site-packages/pkg_resources/tests/data/my-test-package-source/__pycache__
d	755	1000	1000	4096	64	35971505	1785345607.1617355870	results/experiments/toolchain-environment/20260729T171551Z-toolchain-formal01/boots/repetition-03/lower/python310/lib/python3.10/site-packages/setuptools/__pycache__
d	755	1000	1000	4096	64	35971511	1785345599.5535953230	results/experiments/toolchain-environment/20260729T171551Z-toolchain-formal01/boots/repetition-03/lower/python310/lib/python3.10/site-packages/setuptools/_distutils/__pycache__
d	755	1000	1000	4096	64	35971529	1785345597.0715495710	results/experiments/toolchain-environment/20260729T171551Z-toolchain-formal01/boots/repetition-03/lower/python310/lib/python3.10/site-packages/setuptools/_distutils/command/__pycache__
d	755	1000	1000	4096	64	35971571	1785345597.1635512670	results/experiments/toolchain-environment/20260729T171551Z-toolchain-formal01/boots/repetition-03/lower/python310/lib/python3.10/site-packages/setuptools/_distutils/compat/__pycache__
d	755	1000	1000	4096	64	35971579	1785345597.5595585670	results/experiments/toolchain-environment/20260729T171551Z-toolchain-formal01/boots/repetition-03/lower/python310/lib/python3.10/site-packages/setuptools/_distutils/compilers/C/__pycache__
d	755	1000	1000	4096	64	35971589	1785345597.4905572940	results/experiments/toolchain-environment/20260729T171551Z-toolchain-formal01/boots/repetition-03/lower/python310/lib/python3.10/site-packages/setuptools/_distutils/compilers/C/tests/__pycache__
d	755	1000	1000	4096	64	35971633	1785345599.3585917280	results/experiments/toolchain-environment/20260729T171551Z-toolchain-formal01/boots/repetition-03/lower/python310/lib/python3.10/site-packages/setuptools/_distutils/tests/__pycache__
d	755	1000	1000	4096	64	35971637	1785345598.1765699400	results/experiments/toolchain-environment/20260729T171551Z-toolchain-formal01/boots/repetition-03/lower/python310/lib/python3.10/site-packages/setuptools/_distutils/tests/compat/__pycache__
d	755	1000	1000	4096	64	35971763	1785345599.9636028810	results/experiments/toolchain-environment/20260729T171551Z-toolchain-formal01/boots/repetition-03/lower/python310/lib/python3.10/site-packages/setuptools/_vendor/autocommand/__pycache__
d	755	1000	1000	4096	64	35971777	1785345600.0096037290	results/experiments/toolchain-environment/20260729T171551Z-toolchain-formal01/boots/repetition-03/lower/python310/lib/python3.10/site-packages/setuptools/_vendor/backports/__pycache__
d	755	1000	1000	4096	64	35971781	1785345600.0926052590	results/experiments/toolchain-environment/20260729T171551Z-toolchain-formal01/boots/repetition-03/lower/python310/lib/python3.10/site-packages/setuptools/_vendor/backports/tarfile/__pycache__
d	755	1000	1000	4096	64	35971787	1785345600.1736067530	results/experiments/toolchain-environment/20260729T171551Z-toolchain-formal01/boots/repetition-03/lower/python310/lib/python3.10/site-packages/setuptools/_vendor/backports/tarfile/compat/__pycache__
d	755	1000	1000	4096	64	35971793	1785345600.5496136840	results/experiments/toolchain-environment/20260729T171551Z-toolchain-formal01/boots/repetition-03/lower/python310/lib/python3.10/site-packages/setuptools/_vendor/importlib_metadata/__pycache__
d	755	1000	1000	4096	64	35971811	1785345600.5226131860	results/experiments/toolchain-environment/20260729T171551Z-toolchain-formal01/boots/repetition-03/lower/python310/lib/python3.10/site-packages/setuptools/_vendor/importlib_metadata/compat/__pycache__
d	755	1000	1000	4096	64	35971821	1785345600.6036146800	results/experiments/toolchain-environment/20260729T171551Z-toolchain-formal01/boots/repetition-03/lower/python310/lib/python3.10/site-packages/setuptools/_vendor/inflect/__pycache__
d	755	1000	1000	4096	64	35971825	1785345600.6696158960	results/experiments/toolchain-environment/20260729T171551Z-toolchain-formal01/boots/repetition-03/lower/python310/lib/python3.10/site-packages/setuptools/_vendor/inflect/compat/__pycache__
d	755	1000	1000	4096	64	35971831	1785345600.7676177030	results/experiments/toolchain-environment/20260729T171551Z-toolchain-formal01/boots/repetition-03/lower/python310/lib/python3.10/site-packages/setuptools/_vendor/jaraco/collections/__pycache__
d	755	1000	1000	4096	64	35971835	1785345600.8026183480	results/experiments/toolchain-environment/20260729T171551Z-toolchain-formal01/boots/repetition-03/lower/python310/lib/python3.10/site-packages/setuptools/_vendor/jaraco/__pycache__
d	755	1000	1000	4096	64	35971839	1785345600.8366189750	results/experiments/toolchain-environment/20260729T171551Z-toolchain-formal01/boots/repetition-03/lower/python310/lib/python3.10/site-packages/setuptools/_vendor/jaraco/functools/__pycache__
d	755	1000	1000	4096	64	35971843	1785345601.0356226430	results/experiments/toolchain-environment/20260729T171551Z-toolchain-formal01/boots/repetition-03/lower/python310/lib/python3.10/site-packages/setuptools/_vendor/jaraco/text/__pycache__
d	755	1000	1000	4096	64	35971857	1785345601.1536248190	results/experiments/toolchain-environment/20260729T171551Z-toolchain-formal01/boots/repetition-03/lower/python310/lib/python3.10/site-packages/setuptools/_vendor/more_itertools/__pycache__
d	755	1000	1000	4096	64	35971865	1785345601.7066350130	results/experiments/toolchain-environment/20260729T171551Z-toolchain-formal01/boots/repetition-03/lower/python310/lib/python3.10/site-packages/setuptools/_vendor/packaging/__pycache__
d	755	1000	1000	4096	64	35971885	1785345601.4636305340	results/experiments/toolchain-environment/20260729T171551Z-toolchain-formal01/boots/repetition-03/lower/python310/lib/python3.10/site-packages/setuptools/_vendor/packaging/licenses/__pycache__
d	755	1000	1000	4096	64	35971909	1785345601.9526395480	results/experiments/toolchain-environment/20260729T171551Z-toolchain-formal01/boots/repetition-03/lower/python310/lib/python3.10/site-packages/setuptools/_vendor/platformdirs/__pycache__
d	755	1000	1000	4096	64	35971927	1785345602.0896420740	results/experiments/toolchain-environment/20260729T171551Z-toolchain-formal01/boots/repetition-03/lower/python310/lib/python3.10/site-packages/setuptools/_vendor/tomli/__pycache__
d	755	1000	1000	4096	64	35971937	1785345602.5486505360	results/experiments/toolchain-environment/20260729T171551Z-toolchain-formal01/boots/repetition-03/lower/python310/lib/python3.10/site-packages/setuptools/_vendor/typeguard/__pycache__
d	755	1000	1000	4096	64	35971965	1785345602.6066516060	results/experiments/toolchain-environment/20260729T171551Z-toolchain-formal01/boots/repetition-03/lower/python310/lib/python3.10/site-packages/setuptools/_vendor/__pycache__
d	755	1000	1000	4096	64	35971969	1785345603.6766713320	results/experiments/toolchain-environment/20260729T171551Z-toolchain-formal01/boots/repetition-03/lower/python310/lib/python3.10/site-packages/setuptools/_vendor/wheel/__pycache__
d	755	1000	1000	4096	64	35971981	1785345602.9726583530	results/experiments/toolchain-environment/20260729T171551Z-toolchain-formal01/boots/repetition-03/lower/python310/lib/python3.10/site-packages/setuptools/_vendor/wheel/cli/__pycache__
d	755	1000	1000	4096	64	35972009	1785345603.1166610080	results/experiments/toolchain-environment/20260729T171551Z-toolchain-formal01/boots/repetition-03/lower/python310/lib/python3.10/site-packages/setuptools/_vendor/wheel/vendored/__pycache__
d	755	1000	1000	4096	64	35972013	1785345603.6356705760	results/experiments/toolchain-environment/20260729T171551Z-toolchain-formal01/boots/repetition-03/lower/python310/lib/python3.10/site-packages/setuptools/_vendor/wheel/vendored/packaging/__pycache__
d	755	1000	1000	4096	64	35972043	1785345603.8126738390	results/experiments/toolchain-environment/20260729T171551Z-toolchain-formal01/boots/repetition-03/lower/python310/lib/python3.10/site-packages/setuptools/_vendor/zipp/__pycache__
d	755	1000	1000	4096	64	35972047	1785345603.7816732680	results/experiments/toolchain-environment/20260729T171551Z-toolchain-formal01/boots/repetition-03/lower/python310/lib/python3.10/site-packages/setuptools/_vendor/zipp/compat/__pycache__
d	755	1000	1000	4096	64	35972059	1785345604.5076866530	results/experiments/toolchain-environment/20260729T171551Z-toolchain-formal01/boots/repetition-03/lower/python310/lib/python3.10/site-packages/setuptools/command/__pycache__
d	755	1000	1000	4096	64	35972109	1785345604.6296889020	results/experiments/toolchain-environment/20260729T171551Z-toolchain-formal01/boots/repetition-03/lower/python310/lib/python3.10/site-packages/setuptools/compat/__pycache__
d	755	1000	1000	4096	64	35972121	1785345604.9706951890	results/experiments/toolchain-environment/20260729T171551Z-toolchain-formal01/boots/repetition-03/lower/python310/lib/python3.10/site-packages/setuptools/config/__pycache__
d	755	1000	1000	4096	64	35972127	1785345604.8876936590	results/experiments/toolchain-environment/20260729T171551Z-toolchain-formal01/boots/repetition-03/lower/python310/lib/python3.10/site-packages/setuptools/config/_validate_pyproject/__pycache__
d	755	1000	1000	4096	64	35972189	1785345607.0457334480	results/experiments/toolchain-environment/20260729T171551Z-toolchain-formal01/boots/repetition-03/lower/python310/lib/python3.10/site-packages/setuptools/tests/__pycache__
d	755	1000	1000	4096	64	35972193	1785345605.3947030070	results/experiments/toolchain-environment/20260729T171551Z-toolchain-formal01/boots/repetition-03/lower/python310/lib/python3.10/site-packages/setuptools/tests/compat/__pycache__
d	755	1000	1000	4096	64	35972199	1785345605.6537077820	results/experiments/toolchain-environment/20260729T171551Z-toolchain-formal01/boots/repetition-03/lower/python310/lib/python3.10/site-packages/setuptools/tests/config/__pycache__
d	755	1000	1000	4096	64	35972203	1785345605.4897047580	results/experiments/toolchain-environment/20260729T171551Z-toolchain-formal01/boots/repetition-03/lower/python310/lib/python3.10/site-packages/setuptools/tests/config/downloads/__pycache__
d	755	1000	1000	4096	64	35972225	1785345605.8277109900	results/experiments/toolchain-environment/20260729T171551Z-toolchain-formal01/boots/repetition-03/lower/python310/lib/python3.10/site-packages/setuptools/tests/integration/__pycache__
d	755	1000	1000	4096	64	35972345	1785345612.4328327880	results/experiments/toolchain-environment/20260729T171551Z-toolchain-formal01/boots/repetition-03/lower/python310/lib/python3.10/site-packages/pip/_internal
d	755	1000	1000	4096	64	35972365	1785345612.5098342080	results/experiments/toolchain-environment/20260729T171551Z-toolchain-formal01/boots/repetition-03/lower/python310/lib/python3.10/site-packages/pip/_internal/cli
d	755	1000	1000	4096	64	35972391	1785345612.8498404780	results/experiments/toolchain-environment/20260729T171551Z-toolchain-formal01/boots/repetition-03/lower/python310/lib/python3.10/site-packages/pip/_internal/commands
d	755	1000	1000	4096	64	35972429	1785345613.3728501240	results/experiments/toolchain-environment/20260729T171551Z-toolchain-formal01/boots/repetition-03/lower/python310/lib/python3.10/site-packages/pip/_internal/distributions
d	755	1000	1000	4096	64	35972441	1785345613.5458533140	results/experiments/toolchain-environment/20260729T171551Z-toolchain-formal01/boots/repetition-03/lower/python310/lib/python3.10/site-packages/pip/_internal/index
d	755	1000	1000	4096	64	35972451	1785345613.6748556930	results/experiments/toolchain-environment/20260729T171551Z-toolchain-formal01/boots/repetition-03/lower/python310/lib/python3.10/site-packages/pip/_internal/locations
d	755	1000	1000	4096	64	35972461	1785345613.8228584220	results/experiments/toolchain-environment/20260729T171551Z-toolchain-formal01/boots/repetition-03/lower/python310/lib/python3.10/site-packages/pip/_internal/metadata
d	755	1000	1000	4096	64	35972471	1785345613.9178601740	results/experiments/toolchain-environment/20260729T171551Z-toolchain-formal01/boots/repetition-03/lower/python310/lib/python3.10/site-packages/pip/_internal/metadata/importlib
d	755	1000	1000	4096	64	35972481	1785345614.0818631990	results/experiments/toolchain-environment/20260729T171551Z-toolchain-formal01/boots/repetition-03/lower/python310/lib/python3.10/site-packages/pip/_internal/models
d	755	1000	1000	4096	64	35972507	1785345614.4488699670	results/experiments/toolchain-environment/20260729T171551Z-toolchain-formal01/boots/repetition-03/lower/python310/lib/python3.10/site-packages/pip/_internal/network
d	755	1000	1000	4096	64	35972525	1785345614.7108747990	results/experiments/toolchain-environment/20260729T171551Z-toolchain-formal01/boots/repetition-03/lower/python310/lib/python3.10/site-packages/pip/_internal/operations
d	755	1000	1000	4096	64	35972543	1785345614.7438754080	results/experiments/toolchain-environment/20260729T171551Z-toolchain-formal01/boots/repetition-03/lower/python310/lib/python3.10/site-packages/pip/_internal/operations/build
d	755	1000	1000	4096	64	35972561	1785345615.0768815490	results/experiments/toolchain-environment/20260729T171551Z-toolchain-formal01/boots/repetition-03/lower/python310/lib/python3.10/site-packages/pip/_internal/operations/install
d	755	1000	1000	4096	64	35972571	1785345615.2768852380	results/experiments/toolchain-environment/20260729T171551Z-toolchain-formal01/boots/repetition-03/lower/python310/lib/python3.10/site-packages/pip/_internal/req
d	755	1000	1000	4096	64	35972585	1785345615.4688887790	results/experiments/toolchain-environment/20260729T171551Z-toolchain-formal01/boots/repetition-03/lower/python310/lib/python3.10/site-packages/pip/_internal/resolution
d	755	1000	1000	4096	64	35972591	1785345615.5338899770	results/experiments/toolchain-environment/20260729T171551Z-toolchain-formal01/boots/repetition-03/lower/python310/lib/python3.10/site-packages/pip/_internal/resolution/legacy
d	755	1000	1000	4096	64	35972597	1785345615.6028912500	results/experiments/toolchain-environment/20260729T171551Z-toolchain-formal01/boots/repetition-03/lower/python310/lib/python3.10/site-packages/pip/_internal/resolution/resolvelib
d	755	1000	1000	4096	64	35972617	1785345615.9488976310	results/experiments/toolchain-environment/20260729T171551Z-toolchain-formal01/boots/repetition-03/lower/python310/lib/python3.10/site-packages/pip/_internal/utils
d	755	1000	1000	4096	64	35972675	1785345616.7639126630	results/experiments/toolchain-environment/20260729T171551Z-toolchain-formal01/boots/repetition-03/lower/python310/lib/python3.10/site-packages/pip/_internal/vcs
d	755	1000	1000	4096	64	35972689	1785345616.9649163700	results/experiments/toolchain-environment/20260729T171551Z-toolchain-formal01/boots/repetition-03/lower/python310/lib/python3.10/site-packages/pip/_vendor
d	755	1000	1000	4096	64	35972699	1785345616.9899168300	results/experiments/toolchain-environment/20260729T171551Z-toolchain-formal01/boots/repetition-03/lower/python310/lib/python3.10/site-packages/pip/_vendor/cachecontrol
d	755	1000	1000	4096	64	35972721	1785345617.1079190070	results/experiments/toolchain-environment/20260729T171551Z-toolchain-formal01/boots/repetition-03/lower/python310/lib/python3.10/site-packages/pip/_vendor/cachecontrol/caches
d	755	1000	1000	4096	64	35972729	1785345617.4169247070	results/experiments/toolchain-environment/20260729T171551Z-toolchain-formal01/boots/repetition-03/lower/python310/lib/python3.10/site-packages/pip/_vendor/certifi
d	755	1000	1000	4096	64	35972739	1785345617.5159265330	results/experiments/toolchain-environment/20260729T171551Z-toolchain-formal01/boots/repetition-03/lower/python310/lib/python3.10/site-packages/pip/_vendor/chardet
d	755	1000	1000	4096	64	35972829	1785345617.6929297970	results/experiments/toolchain-environment/20260729T171551Z-toolchain-formal01/boots/repetition-03/lower/python310/lib/python3.10/site-packages/pip/_vendor/chardet/cli
d	755	1000	1000	4096	64	35972835	1785345618.7579494410	results/experiments/toolchain-environment/20260729T171551Z-toolchain-formal01/boots/repetition-03/lower/python310/lib/python3.10/site-packages/pip/_vendor/chardet/metadata
d	755	1000	1000	4096	64	35972841	1785345619.0979557120	results/experiments/toolchain-environment/20260729T171551Z-toolchain-formal01/boots/repetition-03/lower/python310/lib/python3.10/site-packages/pip/_vendor/colorama
d	755	1000	1000	4096	64	35972855	1785345619.2269580910	results/experiments/toolchain-environment/20260729T171551Z-toolchain-formal01/boots/repetition-03/lower/python310/lib/python3.10/site-packages/pip/_vendor/colorama/tests
d	755	1000	1000	4096	64	35972871	1785345619.5369638090	results/experiments/toolchain-environment/20260729T171551Z-toolchain-formal01/boots/repetition-03/lower/python310/lib/python3.10/site-packages/pip/_vendor/distlib
d	755	1000	1000	4096	64	35972915	1785345620.0249728100	results/experiments/toolchain-environment/20260729T171551Z-toolchain-formal01/boots/repetition-03/lower/python310/lib/python3.10/site-packages/pip/_vendor/distro
d	755	1000	1000	4096	64	35972923	1785345620.1179745260	results/experiments/toolchain-environment/20260729T171551Z-toolchain-formal01/boots/repetition-03/lower/python310/lib/python3.10/site-packages/pip/_vendor/idna
d	755	1000	1000	4096	64	35972945	1785345620.4269802260	results/experiments/toolchain-environment/20260729T171551Z-toolchain-formal01/boots/repetition-03/lower/python310/lib/python3.10/site-packages/pip/_vendor/msgpack
d	755	1000	1000	4096	64	35972955	1785345620.5439823830	results/experiments/toolchain-environment/20260729T171551Z-toolchain-formal01/boots/repetition-03/lower/python310/lib/python3.10/site-packages/pip/_vendor/packaging
d	755	1000	1000	4096	64	35972979	1785345620.8859886920	results/experiments/toolchain-environment/20260729T171551Z-toolchain-formal01/boots/repetition-03/lower/python310/lib/python3.10/site-packages/pip/_vendor/pkg_resources
d	755	1000	1000	4096	64	35972985	1785345620.9439897620	results/experiments/toolchain-environment/20260729T171551Z-toolchain-formal01/boots/repetition-03/lower/python310/lib/python3.10/site-packages/pip/_vendor/platformdirs
d	755	1000	1000	4096	64	35973003	1785345621.1859942260	results/experiments/toolchain-environment/20260729T171551Z-toolchain-formal01/boots/repetition-03/lower/python310/lib/python3.10/site-packages/pip/_vendor/pygments
d	755	1000	1000	4096	64	35973037	1785345621.3619974730	results/experiments/toolchain-environment/20260729T171551Z-toolchain-formal01/boots/repetition-03/lower/python310/lib/python3.10/site-packages/pip/_vendor/pygments/filters
d	755	1000	1000	4096	64	35973041	1785345621.4319987630	results/experiments/toolchain-environment/20260729T171551Z-toolchain-formal01/boots/repetition-03/lower/python310/lib/python3.10/site-packages/pip/_vendor/pygments/formatters
d	755	1000	1000	4096	64	35973071	1785345622.0490101450	results/experiments/toolchain-environment/20260729T171551Z-toolchain-formal01/boots/repetition-03/lower/python310/lib/python3.10/site-packages/pip/_vendor/pygments/lexers
d	755	1000	1000	4096	64	35973079	1785345622.3560158080	results/experiments/toolchain-environment/20260729T171551Z-toolchain-formal01/boots/repetition-03/lower/python310/lib/python3.10/site-packages/pip/_vendor/pygments/styles
d	755	1000	1000	4096	64	35973083	1785345622.4780180590	results/experiments/toolchain-environment/20260729T171551Z-toolchain-formal01/boots/repetition-03/lower/python310/lib/python3.10/site-packages/pip/_vendor/pyparsing
d	755	1000	1000	4096	64	35973105	1785345622.6140205670	results/experiments/toolchain-environment/20260729T171551Z-toolchain-formal01/boots/repetition-03/lower/python310/lib/python3.10/site-packages/pip/_vendor/pyparsing/diagram
d	755	1000	1000	4096	64	35973109	1785345622.8590250870	results/experiments/toolchain-environment/20260729T171551Z-toolchain-formal01/boots/repetition-03/lower/python310/lib/python3.10/site-packages/pip/_vendor/pyproject_hooks
d	755	1000	1000	4096	64	35973117	1785345622.9600269500	results/experiments/toolchain-environment/20260729T171551Z-toolchain-formal01/boots/repetition-03/lower/python310/lib/python3.10/site-packages/pip/_vendor/pyproject_hooks/_in_process
d	755	1000	1000	4096	64	35973123	1785345623.0350283330	results/experiments/toolchain-environment/20260729T171551Z-toolchain-formal01/boots/repetition-03/lower/python310/lib/python3.10/site-packages/pip/_vendor/requests
d	755	1000	1000	4096	64	35973161	1785345623.6210391440	results/experiments/toolchain-environment/20260729T171551Z-toolchain-formal01/boots/repetition-03/lower/python310/lib/python3.10/site-packages/pip/_vendor/resolvelib
d	755	1000	1000	4096	64	35973173	1785345623.6500396790	results/experiments/toolchain-environment/20260729T171551Z-toolchain-formal01/boots/repetition-03/lower/python310/lib/python3.10/site-packages/pip/_vendor/resolvelib/compat
d	755	1000	1000	4096	64	35973179	1785345623.8290429810	results/experiments/toolchain-environment/20260729T171551Z-toolchain-formal01/boots/repetition-03/lower/python310/lib/python3.10/site-packages/pip/_vendor/rich
d	755	1000	1000	4096	64	35973333	1785345626.4400911490	results/experiments/toolchain-environment/20260729T171551Z-toolchain-formal01/boots/repetition-03/lower/python310/lib/python3.10/site-packages/pip/_vendor/tenacity
d	755	1000	1000	4096	64	35973357	1785345626.7480968310	results/experiments/toolchain-environment/20260729T171551Z-toolchain-formal01/boots/repetition-03/lower/python310/lib/python3.10/site-packages/pip/_vendor/tomli
d	755	1000	1000	4096	64	35973367	1785345626.8980995990	results/experiments/toolchain-environment/20260729T171551Z-toolchain-formal01/boots/repetition-03/lower/python310/lib/python3.10/site-packages/pip/_vendor/urllib3
d	755	1000	1000	4096	64	35973391	1785345627.0461023290	results/experiments/toolchain-environment/20260729T171551Z-toolchain-formal01/boots/repetition-03/lower/python310/lib/python3.10/site-packages/pip/_vendor/urllib3/contrib
d	755	1000	1000	4096	64	35973407	1785345627.1101035100	results/experiments/toolchain-environment/20260729T171551Z-toolchain-formal01/boots/repetition-03/lower/python310/lib/python3.10/site-packages/pip/_vendor/urllib3/contrib/_securetransport
d	755	1000	1000	4096	64	35973415	1785345627.4711101700	results/experiments/toolchain-environment/20260729T171551Z-toolchain-formal01/boots/repetition-03/lower/python310/lib/python3.10/site-packages/pip/_vendor/urllib3/packages
d	755	1000	1000	4096	64	35973421	1785345627.5041107790	results/experiments/toolchain-environment/20260729T171551Z-toolchain-formal01/boots/repetition-03/lower/python310/lib/python3.10/site-packages/pip/_vendor/urllib3/packages/backports
d	755	1000	1000	4096	64	35973427	1785345627.6961143210	results/experiments/toolchain-environment/20260729T171551Z-toolchain-formal01/boots/repetition-03/lower/python310/lib/python3.10/site-packages/pip/_vendor/urllib3/util
d	755	1000	1000	4096	64	35973455	1785345628.1121219960	results/experiments/toolchain-environment/20260729T171551Z-toolchain-formal01/boots/repetition-03/lower/python310/lib/python3.10/site-packages/pip/_vendor/webencodings
d	755	1000	1000	4096	64	35973467	1785345628.2961253910	results/experiments/toolchain-environment/20260729T171551Z-toolchain-formal01/boots/repetition-03/lower/python310/lib/python3.10/site-packages/pip-23.0.1.dist-info
d	755	1000	1000	4096	64	35973481	1785345612.4158324750	results/experiments/toolchain-environment/20260729T171551Z-toolchain-formal01/boots/repetition-03/lower/python310/lib/python3.10/site-packages/pip/__pycache__
d	755	1000	1000	4096	64	35973489	1785345616.9499160930	results/experiments/toolchain-environment/20260729T171551Z-toolchain-formal01/boots/repetition-03/lower/python310/lib/python3.10/site-packages/pip/_internal/__pycache__
d	755	1000	1000	4096	64	35973497	1785345612.8328401650	results/experiments/toolchain-environment/20260729T171551Z-toolchain-formal01/boots/repetition-03/lower/python310/lib/python3.10/site-packages/pip/_internal/cli/__pycache__
d	755	1000	1000	4096	64	35973523	1785345613.3368494600	results/experiments/toolchain-environment/20260729T171551Z-toolchain-formal01/boots/repetition-03/lower/python310/lib/python3.10/site-packages/pip/_internal/commands/__pycache__
d	755	1000	1000	4096	64	35973563	1785345613.4978524290	results/experiments/toolchain-environment/20260729T171551Z-toolchain-formal01/boots/repetition-03/lower/python310/lib/python3.10/site-packages/pip/_internal/distributions/__pycache__
d	755	1000	1000	4096	64	35973577	1785345613.6528552870	results/experiments/toolchain-environment/20260729T171551Z-toolchain-formal01/boots/repetition-03/lower/python310/lib/python3.10/site-packages/pip/_internal/index/__pycache__
d	755	1000	1000	4096	64	35973587	1785345613.7788576110	results/experiments/toolchain-environment/20260729T171551Z-toolchain-formal01/boots/repetition-03/lower/python310/lib/python3.10/site-packages/pip/_internal/locations/__pycache__
d	755	1000	1000	4096	64	35973599	1785345614.0638628670	results/experiments/toolchain-environment/20260729T171551Z-toolchain-formal01/boots/repetition-03/lower/python310/lib/python3.10/site-packages/pip/_internal/metadata/__pycache__
d	755	1000	1000	4096	64	35973607	1785345614.0348623320	results/experiments/toolchain-environment/20260729T171551Z-toolchain-formal01/boots/repetition-03/lower/python310/lib/python3.10/site-packages/pip/_internal/metadata/importlib/__pycache__
d	755	1000	1000	4096	64	35973619	1785345614.4318696540	results/experiments/toolchain-environment/20260729T171551Z-toolchain-formal01/boots/repetition-03/lower/python310/lib/python3.10/site-packages/pip/_internal/models/__pycache__
d	755	1000	1000	4096	64	35973645	1785345614.6918744490	results/experiments/toolchain-environment/20260729T171551Z-toolchain-formal01/boots/repetition-03/lower/python310/lib/python3.10/site-packages/pip/_internal/network/__pycache__
d	755	1000	1000	4096	64	35973663	1785345615.2308843890	results/experiments/toolchain-environment/20260729T171551Z-toolchain-formal01/boots/repetition-03/lower/python310/lib/python3.10/site-packages/pip/_internal/operations/__pycache__
d	755	1000	1000	4096	64	35973667	1785345614.9908799630	results/experiments/toolchain-environment/20260729T171551Z-toolchain-formal01/boots/repetition-03/lower/python310/lib/python3.10/site-packages/pip/_internal/operations/build/__pycache__
d	755	1000	1000	4096	64	35973689	1785345615.1978837810	results/experiments/toolchain-environment/20260729T171551Z-toolchain-formal01/boots/repetition-03/lower/python310/lib/python3.10/site-packages/pip/_internal/operations/install/__pycache__
d	755	1000	1000	4096	64	35973703	1785345615.4498884280	results/experiments/toolchain-environment/20260729T171551Z-toolchain-formal01/boots/repetition-03/lower/python310/lib/python3.10/site-packages/pip/_internal/req/__pycache__
d	755	1000	1000	4096	64	35973717	1785345615.5118895720	results/experiments/toolchain-environment/20260729T171551Z-toolchain-formal01/boots/repetition-03/lower/python310/lib/python3.10/site-packages/pip/_internal/resolution/__pycache__
d	755	1000	1000	4096	64	35973723	1785345615.5818908630	results/experiments/toolchain-environment/20260729T171551Z-toolchain-formal01/boots/repetition-03/lower/python310/lib/python3.10/site-packages/pip/_internal/resolution/legacy/__pycache__
d	755	1000	1000	4096	64	35973729	1785345615.9008967460	results/experiments/toolchain-environment/20260729T171551Z-toolchain-formal01/boots/repetition-03/lower/python310/lib/python3.10/site-packages/pip/_internal/resolution/resolvelib/__pycache__
d	755	1000	1000	4096	64	35973751	1785345616.7459123310	results/experiments/toolchain-environment/20260729T171551Z-toolchain-formal01/boots/repetition-03/lower/python310/lib/python3.10/site-packages/pip/_internal/utils/__pycache__
d	755	1000	1000	4096	64	35973829	1785345616.9239156140	results/experiments/toolchain-environment/20260729T171551Z-toolchain-formal01/boots/repetition-03/lower/python310/lib/python3.10/site-packages/pip/_internal/vcs/__pycache__
d	755	1000	1000	4096	64	35973845	1785345626.8800992660	results/experiments/toolchain-environment/20260729T171551Z-toolchain-formal01/boots/repetition-03/lower/python310/lib/python3.10/site-packages/pip/_vendor/__pycache__
d	755	1000	1000	4096	64	35973849	1785345617.3969243380	results/experiments/toolchain-environment/20260729T171551Z-toolchain-formal01/boots/repetition-03/lower/python310/lib/python3.10/site-packages/pip/_vendor/cachecontrol/__pycache__
d	755	1000	1000	4096	64	35973859	1785345617.1959206300	results/experiments/toolchain-environment/20260729T171551Z-toolchain-formal01/boots/repetition-03/lower/python310/lib/python3.10/site-packages/pip/_vendor/cachecontrol/caches/__pycache__
d	755	1000	1000	4096	64	35973879	1785345617.4969261820	results/experiments/toolchain-environment/20260729T171551Z-toolchain-formal01/boots/repetition-03/lower/python310/lib/python3.10/site-packages/pip/_vendor/certifi/__pycache__
d	755	1000	1000	4096	64	35973887	1785345619.0779553430	results/experiments/toolchain-environment/20260729T171551Z-toolchain-formal01/boots/repetition-03/lower/python310/lib/python3.10/site-packages/pip/_vendor/chardet/__pycache__
d	755	1000	1000	4096	64	35973901	1785345617.7339305530	results/experiments/toolchain-environment/20260729T171551Z-toolchain-formal01/boots/repetition-03/lower/python310/lib/python3.10/site-packages/pip/_vendor/chardet/cli/__pycache__
d	755	1000	1000	4096	64	35973967	1785345618.8079503630	results/experiments/toolchain-environment/20260729T171551Z-toolchain-formal01/boots/repetition-03/lower/python310/lib/python3.10/site-packages/pip/_vendor/chardet/metadata/__pycache__
d	755	1000	1000	4096	64	35973989	1785345619.5189634770	results/experiments/toolchain-environment/20260729T171551Z-toolchain-formal01/boots/repetition-03/lower/python310/lib/python3.10/site-packages/pip/_vendor/colorama/__pycache__
d	755	1000	1000	4096	64	35973999	1785345619.4549622970	results/experiments/toolchain-environment/20260729T171551Z-toolchain-formal01/boots/repetition-03/lower/python310/lib/python3.10/site-packages/pip/_vendor/colorama/tests/__pycache__
d	755	1000	1000	4096	64	35974019	1785345620.0039724230	results/experiments/toolchain-environment/20260729T171551Z-toolchain-formal01/boots/repetition-03/lower/python310/lib/python3.10/site-packages/pip/_vendor/distlib/__pycache__
d	755	1000	1000	4096	64	35974047	1785345620.0999741940	results/experiments/toolchain-environment/20260729T171551Z-toolchain-formal01/boots/repetition-03/lower/python310/lib/python3.10/site-packages/pip/_vendor/distro/__pycache__
d	755	1000	1000	4096	64	35974055	1785345620.4059798380	results/experiments/toolchain-environment/20260729T171551Z-toolchain-formal01/boots/repetition-03/lower/python310/lib/python3.10/site-packages/pip/_vendor/idna/__pycache__
d	755	1000	1000	4096	64	35974073	1785345620.5259820520	results/experiments/toolchain-environment/20260729T171551Z-toolchain-formal01/boots/repetition-03/lower/python310/lib/python3.10/site-packages/pip/_vendor/msgpack/__pycache__
d	755	1000	1000	4096	64	35974083	1785345620.8579881760	results/experiments/toolchain-environment/20260729T171551Z-toolchain-formal01/boots/repetition-03/lower/python310/lib/python3.10/site-packages/pip/_vendor/packaging/__pycache__
d	755	1000	1000	4096	64	35974107	1785345620.9259894300	results/experiments/toolchain-environment/20260729T171551Z-toolchain-formal01/boots/repetition-03/lower/python310/lib/python3.10/site-packages/pip/_vendor/pkg_resources/__pycache__
d	755	1000	1000	4096	64	35974113	1785345621.1659938570	results/experiments/toolchain-environment/20260729T171551Z-toolchain-formal01/boots/repetition-03/lower/python310/lib/python3.10/site-packages/pip/_vendor/platformdirs/__pycache__
d	755	1000	1000	4096	64	35974131	1785345622.4590177080	results/experiments/toolchain-environment/20260729T171551Z-toolchain-formal01/boots/repetition-03/lower/python310/lib/python3.10/site-packages/pip/_vendor/pygments/__pycache__
d	755	1000	1000	4096	64	35974143	1785345621.3759977310	results/experiments/toolchain-environment/20260729T171551Z-toolchain-formal01/boots/repetition-03/lower/python310/lib/python3.10/site-packages/pip/_vendor/pygments/filters/__pycache__
d	755	1000	1000	4096	64	35974149	1785345621.9820089090	results/experiments/toolchain-environment/20260729T171551Z-toolchain-formal01/boots/repetition-03/lower/python310/lib/python3.10/site-packages/pip/_vendor/pygments/formatters/__pycache__
d	755	1000	1000	4096	64	35974181	1785345622.1520120450	results/experiments/toolchain-environment/20260729T171551Z-toolchain-formal01/boots/repetition-03/lower/python310/lib/python3.10/site-packages/pip/_vendor/pygments/lexers/__pycache__
d	755	1000	1000	4096	64	35974213	1785345622.3680160300	results/experiments/toolchain-environment/20260729T171551Z-toolchain-formal01/boots/repetition-03/lower/python310/lib/python3.10/site-packages/pip/_vendor/pygments/styles/__pycache__
d	755	1000	1000	4096	64	35974223	1785345622.8390247180	results/experiments/toolchain-environment/20260729T171551Z-toolchain-formal01/boots/repetition-03/lower/python310/lib/python3.10/site-packages/pip/_vendor/pyparsing/__pycache__
d	755	1000	1000	4096	64	35974233	1785345622.6290208450	results/experiments/toolchain-environment/20260729T171551Z-toolchain-formal01/boots/repetition-03/lower/python310/lib/python3.10/site-packages/pip/_vendor/pyparsing/diagram/__pycache__
d	755	1000	1000	4096	64	35974249	1785345622.9360265080	results/experiments/toolchain-environment/20260729T171551Z-toolchain-formal01/boots/repetition-03/lower/python310/lib/python3.10/site-packages/pip/_vendor/pyproject_hooks/__pycache__
d	755	1000	1000	4096	64	35974257	1785345623.0150279650	results/experiments/toolchain-environment/20260729T171551Z-toolchain-formal01/boots/repetition-03/lower/python310/lib/python3.10/site-packages/pip/_vendor/pyproject_hooks/_in_process/__pycache__
d	755	1000	1000	4096	64	35974263	1785345623.6000387560	results/experiments/toolchain-environment/20260729T171551Z-toolchain-formal01/boots/repetition-03/lower/python310/lib/python3.10/site-packages/pip/_vendor/requests/__pycache__
d	755	1000	1000	4096	64	35974301	1785345623.8100426300	results/experiments/toolchain-environment/20260729T171551Z-toolchain-formal01/boots/repetition-03/lower/python310/lib/python3.10/site-packages/pip/_vendor/resolvelib/__pycache__
d	755	1000	1000	4096	64	35974305	1785345623.6950405090	results/experiments/toolchain-environment/20260729T171551Z-toolchain-formal01/boots/repetition-03/lower/python310/lib/python3.10/site-packages/pip/_vendor/resolvelib/compat/__pycache__
d	755	1000	1000	4096	64	35974319	1785345626.3930902820	results/experiments/toolchain-environment/20260729T171551Z-toolchain-formal01/boots/repetition-03/lower/python310/lib/python3.10/site-packages/pip/_vendor/rich/__pycache__
d	755	1000	1000	4096	64	35974479	1785345626.7320965360	results/experiments/toolchain-environment/20260729T171551Z-toolchain-formal01/boots/repetition-03/lower/python310/lib/python3.10/site-packages/pip/_vendor/tenacity/__pycache__
d	755	1000	1000	4096	64	35974503	1785345626.8460986390	results/experiments/toolchain-environment/20260729T171551Z-toolchain-formal01/boots/repetition-03/lower/python310/lib/python3.10/site-packages/pip/_vendor/tomli/__pycache__
d	755	1000	1000	4096	64	35974515	1785345627.6761139520	results/experiments/toolchain-environment/20260729T171551Z-toolchain-formal01/boots/repetition-03/lower/python310/lib/python3.10/site-packages/pip/_vendor/urllib3/__pycache__
d	755	1000	1000	4096	64	35974527	1785345627.3631081770	results/experiments/toolchain-environment/20260729T171551Z-toolchain-formal01/boots/repetition-03/lower/python310/lib/python3.10/site-packages/pip/_vendor/urllib3/contrib/__pycache__
d	755	1000	1000	4096	64	35974533	1785345627.1961050960	results/experiments/toolchain-environment/20260729T171551Z-toolchain-formal01/boots/repetition-03/lower/python310/lib/python3.10/site-packages/pip/_vendor/urllib3/contrib/_securetransport/__pycache__
d	755	1000	1000	4096	64	35974557	1785345627.5871123100	results/experiments/toolchain-environment/20260729T171551Z-toolchain-formal01/boots/repetition-03/lower/python310/lib/python3.10/site-packages/pip/_vendor/urllib3/packages/__pycache__
d	755	1000	1000	4096	64	35974561	1785345627.5511116460	results/experiments/toolchain-environment/20260729T171551Z-toolchain-formal01/boots/repetition-03/lower/python310/lib/python3.10/site-packages/pip/_vendor/urllib3/packages/backports/__pycache__
d	755	1000	1000	4096	64	35974575	1785345628.0931216460	results/experiments/toolchain-environment/20260729T171551Z-toolchain-formal01/boots/repetition-03/lower/python310/lib/python3.10/site-packages/pip/_vendor/urllib3/util/__pycache__
d	755	1000	1000	4096	64	35974613	1785345628.2421243950	results/experiments/toolchain-environment/20260729T171551Z-toolchain-formal01/boots/repetition-03/lower/python310/lib/python3.10/site-packages/pip/_vendor/webencodings/__pycache__
d	755	1000	1000	4096	64	35974659	1785345628.7403730800	results/experiments/toolchain-environment/20260729T171551Z-toolchain-formal01/boots/repetition-03/lower/python312
d	755	1000	1000	4096	64	35974661	1785345628.7281333610	results/experiments/toolchain-environment/20260729T171551Z-toolchain-formal01/boots/repetition-03/lower/python312/include
d	755	1000	1000	4096	64	35974663	1785345628.7281333610	results/experiments/toolchain-environment/20260729T171551Z-toolchain-formal01/boots/repetition-03/lower/python312/include/python3.12
d	755	1000	1000	4096	64	35974665	1785345628.7331334540	results/experiments/toolchain-environment/20260729T171551Z-toolchain-formal01/boots/repetition-03/lower/python312/lib
d	755	1000	1000	4096	64	35974667	1785345628.7351334910	results/experiments/toolchain-environment/20260729T171551Z-toolchain-formal01/boots/repetition-03/lower/python312/lib/python3.12
d	755	1000	1000	4096	64	35974669	1785345632.5202033280	results/experiments/toolchain-environment/20260729T171551Z-toolchain-formal01/boots/repetition-03/lower/python312/lib/python3.12/site-packages
d	755	1000	1000	4096	64	35974673	1785345653.7295947930	results/experiments/toolchain-environment/20260729T171551Z-toolchain-formal01/boots/repetition-03/lower/python312/bin
d	755	1000	1000	4096	64	35974693	1785345653.5785920050	results/experiments/toolchain-environment/20260729T171551Z-toolchain-formal01/boots/repetition-03/lower/python312/lib/python3.12/site-packages/pip-24.0.dist-info
d	755	1000	1000	4096	64	35974709	1785345637.3132917740	results/experiments/toolchain-environment/20260729T171551Z-toolchain-formal01/boots/repetition-03/lower/python312/lib/python3.12/site-packages/pip
d	755	1000	1000	4096	64	35974717	1785345637.3872931400	results/experiments/toolchain-environment/20260729T171551Z-toolchain-formal01/boots/repetition-03/lower/python312/lib/python3.12/site-packages/pip/_internal
d	755	1000	1000	4096	64	35974725	1785345637.4682946350	results/experiments/toolchain-environment/20260729T171551Z-toolchain-formal01/boots/repetition-03/lower/python312/lib/python3.12/site-packages/pip/_internal/cli
d	755	1000	1000	4096	64	35974751	1785345637.8493016660	results/experiments/toolchain-environment/20260729T171551Z-toolchain-formal01/boots/repetition-03/lower/python312/lib/python3.12/site-packages/pip/_internal/commands
d	755	1000	1000	4096	64	35974791	1785345638.4683130900	results/experiments/toolchain-environment/20260729T171551Z-toolchain-formal01/boots/repetition-03/lower/python312/lib/python3.12/site-packages/pip/_internal/distributions
d	755	1000	1000	4096	64	35974805	1785345638.6743168910	results/experiments/toolchain-environment/20260729T171551Z-toolchain-formal01/boots/repetition-03/lower/python312/lib/python3.12/site-packages/pip/_internal/index
d	755	1000	1000	4096	64	35974815	1785345638.8253196780	results/experiments/toolchain-environment/20260729T171551Z-toolchain-formal01/boots/repetition-03/lower/python312/lib/python3.12/site-packages/pip/_internal/locations
d	755	1000	1000	4096	64	35974827	1785345638.9993228900	results/experiments/toolchain-environment/20260729T171551Z-toolchain-formal01/boots/repetition-03/lower/python312/lib/python3.12/site-packages/pip/_internal/metadata
d	755	1000	1000	4096	64	35974835	1785345639.1043248270	results/experiments/toolchain-environment/20260729T171551Z-toolchain-formal01/boots/repetition-03/lower/python312/lib/python3.12/site-packages/pip/_internal/metadata/importlib
d	755	1000	1000	4096	64	35974847	1785345639.2963283710	results/experiments/toolchain-environment/20260729T171551Z-toolchain-formal01/boots/repetition-03/lower/python312/lib/python3.12/site-packages/pip/_internal/models
d	755	1000	1000	4096	64	35974873	1785345639.7473366940	results/experiments/toolchain-environment/20260729T171551Z-toolchain-formal01/boots/repetition-03/lower/python312/lib/python3.12/site-packages/pip/_internal/network
d	755	1000	1000	4096	64	35974891	1785345640.0023414000	results/experiments/toolchain-environment/20260729T171551Z-toolchain-formal01/boots/repetition-03/lower/python312/lib/python3.12/site-packages/pip/_internal/operations
d	755	1000	1000	4096	64	35974895	1785345640.0363420280	results/experiments/toolchain-environment/20260729T171551Z-toolchain-formal01/boots/repetition-03/lower/python312/lib/python3.12/site-packages/pip/_internal/operations/build
d	755	1000	1000	4096	64	35974917	1785345640.3703481920	results/experiments/toolchain-environment/20260729T171551Z-toolchain-formal01/boots/repetition-03/lower/python312/lib/python3.12/site-packages/pip/_internal/operations/install
d	755	1000	1000	4096	64	35974929	1785345640.5373512740	results/experiments/toolchain-environment/20260729T171551Z-toolchain-formal01/boots/repetition-03/lower/python312/lib/python3.12/site-packages/pip/_internal/req
d	755	1000	1000	4096	64	35974943	1785345640.7413550390	results/experiments/toolchain-environment/20260729T171551Z-toolchain-formal01/boots/repetition-03/lower/python312/lib/python3.12/site-packages/pip/_internal/resolution
d	755	1000	1000	4096	64	35974949	1785345640.8023561660	results/experiments/toolchain-environment/20260729T171551Z-toolchain-formal01/boots/repetition-03/lower/python312/lib/python3.12/site-packages/pip/_internal/resolution/legacy
d	755	1000	1000	4096	64	35974955	1785345640.8763575310	results/experiments/toolchain-environment/20260729T171551Z-toolchain-formal01/boots/repetition-03/lower/python312/lib/python3.12/site-packages/pip/_internal/resolution/resolvelib
d	755	1000	1000	4096	64	35974977	1785345641.2063636220	results/experiments/toolchain-environment/20260729T171551Z-toolchain-formal01/boots/repetition-03/lower/python312/lib/python3.12/site-packages/pip/_internal/utils
d	755	1000	1000	4096	64	35975033	1785345642.0113784790	results/experiments/toolchain-environment/20260729T171551Z-toolchain-formal01/boots/repetition-03/lower/python312/lib/python3.12/site-packages/pip/_internal/vcs
d	755	1000	1000	4096	64	35975049	1785345642.2273824660	results/experiments/toolchain-environment/20260729T171551Z-toolchain-formal01/boots/repetition-03/lower/python312/lib/python3.12/site-packages/pip/_vendor
d	755	1000	1000	4096	64	35975053	1785345642.2563830010	results/experiments/toolchain-environment/20260729T171551Z-toolchain-formal01/boots/repetition-03/lower/python312/lib/python3.12/site-packages/pip/_vendor/cachecontrol
d	755	1000	1000	4096	64	35975063	1785345642.3883854380	results/experiments/toolchain-environment/20260729T171551Z-toolchain-formal01/boots/repetition-03/lower/python312/lib/python3.12/site-packages/pip/_vendor/cachecontrol/caches
d	755	1000	1000	4096	64	35975081	1785345642.6563903840	results/experiments/toolchain-environment/20260729T171551Z-toolchain-formal01/boots/repetition-03/lower/python312/lib/python3.12/site-packages/pip/_vendor/certifi
d	755	1000	1000	4096	64	35975091	1785345642.7423919710	results/experiments/toolchain-environment/20260729T171551Z-toolchain-formal01/boots/repetition-03/lower/python312/lib/python3.12/site-packages/pip/_vendor/chardet
d	755	1000	1000	4096	64	35975105	1785345642.9303954420	results/experiments/toolchain-environment/20260729T171551Z-toolchain-formal01/boots/repetition-03/lower/python312/lib/python3.12/site-packages/pip/_vendor/chardet/cli
d	755	1000	1000	4096	64	35975171	1785345643.9764147480	results/experiments/toolchain-environment/20260729T171551Z-toolchain-formal01/boots/repetition-03/lower/python312/lib/python3.12/site-packages/pip/_vendor/chardet/metadata
d	755	1000	1000	4096	64	35975193	1785345644.2684201380	results/experiments/toolchain-environment/20260729T171551Z-toolchain-formal01/boots/repetition-03/lower/python312/lib/python3.12/site-packages/pip/_vendor/colorama
d	755	1000	1000	4096	64	35975203	1785345644.3894223720	results/experiments/toolchain-environment/20260729T171551Z-toolchain-formal01/boots/repetition-03/lower/python312/lib/python3.12/site-packages/pip/_vendor/colorama/tests
d	755	1000	1000	4096	64	35975223	1785345644.6924279640	results/experiments/toolchain-environment/20260729T171551Z-toolchain-formal01/boots/repetition-03/lower/python312/lib/python3.12/site-packages/pip/_vendor/distlib
d	755	1000	1000	4096	64	35975251	1785345645.1084356430	results/experiments/toolchain-environment/20260729T171551Z-toolchain-formal01/boots/repetition-03/lower/python312/lib/python3.12/site-packages/pip/_vendor/distro
d	755	1000	1000	4096	64	35975259	1785345645.1954372490	results/experiments/toolchain-environment/20260729T171551Z-toolchain-formal01/boots/repetition-03/lower/python312/lib/python3.12/site-packages/pip/_vendor/idna
d	755	1000	1000	4096	64	35975277	1785345645.4924427310	results/experiments/toolchain-environment/20260729T171551Z-toolchain-formal01/boots/repetition-03/lower/python312/lib/python3.12/site-packages/pip/_vendor/msgpack
d	755	1000	1000	4096	64	35975287	1785345645.6204450940	results/experiments/toolchain-environment/20260729T171551Z-toolchain-formal01/boots/repetition-03/lower/python312/lib/python3.12/site-packages/pip/_vendor/packaging
d	755	1000	1000	4096	64	35975311	1785345646.0074522370	results/experiments/toolchain-environment/20260729T171551Z-toolchain-formal01/boots/repetition-03/lower/python312/lib/python3.12/site-packages/pip/_vendor/pkg_resources
d	755	1000	1000	4096	64	35975315	1785345646.0464529570	results/experiments/toolchain-environment/20260729T171551Z-toolchain-formal01/boots/repetition-03/lower/python312/lib/python3.12/site-packages/pip/_vendor/platformdirs
d	755	1000	1000	4096	64	35975333	1785345646.3344582730	results/experiments/toolchain-environment/20260729T171551Z-toolchain-formal01/boots/repetition-03/lower/python312/lib/python3.12/site-packages/pip/_vendor/pygments
d	755	1000	1000	4096	64	35975345	1785345646.5284618550	results/experiments/toolchain-environment/20260729T171551Z-toolchain-formal01/boots/repetition-03/lower/python312/lib/python3.12/site-packages/pip/_vendor/pygments/filters
d	755	1000	1000	4096	64	35975351	1785345646.6164634790	results/experiments/toolchain-environment/20260729T171551Z-toolchain-formal01/boots/repetition-03/lower/python312/lib/python3.12/site-packages/pip/_vendor/pygments/formatters
d	755	1000	1000	4096	64	35975383	1785345647.2304748130	results/experiments/toolchain-environment/20260729T171551Z-toolchain-formal01/boots/repetition-03/lower/python312/lib/python3.12/site-packages/pip/_vendor/pygments/lexers
d	755	1000	1000	4096	64	35975403	1785345647.5844813480	results/experiments/toolchain-environment/20260729T171551Z-toolchain-formal01/boots/repetition-03/lower/python312/lib/python3.12/site-packages/pip/_vendor/pygments/styles
d	755	1000	1000	4096	64	35975413	1785345647.7174838030	results/experiments/toolchain-environment/20260729T171551Z-toolchain-formal01/boots/repetition-03/lower/python312/lib/python3.12/site-packages/pip/_vendor/pyparsing
d	755	1000	1000	4096	64	35975423	1785345647.8874869410	results/experiments/toolchain-environment/20260729T171551Z-toolchain-formal01/boots/repetition-03/lower/python312/lib/python3.12/site-packages/pip/_vendor/pyparsing/diagram
d	755	1000	1000	4096	64	35975439	1785345648.1204912420	results/experiments/toolchain-environment/20260729T171551Z-toolchain-formal01/boots/repetition-03/lower/python312/lib/python3.12/site-packages/pip/_vendor/pyproject_hooks
d	755	1000	1000	4096	64	35975447	1785345648.2374934020	results/experiments/toolchain-environment/20260729T171551Z-toolchain-formal01/boots/repetition-03/lower/python312/lib/python3.12/site-packages/pip/_vendor/pyproject_hooks/_in_process
d	755	1000	1000	4096	64	35975453	1785345648.3054946580	results/experiments/toolchain-environment/20260729T171551Z-toolchain-formal01/boots/repetition-03/lower/python312/lib/python3.12/site-packages/pip/_vendor/requests
d	755	1000	1000	4096	64	35975491	1785345648.8445046080	results/experiments/toolchain-environment/20260729T171551Z-toolchain-formal01/boots/repetition-03/lower/python312/lib/python3.12/site-packages/pip/_vendor/resolvelib
d	755	1000	1000	4096	64	35975495	1785345648.8725051250	results/experiments/toolchain-environment/20260729T171551Z-toolchain-formal01/boots/repetition-03/lower/python312/lib/python3.12/site-packages/pip/_vendor/resolvelib/compat
d	755	1000	1000	4096	64	35975509	1785345649.0515084290	results/experiments/toolchain-environment/20260729T171551Z-toolchain-formal01/boots/repetition-03/lower/python312/lib/python3.12/site-packages/pip/_vendor/rich
d	755	1000	1000	4096	64	35975671	1785345651.3625510930	results/experiments/toolchain-environment/20260729T171551Z-toolchain-formal01/boots/repetition-03/lower/python312/lib/python3.12/site-packages/pip/_vendor/tenacity
d	755	1000	1000	4096	64	35975695	1785345651.6755568710	results/experiments/toolchain-environment/20260729T171551Z-toolchain-formal01/boots/repetition-03/lower/python312/lib/python3.12/site-packages/pip/_vendor/tomli
d	755	1000	1000	4096	64	35975705	1785345651.7945590680	results/experiments/toolchain-environment/20260729T171551Z-toolchain-formal01/boots/repetition-03/lower/python312/lib/python3.12/site-packages/pip/_vendor/truststore
d	755	1000	1000	4096	64	35975721	1785345652.0075630010	results/experiments/toolchain-environment/20260729T171551Z-toolchain-formal01/boots/repetition-03/lower/python312/lib/python3.12/site-packages/pip/_vendor/urllib3
d	755	1000	1000	4096	64	35975733	1785345652.1585657880	results/experiments/toolchain-environment/20260729T171551Z-toolchain-formal01/boots/repetition-03/lower/python312/lib/python3.12/site-packages/pip/_vendor/urllib3/contrib
d	755	1000	1000	4096	64	35975739	1785345652.2225669700	results/experiments/toolchain-environment/20260729T171551Z-toolchain-formal01/boots/repetition-03/lower/python312/lib/python3.12/site-packages/pip/_vendor/urllib3/contrib/_securetransport
d	755	1000	1000	4096	64	35975763	1785345652.5985739120	results/experiments/toolchain-environment/20260729T171551Z-toolchain-formal01/boots/repetition-03/lower/python312/lib/python3.12/site-packages/pip/_vendor/urllib3/packages
d	755	1000	1000	4096	64	35975767	1785345652.6325745400	results/experiments/toolchain-environment/20260729T171551Z-toolchain-formal01/boots/repetition-03/lower/python312/lib/python3.12/site-packages/pip/_vendor/urllib3/packages/backports
d	755	1000	1000	4096	64	35975783	1785345652.8745790070	results/experiments/toolchain-environment/20260729T171551Z-toolchain-formal01/boots/repetition-03/lower/python312/lib/python3.12/site-packages/pip/_vendor/urllib3/util
d	755	1000	1000	4096	64	35975813	1785345653.3725882020	results/experiments/toolchain-environment/20260729T171551Z-toolchain-formal01/boots/repetition-03/lower/python312/lib/python3.12/site-packages/pip/_vendor/webencodings
d	755	1000	1000	4096	64	35975827	1785345637.3712928450	results/experiments/toolchain-environment/20260729T171551Z-toolchain-formal01/boots/repetition-03/lower/python312/lib/python3.12/site-packages/pip/__pycache__
d	755	1000	1000	4096	64	35975835	1785345642.2103821520	results/experiments/toolchain-environment/20260729T171551Z-toolchain-formal01/boots/repetition-03/lower/python312/lib/python3.12/site-packages/pip/_internal/__pycache__
d	755	1000	1000	4096	64	35975843	1785345637.8293012960	results/experiments/toolchain-environment/20260729T171551Z-toolchain-formal01/boots/repetition-03/lower/python312/lib/python3.12/site-packages/pip/_internal/cli/__pycache__
d	755	1000	1000	4096	64	35975869	1785345638.4183121670	results/experiments/toolchain-environment/20260729T171551Z-toolchain-formal01/boots/repetition-03/lower/python312/lib/python3.12/site-packages/pip/_internal/commands/__pycache__
d	755	1000	1000	4096	64	35975909	1785345638.6213159130	results/experiments/toolchain-environment/20260729T171551Z-toolchain-formal01/boots/repetition-03/lower/python312/lib/python3.12/site-packages/pip/_internal/distributions/__pycache__
d	755	1000	1000	4096	64	35975923	1785345638.8023192530	results/experiments/toolchain-environment/20260729T171551Z-toolchain-formal01/boots/repetition-03/lower/python312/lib/python3.12/site-packages/pip/_internal/index/__pycache__
d	755	1000	1000	4096	64	35975933	1785345638.9463219110	results/experiments/toolchain-environment/20260729T171551Z-toolchain-formal01/boots/repetition-03/lower/python312/lib/python3.12/site-packages/pip/_internal/locations/__pycache__
d	755	1000	1000	4096	64	35975945	1785345639.2753279830	results/experiments/toolchain-environment/20260729T171551Z-toolchain-formal01/boots/repetition-03/lower/python312/lib/python3.12/site-packages/pip/_internal/metadata/__pycache__
d	755	1000	1000	4096	64	35975953	1785345639.2393273190	results/experiments/toolchain-environment/20260729T171551Z-toolchain-formal01/boots/repetition-03/lower/python312/lib/python3.12/site-packages/pip/_internal/metadata/importlib/__pycache__
d	755	1000	1000	4096	64	35975965	1785345639.7233362510	results/experiments/toolchain-environment/20260729T171551Z-toolchain-formal01/boots/repetition-03/lower/python312/lib/python3.12/site-packages/pip/_internal/models/__pycache__
d	755	1000	1000	4096	64	35975991	1785345639.9833410500	results/experiments/toolchain-environment/20260729T171551Z-toolchain-formal01/boots/repetition-03/lower/python312/lib/python3.12/site-packages/pip/_internal/network/__pycache__
d	755	1000	1000	4096	64	35976009	1785345640.4923504440	results/experiments/toolchain-environment/20260729T171551Z-toolchain-formal01/boots/repetition-03/lower/python312/lib/python3.12/site-packages/pip/_internal/operations/__pycache__
d	755	1000	1000	4096	64	35976013	1785345640.2863466420	results/experiments/toolchain-environment/20260729T171551Z-toolchain-formal01/boots/repetition-03/lower/python312/lib/python3.12/site-packages/pip/_internal/operations/build/__pycache__
d	755	1000	1000	4096	64	35976035	1785345640.4563497790	results/experiments/toolchain-environment/20260729T171551Z-toolchain-formal01/boots/repetition-03/lower/python312/lib/python3.12/site-packages/pip/_internal/operations/install/__pycache__
d	755	1000	1000	4096	64	35976047	1785345640.7163545780	results/experiments/toolchain-environment/20260729T171551Z-toolchain-formal01/boots/repetition-03/lower/python312/lib/python3.12/site-packages/pip/_internal/req/__pycache__
d	755	1000	1000	4096	64	35976071	1785345640.7833558150	results/experiments/toolchain-environment/20260729T171551Z-toolchain-formal01/boots/repetition-03/lower/python312/lib/python3.12/site-packages/pip/_internal/resolution/__pycache__
d	755	1000	1000	4096	64	35976077	1785345640.8543571250	results/experiments/toolchain-environment/20260729T171551Z-toolchain-formal01/boots/repetition-03/lower/python312/lib/python3.12/site-packages/pip/_internal/resolution/legacy/__pycache__
d	755	1000	1000	4096	64	35976083	1785345641.1633628280	results/experiments/toolchain-environment/20260729T171551Z-toolchain-formal01/boots/repetition-03/lower/python312/lib/python3.12/site-packages/pip/_internal/resolution/resolvelib/__pycache__
d	755	1000	1000	4096	64	35976105	1785345641.9943781660	results/experiments/toolchain-environment/20260729T171551Z-toolchain-formal01/boots/repetition-03/lower/python312/lib/python3.12/site-packages/pip/_internal/utils/__pycache__
d	755	1000	1000	4096	64	35976161	1785345642.1843816720	results/experiments/toolchain-environment/20260729T171551Z-toolchain-formal01/boots/repetition-03/lower/python312/lib/python3.12/site-packages/pip/_internal/vcs/__pycache__
d	755	1000	1000	4096	64	35976177	1785345651.9905626870	results/experiments/toolchain-environment/20260729T171551Z-toolchain-formal01/boots/repetition-03/lower/python312/lib/python3.12/site-packages/pip/_vendor/__pycache__
d	755	1000	1000	4096	64	35976181	1785345642.6383900520	results/experiments/toolchain-environment/20260729T171551Z-toolchain-formal01/boots/repetition-03/lower/python312/lib/python3.12/site-packages/pip/_vendor/cachecontrol/__pycache__
d	755	1000	1000	4096	64	35976191	1785345642.4793871170	results/experiments/toolchain-environment/20260729T171551Z-toolchain-formal01/boots/repetition-03/lower/python312/lib/python3.12/site-packages/pip/_vendor/cachecontrol/caches/__pycache__
d	755	1000	1000	4096	64	35976217	1785345642.7253916580	results/experiments/toolchain-environment/20260729T171551Z-toolchain-formal01/boots/repetition-03/lower/python312/lib/python3.12/site-packages/pip/_vendor/certifi/__pycache__
d	755	1000	1000	4096	64	35976225	1785345644.2524198430	results/experiments/toolchain-environment/20260729T171551Z-toolchain-formal01/boots/repetition-03/lower/python312/lib/python3.12/site-packages/pip/_vendor/chardet/__pycache__
d	755	1000	1000	4096	64	35976249	1785345642.9733962350	results/experiments/toolchain-environment/20260729T171551Z-toolchain-formal01/boots/repetition-03/lower/python312/lib/python3.12/site-packages/pip/_vendor/chardet/cli/__pycache__
d	755	1000	1000	4096	64	35976327	1785345644.0184155230	results/experiments/toolchain-environment/20260729T171551Z-toolchain-formal01/boots/repetition-03/lower/python312/lib/python3.12/site-packages/pip/_vendor/chardet/metadata/__pycache__
d	755	1000	1000	4096	64	35976349	1785345644.6754276510	results/experiments/toolchain-environment/20260729T171551Z-toolchain-formal01/boots/repetition-03/lower/python312/lib/python3.12/site-packages/pip/_vendor/colorama/__pycache__
d	755	1000	1000	4096	64	35976359	1785345644.6164265610	results/experiments/toolchain-environment/20260729T171551Z-toolchain-formal01/boots/repetition-03/lower/python312/lib/python3.12/site-packages/pip/_vendor/colorama/tests/__pycache__
d	755	1000	1000	4096	64	35976379	1785345645.0914353290	results/experiments/toolchain-environment/20260729T171551Z-toolchain-formal01/boots/repetition-03/lower/python312/lib/python3.12/site-packages/pip/_vendor/distlib/__pycache__
d	755	1000	1000	4096	64	35976407	1785345645.1784369350	results/experiments/toolchain-environment/20260729T171551Z-toolchain-formal01/boots/repetition-03/lower/python312/lib/python3.12/site-packages/pip/_vendor/distro/__pycache__
d	755	1000	1000	4096	64	35976415	1785345645.4694423070	results/experiments/toolchain-environment/20260729T171551Z-toolchain-formal01/boots/repetition-03/lower/python312/lib/python3.12/site-packages/pip/_vendor/idna/__pycache__
d	755	1000	1000	4096	64	35976433	1785345645.6004447250	results/experiments/toolchain-environment/20260729T171551Z-toolchain-formal01/boots/repetition-03/lower/python312/lib/python3.12/site-packages/pip/_vendor/msgpack/__pycache__
d	755	1000	1000	4096	64	35976443	1785345645.9724515910	results/experiments/toolchain-environment/20260729T171551Z-toolchain-formal01/boots/repetition-03/lower/python312/lib/python3.12/site-packages/pip/_vendor/packaging/__pycache__
d	755	1000	1000	4096	64	35976467	1785345646.0224525140	results/experiments/toolchain-environment/20260729T171551Z-toolchain-formal01/boots/repetition-03/lower/python312/lib/python3.12/site-packages/pip/_vendor/pkg_resources/__pycache__
d	755	1000	1000	4096	64	35976471	1785345646.3134578860	results/experiments/toolchain-environment/20260729T171551Z-toolchain-formal01/boots/repetition-03/lower/python312/lib/python3.12/site-packages/pip/_vendor/platformdirs/__pycache__
d	755	1000	1000	4096	64	35976489	1785345647.6994834710	results/experiments/toolchain-environment/20260729T171551Z-toolchain-formal01/boots/repetition-03/lower/python312/lib/python3.12/site-packages/pip/_vendor/pygments/__pycache__
d	755	1000	1000	4096	64	35976501	1785345646.5484622240	results/experiments/toolchain-environment/20260729T171551Z-toolchain-formal01/boots/repetition-03/lower/python312/lib/python3.12/site-packages/pip/_vendor/pygments/filters/__pycache__
d	755	1000	1000	4096	64	35976507	1785345647.1594735020	results/experiments/toolchain-environment/20260729T171551Z-toolchain-formal01/boots/repetition-03/lower/python312/lib/python3.12/site-packages/pip/_vendor/pygments/formatters/__pycache__
d	755	1000	1000	4096	64	35976539	1785345647.3484769910	results/experiments/toolchain-environment/20260729T171551Z-toolchain-formal01/boots/repetition-03/lower/python312/lib/python3.12/site-packages/pip/_vendor/pygments/lexers/__pycache__
d	755	1000	1000	4096	64	35976559	1785345647.5994816250	results/experiments/toolchain-environment/20260729T171551Z-toolchain-formal01/boots/repetition-03/lower/python312/lib/python3.12/site-packages/pip/_vendor/pygments/styles/__pycache__
d	755	1000	1000	4096	64	35976569	1785345648.0974908180	results/experiments/toolchain-environment/20260729T171551Z-toolchain-formal01/boots/repetition-03/lower/python312/lib/python3.12/site-packages/pip/_vendor/pyparsing/__pycache__
d	755	1000	1000	4096	64	35976579	1785345647.9024872180	results/experiments/toolchain-environment/20260729T171551Z-toolchain-formal01/boots/repetition-03/lower/python312/lib/python3.12/site-packages/pip/_vendor/pyparsing/diagram/__pycache__
d	755	1000	1000	4096	64	35976595	1785345648.2114929220	results/experiments/toolchain-environment/20260729T171551Z-toolchain-formal01/boots/repetition-03/lower/python312/lib/python3.12/site-packages/pip/_vendor/pyproject_hooks/__pycache__
d	755	1000	1000	4096	64	35976603	1785345648.2864943070	results/experiments/toolchain-environment/20260729T171551Z-toolchain-formal01/boots/repetition-03/lower/python312/lib/python3.12/site-packages/pip/_vendor/pyproject_hooks/_in_process/__pycache__
d	755	1000	1000	4096	64	35976609	1785345648.8275042940	results/experiments/toolchain-environment/20260729T171551Z-toolchain-formal01/boots/repetition-03/lower/python312/lib/python3.12/site-packages/pip/_vendor/requests/__pycache__
d	755	1000	1000	4096	64	35976651	1785345649.0325080780	results/experiments/toolchain-environment/20260729T171551Z-toolchain-formal01/boots/repetition-03/lower/python312/lib/python3.12/site-packages/pip/_vendor/resolvelib/__pycache__
d	755	1000	1000	4096	64	35976655	1785345648.9155059180	results/experiments/toolchain-environment/20260729T171551Z-toolchain-formal01/boots/repetition-03/lower/python312/lib/python3.12/site-packages/pip/_vendor/resolvelib/compat/__pycache__
d	755	1000	1000	4096	64	35976669	1785345651.3125501690	results/experiments/toolchain-environment/20260729T171551Z-toolchain-formal01/boots/repetition-03/lower/python312/lib/python3.12/site-packages/pip/_vendor/rich/__pycache__
d	755	1000	1000	4096	64	35976827	1785345651.6575565390	results/experiments/toolchain-environment/20260729T171551Z-toolchain-formal01/boots/repetition-03/lower/python312/lib/python3.12/site-packages/pip/_vendor/tenacity/__pycache__
d	755	1000	1000	4096	64	35976851	1785345651.7765587360	results/experiments/toolchain-environment/20260729T171551Z-toolchain-formal01/boots/repetition-03/lower/python312/lib/python3.12/site-packages/pip/_vendor/tomli/__pycache__
d	755	1000	1000	4096	64	35976861	1785345651.9505619480	results/experiments/toolchain-environment/20260729T171551Z-toolchain-formal01/boots/repetition-03/lower/python312/lib/python3.12/site-packages/pip/_vendor/truststore/__pycache__
d	755	1000	1000	4096	64	35976877	1785345652.8535786200	results/experiments/toolchain-environment/20260729T171551Z-toolchain-formal01/boots/repetition-03/lower/python312/lib/python3.12/site-packages/pip/_vendor/urllib3/__pycache__
d	755	1000	1000	4096	64	35976889	1785345652.4855718260	results/experiments/toolchain-environment/20260729T171551Z-toolchain-formal01/boots/repetition-03/lower/python312/lib/python3.12/site-packages/pip/_vendor/urllib3/contrib/__pycache__
d	755	1000	1000	4096	64	35976895	1785345652.3115686130	results/experiments/toolchain-environment/20260729T171551Z-toolchain-formal01/boots/repetition-03/lower/python312/lib/python3.12/site-packages/pip/_vendor/urllib3/contrib/_securetransport/__pycache__
d	755	1000	1000	4096	64	35976919	1785345652.7585768660	results/experiments/toolchain-environment/20260729T171551Z-toolchain-formal01/boots/repetition-03/lower/python312/lib/python3.12/site-packages/pip/_vendor/urllib3/packages/__pycache__
d	755	1000	1000	4096	64	35976923	1785345652.7215761830	results/experiments/toolchain-environment/20260729T171551Z-toolchain-formal01/boots/repetition-03/lower/python312/lib/python3.12/site-packages/pip/_vendor/urllib3/packages/backports/__pycache__
d	755	1000	1000	4096	64	35976939	1785345653.3435876670	results/experiments/toolchain-environment/20260729T171551Z-toolchain-formal01/boots/repetition-03/lower/python312/lib/python3.12/site-packages/pip/_vendor/urllib3/util/__pycache__
d	755	1000	1000	4096	64	35976971	1785345653.5205909350	results/experiments/toolchain-environment/20260729T171551Z-toolchain-formal01/boots/repetition-03/lower/python312/lib/python3.12/site-packages/pip/_vendor/webencodings/__pycache__
f	644	1000	1000	0	64	35970211	1785345593.8434900730	results/experiments/toolchain-environment/20260729T171551Z-toolchain-formal01/boots/repetition-03/lower/python310/lib/python3.10/site-packages/setuptools/_vendor/wheel/vendored/__init__.py
f	644	1000	1000	0	64	35970279	1785345591.4854466150	results/experiments/toolchain-environment/20260729T171551Z-toolchain-formal01/boots/repetition-03/lower/python310/lib/python3.10/site-packages/pkg_resources/py.typed
f	644	1000	1000	0	64	35970283	1785345591.4934467620	results/experiments/toolchain-environment/20260729T171551Z-toolchain-formal01/boots/repetition-03/lower/python310/lib/python3.10/site-packages/pkg_resources/tests/__init__.py
f	644	1000	1000	0	64	35970301	1785345591.5534478680	results/experiments/toolchain-environment/20260729T171551Z-toolchain-formal01/boots/repetition-03/lower/python310/lib/python3.10/site-packages/pkg_resources/tests/data/my-test-package-source/setup.cfg
f	644	1000	1000	0	64	35970627	1785345592.7214693940	results/experiments/toolchain-environment/20260729T171551Z-toolchain-formal01/boots/repetition-03/lower/python310/lib/python3.10/site-packages/setuptools/_distutils/tests/test_versionpredicate.py
f	644	1000	1000	0	64	35970633	1785345592.7384697070	results/experiments/toolchain-environment/20260729T171551Z-toolchain-formal01/boots/repetition-03/lower/python310/lib/python3.10/site-packages/setuptools/_distutils/tests/compat/__init__.py
f	644	1000	1000	0	64	35970667	1785345592.8514717900	results/experiments/toolchain-environment/20260729T171551Z-toolchain-formal01/boots/repetition-03/lower/python310/lib/python3.10/site-packages/setuptools/_vendor/backports/tarfile/compat/__init__.py
f	644	1000	1000	0	64	35970691	1785345592.9474735590	results/experiments/toolchain-environment/20260729T171551Z-toolchain-formal01/boots/repetition-03/lower/python310/lib/python3.10/site-packages/setuptools/_vendor/importlib_metadata/py.typed
f	644	1000	1000	0	64	35970695	1785345592.9554737060	results/experiments/toolchain-environment/20260729T171551Z-toolchain-formal01/boots/repetition-03/lower/python310/lib/python3.10/site-packages/setuptools/_vendor/importlib_metadata/compat/__init__.py
f	644	1000	1000	0	64	35970705	1785345592.9924743880	results/experiments/toolchain-environment/20260729T171551Z-toolchain-formal01/boots/repetition-03/lower/python310/lib/python3.10/site-packages/setuptools/_vendor/inflect/py.typed
f	644	1000	1000	0	64	35970709	1785345593.0024745720	results/experiments/toolchain-environment/20260729T171551Z-toolchain-formal01/boots/repetition-03/lower/python310/lib/python3.10/site-packages/setuptools/_vendor/inflect/compat/__init__.py
f	644	1000	1000	0	64	35970725	1785345593.0504754580	results/experiments/toolchain-environment/20260729T171551Z-toolchain-formal01/boots/repetition-03/lower/python310/lib/python3.10/site-packages/setuptools/_vendor/jaraco/collections/py.typed
f	644	1000	1000	0	64	35970733	1785345593.0934762500	results/experiments/toolchain-environment/20260729T171551Z-toolchain-formal01/boots/repetition-03/lower/python310/lib/python3.10/site-packages/setuptools/_vendor/jaraco/functools/py.typed
f	644	1000	1000	0	64	35970761	1785345593.2274787200	results/experiments/toolchain-environment/20260729T171551Z-toolchain-formal01/boots/repetition-03/lower/python310/lib/python3.10/site-packages/setuptools/_vendor/more_itertools/py.typed
f	644	1000	1000	0	64	35970787	1785345593.3384807650	results/experiments/toolchain-environment/20260729T171551Z-toolchain-formal01/boots/repetition-03/lower/python310/lib/python3.10/site-packages/setuptools/_vendor/packaging/py.typed
f	644	1000	1000	0	64	35970817	1785345593.4514828480	results/experiments/toolchain-environment/20260729T171551Z-toolchain-formal01/boots/repetition-03/lower/python310/lib/python3.10/site-packages/setuptools/_vendor/platformdirs/py.typed
f	644	1000	1000	0	64	35970871	1785345593.7164877320	results/experiments/toolchain-environment/20260729T171551Z-toolchain-formal01/boots/repetition-03/lower/python310/lib/python3.10/site-packages/setuptools/_vendor/typeguard/py.typed
f	644	1000	1000	0	64	35970929	1785345593.8924909760	results/experiments/toolchain-environment/20260729T171551Z-toolchain-formal01/boots/repetition-03/lower/python310/lib/python3.10/site-packages/setuptools/_vendor/wheel/vendored/packaging/__init__.py
f	644	1000	1000	0	64	35970963	1785345594.0484938520	results/experiments/toolchain-environment/20260729T171551Z-toolchain-formal01/boots/repetition-03/lower/python310/lib/python3.10/site-packages/setuptools/_vendor/zipp/compat/__init__.py
f	644	1000	1000	0	64	35971021	1785345594.2544976480	results/experiments/toolchain-environment/20260729T171551Z-toolchain-formal01/boots/repetition-03/lower/python310/lib/python3.10/site-packages/setuptools/compat/__init__.py
f	644	1000	1000	0	64	35971177	1785345594.8025077490	results/experiments/toolchain-environment/20260729T171551Z-toolchain-formal01/boots/repetition-03/lower/python310/lib/python3.10/site-packages/setuptools/tests/compat/__init__.py
f	644	1000	1000	0	64	35971183	1785345594.8185080440	results/experiments/toolchain-environment/20260729T171551Z-toolchain-formal01/boots/repetition-03/lower/python310/lib/python3.10/site-packages/setuptools/tests/config/__init__.py
f	644	1000	1000	0	64	35971217	1785345594.9335101630	results/experiments/toolchain-environment/20260729T171551Z-toolchain-formal01/boots/repetition-03/lower/python310/lib/python3.10/site-packages/setuptools/tests/integration/__init__.py
f	644	1000	1000	0	64	35971261	1785345595.0895130380	results/experiments/toolchain-environment/20260729T171551Z-toolchain-formal01/boots/repetition-03/lower/python310/lib/python3.10/site-packages/setuptools/_vendor/backports.tarfile-1.2.0.dist-info/REQUESTED
f	644	1000	1000	0	64	35971277	1785345595.1525142000	results/experiments/toolchain-environment/20260729T171551Z-toolchain-formal01/boots/repetition-03/lower/python310/lib/python3.10/site-packages/setuptools/_vendor/importlib_metadata-8.0.0.dist-info/REQUESTED
f	644	1000	1000	0	64	35971307	1785345595.2735164300	results/experiments/toolchain-environment/20260729T171551Z-toolchain-formal01/boots/repetition-03/lower/python310/lib/python3.10/site-packages/setuptools/_vendor/jaraco.collections-5.1.0.dist-info/REQUESTED
f	644	1000	1000	0	64	35971351	1785345595.4325193610	results/experiments/toolchain-environment/20260729T171551Z-toolchain-formal01/boots/repetition-03/lower/python310/lib/python3.10/site-packages/setuptools/_vendor/jaraco.text-3.12.1.dist-info/REQUESTED
f	644	1000	1000	0	64	35971367	1785345595.4895204110	results/experiments/toolchain-environment/20260729T171551Z-toolchain-formal01/boots/repetition-03/lower/python310/lib/python3.10/site-packages/setuptools/_vendor/more_itertools-10.3.0.dist-info/REQUESTED
f	644	1000	1000	0	64	35971385	1785345595.5515215540	results/experiments/toolchain-environment/20260729T171551Z-toolchain-formal01/boots/repetition-03/lower/python310/lib/python3.10/site-packages/setuptools/_vendor/packaging-24.2.dist-info/REQUESTED
f	644	1000	1000	0	64	35971395	1785345595.5925223100	results/experiments/toolchain-environment/20260729T171551Z-toolchain-formal01/boots/repetition-03/lower/python310/lib/python3.10/site-packages/setuptools/_vendor/platformdirs-4.2.2.dist-info/REQUESTED
f	644	1000	1000	0	64	35971409	1785345595.6385231580	results/experiments/toolchain-environment/20260729T171551Z-toolchain-formal01/boots/repetition-03/lower/python310/lib/python3.10/site-packages/setuptools/_vendor/tomli-2.0.1.dist-info/REQUESTED
f	644	1000	1000	0	64	35971451	1785345595.7955260520	results/experiments/toolchain-environment/20260729T171551Z-toolchain-formal01/boots/repetition-03/lower/python310/lib/python3.10/site-packages/setuptools/_vendor/wheel-0.45.1.dist-info/REQUESTED
f	644	1000	1000	0	64	35971467	1785345595.8565271760	results/experiments/toolchain-environment/20260729T171551Z-toolchain-formal01/boots/repetition-03/lower/python310/lib/python3.10/site-packages/setuptools/_vendor/zipp-3.19.2.dist-info/REQUESTED
f	644	1000	1000	0	64	35972333	1785345607.1837359930	results/experiments/toolchain-environment/20260729T171551Z-toolchain-formal01/boots/repetition-03/lower/python310/lib/python3.10/site-packages/setuptools-79.0.1.dist-info/REQUESTED
f	644	1000	1000	0	64	35972527	1785345608.0277515550	results/experiments/toolchain-environment/20260729T171551Z-toolchain-formal01/boots/repetition-03/lower/python310/lib/python3.10/site-packages/pip/_internal/operations/__init__.py
f	644	1000	1000	0	64	35972545	1785345608.0637522190	results/experiments/toolchain-environment/20260729T171551Z-toolchain-formal01/boots/repetition-03/lower/python310/lib/python3.10/site-packages/pip/_internal/operations/build/__init__.py
f	644	1000	1000	0	64	35972587	1785345608.2527557050	results/experiments/toolchain-environment/20260729T171551Z-toolchain-formal01/boots/repetition-03/lower/python310/lib/python3.10/site-packages/pip/_internal/resolution/__init__.py
f	644	1000	1000	0	64	35972593	1785345608.2697560180	results/experiments/toolchain-environment/20260729T171551Z-toolchain-formal01/boots/repetition-03/lower/python310/lib/python3.10/site-packages/pip/_internal/resolution/legacy/__init__.py
f	644	1000	1000	0	64	35972599	1785345608.2897563870	results/experiments/toolchain-environment/20260729T171551Z-toolchain-formal01/boots/repetition-03/lower/python310/lib/python3.10/site-packages/pip/_internal/resolution/resolvelib/__init__.py
f	644	1000	1000	0	64	35972619	1785345608.3777580100	results/experiments/toolchain-environment/20260729T171551Z-toolchain-formal01/boots/repetition-03/lower/python310/lib/python3.10/site-packages/pip/_internal/utils/__init__.py
f	644	1000	1000	0	64	35972831	1785345609.4367775380	results/experiments/toolchain-environment/20260729T171551Z-toolchain-formal01/boots/repetition-03/lower/python310/lib/python3.10/site-packages/pip/_vendor/chardet/cli/__init__.py
f	644	1000	1000	0	64	35972837	1785345609.4687781270	results/experiments/toolchain-environment/20260729T171551Z-toolchain-formal01/boots/repetition-03/lower/python310/lib/python3.10/site-packages/pip/_vendor/chardet/metadata/__init__.py
f	644	1000	1000	0	64	35973175	1785345611.0078065100	results/experiments/toolchain-environment/20260729T171551Z-toolchain-formal01/boots/repetition-03/lower/python310/lib/python3.10/site-packages/pip/_vendor/resolvelib/compat/__init__.py
f	644	1000	1000	0	64	35973393	1785345611.9338235860	results/experiments/toolchain-environment/20260729T171551Z-toolchain-formal01/boots/repetition-03/lower/python310/lib/python3.10/site-packages/pip/_vendor/urllib3/contrib/__init__.py
f	644	1000	1000	0	64	35973409	1785345612.0058249140	results/experiments/toolchain-environment/20260729T171551Z-toolchain-formal01/boots/repetition-03/lower/python310/lib/python3.10/site-packages/pip/_vendor/urllib3/contrib/_securetransport/__init__.py
f	644	1000	1000	0	64	35973417	1785345612.0448256330	results/experiments/toolchain-environment/20260729T171551Z-toolchain-formal01/boots/repetition-03/lower/python310/lib/python3.10/site-packages/pip/_vendor/urllib3/packages/__init__.py
f	644	1000	1000	0	64	35973423	1785345612.0728261500	results/experiments/toolchain-environment/20260729T171551Z-toolchain-formal01/boots/repetition-03/lower/python310/lib/python3.10/site-packages/pip/_vendor/urllib3/packages/backports/__init__.py
f	644	1000	1000	0	64	35974633	1785345628.2691248930	results/experiments/toolchain-environment/20260729T171551Z-toolchain-formal01/boots/repetition-03/lower/python310/lib/python3.10/site-packages/pip-23.0.1.dist-info/REQUESTED
f	644	1000	1000	0	64	35974893	1785345633.1752154140	results/experiments/toolchain-environment/20260729T171551Z-toolchain-formal01/boots/repetition-03/lower/python312/lib/python3.12/site-packages/pip/_internal/operations/__init__.py
f	644	1000	1000	0	64	35974897	1785345633.1842155800	results/experiments/toolchain-environment/20260729T171551Z-toolchain-formal01/boots/repetition-03/lower/python312/lib/python3.12/site-packages/pip/_internal/operations/build/__init__.py
f	644	1000	1000	0	64	35974945	1785345633.3682189750	results/experiments/toolchain-environment/20260729T171551Z-toolchain-formal01/boots/repetition-03/lower/python312/lib/python3.12/site-packages/pip/_internal/resolution/__init__.py
f	644	1000	1000	0	64	35974951	1785345633.3852192880	results/experiments/toolchain-environment/20260729T171551Z-toolchain-formal01/boots/repetition-03/lower/python312/lib/python3.12/site-packages/pip/_internal/resolution/legacy/__init__.py
f	644	1000	1000	0	64	35974957	1785345633.4032196210	results/experiments/toolchain-environment/20260729T171551Z-toolchain-formal01/boots/repetition-03/lower/python312/lib/python3.12/site-packages/pip/_internal/resolution/resolvelib/__init__.py
f	644	1000	1000	0	64	35974979	1785345633.4942213000	results/experiments/toolchain-environment/20260729T171551Z-toolchain-formal01/boots/repetition-03/lower/python312/lib/python3.12/site-packages/pip/_internal/utils/__init__.py
f	644	1000	1000	0	64	35975107	1785345633.9592298810	results/experiments/toolchain-environment/20260729T171551Z-toolchain-formal01/boots/repetition-03/lower/python312/lib/python3.12/site-packages/pip/_vendor/chardet/cli/__init__.py
f	644	1000	1000	0	64	35975173	1785345634.2592354170	results/experiments/toolchain-environment/20260729T171551Z-toolchain-formal01/boots/repetition-03/lower/python312/lib/python3.12/site-packages/pip/_vendor/chardet/metadata/__init__.py
f	644	1000	1000	0	64	35975497	1785345635.6512611040	results/experiments/toolchain-environment/20260729T171551Z-toolchain-formal01/boots/repetition-03/lower/python312/lib/python3.12/site-packages/pip/_vendor/resolvelib/compat/__init__.py
f	644	1000	1000	0	64	35975735	1785345636.8872839130	results/experiments/toolchain-environment/20260729T171551Z-toolchain-formal01/boots/repetition-03/lower/python312/lib/python3.12/site-packages/pip/_vendor/urllib3/contrib/__init__.py
f	644	1000	1000	0	64	35975741	1785345636.9102843370	results/experiments/toolchain-environment/20260729T171551Z-toolchain-formal01/boots/repetition-03/lower/python312/lib/python3.12/site-packages/pip/_vendor/urllib3/contrib/_securetransport/__init__.py
f	644	1000	1000	0	64	35975765	1785345637.0242864410	results/experiments/toolchain-environment/20260729T171551Z-toolchain-formal01/boots/repetition-03/lower/python312/lib/python3.12/site-packages/pip/_vendor/urllib3/packages/__init__.py
f	644	1000	1000	0	64	35975769	1785345637.0362866620	results/experiments/toolchain-environment/20260729T171551Z-toolchain-formal01/boots/repetition-03/lower/python312/lib/python3.12/site-packages/pip/_vendor/urllib3/packages/backports/__init__.py
f	644	1000	1000	0	64	35976991	1785345653.5515915070	results/experiments/toolchain-environment/20260729T171551Z-toolchain-formal01/boots/repetition-03/lower/python312/lib/python3.12/site-packages/pip-24.0.dist-info/REQUESTED
f	644	1000	1000	1	64	35970319	1785345591.6284492500	results/experiments/toolchain-environment/20260729T171551Z-toolchain-formal01/boots/repetition-03/lower/python310/lib/python3.10/site-packages/pkg_resources/tests/data/my-test-package_unpacked-egg/my_test_package-1.0-py3.7.egg/EGG-INFO/dependency_links.txt
f	644	1000	1000	1	64	35970321	1785345591.6436558900	results/experiments/toolchain-environment/20260729T171551Z-toolchain-formal01/boots/repetition-03/lower/python310/lib/python3.10/site-packages/pkg_resources/tests/data/my-test-package_unpacked-egg/my_test_package-1.0-py3.7.egg/EGG-INFO/top_level.txt
f	644	1000	1000	1	64	35970323	1785345591.6574497850	results/experiments/toolchain-environment/20260729T171551Z-toolchain-formal01/boots/repetition-03/lower/python310/lib/python3.10/site-packages/pkg_resources/tests/data/my-test-package_unpacked-egg/my_test_package-1.0-py3.7.egg/EGG-INFO/zip-safe
f	644	1000	1000	10	64	35971265	1785345595.1085133890	results/experiments/toolchain-environment/20260729T171551Z-toolchain-formal01/boots/repetition-03/lower/python310/lib/python3.10/site-packages/setuptools/_vendor/backports.tarfile-1.2.0.dist-info/top_level.txt
f	644	1000	1000	10	64	35971427	1785345595.7095244660	results/experiments/toolchain-environment/20260729T171551Z-toolchain-formal01/boots/repetition-03/lower/python310/lib/python3.10/site-packages/setuptools/_vendor/typeguard-4.3.0.dist-info/top_level.txt
f	644	1000	1000	10003	64	35973449	1785345612.2143851960	results/experiments/toolchain-environment/20260729T171551Z-toolchain-formal01/boots/repetition-03/lower/python310/lib/python3.10/site-packages/pip/_vendor/urllib3/util/timeout.py
f	644	1000	1000	10014	64	35976753	1785345650.2525306010	results/experiments/toolchain-environment/20260729T171551Z-toolchain-formal01/boots/repetition-03/lower/python312/lib/python3.12/site-packages/pip/_vendor/rich/__pycache__/highlighter.cpython-312.pyc
f	644	1000	1000	10019	64	35974413	1785345625.3072781090	results/experiments/toolchain-environment/20260729T171551Z-toolchain-formal01/boots/repetition-03/lower/python310/lib/python3.10/site-packages/pip/_vendor/rich/__pycache__/logging.cpython-310.pyc
f	644	1000	1000	1002	64	35976421	1785345645.2584384120	results/experiments/toolchain-environment/20260729T171551Z-toolchain-formal01/boots/repetition-03/lower/python312/lib/python3.12/site-packages/pip/_vendor/idna/__pycache__/compat.cpython-312.pyc
f	644	1000	1000	10032	64	35972747	1785345608.9023278860	results/experiments/toolchain-environment/20260729T171551Z-toolchain-formal01/boots/repetition-03/lower/python310/lib/python3.10/site-packages/pip/_vendor/chardet/chardistribution.py
f	644	1000	1000	10032	64	35975099	1785345633.9365424850	results/experiments/toolchain-environment/20260729T171551Z-toolchain-formal01/boots/repetition-03/lower/python312/lib/python3.12/site-packages/pip/_vendor/chardet/chardistribution.py
f	644	1000	1000	10035	64	35974845	1785345633.0072761650	results/experiments/toolchain-environment/20260729T171551Z-toolchain-formal01/boots/repetition-03/lower/python312/lib/python3.12/site-packages/pip/_internal/metadata/pkg_resources.py
f	644	1000	1000	100461	64	35971967	1785345602.6036515500	results/experiments/toolchain-environment/20260729T171551Z-toolchain-formal01/boots/repetition-03/lower/python310/lib/python3.10/site-packages/setuptools/_vendor/__pycache__/typing_extensions.cpython-310.pyc
f	644	1000	1000	10048	64	35971917	1785345601.8343203300	results/experiments/toolchain-environment/20260729T171551Z-toolchain-formal01/boots/repetition-03/lower/python310/lib/python3.10/site-packages/setuptools/_vendor/platformdirs/__pycache__/api.cpython-310.pyc
f	644	1000	1000	10065	64	35973513	1785345612.7208613650	results/experiments/toolchain-environment/20260729T171551Z-toolchain-formal01/boots/repetition-03/lower/python310/lib/python3.10/site-packages/pip/_internal/cli/__pycache__/parser.cpython-310.pyc
f	644	1000	1000	10074	64	35972303	1785345606.8478668570	results/experiments/toolchain-environment/20260729T171551Z-toolchain-formal01/boots/repetition-03/lower/python310/lib/python3.10/site-packages/setuptools/tests/__pycache__/test_setuptools.cpython-310.pyc
f	644	1000	1000	10094	64	35976343	1785345644.1952985990	results/experiments/toolchain-environment/20260729T171551Z-toolchain-formal01/boots/repetition-03/lower/python312/lib/python3.12/site-packages/pip/_vendor/chardet/__pycache__/utf1632prober.cpython-312.pyc
f	644	1000	1000	10096	64	35971547	1785345596.7255431930	results/experiments/toolchain-environment/20260729T171551Z-toolchain-formal01/boots/repetition-03/lower/python310/lib/python3.10/site-packages/setuptools/_distutils/command/__pycache__/build_py.cpython-310.pyc
f	644	1000	1000	10096	64	35973185	1785345611.0456490850	results/experiments/toolchain-environment/20260729T171551Z-toolchain-formal01/boots/repetition-03/lower/python310/lib/python3.10/site-packages/pip/_vendor/rich/_cell_widths.py
f	644	1000	1000	10096	64	35975515	1785345635.7441325860	results/experiments/toolchain-environment/20260729T171551Z-toolchain-formal01/boots/repetition-03/lower/python312/lib/python3.12/site-packages/pip/_vendor/rich/_cell_widths.py
f	644	1000	1000	10099	64	35971095	1785345594.5345028090	results/experiments/toolchain-environment/20260729T171551Z-toolchain-formal01/boots/repetition-03/lower/python310/lib/python3.10/site-packages/setuptools/tests/test_build_ext.py
f	644	1000	1000	1011	64	35971751	1785345599.6565456530	results/experiments/toolchain-environment/20260729T171551Z-toolchain-formal01/boots/repetition-03/lower/python310/lib/python3.10/site-packages/setuptools/__pycache__/_itertools.cpython-310.pyc
f	644	1000	1000	10125	64	35970823	1785345593.4764833090	results/experiments/toolchain-environment/20260729T171551Z-toolchain-formal01/boots/repetition-03/lower/python310/lib/python3.10/site-packages/setuptools/_vendor/platformdirs/windows.py
f	644	1000	1000	101363	64	35972795	1785345609.2027732230	results/experiments/toolchain-environment/20260729T171551Z-toolchain-formal01/boots/repetition-03/lower/python310/lib/python3.10/site-packages/pip/_vendor/chardet/langhungarianmodel.py
f	644	1000	1000	101363	64	35975153	1785345634.1632336450	results/experiments/toolchain-environment/20260729T171551Z-toolchain-formal01/boots/repetition-03/lower/python312/lib/python3.12/site-packages/pip/_vendor/chardet/langhungarianmodel.py
f	644	1000	1000	1015	64	35972621	1785345608.3882977650	results/experiments/toolchain-environment/20260729T171551Z-toolchain-formal01/boots/repetition-03/lower/python310/lib/python3.10/site-packages/pip/_internal/utils/_log.py
f	644	1000	1000	1015	64	35974983	1785345633.5112216140	results/experiments/toolchain-environment/20260729T171551Z-toolchain-formal01/boots/repetition-03/lower/python312/lib/python3.12/site-packages/pip/_internal/utils/_log.py
f	644	1000	1000	10168	64	35975805	1785345637.2162899840	results/experiments/toolchain-environment/20260729T171551Z-toolchain-formal01/boots/repetition-03/lower/python312/lib/python3.12/site-packages/pip/_vendor/urllib3/util/timeout.py
f	644	1000	1000	10169	64	35974245	1785345622.8052073850	results/experiments/toolchain-environment/20260729T171551Z-toolchain-formal01/boots/repetition-03/lower/python310/lib/python3.10/site-packages/pip/_vendor/pyparsing/__pycache__/unicode.cpython-310.pyc
f	644	1000	1000	1017	64	35976183	1785345642.2653831670	results/experiments/toolchain-environment/20260729T171551Z-toolchain-formal01/boots/repetition-03/lower/python312/lib/python3.12/site-packages/pip/_vendor/cachecontrol/__pycache__/__init__.cpython-312.pyc
f	644	1000	1000	10174	64	35970925	1785345593.8724906080	results/experiments/toolchain-environment/20260729T171551Z-toolchain-formal01/boots/repetition-03/lower/python310/lib/python3.10/site-packages/setuptools/_vendor/wheel/vendored/packaging/LICENSE.APACHE
f	644	1000	1000	10174	64	35971377	1785345595.5205209830	results/experiments/toolchain-environment/20260729T171551Z-toolchain-formal01/boots/repetition-03/lower/python310/lib/python3.10/site-packages/setuptools/_vendor/packaging-24.2.dist-info/LICENSE.APACHE
f	644	1000	1000	10187	64	35973135	1785345610.8489325540	results/experiments/toolchain-environment/20260729T171551Z-toolchain-formal01/boots/repetition-03/lower/python310/lib/python3.10/site-packages/pip/_vendor/requests/auth.py
f	644	1000	1000	10187	64	35975465	1785345635.4622576160	results/experiments/toolchain-environment/20260729T171551Z-toolchain-formal01/boots/repetition-03/lower/python312/lib/python3.12/site-packages/pip/_vendor/requests/auth.py
f	644	1000	1000	101888	64	35972911	1785345609.8867858370	results/experiments/toolchain-environment/20260729T171551Z-toolchain-formal01/boots/repetition-03/lower/python310/lib/python3.10/site-packages/pip/_vendor/distlib/w64.exe
f	644	1000	1000	102	64	35973327	1785345611.6681672910	results/experiments/toolchain-environment/20260729T171551Z-toolchain-formal01/boots/repetition-03/lower/python310/lib/python3.10/site-packages/pip/_vendor/rich/themes.py
f	644	1000	1000	102	64	35975663	1785345636.5412775270	results/experiments/toolchain-environment/20260729T171551Z-toolchain-formal01/boots/repetition-03/lower/python312/lib/python3.12/site-packages/pip/_vendor/rich/themes.py
f	644	1000	1000	1021	64	35970903	1785345593.8344899070	results/experiments/toolchain-environment/20260729T171551Z-toolchain-formal01/boots/repetition-03/lower/python310/lib/python3.10/site-packages/setuptools/_vendor/wheel/cli/unpack.py
f	644	1000	1000	10216	64	35974229	1785345622.5402480040	results/experiments/toolchain-environment/20260729T171551Z-toolchain-formal01/boots/repetition-03/lower/python310/lib/python3.10/site-packages/pip/_vendor/pyparsing/__pycache__/common.cpython-310.pyc
f	644	1000	1000	1023	64	35971227	1785345594.9613391510	results/experiments/toolchain-environment/20260729T171551Z-toolchain-formal01/boots/repetition-03/lower/python310/lib/python3.10/site-packages/setuptools-79.0.1.dist-info/licenses/LICENSE
f	644	1000	1000	1023	64	35971255	1785345595.0655125960	results/experiments/toolchain-environment/20260729T171551Z-toolchain-formal01/boots/repetition-03/lower/python310/lib/python3.10/site-packages/setuptools/_vendor/backports.tarfile-1.2.0.dist-info/LICENSE
f	644	1000	1000	1023	64	35971287	1785345595.1905149000	results/experiments/toolchain-environment/20260729T171551Z-toolchain-formal01/boots/repetition-03/lower/python310/lib/python3.10/site-packages/setuptools/_vendor/inflect-7.3.1.dist-info/LICENSE
f	644	1000	1000	1023	64	35971301	1785345595.2445693950	results/experiments/toolchain-environment/20260729T171551Z-toolchain-formal01/boots/repetition-03/lower/python310/lib/python3.10/site-packages/setuptools/_vendor/jaraco.collections-5.1.0.dist-info/LICENSE
f	644	1000	1000	1023	64	35971317	1785345595.3085170750	results/experiments/toolchain-environment/20260729T171551Z-toolchain-formal01/boots/repetition-03/lower/python310/lib/python3.10/site-packages/setuptools/_vendor/jaraco.context-5.3.0.dist-info/LICENSE
f	644	1000	1000	1023	64	35971331	1785345595.3635180890	results/experiments/toolchain-environment/20260729T171551Z-toolchain-formal01/boots/repetition-03/lower/python310/lib/python3.10/site-packages/setuptools/_vendor/jaraco.functools-4.0.1.dist-info/LICENSE
f	644	1000	1000	1023	64	35971345	1785345595.4111990700	results/experiments/toolchain-environment/20260729T171551Z-toolchain-formal01/boots/repetition-03/lower/python310/lib/python3.10/site-packages/setuptools/_vendor/jaraco.text-3.12.1.dist-info/LICENSE
f	644	1000	1000	1023	64	35971461	1785345595.8325267330	results/experiments/toolchain-environment/20260729T171551Z-toolchain-formal01/boots/repetition-03/lower/python310/lib/python3.10/site-packages/setuptools/_vendor/zipp-3.19.2.dist-info/LICENSE
f	644	1000	1000	10230	64	35975411	1785345635.2514550010	results/experiments/toolchain-environment/20260729T171551Z-toolchain-formal01/boots/repetition-03/lower/python312/lib/python3.12/site-packages/pip/_vendor/pygments/util.py
f	644	1000	1000	10231	64	35976033	1785345640.3440657960	results/experiments/toolchain-environment/20260729T171551Z-toolchain-formal01/boots/repetition-03/lower/python312/lib/python3.12/site-packages/pip/_internal/operations/__pycache__/freeze.cpython-312.pyc
f	644	1000	1000	10236	64	35970777	1785345593.2936708880	results/experiments/toolchain-environment/20260729T171551Z-toolchain-formal01/boots/repetition-03/lower/python310/lib/python3.10/site-packages/setuptools/_vendor/packaging/_parser.py
f	644	1000	1000	10243	64	35972349	1785345607.2533477300	results/experiments/toolchain-environment/20260729T171551Z-toolchain-formal01/boots/repetition-03/lower/python310/lib/python3.10/site-packages/pip/_internal/build_env.py
f	644	1000	1000	10243	64	35974721	1785345632.5493885390	results/experiments/toolchain-environment/20260729T171551Z-toolchain-formal01/boots/repetition-03/lower/python312/lib/python3.12/site-packages/pip/_internal/build_env.py
f	644	1000	1000	1026	64	35970635	1785345592.7484698910	results/experiments/toolchain-environment/20260729T171551Z-toolchain-formal01/boots/repetition-03/lower/python310/lib/python3.10/site-packages/setuptools/_distutils/tests/compat/py39.py
f	644	1000	1000	1026	64	35974049	1785345620.0339173080	results/experiments/toolchain-environment/20260729T171551Z-toolchain-formal01/boots/repetition-03/lower/python310/lib/python3.10/site-packages/pip/_vendor/distro/__pycache__/__init__.cpython-310.pyc
f	644	1000	1000	10275	64	35975881	1785345638.0133046920	results/experiments/toolchain-environment/20260729T171551Z-toolchain-formal01/boots/repetition-03/lower/python312/lib/python3.12/site-packages/pip/_internal/commands/__pycache__/debug.cpython-312.pyc
f	644	1000	1000	102774	64	35972799	1785345609.2357738310	results/experiments/toolchain-environment/20260729T171551Z-toolchain-formal01/boots/repetition-03/lower/python310/lib/python3.10/site-packages/pip/_vendor/chardet/langthaimodel.py
f	644	1000	1000	102774	64	35975157	1785345634.1842340330	results/experiments/toolchain-environment/20260729T171551Z-toolchain-formal01/boots/repetition-03/lower/python312/lib/python3.12/site-packages/pip/_vendor/chardet/langthaimodel.py
f	644	1000	1000	10279	64	35973617	1785345614.0621179970	results/experiments/toolchain-environment/20260729T171551Z-toolchain-formal01/boots/repetition-03/lower/python310/lib/python3.10/site-packages/pip/_internal/metadata/__pycache__/pkg_resources.cpython-310.pyc
f	644	1000	1000	1029	64	35971847	1785345600.9056202470	results/experiments/toolchain-environment/20260729T171551Z-toolchain-formal01/boots/repetition-03/lower/python310/lib/python3.10/site-packages/setuptools/_vendor/jaraco/text/__pycache__/layouts.cpython-310.pyc
f	644	1000	1000	1030	64	35972491	1785345607.8831284750	results/experiments/toolchain-environment/20260729T171551Z-toolchain-formal01/boots/repetition-03/lower/python310/lib/python3.10/site-packages/pip/_internal/models/index.py
f	644	1000	1000	1030	64	35974857	1785345633.0494102430	results/experiments/toolchain-environment/20260729T171551Z-toolchain-formal01/boots/repetition-03/lower/python312/lib/python3.12/site-packages/pip/_internal/models/index.py
f	644	1000	1000	1033	64	35972727	1785345608.8052573970	results/experiments/toolchain-environment/20260729T171551Z-toolchain-formal01/boots/repetition-03/lower/python310/lib/python3.10/site-packages/pip/_vendor/cachecontrol/caches/redis_cache.py
f	644	1000	1000	10341	64	35974031	1785345619.7484519420	results/experiments/toolchain-environment/20260729T171551Z-toolchain-formal01/boots/repetition-03/lower/python310/lib/python3.10/site-packages/pip/_vendor/distlib/__pycache__/manifest.cpython-310.pyc
f	644	1000	1000	10347	64	35970937	1785345593.9355101330	results/experiments/toolchain-environment/20260729T171551Z-toolchain-formal01/boots/repetition-03/lower/python310/lib/python3.10/site-packages/setuptools/_vendor/wheel/vendored/packaging/_parser.py
f	644	1000	1000	10368	64	35973225	1785345611.2212590720	results/experiments/toolchain-environment/20260729T171551Z-toolchain-formal01/boots/repetition-03/lower/python310/lib/python3.10/site-packages/pip/_vendor/rich/align.py
f	644	1000	1000	10368	64	35975557	1785345635.9852672670	results/experiments/toolchain-environment/20260729T171551Z-toolchain-formal01/boots/repetition-03/lower/python312/lib/python3.12/site-packages/pip/_vendor/rich/align.py
f	644	1000	1000	1037	64	35970643	1785345592.7703265190	results/experiments/toolchain-environment/20260729T171551Z-toolchain-formal01/boots/repetition-03/lower/python310/lib/python3.10/site-packages/setuptools/_vendor/autocommand/__init__.py
f	644	1000	1000	10370	64	35974723	1785345632.5562039920	results/experiments/toolchain-environment/20260729T171551Z-toolchain-formal01/boots/repetition-03/lower/python312/lib/python3.12/site-packages/pip/_internal/cache.py
f	644	1000	1000	103796	64	35970703	1785345592.9854742600	results/experiments/toolchain-environment/20260729T171551Z-toolchain-formal01/boots/repetition-03/lower/python310/lib/python3.10/site-packages/setuptools/_vendor/inflect/__init__.py
f	644	1000	1000	1038	64	35976627	1785345648.5005794360	results/experiments/toolchain-environment/20260729T171551Z-toolchain-formal01/boots/repetition-03/lower/python312/lib/python3.12/site-packages/pip/_vendor/requests/__pycache__/certs.cpython-312.pyc
f	644	1000	1000	10388	64	35974695	1785345632.4833945910	results/experiments/toolchain-environment/20260729T171551Z-toolchain-formal01/boots/repetition-03/lower/python312/lib/python3.12/site-packages/pip-24.0.dist-info/AUTHORS.txt
f	644	1000	1000	1039	64	35971465	1785345595.8495752910	results/experiments/toolchain-environment/20260729T171551Z-toolchain-formal01/boots/repetition-03/lower/python310/lib/python3.10/site-packages/setuptools/_vendor/zipp-3.19.2.dist-info/RECORD
f	644	1000	1000	10393	64	35970855	1785345593.6434863870	results/experiments/toolchain-environment/20260729T171551Z-toolchain-formal01/boots/repetition-03/lower/python310/lib/python3.10/site-packages/setuptools/_vendor/typeguard/_functions.py
f	644	1000	1000	104	64	35971455	1785345595.8145264020	results/experiments/toolchain-environment/20260729T171551Z-toolchain-formal01/boots/repetition-03/lower/python310/lib/python3.10/site-packages/setuptools/_vendor/wheel-0.45.1.dist-info/entry_points.txt
f	644	1000	1000	1040	64	35972173	1785345605.1540149150	results/experiments/toolchain-environment/20260729T171551Z-toolchain-formal01/boots/repetition-03/lower/python310/lib/python3.10/site-packages/setuptools/__pycache__/launch.cpython-310.pyc
f	644	1000	1000	10406	64	35970331	1785345591.6785905880	results/experiments/toolchain-environment/20260729T171551Z-toolchain-formal01/boots/repetition-03/lower/python310/lib/python3.10/site-packages/setuptools/__init__.py
f	644	1000	1000	10407	64	35973551	1785345613.2243720150	results/experiments/toolchain-environment/20260729T171551Z-toolchain-formal01/boots/repetition-03/lower/python310/lib/python3.10/site-packages/pip/_internal/commands/__pycache__/list.cpython-310.pyc
f	644	1000	1000	1042	64	35971053	1785345594.3654996940	results/experiments/toolchain-environment/20260729T171551Z-toolchain-formal01/boots/repetition-03/lower/python310/lib/python3.10/site-packages/setuptools/config/_validate_pyproject/__init__.py
f	644	1000	1000	10420	64	35976673	1785345649.0875090940	results/experiments/toolchain-environment/20260729T171551Z-toolchain-formal01/boots/repetition-03/lower/python312/lib/python3.12/site-packages/pip/_vendor/rich/__pycache__/__main__.cpython-312.pyc
f	644	1000	1000	104562	64	35972789	1785345609.1567723750	results/experiments/toolchain-environment/20260729T171551Z-toolchain-formal01/boots/repetition-03/lower/python310/lib/python3.10/site-packages/pip/_vendor/chardet/langbulgarianmodel.py
f	644	1000	1000	104562	64	35975147	1785345634.1332330910	results/experiments/toolchain-environment/20260729T171551Z-toolchain-formal01/boots/repetition-03/lower/python312/lib/python3.12/site-packages/pip/_vendor/chardet/langbulgarianmodel.py
f	644	1000	1000	10489	64	35976741	1785345650.0835274810	results/experiments/toolchain-environment/20260729T171551Z-toolchain-formal01/boots/repetition-03/lower/python312/lib/python3.12/site-packages/pip/_vendor/rich/__pycache__/default_styles.cpython-312.pyc
f	644	1000	1000	10492	64	35976095	1785345641.0623609640	results/experiments/toolchain-environment/20260729T171551Z-toolchain-formal01/boots/repetition-03/lower/python312/lib/python3.12/site-packages/pip/_internal/resolution/resolvelib/__pycache__/provider.cpython-312.pyc
f	644	1000	1000	105	64	35970303	1785345591.5654480890	results/experiments/toolchain-environment/20260729T171551Z-toolchain-formal01/boots/repetition-03/lower/python310/lib/python3.10/site-packages/pkg_resources/tests/data/my-test-package-source/setup.py
f	644	1000	1000	10505	64	35976783	1785345650.6972604400	results/experiments/toolchain-environment/20260729T171551Z-toolchain-formal01/boots/repetition-03/lower/python312/lib/python3.12/site-packages/pip/_vendor/rich/__pycache__/progress_bar.cpython-312.pyc
f	644	1000	1000	1052	64	35973799	1785345616.3531415290	results/experiments/toolchain-environment/20260729T171551Z-toolchain-formal01/boots/repetition-03/lower/python310/lib/python3.10/site-packages/pip/_internal/utils/__pycache__/filetypes.cpython-310.pyc
f	644	1000	1000	10529	64	35976915	1785345652.5491805060	results/experiments/toolchain-environment/20260729T171551Z-toolchain-formal01/boots/repetition-03/lower/python312/lib/python3.12/site-packages/pip/_vendor/urllib3/__pycache__/fields.cpython-312.pyc
f	644	1000	1000	1053	64	35971361	1785345595.4666643610	results/experiments/toolchain-environment/20260729T171551Z-toolchain-formal01/boots/repetition-03/lower/python310/lib/python3.10/site-packages/setuptools/_vendor/more_itertools-10.3.0.dist-info/LICENSE
f	644	1000	1000	1053	64	35973479	1785345628.3771182980	results/experiments/toolchain-environment/20260729T171551Z-toolchain-formal01/boots/repetition-03/lower/python310/bin/activate.csh
f	644	1000	1000	105366	64	35976299	1785345643.7294101890	results/experiments/toolchain-environment/20260729T171551Z-toolchain-formal01/boots/repetition-03/lower/python312/lib/python3.12/site-packages/pip/_vendor/chardet/__pycache__/langrussianmodel.cpython-312.pyc
f	644	1000	1000	1054	64	35973237	1785345611.2729859720	results/experiments/toolchain-environment/20260729T171551Z-toolchain-formal01/boots/repetition-03/lower/python310/lib/python3.10/site-packages/pip/_vendor/rich/color_triplet.py
f	644	1000	1000	1054	64	35974701	1785345653.6515933530	results/experiments/toolchain-environment/20260729T171551Z-toolchain-formal01/boots/repetition-03/lower/python312/bin/activate.csh
f	644	1000	1000	1054	64	35975569	1785345636.0622686880	results/experiments/toolchain-environment/20260729T171551Z-toolchain-formal01/boots/repetition-03/lower/python312/lib/python3.12/site-packages/pip/_vendor/rich/color_triplet.py
f	644	1000	1000	1055	64	35975911	1785345638.4796778990	results/experiments/toolchain-environment/20260729T171551Z-toolchain-formal01/boots/repetition-03/lower/python312/lib/python3.12/site-packages/pip/_internal/distributions/__pycache__/__init__.cpython-312.pyc
f	644	1000	1000	10561	64	35970783	1785345593.3204804340	results/experiments/toolchain-environment/20260729T171551Z-toolchain-formal01/boots/repetition-03/lower/python310/lib/python3.10/site-packages/setuptools/_vendor/packaging/markers.py
f	644	1000	1000	10569	64	35975849	1785345637.5423270090	results/experiments/toolchain-environment/20260729T171551Z-toolchain-formal01/boots/repetition-03/lower/python312/lib/python3.12/site-packages/pip/_internal/cli/__pycache__/base_command.cpython-312.pyc
f	644	1000	1000	10574	64	35973285	1785345611.4805851330	results/experiments/toolchain-environment/20260729T171551Z-toolchain-formal01/boots/repetition-03/lower/python310/lib/python3.10/site-packages/pip/_vendor/rich/panel.py
f	644	1000	1000	10574	64	35975621	1785345636.3192734300	results/experiments/toolchain-environment/20260729T171551Z-toolchain-formal01/boots/repetition-03/lower/python312/lib/python3.12/site-packages/pip/_vendor/rich/panel.py
f	644	1000	1000	10579	64	35973457	1785345612.2497309920	results/experiments/toolchain-environment/20260729T171551Z-toolchain-formal01/boots/repetition-03/lower/python310/lib/python3.10/site-packages/pip/_vendor/webencodings/__init__.py
f	644	1000	1000	10579	64	35975815	1785345637.2516939080	results/experiments/toolchain-environment/20260729T171551Z-toolchain-formal01/boots/repetition-03/lower/python312/lib/python3.12/site-packages/pip/_vendor/webencodings/__init__.py
f	644	1000	1000	10590	64	35971555	1785345596.8445453870	results/experiments/toolchain-environment/20260729T171551Z-toolchain-formal01/boots/repetition-03/lower/python310/lib/python3.10/site-packages/setuptools/_distutils/command/__pycache__/config.cpython-310.pyc
f	644	1000	1000	10596	64	35972003	1785345603.0026589060	results/experiments/toolchain-environment/20260729T171551Z-toolchain-formal01/boots/repetition-03/lower/python310/lib/python3.10/site-packages/setuptools/_vendor/wheel/__pycache__/macosx_libfile.cpython-310.pyc
f	644	1000	1000	1060	64	35972101	1785345604.4236851040	results/experiments/toolchain-environment/20260729T171551Z-toolchain-formal01/boots/repetition-03/lower/python310/lib/python3.10/site-packages/setuptools/command/__pycache__/saveopts.cpython-310.pyc
f	644	1000	1000	10622	64	35976667	1785345649.0303871930	results/experiments/toolchain-environment/20260729T171551Z-toolchain-formal01/boots/repetition-03/lower/python312/lib/python3.12/site-packages/pip/_vendor/resolvelib/__pycache__/structs.cpython-312.pyc
f	644	1000	1000	1064	64	35973189	1785345611.0665248970	results/experiments/toolchain-environment/20260729T171551Z-toolchain-formal01/boots/repetition-03/lower/python310/lib/python3.10/site-packages/pip/_vendor/rich/_emoji_replace.py
f	644	1000	1000	1064	64	35975519	1785345635.7692632810	results/experiments/toolchain-environment/20260729T171551Z-toolchain-formal01/boots/repetition-03/lower/python312/lib/python3.12/site-packages/pip/_vendor/rich/_emoji_replace.py
f	644	1000	1000	10643	64	35970819	1785345593.4602260320	results/experiments/toolchain-environment/20260729T171551Z-toolchain-formal01/boots/repetition-03/lower/python310/lib/python3.10/site-packages/setuptools/_vendor/platformdirs/unix.py
f	644	1000	1000	10646	64	35975435	1785345635.3548677820	results/experiments/toolchain-environment/20260729T171551Z-toolchain-formal01/boots/repetition-03/lower/python312/lib/python3.12/site-packages/pip/_vendor/pyparsing/unicode.py
f	644	1000	1000	10666	64	35976103	1785345641.1873632710	results/experiments/toolchain-environment/20260729T171551Z-toolchain-formal01/boots/repetition-03/lower/python312/lib/python3.12/site-packages/pip/_internal/__pycache__/self_outdated_check.cpython-312.pyc
f	644	1000	1000	10678	64	35972861	1785345609.6050754490	results/experiments/toolchain-environment/20260729T171551Z-toolchain-formal01/boots/repetition-03/lower/python310/lib/python3.10/site-packages/pip/_vendor/colorama/tests/ansitowin32_test.py
f	644	1000	1000	10678	64	35975209	1785345634.3982379820	results/experiments/toolchain-environment/20260729T171551Z-toolchain-formal01/boots/repetition-03/lower/python312/lib/python3.12/site-packages/pip/_vendor/colorama/tests/ansitowin32_test.py
f	644	1000	1000	10696	64	35974115	1785345620.9521816360	results/experiments/toolchain-environment/20260729T171551Z-toolchain-formal01/boots/repetition-03/lower/python310/lib/python3.10/site-packages/pip/_vendor/platformdirs/__pycache__/__init__.cpython-310.pyc
f	644	1000	1000	107	64	35972473	1785345607.7999027890	results/experiments/toolchain-environment/20260729T171551Z-toolchain-formal01/boots/repetition-03/lower/python310/lib/python3.10/site-packages/pip/_internal/metadata/importlib/__init__.py
f	644	1000	1000	1072	64	35971403	1785345595.6171854320	results/experiments/toolchain-environment/20260729T171551Z-toolchain-formal01/boots/repetition-03/lower/python310/lib/python3.10/site-packages/setuptools/_vendor/tomli-2.0.1.dist-info/LICENSE
f	644	1000	1000	10734	64	35972351	1785345607.2608660480	results/experiments/toolchain-environment/20260729T171551Z-toolchain-formal01/boots/repetition-03/lower/python310/lib/python3.10/site-packages/pip/_internal/cache.py
f	644	1000	1000	1075	64	35972555	1785345608.1248598650	results/experiments/toolchain-environment/20260729T171551Z-toolchain-formal01/boots/repetition-03/lower/python310/lib/python3.10/site-packages/pip/_internal/operations/build/wheel.py
f	644	1000	1000	1075	64	35974907	1785345633.2316842630	results/experiments/toolchain-environment/20260729T171551Z-toolchain-formal01/boots/repetition-03/lower/python312/lib/python3.12/site-packages/pip/_internal/operations/build/wheel.py
f	644	1000	1000	1075	64	35976409	1785345645.1164357900	results/experiments/toolchain-environment/20260729T171551Z-toolchain-formal01/boots/repetition-03/lower/python312/lib/python3.12/site-packages/pip/_vendor/distro/__pycache__/__init__.cpython-312.pyc
f	644	1000	1000	10766	64	35970595	1785345592.6112011860	results/experiments/toolchain-environment/20260729T171551Z-toolchain-formal01/boots/repetition-03/lower/python310/lib/python3.10/site-packages/setuptools/_distutils/tests/test_filelist.py
f	644	1000	1000	10781	64	35974741	1785345632.6253303330	results/experiments/toolchain-environment/20260729T171551Z-toolchain-formal01/boots/repetition-03/lower/python312/lib/python3.12/site-packages/pip/_internal/cli/parser.py
f	644	1000	1000	10787	64	35973101	1785345610.7254847170	results/experiments/toolchain-environment/20260729T171551Z-toolchain-formal01/boots/repetition-03/lower/python310/lib/python3.10/site-packages/pip/_vendor/pyparsing/unicode.py
f	644	1000	1000	1079	64	35972867	1785345609.6473758680	results/experiments/toolchain-environment/20260729T171551Z-toolchain-formal01/boots/repetition-03/lower/python310/lib/python3.10/site-packages/pip/_vendor/colorama/tests/utils.py
f	644	1000	1000	1079	64	35975215	1785345634.4264362920	results/experiments/toolchain-environment/20260729T171551Z-toolchain-formal01/boots/repetition-03/lower/python312/lib/python3.12/site-packages/pip/_vendor/colorama/tests/utils.py
f	644	1000	1000	108032	64	35972897	1785345609.8347848780	results/experiments/toolchain-environment/20260729T171551Z-toolchain-formal01/boots/repetition-03/lower/python310/lib/python3.10/site-packages/pip/_vendor/distlib/t64.exe
f	644	1000	1000	1081	64	35972949	1785345610.0272481100	results/experiments/toolchain-environment/20260729T171551Z-toolchain-formal01/boots/repetition-03/lower/python310/lib/python3.10/site-packages/pip/_vendor/msgpack/exceptions.py
f	644	1000	1000	1081	64	35975281	1785345634.7071543280	results/experiments/toolchain-environment/20260729T171551Z-toolchain-formal01/boots/repetition-03/lower/python312/lib/python3.12/site-packages/pip/_vendor/msgpack/exceptions.py
f	644	1000	1000	1081	64	35976703	1785345649.5283237470	results/experiments/toolchain-environment/20260729T171551Z-toolchain-formal01/boots/repetition-03/lower/python312/lib/python3.12/site-packages/pip/_vendor/rich/__pycache__/_stack.cpython-312.pyc
f	644	1000	1000	10811	64	35973371	1785345611.8345852060	results/experiments/toolchain-environment/20260729T171551Z-toolchain-formal01/boots/repetition-03/lower/python310/lib/python3.10/site-packages/pip/_vendor/urllib3/_collections.py
f	644	1000	1000	10813	64	35974609	1785345628.0589932140	results/experiments/toolchain-environment/20260729T171551Z-toolchain-formal01/boots/repetition-03/lower/python310/lib/python3.10/site-packages/pip/_vendor/urllib3/util/__pycache__/url.cpython-310.pyc
f	644	1000	1000	10817	64	35972381	1785345607.3953726390	results/experiments/toolchain-environment/20260729T171551Z-toolchain-formal01/boots/repetition-03/lower/python310/lib/python3.10/site-packages/pip/_internal/cli/parser.py
f	644	1000	1000	10820	64	35972889	1785345609.7788967980	results/experiments/toolchain-environment/20260729T171551Z-toolchain-formal01/boots/repetition-03/lower/python310/lib/python3.10/site-packages/pip/_vendor/distlib/resources.py
f	644	1000	1000	10820	64	35975241	1785345634.5514012500	results/experiments/toolchain-environment/20260729T171551Z-toolchain-formal01/boots/repetition-03/lower/python312/lib/python3.12/site-packages/pip/_vendor/distlib/resources.py
f	644	1000	1000	10823	64	35974537	1785345627.1568780950	results/experiments/toolchain-environment/20260729T171551Z-toolchain-formal01/boots/repetition-03/lower/python310/lib/python3.10/site-packages/pip/_vendor/urllib3/contrib/_securetransport/__pycache__/bindings.cpython-310.pyc
f	644	1000	1000	108287	64	35972981	1785345610.1597908730	results/experiments/toolchain-environment/20260729T171551Z-toolchain-formal01/boots/repetition-03/lower/python310/lib/python3.10/site-packages/pip/_vendor/pkg_resources/__init__.py
f	644	1000	1000	10834	64	35971645	1785345598.2595714700	results/experiments/toolchain-environment/20260729T171551Z-toolchain-formal01/boots/repetition-03/lower/python310/lib/python3.10/site-packages/setuptools/_distutils/tests/__pycache__/test_archive_util.cpython-310.pyc
f	644	1000	1000	108491	64	35970661	1785345592.8324714390	results/experiments/toolchain-environment/20260729T171551Z-toolchain-formal01/boots/repetition-03/lower/python310/lib/python3.10/site-packages/setuptools/_vendor/backports/tarfile/__init__.py
f	644	1000	1000	10870	64	35971921	1785345601.8932799660	results/experiments/toolchain-environment/20260729T171551Z-toolchain-formal01/boots/repetition-03/lower/python310/lib/python3.10/site-packages/setuptools/_vendor/platformdirs/__pycache__/unix.cpython-310.pyc
f	644	1000	1000	10888	64	35976963	1785345653.2225854320	results/experiments/toolchain-environment/20260729T171551Z-toolchain-formal01/boots/repetition-03/lower/python312/lib/python3.12/site-packages/pip/_vendor/urllib3/util/__pycache__/ssltransport.cpython-312.pyc
f	644	1000	1000	1089	64	35970829	1785345593.4894835490	results/experiments/toolchain-environment/20260729T171551Z-toolchain-formal01/boots/repetition-03/lower/python310/lib/python3.10/site-packages/setuptools/_vendor/platformdirs-4.2.2.dist-info/licenses/LICENSE
f	644	1000	1000	10927	64	35973121	1785345610.7964555410	results/experiments/toolchain-environment/20260729T171551Z-toolchain-formal01/boots/repetition-03/lower/python310/lib/python3.10/site-packages/pip/_vendor/pyproject_hooks/_in_process/_in_process.py
f	644	1000	1000	10927	64	35975451	1785345635.4062078540	results/experiments/toolchain-environment/20260729T171551Z-toolchain-formal01/boots/repetition-03/lower/python312/lib/python3.12/site-packages/pip/_vendor/pyproject_hooks/_in_process/_in_process.py
f	644	1000	1000	1093	64	35973469	1785345612.2968296970	results/experiments/toolchain-environment/20260729T171551Z-toolchain-formal01/boots/repetition-03/lower/python310/lib/python3.10/site-packages/pip-23.0.1.dist-info/LICENSE.txt
f	644	1000	1000	1093	64	35974697	1785345632.4890730250	results/experiments/toolchain-environment/20260729T171551Z-toolchain-formal01/boots/repetition-03/lower/python312/lib/python3.12/site-packages/pip-24.0.dist-info/LICENSE.txt
f	644	1000	1000	109364	64	35975313	1785345634.8412461560	results/experiments/toolchain-environment/20260729T171551Z-toolchain-formal01/boots/repetition-03/lower/python312/lib/python3.12/site-packages/pip/_vendor/pkg_resources/__init__.py
f	644	1000	1000	1097	64	35973805	1785345616.4351698150	results/experiments/toolchain-environment/20260729T171551Z-toolchain-formal01/boots/repetition-03/lower/python310/lib/python3.10/site-packages/pip/_internal/utils/__pycache__/inject_securetransport.cpython-310.pyc
f	644	1000	1000	10974	64	35974519	1785345626.9371018400	results/experiments/toolchain-environment/20260729T171551Z-toolchain-formal01/boots/repetition-03/lower/python310/lib/python3.10/site-packages/pip/_vendor/urllib3/__pycache__/_collections.cpython-310.pyc
f	644	1000	1000	10990	64	35972257	1785345606.1819529780	results/experiments/toolchain-environment/20260729T171551Z-toolchain-formal01/boots/repetition-03/lower/python310/lib/python3.10/site-packages/setuptools/tests/__pycache__/test_build_py.cpython-310.pyc
f	644	1000	1000	11009	64	35971621	1785345597.8655642070	results/experiments/toolchain-environment/20260729T171551Z-toolchain-formal01/boots/repetition-03/lower/python310/lib/python3.10/site-packages/setuptools/_distutils/__pycache__/fancy_getopt.cpython-310.pyc
f	644	1000	1000	11011	64	35971701	1785345599.1853976050	results/experiments/toolchain-environment/20260729T171551Z-toolchain-formal01/boots/repetition-03/lower/python310/lib/python3.10/site-packages/setuptools/_distutils/tests/__pycache__/test_sysconfig.cpython-310.pyc
f	644	1000	1000	1102	64	35970699	1785345592.9755011400	results/experiments/toolchain-environment/20260729T171551Z-toolchain-formal01/boots/repetition-03/lower/python310/lib/python3.10/site-packages/setuptools/_vendor/importlib_metadata/compat/py39.py
f	644	1000	1000	11036	64	35973397	1785345611.9528239360	results/experiments/toolchain-environment/20260729T171551Z-toolchain-formal01/boots/repetition-03/lower/python310/lib/python3.10/site-packages/pip/_vendor/urllib3/contrib/appengine.py
f	644	1000	1000	11036	64	35975747	1785345636.9446391150	results/experiments/toolchain-environment/20260729T171551Z-toolchain-formal01/boots/repetition-03/lower/python312/lib/python3.12/site-packages/pip/_vendor/urllib3/contrib/appengine.py
f	644	1000	1000	11045	64	35976739	1785345650.0545269450	results/experiments/toolchain-environment/20260729T171551Z-toolchain-formal01/boots/repetition-03/lower/python312/lib/python3.12/site-packages/pip/_vendor/rich/__pycache__/control.cpython-312.pyc
f	644	1000	1000	1105	64	35974287	1785345623.3996926780	results/experiments/toolchain-environment/20260729T171551Z-toolchain-formal01/boots/repetition-03/lower/python310/lib/python3.10/site-packages/pip/_vendor/requests/__pycache__/hooks.cpython-310.pyc
f	644	1000	1000	1107	64	35970883	1785345593.7583163000	results/experiments/toolchain-environment/20260729T171551Z-toolchain-formal01/boots/repetition-03/lower/python310/lib/python3.10/site-packages/setuptools/_vendor/wheel/bdist_wheel.py
f	644	1000	1000	1107	64	35971445	1785345595.7705255910	results/experiments/toolchain-environment/20260729T171551Z-toolchain-formal01/boots/repetition-03/lower/python310/lib/python3.10/site-packages/setuptools/_vendor/wheel-0.45.1.dist-info/LICENSE.txt
f	644	1000	1000	11105	64	35974551	1785345627.3916159220	results/experiments/toolchain-environment/20260729T171551Z-toolchain-formal01/boots/repetition-03/lower/python310/lib/python3.10/site-packages/pip/_vendor/urllib3/__pycache__/exceptions.cpython-310.pyc
f	644	1000	1000	111130	64	35975719	1785345636.8292828420	results/experiments/toolchain-environment/20260729T171551Z-toolchain-formal01/boots/repetition-03/lower/python312/lib/python3.12/site-packages/pip/_vendor/typing_extensions.py
f	644	1000	1000	11128	64	35972847	1785345609.5196891140	results/experiments/toolchain-environment/20260729T171551Z-toolchain-formal01/boots/repetition-03/lower/python310/lib/python3.10/site-packages/pip/_vendor/colorama/ansitowin32.py
f	644	1000	1000	11128	64	35975199	1785345634.3552371880	results/experiments/toolchain-environment/20260729T171551Z-toolchain-formal01/boots/repetition-03/lower/python312/lib/python3.12/site-packages/pip/_vendor/colorama/ansitowin32.py
f	644	1000	1000	1113	64	35972285	1785345606.5862843280	results/experiments/toolchain-environment/20260729T171551Z-toolchain-formal01/boots/repetition-03/lower/python310/lib/python3.10/site-packages/setuptools/tests/__pycache__/test_glob.cpython-310.pyc
f	644	1000	1000	11139	64	35973589	1785345613.6847592090	results/experiments/toolchain-environment/20260729T171551Z-toolchain-formal01/boots/repetition-03/lower/python310/lib/python3.10/site-packages/pip/_internal/locations/__pycache__/__init__.cpython-310.pyc
f	644	1000	1000	11147	64	35974037	1785345619.8552572830	results/experiments/toolchain-environment/20260729T171551Z-toolchain-formal01/boots/repetition-03/lower/python310/lib/python3.10/site-packages/pip/_vendor/distlib/__pycache__/resources.cpython-310.pyc
f	644	1000	1000	1115	64	35972635	1785345608.4523419090	results/experiments/toolchain-environment/20260729T171551Z-toolchain-formal01/boots/repetition-03/lower/python310/lib/python3.10/site-packages/pip/_internal/utils/distutils_args.py
f	644	1000	1000	11155	64	35970449	1785345592.0704573960	results/experiments/toolchain-environment/20260729T171551Z-toolchain-formal01/boots/repetition-03/lower/python310/lib/python3.10/site-packages/setuptools/_distutils/extension.py
f	644	1000	1000	11162	64	35976555	1785345647.5214801850	results/experiments/toolchain-environment/20260729T171551Z-toolchain-formal01/boots/repetition-03/lower/python312/lib/python3.12/site-packages/pip/_vendor/pygments/__pycache__/sphinxext.cpython-312.pyc
f	644	1000	1000	11174	64	35973073	1785345610.5948188770	results/experiments/toolchain-environment/20260729T171551Z-toolchain-formal01/boots/repetition-03/lower/python310/lib/python3.10/site-packages/pip/_vendor/pygments/lexers/__init__.py
f	644	1000	1000	11207	64	35971507	1785345596.2456297130	results/experiments/toolchain-environment/20260729T171551Z-toolchain-formal01/boots/repetition-03/lower/python310/lib/python3.10/site-packages/setuptools/__pycache__/__init__.cpython-310.pyc
f	644	1000	1000	1121	64	35970853	1785345593.6264860740	results/experiments/toolchain-environment/20260729T171551Z-toolchain-formal01/boots/repetition-03/lower/python310/lib/python3.10/site-packages/setuptools/_vendor/typeguard/_exceptions.py
f	644	1000	1000	11217	64	35971837	1785345600.8006183110	results/experiments/toolchain-environment/20260729T171551Z-toolchain-formal01/boots/repetition-03/lower/python310/lib/python3.10/site-packages/setuptools/_vendor/jaraco/__pycache__/context.cpython-310.pyc
f	644	1000	1000	11219	64	35976153	1785345641.9023764680	results/experiments/toolchain-environment/20260729T171551Z-toolchain-formal01/boots/repetition-03/lower/python312/lib/python3.12/site-packages/pip/_internal/utils/__pycache__/unpacking.cpython-312.pyc
f	644	1000	1000	11222	64	35972213	1785345605.5888220970	results/experiments/toolchain-environment/20260729T171551Z-toolchain-formal01/boots/repetition-03/lower/python310/lib/python3.10/site-packages/setuptools/tests/config/__pycache__/test_pyprojecttoml.cpython-310.pyc
f	644	1000	1000	11233	64	35971601	1785345597.5226842350	results/experiments/toolchain-environment/20260729T171551Z-toolchain-formal01/boots/repetition-03/lower/python310/lib/python3.10/site-packages/setuptools/_distutils/compilers/C/__pycache__/unix.cpython-310.pyc
f	644	1000	1000	11255	64	35976965	1785345653.2575860790	results/experiments/toolchain-environment/20260729T171551Z-toolchain-formal01/boots/repetition-03/lower/python312/lib/python3.12/site-packages/pip/_vendor/urllib3/util/__pycache__/timeout.cpython-312.pyc
f	644	1000	1000	11260	64	35971599	1785345597.4872822500	results/experiments/toolchain-environment/20260729T171551Z-toolchain-formal01/boots/repetition-03/lower/python310/lib/python3.10/site-packages/setuptools/_distutils/compilers/C/tests/__pycache__/test_unix.cpython-310.pyc
f	644	1000	1000	11294	64	35975961	1785345639.2353063800	results/experiments/toolchain-environment/20260729T171551Z-toolchain-formal01/boots/repetition-03/lower/python312/lib/python3.12/site-packages/pip/_internal/metadata/importlib/__pycache__/_envs.cpython-312.pyc
f	644	1000	1000	1130	64	35971417	1785345595.6635236180	results/experiments/toolchain-environment/20260729T171551Z-toolchain-formal01/boots/repetition-03/lower/python310/lib/python3.10/site-packages/setuptools/_vendor/typeguard-4.3.0.dist-info/LICENSE
f	644	1000	1000	1130	64	35971573	1785345597.0996298520	results/experiments/toolchain-environment/20260729T171551Z-toolchain-formal01/boots/repetition-03/lower/python310/lib/python3.10/site-packages/setuptools/_distutils/compat/__pycache__/__init__.cpython-310.pyc
f	644	1000	1000	1130	64	35975715	1785345636.7852820300	results/experiments/toolchain-environment/20260729T171551Z-toolchain-formal01/boots/repetition-03/lower/python312/lib/python3.12/site-packages/pip/_vendor/truststore/_ssl_constants.py
f	644	1000	1000	11303	64	35973293	1785345611.5185160880	results/experiments/toolchain-environment/20260729T171551Z-toolchain-formal01/boots/repetition-03/lower/python310/lib/python3.10/site-packages/pip/_vendor/rich/prompt.py
f	644	1000	1000	11303	64	35975629	1785345636.3582741500	results/experiments/toolchain-environment/20260729T171551Z-toolchain-formal01/boots/repetition-03/lower/python312/lib/python3.12/site-packages/pip/_vendor/rich/prompt.py
f	644	1000	1000	11313	64	35975971	1785345639.3773298660	results/experiments/toolchain-environment/20260729T171551Z-toolchain-formal01/boots/repetition-03/lower/python312/lib/python3.12/site-packages/pip/_internal/models/__pycache__/direct_url.cpython-312.pyc
f	644	1000	1000	1132	64	35972411	1785345607.5417259080	results/experiments/toolchain-environment/20260729T171551Z-toolchain-formal01/boots/repetition-03/lower/python310/lib/python3.10/site-packages/pip/_internal/commands/help.py
f	644	1000	1000	1132	64	35972947	1785345610.0183745540	results/experiments/toolchain-environment/20260729T171551Z-toolchain-formal01/boots/repetition-03/lower/python310/lib/python3.10/site-packages/pip/_vendor/msgpack/__init__.py
f	644	1000	1000	1132	64	35974771	1785345632.7403901150	results/experiments/toolchain-environment/20260729T171551Z-toolchain-formal01/boots/repetition-03/lower/python312/lib/python3.12/site-packages/pip/_internal/commands/help.py
f	644	1000	1000	1132	64	35975279	1785345634.6995049390	results/experiments/toolchain-environment/20260729T171551Z-toolchain-formal01/boots/repetition-03/lower/python312/lib/python3.12/site-packages/pip/_vendor/msgpack/__init__.py
f	644	1000	1000	11323	64	35973561	1785345613.3579187450	results/experiments/toolchain-environment/20260729T171551Z-toolchain-formal01/boots/repetition-03/lower/python310/lib/python3.10/site-packages/pip/_internal/__pycache__/configuration.cpython-310.pyc
f	644	1000	1000	11343	64	35971697	1785345599.1046929210	results/experiments/toolchain-environment/20260729T171551Z-toolchain-formal01/boots/repetition-03/lower/python310/lib/python3.10/site-packages/setuptools/_distutils/tests/__pycache__/test_sdist.cpython-310.pyc
f	644	1000	1000	11358	64	35971271	1785345595.1256937300	results/experiments/toolchain-environment/20260729T171551Z-toolchain-formal01/boots/repetition-03/lower/python310/lib/python3.10/site-packages/setuptools/_vendor/importlib_metadata-8.0.0.dist-info/LICENSE
f	644	1000	1000	11372	64	35975725	1785345636.8462831560	results/experiments/toolchain-environment/20260729T171551Z-toolchain-formal01/boots/repetition-03/lower/python312/lib/python3.12/site-packages/pip/_vendor/urllib3/_collections.py
f	644	1000	1000	1139	64	35973635	1785345614.3082684830	results/experiments/toolchain-environment/20260729T171551Z-toolchain-formal01/boots/repetition-03/lower/python310/lib/python3.10/site-packages/pip/_internal/models/__pycache__/scheme.cpython-310.pyc
f	644	1000	1000	113909	64	35976733	1785345649.9685253580	results/experiments/toolchain-environment/20260729T171551Z-toolchain-formal01/boots/repetition-03/lower/python312/lib/python3.12/site-packages/pip/_vendor/rich/__pycache__/console.cpython-312.pyc
f	644	1000	1000	11410	64	35974433	1785345625.7364341290	results/experiments/toolchain-environment/20260729T171551Z-toolchain-formal01/boots/repetition-03/lower/python310/lib/python3.10/site-packages/pip/_vendor/rich/__pycache__/prompt.cpython-310.pyc
f	644	1000	1000	11420	64	35974591	1785345627.9283004560	results/experiments/toolchain-environment/20260729T171551Z-toolchain-formal01/boots/repetition-03/lower/python310/lib/python3.10/site-packages/pip/_vendor/urllib3/util/__pycache__/ssl_.cpython-310.pyc
f	644	1000	1000	11429	64	35971391	1785345595.5765220150	results/experiments/toolchain-environment/20260729T171551Z-toolchain-formal01/boots/repetition-03/lower/python310/lib/python3.10/site-packages/setuptools/_vendor/platformdirs-4.2.2.dist-info/METADATA
f	644	1000	1000	11488	64	35972961	1785345610.0747893050	results/experiments/toolchain-environment/20260729T171551Z-toolchain-formal01/boots/repetition-03/lower/python310/lib/python3.10/site-packages/pip/_vendor/packaging/_manylinux.py
f	644	1000	1000	11488	64	35975293	1785345634.7650907090	results/experiments/toolchain-environment/20260729T171551Z-toolchain-formal01/boots/repetition-03/lower/python312/lib/python3.12/site-packages/pip/_vendor/packaging/_manylinux.py
f	644	1000	1000	11500	64	35974255	1785345622.9333943310	results/experiments/toolchain-environment/20260729T171551Z-toolchain-formal01/boots/repetition-03/lower/python310/lib/python3.10/site-packages/pip/_vendor/pyproject_hooks/__pycache__/_impl.cpython-310.pyc
f	644	1000	1000	1153	64	35971769	1785345599.8646199460	results/experiments/toolchain-environment/20260729T171551Z-toolchain-formal01/boots/repetition-03/lower/python310/lib/python3.10/site-packages/setuptools/_vendor/autocommand/__pycache__/autocommand.cpython-310.pyc
f	644	1000	1000	11533	64	35972615	1785345608.3683984650	results/experiments/toolchain-environment/20260729T171551Z-toolchain-formal01/boots/repetition-03/lower/python310/lib/python3.10/site-packages/pip/_internal/resolution/resolvelib/resolver.py
f	644	1000	1000	11543	64	35976099	1785345641.1272709540	results/experiments/toolchain-environment/20260729T171551Z-toolchain-formal01/boots/repetition-03/lower/python312/lib/python3.12/site-packages/pip/_internal/resolution/resolvelib/__pycache__/requirements.cpython-312.pyc
f	644	1000	1000	1155	64	35973429	1785345612.1008810210	results/experiments/toolchain-environment/20260729T171551Z-toolchain-formal01/boots/repetition-03/lower/python310/lib/python3.10/site-packages/pip/_vendor/urllib3/util/__init__.py
f	644	1000	1000	1155	64	35975785	1785345637.1185791630	results/experiments/toolchain-environment/20260729T171551Z-toolchain-formal01/boots/repetition-03/lower/python312/lib/python3.12/site-packages/pip/_vendor/urllib3/util/__init__.py
f	644	1000	1000	11555	64	35976823	1785345651.3106622450	results/experiments/toolchain-environment/20260729T171551Z-toolchain-formal01/boots/repetition-03/lower/python312/lib/python3.12/site-packages/pip/_vendor/rich/__pycache__/tree.cpython-312.pyc
f	644	1000	1000	115811	64	35971483	1785345595.9705292770	results/experiments/toolchain-environment/20260729T171551Z-toolchain-formal01/boots/repetition-03/lower/python310/lib/python3.10/site-packages/pkg_resources/__pycache__/__init__.cpython-310.pyc
f	644	1000	1000	1159	64	35973721	1785345615.5099490360	results/experiments/toolchain-environment/20260729T171551Z-toolchain-formal01/boots/repetition-03/lower/python310/lib/python3.10/site-packages/pip/_internal/resolution/__pycache__/base.cpython-310.pyc
f	644	1000	1000	116	64	35972389	1785345607.4369316310	results/experiments/toolchain-environment/20260729T171551Z-toolchain-formal01/boots/repetition-03/lower/python310/lib/python3.10/site-packages/pip/_internal/cli/status_codes.py
f	644	1000	1000	116	64	35974749	1785345632.6582058740	results/experiments/toolchain-environment/20260729T171551Z-toolchain-formal01/boots/repetition-03/lower/python312/lib/python3.12/site-packages/pip/_internal/cli/status_codes.py
f	644	1000	1000	11603	64	35975011	1785345633.6229402730	results/experiments/toolchain-environment/20260729T171551Z-toolchain-formal01/boots/repetition-03/lower/python312/lib/python3.12/site-packages/pip/_internal/utils/logging.py
f	644	1000	1000	11611	64	35974039	1785345619.8841803520	results/experiments/toolchain-environment/20260729T171551Z-toolchain-formal01/boots/repetition-03/lower/python310/lib/python3.10/site-packages/pip/_vendor/distlib/__pycache__/scripts.cpython-310.pyc
f	644	1000	1000	1162	64	35972329	1785345607.1606351960	results/experiments/toolchain-environment/20260729T171551Z-toolchain-formal01/boots/repetition-03/lower/python310/lib/python3.10/site-packages/setuptools/__pycache__/windows_support.cpython-310.pyc
f	644	1000	1000	11632	64	35972653	1785345608.5229194160	results/experiments/toolchain-environment/20260729T171551Z-toolchain-formal01/boots/repetition-03/lower/python310/lib/python3.10/site-packages/pip/_internal/utils/logging.py
f	644	1000	1000	1164	64	35972439	1785345607.6699646000	results/experiments/toolchain-environment/20260729T171551Z-toolchain-formal01/boots/repetition-03/lower/python310/lib/python3.10/site-packages/pip/_internal/distributions/wheel.py
f	644	1000	1000	11642	64	35970651	1785345592.8014708680	results/experiments/toolchain-environment/20260729T171551Z-toolchain-formal01/boots/repetition-03/lower/python310/lib/python3.10/site-packages/setuptools/_vendor/autocommand/autoparse.py
f	644	1000	1000	1166	64	35971977	1785345602.7534971170	results/experiments/toolchain-environment/20260729T171551Z-toolchain-formal01/boots/repetition-03/lower/python310/lib/python3.10/site-packages/setuptools/_vendor/wheel/__pycache__/_setuptools_logging.cpython-310.pyc
f	644	1000	1000	1167	64	35973781	1785345616.2011010980	results/experiments/toolchain-environment/20260729T171551Z-toolchain-formal01/boots/repetition-03/lower/python310/lib/python3.10/site-packages/pip/_internal/utils/__pycache__/distutils_args.cpython-310.pyc
f	644	1000	1000	1168	64	35976637	1785345648.6442194510	results/experiments/toolchain-environment/20260729T171551Z-toolchain-formal01/boots/repetition-03/lower/python312/lib/python3.12/site-packages/pip/_vendor/requests/__pycache__/hooks.cpython-312.pyc
f	644	1000	1000	11680	64	35976903	1785345652.3411792340	results/experiments/toolchain-environment/20260729T171551Z-toolchain-formal01/boots/repetition-03/lower/python312/lib/python3.12/site-packages/pip/_vendor/urllib3/contrib/__pycache__/appengine.cpython-312.pyc
f	644	1000	1000	1169	64	35971815	1785345600.4876125410	results/experiments/toolchain-environment/20260729T171551Z-toolchain-formal01/boots/repetition-03/lower/python310/lib/python3.10/site-packages/setuptools/_vendor/importlib_metadata/compat/__pycache__/py311.cpython-310.pyc
f	644	1000	1000	1169	64	35972639	1785345608.4690258570	results/experiments/toolchain-environment/20260729T171551Z-toolchain-formal01/boots/repetition-03/lower/python310/lib/python3.10/site-packages/pip/_internal/utils/encoding.py
f	644	1000	1000	1169	64	35974999	1785345633.5761116780	results/experiments/toolchain-environment/20260729T171551Z-toolchain-formal01/boots/repetition-03/lower/python312/lib/python3.12/site-packages/pip/_internal/utils/encoding.py
f	644	1000	1000	11712	64	35974005	1785345619.3093287310	results/experiments/toolchain-environment/20260729T171551Z-toolchain-formal01/boots/repetition-03/lower/python310/lib/python3.10/site-packages/pip/_vendor/colorama/tests/__pycache__/ansitowin32_test.cpython-310.pyc
f	644	1000	1000	11729	64	35972685	1785345608.6375276070	results/experiments/toolchain-environment/20260729T171551Z-toolchain-formal01/boots/repetition-03/lower/python310/lib/python3.10/site-packages/pip/_internal/vcs/subversion.py
f	644	1000	1000	11729	64	35975043	1785345633.7434589280	results/experiments/toolchain-environment/20260729T171551Z-toolchain-formal01/boots/repetition-03/lower/python312/lib/python3.12/site-packages/pip/_internal/vcs/subversion.py
f	644	1000	1000	1173	64	35974021	1785345619.5476628410	results/experiments/toolchain-environment/20260729T171551Z-toolchain-formal01/boots/repetition-03/lower/python310/lib/python3.10/site-packages/pip/_vendor/distlib/__pycache__/__init__.cpython-310.pyc
f	644	1000	1000	11735	64	35974409	1785345625.2405626260	results/experiments/toolchain-environment/20260729T171551Z-toolchain-formal01/boots/repetition-03/lower/python310/lib/python3.10/site-packages/pip/_vendor/rich/__pycache__/live.cpython-310.pyc
f	644	1000	1000	1174	64	35972243	1785345605.9874033660	results/experiments/toolchain-environment/20260729T171551Z-toolchain-formal01/boots/repetition-03/lower/python310/lib/python3.10/site-packages/setuptools/tests/__pycache__/test_bdist_deprecations.cpython-310.pyc
f	644	1000	1000	1175	64	35974583	1785345627.8018572580	results/experiments/toolchain-environment/20260729T171551Z-toolchain-formal01/boots/repetition-03/lower/python310/lib/python3.10/site-packages/pip/_vendor/urllib3/util/__pycache__/queue.cpython-310.pyc
f	644	1000	1000	11753	64	35973069	1785345610.5687984150	results/experiments/toolchain-environment/20260729T171551Z-toolchain-formal01/boots/repetition-03/lower/python310/lib/python3.10/site-packages/pip/_vendor/pygments/formatters/terminal256.py
f	644	1000	1000	11753	64	35975379	1785345635.1215112930	results/experiments/toolchain-environment/20260729T171551Z-toolchain-formal01/boots/repetition-03/lower/python312/lib/python3.12/site-packages/pip/_vendor/pygments/formatters/terminal256.py
f	644	1000	1000	1176	64	35972989	1785345610.1857599970	results/experiments/toolchain-environment/20260729T171551Z-toolchain-formal01/boots/repetition-03/lower/python310/lib/python3.10/site-packages/pip/_vendor/platformdirs/__main__.py
f	644	1000	1000	11776	64	35970357	1785345591.7622167770	results/experiments/toolchain-environment/20260729T171551Z-toolchain-formal01/boots/repetition-03/lower/python310/lib/python3.10/site-packages/setuptools/cli-32.exe
f	644	1000	1000	11776	64	35970363	1785345591.7812222130	results/experiments/toolchain-environment/20260729T171551Z-toolchain-formal01/boots/repetition-03/lower/python310/lib/python3.10/site-packages/setuptools/cli.exe
f	644	1000	1000	11776	64	35970377	1785345591.8314586120	results/experiments/toolchain-environment/20260729T171551Z-toolchain-formal01/boots/repetition-03/lower/python310/lib/python3.10/site-packages/setuptools/gui-32.exe
f	644	1000	1000	11776	64	35970383	1785345591.8516525160	results/experiments/toolchain-environment/20260729T171551Z-toolchain-formal01/boots/repetition-03/lower/python310/lib/python3.10/site-packages/setuptools/gui.exe
f	644	1000	1000	11777	64	35976001	1785345639.8906941580	results/experiments/toolchain-environment/20260729T171551Z-toolchain-formal01/boots/repetition-03/lower/python312/lib/python3.12/site-packages/pip/_internal/network/__pycache__/lazy_wheel.cpython-312.pyc
f	644	1000	1000	11787	64	35970559	1785345592.4681997770	results/experiments/toolchain-environment/20260729T171551Z-toolchain-formal01/boots/repetition-03/lower/python310/lib/python3.10/site-packages/setuptools/_distutils/tests/test_archive_util.py
f	644	1000	1000	11801	64	35975047	1785345633.7586090680	results/experiments/toolchain-environment/20260729T171551Z-toolchain-formal01/boots/repetition-03/lower/python312/lib/python3.12/site-packages/pip/_internal/wheel_builder.py
f	644	1000	1000	11813	64	35971055	1785345594.3745829460	results/experiments/toolchain-environment/20260729T171551Z-toolchain-formal01/boots/repetition-03/lower/python310/lib/python3.10/site-packages/setuptools/config/_validate_pyproject/error_reporting.py
f	644	1000	1000	11844	64	35970531	1785345592.3572536500	results/experiments/toolchain-environment/20260729T171551Z-toolchain-formal01/boots/repetition-03/lower/python310/lib/python3.10/site-packages/setuptools/_distutils/compilers/C/cygwin.py
f	644	1000	1000	11863	64	35976367	1785345644.5004244200	results/experiments/toolchain-environment/20260729T171551Z-toolchain-formal01/boots/repetition-03/lower/python312/lib/python3.12/site-packages/pip/_vendor/colorama/tests/__pycache__/initialise_test.cpython-312.pyc
f	644	1000	1000	119	64	35970747	1785345593.1664775950	results/experiments/toolchain-environment/20260729T171551Z-toolchain-formal01/boots/repetition-03/lower/python310/lib/python3.10/site-packages/setuptools/_vendor/jaraco/text/to-dvorak.py
f	644	1000	1000	119	64	35970749	1785345593.1794778350	results/experiments/toolchain-environment/20260729T171551Z-toolchain-formal01/boots/repetition-03/lower/python310/lib/python3.10/site-packages/setuptools/_vendor/jaraco/text/to-qwerty.py
f	644	1000	1000	11903	64	35973273	1785345611.4309259510	results/experiments/toolchain-environment/20260729T171551Z-toolchain-formal01/boots/repetition-03/lower/python310/lib/python3.10/site-packages/pip/_vendor/rich/logging.py
f	644	1000	1000	11903	64	35975609	1785345636.2575059980	results/experiments/toolchain-environment/20260729T171551Z-toolchain-formal01/boots/repetition-03/lower/python312/lib/python3.12/site-packages/pip/_vendor/rich/logging.py
f	644	1000	1000	11920	64	35973115	1785345610.7767974660	results/experiments/toolchain-environment/20260729T171551Z-toolchain-formal01/boots/repetition-03/lower/python310/lib/python3.10/site-packages/pip/_vendor/pyproject_hooks/_impl.py
f	644	1000	1000	11920	64	35975445	1785345635.3871350000	results/experiments/toolchain-environment/20260729T171551Z-toolchain-formal01/boots/repetition-03/lower/python312/lib/python3.12/site-packages/pip/_vendor/pyproject_hooks/_impl.py
f	644	1000	1000	1193	64	35972657	1785345608.5390670810	results/experiments/toolchain-environment/20260729T171551Z-toolchain-formal01/boots/repetition-03/lower/python310/lib/python3.10/site-packages/pip/_internal/utils/models.py
f	644	1000	1000	1193	64	35975015	1785345633.6403770330	results/experiments/toolchain-environment/20260729T171551Z-toolchain-formal01/boots/repetition-03/lower/python312/lib/python3.12/site-packages/pip/_internal/utils/models.py
f	644	1000	1000	1196	64	35976605	1785345648.2464227310	results/experiments/toolchain-environment/20260729T171551Z-toolchain-formal01/boots/repetition-03/lower/python312/lib/python3.12/site-packages/pip/_vendor/pyproject_hooks/_in_process/__pycache__/__init__.cpython-312.pyc
f	644	1000	1000	11974	64	35976723	1785345649.8112501580	results/experiments/toolchain-environment/20260729T171551Z-toolchain-formal01/boots/repetition-03/lower/python312/lib/python3.12/site-packages/pip/_vendor/rich/__pycache__/box.cpython-312.pyc
f	644	1000	1000	11978	64	35970333	1785345591.6863366520	results/experiments/toolchain-environment/20260729T171551Z-toolchain-formal01/boots/repetition-03/lower/python310/lib/python3.10/site-packages/setuptools/_core_metadata.py
f	644	1000	1000	1198	64	35972339	1785345607.2258557520	results/experiments/toolchain-environment/20260729T171551Z-toolchain-formal01/boots/repetition-03/lower/python310/lib/python3.10/site-packages/pip/__main__.py
f	644	1000	1000	11986	64	35970619	1785345592.6894688040	results/experiments/toolchain-environment/20260729T171551Z-toolchain-formal01/boots/repetition-03/lower/python310/lib/python3.10/site-packages/setuptools/_distutils/tests/test_sysconfig.py
f	644	1000	1000	12	64	35971249	1785345595.0456729710	results/experiments/toolchain-environment/20260729T171551Z-toolchain-formal01/boots/repetition-03/lower/python310/lib/python3.10/site-packages/setuptools/_vendor/autocommand-2.2.2.dist-info/top_level.txt
f	644	1000	1000	1200	64	35970457	1785345592.1010976260	results/experiments/toolchain-environment/20260729T171551Z-toolchain-formal01/boots/repetition-03/lower/python310/lib/python3.10/site-packages/setuptools/_distutils/log.py
f	644	1000	1000	12095	64	35973649	1785345614.4893675030	results/experiments/toolchain-environment/20260729T171551Z-toolchain-formal01/boots/repetition-03/lower/python310/lib/python3.10/site-packages/pip/_internal/network/__pycache__/auth.cpython-310.pyc
f	644	1000	1000	12101	64	35970463	1785345592.1216745880	results/experiments/toolchain-environment/20260729T171551Z-toolchain-formal01/boots/repetition-03/lower/python310/lib/python3.10/site-packages/setuptools/_distutils/text_file.py
f	644	1000	1000	12117	64	35976973	1785345653.3825883870	results/experiments/toolchain-environment/20260729T171551Z-toolchain-formal01/boots/repetition-03/lower/python312/lib/python3.12/site-packages/pip/_vendor/webencodings/__pycache__/__init__.cpython-312.pyc
f	644	1000	1000	12130	64	35975385	1785345635.1462517840	results/experiments/toolchain-environment/20260729T171551Z-toolchain-formal01/boots/repetition-03/lower/python312/lib/python3.12/site-packages/pip/_vendor/pygments/lexers/__init__.py
f	644	1000	1000	1215	64	35976871	1785345651.9173187680	results/experiments/toolchain-environment/20260729T171551Z-toolchain-formal01/boots/repetition-03/lower/python312/lib/python3.12/site-packages/pip/_vendor/truststore/__pycache__/_ssl_constants.cpython-312.pyc
f	644	1000	1000	12159	64	35972131	1785345604.7396909300	results/experiments/toolchain-environment/20260729T171551Z-toolchain-formal01/boots/repetition-03/lower/python310/lib/python3.10/site-packages/setuptools/config/_validate_pyproject/__pycache__/error_reporting.cpython-310.pyc
f	644	1000	1000	12173	64	35973921	1785345617.9623841080	results/experiments/toolchain-environment/20260729T171551Z-toolchain-formal01/boots/repetition-03/lower/python310/lib/python3.10/site-packages/pip/_vendor/chardet/__pycache__/euckrfreq.cpython-310.pyc
f	644	1000	1000	12173	64	35976151	1785345641.8713758950	results/experiments/toolchain-environment/20260729T171551Z-toolchain-formal01/boots/repetition-03/lower/python312/lib/python3.12/site-packages/pip/_internal/utils/__pycache__/temp_dir.cpython-312.pyc
f	644	1000	1000	12176	64	35972763	1785345608.9840602570	results/experiments/toolchain-environment/20260729T171551Z-toolchain-formal01/boots/repetition-03/lower/python310/lib/python3.10/site-packages/pip/_vendor/chardet/escsm.py
f	644	1000	1000	12176	64	35975121	1785345634.0203065910	results/experiments/toolchain-environment/20260729T171551Z-toolchain-formal01/boots/repetition-03/lower/python312/lib/python3.12/site-packages/pip/_vendor/chardet/escsm.py
f	644	1000	1000	12191	64	35976449	1785345645.7084467180	results/experiments/toolchain-environment/20260729T171551Z-toolchain-formal01/boots/repetition-03/lower/python312/lib/python3.12/site-packages/pip/_vendor/packaging/__pycache__/_manylinux.cpython-312.pyc
f	644	1000	1000	12193	64	35976687	1785345649.3015130440	results/experiments/toolchain-environment/20260729T171551Z-toolchain-formal01/boots/repetition-03/lower/python312/lib/python3.12/site-packages/pip/_vendor/rich/__pycache__/_inspect.cpython-312.pyc
f	644	1000	1000	12197	64	35976269	1785345643.2094005910	results/experiments/toolchain-environment/20260729T171551Z-toolchain-formal01/boots/repetition-03/lower/python312/lib/python3.12/site-packages/pip/_vendor/chardet/__pycache__/euckrfreq.cpython-312.pyc
f	644	1000	1000	1220	64	35974489	1785345626.5623176070	results/experiments/toolchain-environment/20260729T171551Z-toolchain-formal01/boots/repetition-03/lower/python310/lib/python3.10/site-packages/pip/_vendor/tenacity/__pycache__/before.cpython-310.pyc
f	644	1000	1000	1220	64	35974577	1785345627.7049657100	results/experiments/toolchain-environment/20260729T171551Z-toolchain-formal01/boots/repetition-03/lower/python310/lib/python3.10/site-packages/pip/_vendor/urllib3/util/__pycache__/__init__.cpython-310.pyc
f	644	1000	1000	12208	64	35974243	1785345622.7725758490	results/experiments/toolchain-environment/20260729T171551Z-toolchain-formal01/boots/repetition-03/lower/python310/lib/python3.10/site-packages/pip/_vendor/pyparsing/__pycache__/testing.cpython-310.pyc
f	644	1000	1000	1221	64	35972433	1785345607.6411015910	results/experiments/toolchain-environment/20260729T171551Z-toolchain-formal01/boots/repetition-03/lower/python310/lib/python3.10/site-packages/pip/_internal/distributions/base.py
f	644	1000	1000	12213	64	35976777	1785345650.5965369510	results/experiments/toolchain-environment/20260729T171551Z-toolchain-formal01/boots/repetition-03/lower/python312/lib/python3.12/site-packages/pip/_vendor/rich/__pycache__/panel.cpython-312.pyc
f	644	1000	1000	122164	64	35976875	1785345651.9875626310	results/experiments/toolchain-environment/20260729T171551Z-toolchain-formal01/boots/repetition-03/lower/python312/lib/python3.12/site-packages/pip/_vendor/__pycache__/typing_extensions.cpython-312.pyc
f	644	1000	1000	123	64	35971171	1785345594.7865963330	results/experiments/toolchain-environment/20260729T171551Z-toolchain-formal01/boots/repetition-03/lower/python310/lib/python3.10/site-packages/setuptools/tests/text.py
f	644	1000	1000	12301	64	35974101	1785345620.8001871420	results/experiments/toolchain-environment/20260729T171551Z-toolchain-formal01/boots/repetition-03/lower/python310/lib/python3.10/site-packages/pip/_vendor/packaging/__pycache__/tags.cpython-310.pyc
f	644	1000	1000	12313	64	35971625	1785345597.9425656260	results/experiments/toolchain-environment/20260729T171551Z-toolchain-formal01/boots/repetition-03/lower/python310/lib/python3.10/site-packages/setuptools/_distutils/__pycache__/filelist.cpython-310.pyc
f	644	1000	1000	12343	64	35972419	1785345607.5819035130	results/experiments/toolchain-environment/20260729T171551Z-toolchain-formal01/boots/repetition-03/lower/python310/lib/python3.10/site-packages/pip/_internal/commands/list.py
f	644	1000	1000	1236	64	35973199	1785345611.1064209340	results/experiments/toolchain-environment/20260729T171551Z-toolchain-formal01/boots/repetition-03/lower/python310/lib/python3.10/site-packages/pip/_vendor/rich/_loop.py
f	644	1000	1000	1236	64	35975531	1785345635.8369761050	results/experiments/toolchain-environment/20260729T171551Z-toolchain-formal01/boots/repetition-03/lower/python312/lib/python3.12/site-packages/pip/_vendor/rich/_loop.py
f	644	1000	1000	12382	64	35974349	1785345624.2784686240	results/experiments/toolchain-environment/20260729T171551Z-toolchain-formal01/boots/repetition-03/lower/python310/lib/python3.10/site-packages/pip/_vendor/rich/__pycache__/_spinners.cpython-310.pyc
f	644	1000	1000	12384	64	35976341	1785345644.1632508200	results/experiments/toolchain-environment/20260729T171551Z-toolchain-formal01/boots/repetition-03/lower/python312/lib/python3.12/site-packages/pip/_vendor/chardet/__pycache__/universaldetector.cpython-312.pyc
f	644	1000	1000	124	64	35973475	1785345612.3182762490	results/experiments/toolchain-environment/20260729T171551Z-toolchain-formal01/boots/repetition-03/lower/python310/lib/python3.10/site-packages/pip-23.0.1.dist-info/entry_points.txt
f	644	1000	1000	1240	64	35970579	1785345592.5454661500	results/experiments/toolchain-environment/20260729T171551Z-toolchain-formal01/boots/repetition-03/lower/python310/lib/python3.10/site-packages/setuptools/_distutils/tests/test_clean.py
f	644	1000	1000	12406	64	35971191	1785345594.8552630610	results/experiments/toolchain-environment/20260729T171551Z-toolchain-formal01/boots/repetition-03/lower/python310/lib/python3.10/site-packages/setuptools/tests/config/test_pyprojecttoml.py
f	644	1000	1000	12438	64	35976717	1785345649.7265208900	results/experiments/toolchain-environment/20260729T171551Z-toolchain-formal01/boots/repetition-03/lower/python312/lib/python3.12/site-packages/pip/_vendor/rich/__pycache__/align.cpython-312.pyc
f	644	1000	1000	12465	64	35976101	1785345641.1603627730	results/experiments/toolchain-environment/20260729T171551Z-toolchain-formal01/boots/repetition-03/lower/python312/lib/python3.12/site-packages/pip/_internal/resolution/resolvelib/__pycache__/resolver.cpython-312.pyc
f	644	1000	1000	12484	64	35973707	1785345615.3170906080	results/experiments/toolchain-environment/20260729T171551Z-toolchain-formal01/boots/repetition-03/lower/python310/lib/python3.10/site-packages/pip/_internal/req/__pycache__/constructors.cpython-310.pyc
f	644	1000	1000	125	64	35974705	1785345632.5131395080	results/experiments/toolchain-environment/20260729T171551Z-toolchain-formal01/boots/repetition-03/lower/python312/lib/python3.12/site-packages/pip-24.0.dist-info/entry_points.txt
f	644	1000	1000	1250	64	35972001	1785345602.9696582980	results/experiments/toolchain-environment/20260729T171551Z-toolchain-formal01/boots/repetition-03/lower/python310/lib/python3.10/site-packages/setuptools/_vendor/wheel/cli/__pycache__/unpack.cpython-310.pyc
f	644	1000	1000	1251	64	35971849	1785345600.9374931000	results/experiments/toolchain-environment/20260729T171551Z-toolchain-formal01/boots/repetition-03/lower/python310/lib/python3.10/site-packages/setuptools/_vendor/jaraco/text/__pycache__/show-newlines.cpython-310.pyc
f	644	1000	1000	12529	64	35973657	1785345614.6247616230	results/experiments/toolchain-environment/20260729T171551Z-toolchain-formal01/boots/repetition-03/lower/python310/lib/python3.10/site-packages/pip/_internal/network/__pycache__/session.cpython-310.pyc
f	644	1000	1000	12529	64	35976849	1785345651.6555565020	results/experiments/toolchain-environment/20260729T171551Z-toolchain-formal01/boots/repetition-03/lower/python312/lib/python3.12/site-packages/pip/_vendor/tenacity/__pycache__/wait.cpython-312.pyc
f	644	1000	1000	12544	64	35971539	1785345596.6066437950	results/experiments/toolchain-environment/20260729T171551Z-toolchain-formal01/boots/repetition-03/lower/python310/lib/python3.10/site-packages/setuptools/_distutils/command/__pycache__/bdist_rpm.cpython-310.pyc
f	644	1000	1000	12547	64	35974779	1785345632.7729400730	results/experiments/toolchain-environment/20260729T171551Z-toolchain-formal01/boots/repetition-03/lower/python312/lib/python3.12/site-packages/pip/_internal/commands/list.py
f	644	1000	1000	12556	64	35976483	1785345646.2394565200	results/experiments/toolchain-environment/20260729T171551Z-toolchain-formal01/boots/repetition-03/lower/python312/lib/python3.12/site-packages/pip/_vendor/platformdirs/__pycache__/unix.cpython-312.pyc
f	644	1000	1000	1258	64	35973315	1785345611.6161647510	results/experiments/toolchain-environment/20260729T171551Z-toolchain-formal01/boots/repetition-03/lower/python310/lib/python3.10/site-packages/pip/_vendor/rich/styled.py
f	644	1000	1000	1258	64	35975651	1785345636.4733370810	results/experiments/toolchain-environment/20260729T171551Z-toolchain-formal01/boots/repetition-03/lower/python312/lib/python3.12/site-packages/pip/_vendor/rich/styled.py
f	644	1000	1000	1259	64	35971365	1785345595.4825202820	results/experiments/toolchain-environment/20260729T171551Z-toolchain-formal01/boots/repetition-03/lower/python310/lib/python3.10/site-packages/setuptools/_vendor/more_itertools-10.3.0.dist-info/RECORD
f	644	1000	1000	12592	64	35974973	1785345633.4800440100	results/experiments/toolchain-environment/20260729T171551Z-toolchain-formal01/boots/repetition-03/lower/python312/lib/python3.12/site-packages/pip/_internal/resolution/resolvelib/resolver.py
f	644	1000	1000	12595	64	35970277	1785345591.4803071690	results/experiments/toolchain-environment/20260729T171551Z-toolchain-formal01/boots/repetition-03/lower/python310/lib/python3.10/site-packages/pkg_resources/api_tests.txt
f	644	1000	1000	12598	64	35976171	1785345642.1414684630	results/experiments/toolchain-environment/20260729T171551Z-toolchain-formal01/boots/repetition-03/lower/python312/lib/python3.12/site-packages/pip/_internal/vcs/__pycache__/subversion.cpython-312.pyc
f	644	1000	1000	1261	64	35970389	1785345591.8702624640	results/experiments/toolchain-environment/20260729T171551Z-toolchain-formal01/boots/repetition-03/lower/python310/lib/python3.10/site-packages/setuptools/logging.py
f	644	1000	1000	12619	64	35970469	1785345592.1423421350	results/experiments/toolchain-environment/20260729T171551Z-toolchain-formal01/boots/repetition-03/lower/python310/lib/python3.10/site-packages/setuptools/_distutils/version.py
f	644	1000	1000	1262	64	35976941	1785345652.8825791550	results/experiments/toolchain-environment/20260729T171551Z-toolchain-formal01/boots/repetition-03/lower/python312/lib/python3.12/site-packages/pip/_vendor/urllib3/util/__pycache__/__init__.cpython-312.pyc
f	644	1000	1000	126203	64	35970275	1785345591.4734463930	results/experiments/toolchain-environment/20260729T171551Z-toolchain-formal01/boots/repetition-03/lower/python310/lib/python3.10/site-packages/pkg_resources/__init__.py
f	644	1000	1000	12634	64	35970897	1785345593.8074904580	results/experiments/toolchain-environment/20260729T171551Z-toolchain-formal01/boots/repetition-03/lower/python310/lib/python3.10/site-packages/setuptools/_vendor/wheel/cli/convert.py
f	644	1000	1000	12655	64	35973835	1785345616.8323612030	results/experiments/toolchain-environment/20260729T171551Z-toolchain-formal01/boots/repetition-03/lower/python310/lib/python3.10/site-packages/pip/_internal/vcs/__pycache__/git.cpython-310.pyc
f	644	1000	1000	1267	64	35973893	1785345617.5844663530	results/experiments/toolchain-environment/20260729T171551Z-toolchain-formal01/boots/repetition-03/lower/python310/lib/python3.10/site-packages/pip/_vendor/chardet/__pycache__/big5prober.cpython-310.pyc
f	644	1000	1000	12718	64	35975931	1785345638.7993322850	results/experiments/toolchain-environment/20260729T171551Z-toolchain-formal01/boots/repetition-03/lower/python312/lib/python3.12/site-packages/pip/_internal/index/__pycache__/sources.cpython-312.pyc
f	644	1000	1000	1272	64	35970509	1785345592.2880185080	results/experiments/toolchain-environment/20260729T171551Z-toolchain-formal01/boots/repetition-03/lower/python310/lib/python3.10/site-packages/setuptools/_distutils/command/install_headers.py
f	644	1000	1000	12724	64	35970501	1785345592.2570195570	results/experiments/toolchain-environment/20260729T171551Z-toolchain-formal01/boots/repetition-03/lower/python310/lib/python3.10/site-packages/setuptools/_distutils/command/config.py
f	644	1000	1000	1274	64	35973911	1785345617.8142429670	results/experiments/toolchain-environment/20260729T171551Z-toolchain-formal01/boots/repetition-03/lower/python310/lib/python3.10/site-packages/pip/_vendor/chardet/__pycache__/cp949prober.cpython-310.pyc
f	644	1000	1000	1274	64	35973939	1785345618.2382244910	results/experiments/toolchain-environment/20260729T171551Z-toolchain-formal01/boots/repetition-03/lower/python310/lib/python3.10/site-packages/pip/_vendor/chardet/__pycache__/johabprober.cpython-310.pyc
f	644	1000	1000	1275	64	35973923	1785345617.9921699810	results/experiments/toolchain-environment/20260729T171551Z-toolchain-formal01/boots/repetition-03/lower/python310/lib/python3.10/site-packages/pip/_vendor/chardet/__pycache__/euckrprober.cpython-310.pyc
f	644	1000	1000	1275	64	35973927	1785345618.0543242670	results/experiments/toolchain-environment/20260729T171551Z-toolchain-formal01/boots/repetition-03/lower/python310/lib/python3.10/site-packages/pip/_vendor/chardet/__pycache__/euctwprober.cpython-310.pyc
f	644	1000	1000	1275	64	35976133	1785345641.6020014210	results/experiments/toolchain-environment/20260729T171551Z-toolchain-formal01/boots/repetition-03/lower/python312/lib/python3.12/site-packages/pip/_internal/utils/__pycache__/filetypes.cpython-312.pyc
f	644	1000	1000	1277	64	35974801	1785345632.8538189150	results/experiments/toolchain-environment/20260729T171551Z-toolchain-formal01/boots/repetition-03/lower/python312/lib/python3.12/site-packages/pip/_internal/distributions/wheel.py
f	644	1000	1000	12779	64	35975841	1785345637.4491308570	results/experiments/toolchain-environment/20260729T171551Z-toolchain-formal01/boots/repetition-03/lower/python312/lib/python3.12/site-packages/pip/_internal/__pycache__/cache.cpython-312.pyc
f	644	1000	1000	128035	64	35972797	1785345609.2207735550	results/experiments/toolchain-environment/20260729T171551Z-toolchain-formal01/boots/repetition-03/lower/python310/lib/python3.10/site-packages/pip/_vendor/chardet/langrussianmodel.py
f	644	1000	1000	128035	64	35975155	1785345634.1742338480	results/experiments/toolchain-environment/20260729T171551Z-toolchain-formal01/boots/repetition-03/lower/python312/lib/python3.12/site-packages/pip/_vendor/chardet/langrussianmodel.py
f	644	1000	1000	12813	64	35975267	1785345634.6499869260	results/experiments/toolchain-environment/20260729T171551Z-toolchain-formal01/boots/repetition-03/lower/python312/lib/python3.12/site-packages/pip/_vendor/idna/core.py
f	644	1000	1000	1282	64	35974921	1785345633.2851941610	results/experiments/toolchain-environment/20260729T171551Z-toolchain-formal01/boots/repetition-03/lower/python312/lib/python3.12/site-packages/pip/_internal/operations/install/editable_legacy.py
f	644	1000	1000	1283	64	35973931	1785345618.1130766710	results/experiments/toolchain-environment/20260729T171551Z-toolchain-formal01/boots/repetition-03/lower/python310/lib/python3.10/site-packages/pip/_vendor/chardet/__pycache__/gb2312prober.cpython-310.pyc
f	644	1000	1000	1283	64	35975981	1785345639.5635975900	results/experiments/toolchain-environment/20260729T171551Z-toolchain-formal01/boots/repetition-03/lower/python312/lib/python3.12/site-packages/pip/_internal/models/__pycache__/scheme.cpython-312.pyc
f	644	1000	1000	1286	64	35973139	1785345610.8680736740	results/experiments/toolchain-environment/20260729T171551Z-toolchain-formal01/boots/repetition-03/lower/python310/lib/python3.10/site-packages/pip/_vendor/requests/compat.py
f	644	1000	1000	1286	64	35975469	1785345635.4912581510	results/experiments/toolchain-environment/20260729T171551Z-toolchain-formal01/boots/repetition-03/lower/python312/lib/python3.12/site-packages/pip/_vendor/requests/compat.py
f	644	1000	1000	1288	64	35973243	1785345611.3021855550	results/experiments/toolchain-environment/20260729T171551Z-toolchain-formal01/boots/repetition-03/lower/python310/lib/python3.10/site-packages/pip/_vendor/rich/constrain.py
f	644	1000	1000	1288	64	35975575	1785345636.0922692420	results/experiments/toolchain-environment/20260729T171551Z-toolchain-formal01/boots/repetition-03/lower/python312/lib/python3.12/site-packages/pip/_vendor/rich/constrain.py
f	644	1000	1000	12936	64	35972987	1785345610.1753949390	results/experiments/toolchain-environment/20260729T171551Z-toolchain-formal01/boots/repetition-03/lower/python310/lib/python3.10/site-packages/pip/_vendor/platformdirs/__init__.py
f	644	1000	1000	12936	64	35973089	1785345610.6548000000	results/experiments/toolchain-environment/20260729T171551Z-toolchain-formal01/boots/repetition-03/lower/python310/lib/python3.10/site-packages/pip/_vendor/pyparsing/common.py
f	644	1000	1000	12950	64	35972931	1785345609.9531692620	results/experiments/toolchain-environment/20260729T171551Z-toolchain-formal01/boots/repetition-03/lower/python310/lib/python3.10/site-packages/pip/_vendor/idna/core.py
f	644	1000	1000	1297	64	35972241	1785345605.9612467100	results/experiments/toolchain-environment/20260729T171551Z-toolchain-formal01/boots/repetition-03/lower/python310/lib/python3.10/site-packages/setuptools/tests/__pycache__/test_archive_util.cpython-310.pyc
f	644	1000	1000	1298	64	35971687	1785345598.9511387160	results/experiments/toolchain-environment/20260729T171551Z-toolchain-formal01/boots/repetition-03/lower/python310/lib/python3.10/site-packages/setuptools/_distutils/tests/__pycache__/test_install_headers.cpython-310.pyc
f	644	1000	1000	1299	64	35976075	1785345640.7803557590	results/experiments/toolchain-environment/20260729T171551Z-toolchain-formal01/boots/repetition-03/lower/python312/lib/python3.12/site-packages/pip/_internal/resolution/__pycache__/base.cpython-312.pyc
f	644	1000	1000	1303	64	35970859	1785345593.6654867920	results/experiments/toolchain-environment/20260729T171551Z-toolchain-formal01/boots/repetition-03/lower/python310/lib/python3.10/site-packages/setuptools/_vendor/typeguard/_memo.py
f	644	1000	1000	1303	64	35974201	1785345622.1823027220	results/experiments/toolchain-environment/20260729T171551Z-toolchain-formal01/boots/repetition-03/lower/python310/lib/python3.10/site-packages/pip/_vendor/pygments/__pycache__/modeline.cpython-310.pyc
f	644	1000	1000	13036	64	35974105	1785345620.8566304020	results/experiments/toolchain-environment/20260729T171551Z-toolchain-formal01/boots/repetition-03/lower/python310/lib/python3.10/site-packages/pip/_vendor/packaging/__pycache__/version.cpython-310.pyc
f	644	1000	1000	1305	64	35973461	1785345612.2696352860	results/experiments/toolchain-environment/20260729T171551Z-toolchain-formal01/boots/repetition-03/lower/python310/lib/python3.10/site-packages/pip/_vendor/webencodings/mklabels.py
f	644	1000	1000	1305	64	35974329	1785345623.9961561180	results/experiments/toolchain-environment/20260729T171551Z-toolchain-formal01/boots/repetition-03/lower/python310/lib/python3.10/site-packages/pip/_vendor/rich/__pycache__/_emoji_replace.cpython-310.pyc
f	644	1000	1000	1305	64	35975819	1785345637.2693944820	results/experiments/toolchain-environment/20260729T171551Z-toolchain-formal01/boots/repetition-03/lower/python312/lib/python3.12/site-packages/pip/_vendor/webencodings/mklabels.py
f	644	1000	1000	13079	64	35972363	1785345607.3133650000	results/experiments/toolchain-environment/20260729T171551Z-toolchain-formal01/boots/repetition-03/lower/python310/lib/python3.10/site-packages/pip/_internal/wheel_builder.py
f	644	1000	1000	1308	64	35971245	1785345595.0235118220	results/experiments/toolchain-environment/20260729T171551Z-toolchain-formal01/boots/repetition-03/lower/python310/lib/python3.10/site-packages/setuptools/_vendor/autocommand-2.2.2.dist-info/RECORD
f	644	1000	1000	1310	64	35974493	1785345626.6173235710	results/experiments/toolchain-environment/20260729T171551Z-toolchain-formal01/boots/repetition-03/lower/python310/lib/python3.10/site-packages/pip/_vendor/tenacity/__pycache__/nap.cpython-310.pyc
f	644	1000	1000	13110	64	35976583	1785345647.9314877530	results/experiments/toolchain-environment/20260729T171551Z-toolchain-formal01/boots/repetition-03/lower/python312/lib/python3.12/site-packages/pip/_vendor/pyparsing/__pycache__/exceptions.cpython-312.pyc
f	644	1000	1000	13114	64	35976487	1785345646.3094578120	results/experiments/toolchain-environment/20260729T171551Z-toolchain-formal01/boots/repetition-03/lower/python312/lib/python3.12/site-packages/pip/_vendor/platformdirs/__pycache__/windows.cpython-312.pyc
f	644	1000	1000	1314	64	35970679	1785345592.8954726010	results/experiments/toolchain-environment/20260729T171551Z-toolchain-formal01/boots/repetition-03/lower/python310/lib/python3.10/site-packages/setuptools/_vendor/importlib_metadata/_compat.py
f	644	1000	1000	132	64	35972367	1785345607.3240440040	results/experiments/toolchain-environment/20260729T171551Z-toolchain-formal01/boots/repetition-03/lower/python310/lib/python3.10/site-packages/pip/_internal/cli/__init__.py
f	644	1000	1000	132	64	35974727	1785345632.5658995600	results/experiments/toolchain-environment/20260729T171551Z-toolchain-formal01/boots/repetition-03/lower/python312/lib/python3.12/site-packages/pip/_internal/cli/__init__.py
f	644	1000	1000	13202	64	35973517	1785345612.7763414320	results/experiments/toolchain-environment/20260729T171551Z-toolchain-formal01/boots/repetition-03/lower/python310/lib/python3.10/site-packages/pip/_internal/cli/__pycache__/req_command.cpython-310.pyc
f	644	1000	1000	1322	64	35971817	1785345600.5202884940	results/experiments/toolchain-environment/20260729T171551Z-toolchain-formal01/boots/repetition-03/lower/python310/lib/python3.10/site-packages/setuptools/_vendor/importlib_metadata/compat/__pycache__/py39.cpython-310.pyc
f	644	1000	1000	1324	64	35972115	1785345604.5796879800	results/experiments/toolchain-environment/20260729T171551Z-toolchain-formal01/boots/repetition-03/lower/python310/lib/python3.10/site-packages/setuptools/compat/__pycache__/py311.cpython-310.pyc
f	644	1000	1000	13295	64	35976701	1785345649.5004079080	results/experiments/toolchain-environment/20260729T171551Z-toolchain-formal01/boots/repetition-03/lower/python312/lib/python3.12/site-packages/pip/_vendor/rich/__pycache__/_spinners.cpython-312.pyc
f	644	1000	1000	13300	64	35976591	1785345648.0594901160	results/experiments/toolchain-environment/20260729T171551Z-toolchain-formal01/boots/repetition-03/lower/python312/lib/python3.12/site-packages/pip/_vendor/pyparsing/__pycache__/unicode.cpython-312.pyc
f	644	1000	1000	13305	64	35972139	1785345604.8852660470	results/experiments/toolchain-environment/20260729T171551Z-toolchain-formal01/boots/repetition-03/lower/python310/lib/python3.10/site-packages/setuptools/config/_validate_pyproject/__pycache__/formats.cpython-310.pyc
f	644	1000	1000	1332	64	35974391	1785345624.9537379920	results/experiments/toolchain-environment/20260729T171551Z-toolchain-formal01/boots/repetition-03/lower/python310/lib/python3.10/site-packages/pip/_vendor/rich/__pycache__/diagnose.cpython-310.pyc
f	644	1000	1000	13326	64	35975879	1785345637.9836681200	results/experiments/toolchain-environment/20260729T171551Z-toolchain-formal01/boots/repetition-03/lower/python312/lib/python3.12/site-packages/pip/_internal/commands/__pycache__/configuration.cpython-312.pyc
f	644	1000	1000	1335	64	35970737	1785345593.1064764890	results/experiments/toolchain-environment/20260729T171551Z-toolchain-formal01/boots/repetition-03/lower/python310/lib/python3.10/site-packages/setuptools/_vendor/jaraco/text/Lorem ipsum.txt
f	644	1000	1000	13359	64	35972313	1785345606.9666851300	results/experiments/toolchain-environment/20260729T171551Z-toolchain-formal01/boots/repetition-03/lower/python310/lib/python3.10/site-packages/setuptools/tests/__pycache__/test_wheel.cpython-310.pyc
f	644	1000	1000	1336	64	35973679	1785345614.9220670160	results/experiments/toolchain-environment/20260729T171551Z-toolchain-formal01/boots/repetition-03/lower/python310/lib/python3.10/site-packages/pip/_internal/operations/build/__pycache__/wheel.cpython-310.pyc
f	644	1000	1000	1338	64	35974485	1785345626.5061259330	results/experiments/toolchain-environment/20260729T171551Z-toolchain-formal01/boots/repetition-03/lower/python310/lib/python3.10/site-packages/pip/_vendor/tenacity/__pycache__/_utils.cpython-310.pyc
f	644	1000	1000	13387	64	35975419	1785345635.2833420310	results/experiments/toolchain-environment/20260729T171551Z-toolchain-formal01/boots/repetition-03/lower/python312/lib/python3.12/site-packages/pip/_vendor/pyparsing/common.py
f	644	1000	1000	1340	64	35973629	1785345614.2155701740	results/experiments/toolchain-environment/20260729T171551Z-toolchain-formal01/boots/repetition-03/lower/python310/lib/python3.10/site-packages/pip/_internal/models/__pycache__/index.cpython-310.pyc
f	644	1000	1000	13402	64	35973099	1785345610.7144677940	results/experiments/toolchain-environment/20260729T171551Z-toolchain-formal01/boots/repetition-03/lower/python310/lib/python3.10/site-packages/pip/_vendor/pyparsing/testing.py
f	644	1000	1000	13412	64	35970957	1785345594.0304935200	results/experiments/toolchain-environment/20260729T171551Z-toolchain-formal01/boots/repetition-03/lower/python310/lib/python3.10/site-packages/setuptools/_vendor/zipp/__init__.py
f	644	1000	1000	1342	64	35974487	1785345626.5339479850	results/experiments/toolchain-environment/20260729T171551Z-toolchain-formal01/boots/repetition-03/lower/python310/lib/python3.10/site-packages/pip/_vendor/tenacity/__pycache__/after.cpython-310.pyc
f	644	1000	1000	1343	64	35971017	1785345594.2454974820	results/experiments/toolchain-environment/20260729T171551Z-toolchain-formal01/boots/repetition-03/lower/python310/lib/python3.10/site-packages/setuptools/command/test.py
f	644	1000	1000	1344	64	35970927	1785345593.8824907920	results/experiments/toolchain-environment/20260729T171551Z-toolchain-formal01/boots/repetition-03/lower/python310/lib/python3.10/site-packages/setuptools/_vendor/wheel/vendored/packaging/LICENSE.BSD
f	644	1000	1000	1344	64	35971379	1785345595.5285211300	results/experiments/toolchain-environment/20260729T171551Z-toolchain-formal01/boots/repetition-03/lower/python310/lib/python3.10/site-packages/setuptools/_vendor/packaging-24.2.dist-info/LICENSE.BSD
f	644	1000	1000	134451	64	35970639	1785345592.7604701120	results/experiments/toolchain-environment/20260729T171551Z-toolchain-formal01/boots/repetition-03/lower/python310/lib/python3.10/site-packages/setuptools/_vendor/typing_extensions.py
f	644	1000	1000	1347	64	35974117	1785345620.9806218870	results/experiments/toolchain-environment/20260729T171551Z-toolchain-formal01/boots/repetition-03/lower/python310/lib/python3.10/site-packages/pip/_vendor/platformdirs/__pycache__/__main__.cpython-310.pyc
f	644	1000	1000	13488	64	35975433	1785345635.3462554750	results/experiments/toolchain-environment/20260729T171551Z-toolchain-formal01/boots/repetition-03/lower/python312/lib/python3.12/site-packages/pip/_vendor/pyparsing/testing.py
f	644	1000	1000	135	64	35971179	1785345594.8115079140	results/experiments/toolchain-environment/20260729T171551Z-toolchain-formal01/boots/repetition-03/lower/python310/lib/python3.10/site-packages/setuptools/tests/compat/py39.py
f	644	1000	1000	135	64	35974837	1785345632.9704164980	results/experiments/toolchain-environment/20260729T171551Z-toolchain-formal01/boots/repetition-03/lower/python312/lib/python3.12/site-packages/pip/_internal/metadata/importlib/__init__.py
f	644	1000	1000	13529	64	35972353	1785345607.2689326970	results/experiments/toolchain-environment/20260729T171551Z-toolchain-formal01/boots/repetition-03/lower/python310/lib/python3.10/site-packages/pip/_internal/configuration.py
f	644	1000	1000	13530	64	35976575	1785345647.7876086100	results/experiments/toolchain-environment/20260729T171551Z-toolchain-formal01/boots/repetition-03/lower/python312/lib/python3.12/site-packages/pip/_vendor/pyparsing/__pycache__/common.cpython-312.pyc
f	644	1000	1000	13539	64	35975959	1785345639.1954765770	results/experiments/toolchain-environment/20260729T171551Z-toolchain-formal01/boots/repetition-03/lower/python312/lib/python3.12/site-packages/pip/_internal/metadata/importlib/__pycache__/_dists.cpython-312.pyc
f	644	1000	1000	1354	64	35970867	1785345593.7023403270	results/experiments/toolchain-environment/20260729T171551Z-toolchain-formal01/boots/repetition-03/lower/python310/lib/python3.10/site-packages/setuptools/_vendor/typeguard/_union_transformer.py
f	644	1000	1000	1354	64	35972565	1785345608.1729207650	results/experiments/toolchain-environment/20260729T171551Z-toolchain-formal01/boots/repetition-03/lower/python310/lib/python3.10/site-packages/pip/_internal/operations/install/editable_legacy.py
f	644	1000	1000	13560	64	35972839	1785345609.4831429700	results/experiments/toolchain-environment/20260729T171551Z-toolchain-formal01/boots/repetition-03/lower/python310/lib/python3.10/site-packages/pip/_vendor/chardet/metadata/languages.py
f	644	1000	1000	13560	64	35975175	1785345634.2694448130	results/experiments/toolchain-environment/20260729T171551Z-toolchain-formal01/boots/repetition-03/lower/python312/lib/python3.12/site-packages/pip/_vendor/chardet/metadata/languages.py
f	644	1000	1000	13564	64	35971063	1785345594.4225739360	results/experiments/toolchain-environment/20260729T171551Z-toolchain-formal01/boots/repetition-03/lower/python310/lib/python3.10/site-packages/setuptools/config/_validate_pyproject/formats.py
f	644	1000	1000	13566	64	35972767	1785345609.0017695160	results/experiments/toolchain-environment/20260729T171551Z-toolchain-formal01/boots/repetition-03/lower/python310/lib/python3.10/site-packages/pip/_vendor/chardet/euckrfreq.py
f	644	1000	1000	13566	64	35975125	1785345634.0361901900	results/experiments/toolchain-environment/20260729T171551Z-toolchain-formal01/boots/repetition-03/lower/python312/lib/python3.12/site-packages/pip/_vendor/chardet/euckrfreq.py
f	644	1000	1000	1360	64	35971259	1785345595.0815128910	results/experiments/toolchain-environment/20260729T171551Z-toolchain-formal01/boots/repetition-03/lower/python310/lib/python3.10/site-packages/setuptools/_vendor/backports.tarfile-1.2.0.dist-info/RECORD
f	644	1000	1000	13609	64	35976913	1785345652.5125723240	results/experiments/toolchain-environment/20260729T171551Z-toolchain-formal01/boots/repetition-03/lower/python312/lib/python3.12/site-packages/pip/_vendor/urllib3/__pycache__/exceptions.cpython-312.pyc
f	644	1000	1000	1365	64	35971143	1785345594.7265063480	results/experiments/toolchain-environment/20260729T171551Z-toolchain-formal01/boots/repetition-03/lower/python310/lib/python3.10/site-packages/setuptools/tests/test_setopt.py
f	644	1000	1000	13668	64	35976139	1785345641.6892017430	results/experiments/toolchain-environment/20260729T171551Z-toolchain-formal01/boots/repetition-03/lower/python312/lib/python3.12/site-packages/pip/_internal/utils/__pycache__/logging.cpython-312.pyc
f	644	1000	1000	13670	64	35976765	1785345650.4266503220	results/experiments/toolchain-environment/20260729T171551Z-toolchain-formal01/boots/repetition-03/lower/python312/lib/python3.12/site-packages/pip/_vendor/rich/__pycache__/logging.cpython-312.pyc
f	644	1000	1000	1371	64	35973963	1785345618.7013726350	results/experiments/toolchain-environment/20260729T171551Z-toolchain-formal01/boots/repetition-03/lower/python310/lib/python3.10/site-packages/pip/_vendor/chardet/__pycache__/mbcsgroupprober.cpython-310.pyc
f	644	1000	1000	13744	64	35973709	1785345615.3516081230	results/experiments/toolchain-environment/20260729T171551Z-toolchain-formal01/boots/repetition-03/lower/python310/lib/python3.10/site-packages/pip/_internal/req/__pycache__/req_file.cpython-310.pyc
f	644	1000	1000	13746	64	35974523	1785345626.9943272100	results/experiments/toolchain-environment/20260729T171551Z-toolchain-formal01/boots/repetition-03/lower/python310/lib/python3.10/site-packages/pip/_vendor/urllib3/__pycache__/connection.cpython-310.pyc
f	644	1000	1000	1375	64	35973569	1785345613.4389302170	results/experiments/toolchain-environment/20260729T171551Z-toolchain-formal01/boots/repetition-03/lower/python310/lib/python3.10/site-packages/pip/_internal/distributions/__pycache__/installed.cpython-310.pyc
f	644	1000	1000	1376	64	35973343	1785345611.7305910230	results/experiments/toolchain-environment/20260729T171551Z-toolchain-formal01/boots/repetition-03/lower/python310/lib/python3.10/site-packages/pip/_vendor/tenacity/before.py
f	644	1000	1000	13763	64	35976175	1785345642.2082436780	results/experiments/toolchain-environment/20260729T171551Z-toolchain-formal01/boots/repetition-03/lower/python312/lib/python3.12/site-packages/pip/_internal/__pycache__/wheel_builder.cpython-312.pyc
f	644	1000	1000	1379	64	35972703	1785345608.6896840860	results/experiments/toolchain-environment/20260729T171551Z-toolchain-formal01/boots/repetition-03/lower/python310/lib/python3.10/site-packages/pip/_vendor/cachecontrol/_cmd.py
f	644	1000	1000	138	64	35970405	1785345591.9210991220	results/experiments/toolchain-environment/20260729T171551Z-toolchain-formal01/boots/repetition-03/lower/python310/lib/python3.10/site-packages/setuptools/script.tmpl
f	644	1000	1000	138	64	35973113	1785345610.7674162430	results/experiments/toolchain-environment/20260729T171551Z-toolchain-formal01/boots/repetition-03/lower/python310/lib/python3.10/site-packages/pip/_vendor/pyproject_hooks/_compat.py
f	644	1000	1000	138	64	35975443	1785345635.3793775010	results/experiments/toolchain-environment/20260729T171551Z-toolchain-formal01/boots/repetition-03/lower/python312/lib/python3.12/site-packages/pip/_vendor/pyproject_hooks/_compat.py
f	644	1000	1000	13824	64	35970361	1785345591.7754519590	results/experiments/toolchain-environment/20260729T171551Z-toolchain-formal01/boots/repetition-03/lower/python310/lib/python3.10/site-packages/setuptools/cli-arm64.exe
f	644	1000	1000	13824	64	35970381	1785345591.8444532310	results/experiments/toolchain-environment/20260729T171551Z-toolchain-formal01/boots/repetition-03/lower/python310/lib/python3.10/site-packages/setuptools/gui-arm64.exe
f	644	1000	1000	1383	64	35973347	1785345611.7467779240	results/experiments/toolchain-environment/20260729T171551Z-toolchain-formal01/boots/repetition-03/lower/python310/lib/python3.10/site-packages/pip/_vendor/tenacity/nap.py
f	644	1000	1000	1383	64	35975685	1785345636.6516596650	results/experiments/toolchain-environment/20260729T171551Z-toolchain-formal01/boots/repetition-03/lower/python312/lib/python3.12/site-packages/pip/_vendor/tenacity/nap.py
f	644	1000	1000	1384	64	35976381	1785345644.7002441180	results/experiments/toolchain-environment/20260729T171551Z-toolchain-formal01/boots/repetition-03/lower/python312/lib/python3.12/site-packages/pip/_vendor/distlib/__pycache__/__init__.cpython-312.pyc
f	644	1000	1000	138418	64	35971861	1785345601.1176241550	results/experiments/toolchain-environment/20260729T171551Z-toolchain-formal01/boots/repetition-03/lower/python310/lib/python3.10/site-packages/setuptools/_vendor/more_itertools/__pycache__/more.cpython-310.pyc
f	644	1000	1000	13859	64	35972067	1785345603.9696767340	results/experiments/toolchain-environment/20260729T171551Z-toolchain-formal01/boots/repetition-03/lower/python310/lib/python3.10/site-packages/setuptools/command/__pycache__/bdist_egg.cpython-310.pyc
f	644	1000	1000	1386	64	35975069	1785345633.8248007610	results/experiments/toolchain-environment/20260729T171551Z-toolchain-formal01/boots/repetition-03/lower/python312/lib/python3.12/site-packages/pip/_vendor/cachecontrol/caches/redis_cache.py
f	644	1000	1000	1387	64	35975533	1785345635.8462647020	results/experiments/toolchain-environment/20260729T171551Z-toolchain-formal01/boots/repetition-03/lower/python312/lib/python3.12/site-packages/pip/_vendor/rich/_null_file.py
f	644	1000	1000	138869	64	35973937	1785345618.2099393330	results/experiments/toolchain-environment/20260729T171551Z-toolchain-formal01/boots/repetition-03/lower/python310/lib/python3.10/site-packages/pip/_vendor/chardet/__pycache__/johabfreq.cpython-310.pyc
f	644	1000	1000	139	64	35970439	1785345592.0344567320	results/experiments/toolchain-environment/20260729T171551Z-toolchain-formal01/boots/repetition-03/lower/python310/lib/python3.10/site-packages/setuptools/_distutils/debug.py
f	644	1000	1000	13909	64	35974165	1785345621.7324462530	results/experiments/toolchain-environment/20260729T171551Z-toolchain-formal01/boots/repetition-03/lower/python310/lib/python3.10/site-packages/pip/_vendor/pygments/formatters/__pycache__/latex.cpython-310.pyc
f	644	1000	1000	1391	64	35973295	1785345611.5271971520	results/experiments/toolchain-environment/20260729T171551Z-toolchain-formal01/boots/repetition-03/lower/python310/lib/python3.10/site-packages/pip/_vendor/rich/protocol.py
f	644	1000	1000	1391	64	35975631	1785345636.3696483020	results/experiments/toolchain-environment/20260729T171551Z-toolchain-formal01/boots/repetition-03/lower/python312/lib/python3.12/site-packages/pip/_vendor/rich/protocol.py
f	644	1000	1000	13922	64	35973413	1785345612.0350478980	results/experiments/toolchain-environment/20260729T171551Z-toolchain-formal01/boots/repetition-03/lower/python310/lib/python3.10/site-packages/pip/_vendor/urllib3/contrib/_securetransport/low_level.py
f	644	1000	1000	13922	64	35975745	1785345636.9335606170	results/experiments/toolchain-environment/20260729T171551Z-toolchain-formal01/boots/repetition-03/lower/python312/lib/python3.12/site-packages/pip/_vendor/urllib3/contrib/_securetransport/low_level.py
f	644	1000	1000	13936	64	35971433	1785345595.7285248170	results/experiments/toolchain-environment/20260729T171551Z-toolchain-formal01/boots/repetition-03/lower/python310/lib/python3.10/site-packages/setuptools/_vendor/typing_extensions-4.12.2.dist-info/LICENSE
f	644	1000	1000	13938	64	35972035	1785345603.5456689170	results/experiments/toolchain-environment/20260729T171551Z-toolchain-formal01/boots/repetition-03/lower/python310/lib/python3.10/site-packages/setuptools/_vendor/wheel/vendored/packaging/__pycache__/tags.cpython-310.pyc
f	644	1000	1000	1396	64	35970561	1785345592.4757415840	results/experiments/toolchain-environment/20260729T171551Z-toolchain-formal01/boots/repetition-03/lower/python310/lib/python3.10/site-packages/setuptools/_distutils/tests/test_bdist.py
f	644	1000	1000	1397	64	35973129	1785345610.8227413380	results/experiments/toolchain-environment/20260729T171551Z-toolchain-formal01/boots/repetition-03/lower/python310/lib/python3.10/site-packages/pip/_vendor/requests/_internal_utils.py
f	644	1000	1000	14006	64	35974789	1785345632.8132999840	results/experiments/toolchain-environment/20260729T171551Z-toolchain-formal01/boots/repetition-03/lower/python312/lib/python3.12/site-packages/pip/_internal/configuration.py
f	644	1000	1000	14007	64	35973267	1785345611.4048305480	results/experiments/toolchain-environment/20260729T171551Z-toolchain-formal01/boots/repetition-03/lower/python310/lib/python3.10/site-packages/pip/_vendor/rich/layout.py
f	644	1000	1000	14007	64	35975603	1785345636.2212716220	results/experiments/toolchain-environment/20260729T171551Z-toolchain-formal01/boots/repetition-03/lower/python312/lib/python3.12/site-packages/pip/_vendor/rich/layout.py
f	644	1000	1000	140235	64	35973187	1785345611.0578074320	results/experiments/toolchain-environment/20260729T171551Z-toolchain-formal01/boots/repetition-03/lower/python310/lib/python3.10/site-packages/pip/_vendor/rich/_emoji_codes.py
f	644	1000	1000	140235	64	35975517	1785345635.7572630600	results/experiments/toolchain-environment/20260729T171551Z-toolchain-formal01/boots/repetition-03/lower/python312/lib/python3.12/site-packages/pip/_vendor/rich/_emoji_codes.py
f	644	1000	1000	1403	64	35974339	1785345624.1369505390	results/experiments/toolchain-environment/20260729T171551Z-toolchain-formal01/boots/repetition-03/lower/python310/lib/python3.10/site-packages/pip/_vendor/rich/__pycache__/_loop.cpython-310.pyc
f	644	1000	1000	14039	64	35976621	1785345648.4731886950	results/experiments/toolchain-environment/20260729T171551Z-toolchain-formal01/boots/repetition-03/lower/python312/lib/python3.12/site-packages/pip/_vendor/requests/__pycache__/auth.cpython-312.pyc
f	644	1000	1000	14082	64	35972295	1785345606.7310242880	results/experiments/toolchain-environment/20260729T171551Z-toolchain-formal01/boots/repetition-03/lower/python310/lib/python3.10/site-packages/setuptools/tests/__pycache__/test_packageindex.cpython-310.pyc
f	644	1000	1000	1409	64	35971585	1785345597.2653303460	results/experiments/toolchain-environment/20260729T171551Z-toolchain-formal01/boots/repetition-03/lower/python310/lib/python3.10/site-packages/setuptools/_distutils/compilers/C/__pycache__/errors.cpython-310.pyc
f	644	1000	1000	14097	64	35976567	1785345647.6962948880	results/experiments/toolchain-environment/20260729T171551Z-toolchain-formal01/boots/repetition-03/lower/python312/lib/python3.12/site-packages/pip/_vendor/pygments/__pycache__/util.cpython-312.pyc
f	644	1000	1000	141	64	35971023	1785345594.2626902310	results/experiments/toolchain-environment/20260729T171551Z-toolchain-formal01/boots/repetition-03/lower/python310/lib/python3.10/site-packages/setuptools/compat/py310.py
f	644	1000	1000	1415	64	35973793	1785345616.2597668710	results/experiments/toolchain-environment/20260729T171551Z-toolchain-formal01/boots/repetition-03/lower/python310/lib/python3.10/site-packages/pip/_internal/utils/__pycache__/encoding.cpython-310.pyc
f	644	1000	1000	14168	64	35975235	1785345634.5252403250	results/experiments/toolchain-environment/20260729T171551Z-toolchain-formal01/boots/repetition-03/lower/python312/lib/python3.12/site-packages/pip/_vendor/distlib/manifest.py
f	644	1000	1000	1417	64	35972557	1785345608.1362907690	results/experiments/toolchain-environment/20260729T171551Z-toolchain-formal01/boots/repetition-03/lower/python310/lib/python3.10/site-packages/pip/_internal/operations/build/wheel_editable.py
f	644	1000	1000	1417	64	35973425	1785345612.0911686300	results/experiments/toolchain-environment/20260729T171551Z-toolchain-formal01/boots/repetition-03/lower/python310/lib/python3.10/site-packages/pip/_vendor/urllib3/packages/backports/makefile.py
f	644	1000	1000	1417	64	35974909	1785345633.2411976050	results/experiments/toolchain-environment/20260729T171551Z-toolchain-formal01/boots/repetition-03/lower/python312/lib/python3.12/site-packages/pip/_internal/operations/build/wheel_editable.py
f	644	1000	1000	1417	64	35975079	1785345633.8651820290	results/experiments/toolchain-environment/20260729T171551Z-toolchain-formal01/boots/repetition-03/lower/python312/lib/python3.12/site-packages/pip/_vendor/cachecontrol/wrapper.py
f	644	1000	1000	1417	64	35975771	1785345637.0496330650	results/experiments/toolchain-environment/20260729T171551Z-toolchain-formal01/boots/repetition-03/lower/python312/lib/python3.12/site-packages/pip/_vendor/urllib3/packages/backports/makefile.py
f	644	1000	1000	14172	64	35973269	1785345611.4141885670	results/experiments/toolchain-environment/20260729T171551Z-toolchain-formal01/boots/repetition-03/lower/python310/lib/python3.10/site-packages/pip/_vendor/rich/live.py
f	644	1000	1000	14173	64	35976455	1785345645.8052187120	results/experiments/toolchain-environment/20260729T171551Z-toolchain-formal01/boots/repetition-03/lower/python312/lib/python3.12/site-packages/pip/_vendor/packaging/__pycache__/markers.cpython-312.pyc
f	644	1000	1000	14186	64	35971099	1785345594.5495030850	results/experiments/toolchain-environment/20260729T171551Z-toolchain-formal01/boots/repetition-03/lower/python310/lib/python3.10/site-packages/setuptools/tests/test_build_py.py
f	644	1000	1000	1419	64	35972175	1785345605.1748167820	results/experiments/toolchain-environment/20260729T171551Z-toolchain-formal01/boots/repetition-03/lower/python310/lib/python3.10/site-packages/setuptools/__pycache__/logging.cpython-310.pyc
f	644	1000	1000	14198	64	35972077	1785345604.1026791860	results/experiments/toolchain-environment/20260729T171551Z-toolchain-formal01/boots/repetition-03/lower/python310/lib/python3.10/site-packages/setuptools/command/__pycache__/build_ext.cpython-310.pyc
f	644	1000	1000	1420	64	35973543	1785345613.1123631480	results/experiments/toolchain-environment/20260729T171551Z-toolchain-formal01/boots/repetition-03/lower/python310/lib/python3.10/site-packages/pip/_internal/commands/__pycache__/help.cpython-310.pyc
f	644	1000	1000	1421	64	35974565	1785345627.5486508710	results/experiments/toolchain-environment/20260729T171551Z-toolchain-formal01/boots/repetition-03/lower/python310/lib/python3.10/site-packages/pip/_vendor/urllib3/packages/backports/__pycache__/makefile.cpython-310.pyc
f	644	1000	1000	1422	64	35972549	1785345608.0872758370	results/experiments/toolchain-environment/20260729T171551Z-toolchain-formal01/boots/repetition-03/lower/python310/lib/python3.10/site-packages/pip/_internal/operations/build/metadata.py
f	644	1000	1000	1422	64	35974901	1785345633.2038889720	results/experiments/toolchain-environment/20260729T171551Z-toolchain-formal01/boots/repetition-03/lower/python312/lib/python3.12/site-packages/pip/_internal/operations/build/metadata.py
f	644	1000	1000	1423	64	35973507	1785345612.6345515170	results/experiments/toolchain-environment/20260729T171551Z-toolchain-formal01/boots/repetition-03/lower/python310/lib/python3.10/site-packages/pip/_internal/cli/__pycache__/command_context.cpython-310.pyc
f	644	1000	1000	1425	64	35974363	1785345624.4863258610	results/experiments/toolchain-environment/20260729T171551Z-toolchain-formal01/boots/repetition-03/lower/python310/lib/python3.10/site-packages/pip/_vendor/rich/__pycache__/abc.cpython-310.pyc
f	644	1000	1000	14273	64	35975605	1785345636.2332718440	results/experiments/toolchain-environment/20260729T171551Z-toolchain-formal01/boots/repetition-03/lower/python312/lib/python3.12/site-packages/pip/_vendor/rich/live.py
f	644	1000	1000	14296	64	35975807	1785345637.2272238240	results/experiments/toolchain-environment/20260729T171551Z-toolchain-formal01/boots/repetition-03/lower/python312/lib/python3.12/site-packages/pip/_vendor/urllib3/util/url.py
f	644	1000	1000	14298	64	35973451	1785345612.2271531720	results/experiments/toolchain-environment/20260729T171551Z-toolchain-formal01/boots/repetition-03/lower/python310/lib/python3.10/site-packages/pip/_vendor/urllib3/util/url.py
f	644	1000	1000	14301	64	35972039	1785345603.6276704290	results/experiments/toolchain-environment/20260729T171551Z-toolchain-formal01/boots/repetition-03/lower/python310/lib/python3.10/site-packages/setuptools/_vendor/wheel/vendored/packaging/__pycache__/version.cpython-310.pyc
f	644	1000	1000	1431	64	35970779	1785345593.3030537330	results/experiments/toolchain-environment/20260729T171551Z-toolchain-formal01/boots/repetition-03/lower/python310/lib/python3.10/site-packages/setuptools/_vendor/packaging/_structures.py
f	644	1000	1000	1431	64	35970939	1785345593.9454299810	results/experiments/toolchain-environment/20260729T171551Z-toolchain-formal01/boots/repetition-03/lower/python310/lib/python3.10/site-packages/setuptools/_vendor/wheel/vendored/packaging/_structures.py
f	644	1000	1000	1431	64	35972965	1785345610.0962873820	results/experiments/toolchain-environment/20260729T171551Z-toolchain-formal01/boots/repetition-03/lower/python310/lib/python3.10/site-packages/pip/_vendor/packaging/_structures.py
f	644	1000	1000	1431	64	35975297	1785345634.7816316530	results/experiments/toolchain-environment/20260729T171551Z-toolchain-formal01/boots/repetition-03/lower/python312/lib/python3.12/site-packages/pip/_vendor/packaging/_structures.py
f	644	1000	1000	14336	64	35970359	1785345591.7684518300	results/experiments/toolchain-environment/20260729T171551Z-toolchain-formal01/boots/repetition-03/lower/python310/lib/python3.10/site-packages/setuptools/cli-64.exe
f	644	1000	1000	14336	64	35970379	1785345591.8384531200	results/experiments/toolchain-environment/20260729T171551Z-toolchain-formal01/boots/repetition-03/lower/python310/lib/python3.10/site-packages/setuptools/gui-64.exe
f	644	1000	1000	1435	64	35970977	1785345594.1024948470	results/experiments/toolchain-environment/20260729T171551Z-toolchain-formal01/boots/repetition-03/lower/python310/lib/python3.10/site-packages/setuptools/command/bdist_rpm.py
f	644	1000	1000	1438	64	35970347	1785345591.7314511480	results/experiments/toolchain-environment/20260729T171551Z-toolchain-formal01/boots/repetition-03/lower/python310/lib/python3.10/site-packages/setuptools/_reqs.py
f	644	1000	1000	14397	64	35976843	1785345651.5675548770	results/experiments/toolchain-environment/20260729T171551Z-toolchain-formal01/boots/repetition-03/lower/python312/lib/python3.12/site-packages/pip/_vendor/tenacity/__pycache__/retry.cpython-312.pyc
f	644	1000	1000	14408	64	35975839	1785345637.4212937670	results/experiments/toolchain-environment/20260729T171551Z-toolchain-formal01/boots/repetition-03/lower/python312/lib/python3.12/site-packages/pip/_internal/__pycache__/build_env.cpython-312.pyc
f	644	1000	1000	1444	64	35972341	1785345607.2318087170	results/experiments/toolchain-environment/20260729T171551Z-toolchain-formal01/boots/repetition-03/lower/python310/lib/python3.10/site-packages/pip/__pip-runner__.py
f	644	1000	1000	1444	64	35974715	1785345632.5360786670	results/experiments/toolchain-environment/20260729T171551Z-toolchain-formal01/boots/repetition-03/lower/python312/lib/python3.12/site-packages/pip/__pip-runner__.py
f	644	1000	1000	14441	64	35971717	1785345599.4476513070	results/experiments/toolchain-environment/20260729T171551Z-toolchain-formal01/boots/repetition-03/lower/python310/lib/python3.10/site-packages/setuptools/_distutils/__pycache__/util.cpython-310.pyc
f	644	1000	1000	1446	64	35971647	1785345598.2985721890	results/experiments/toolchain-environment/20260729T171551Z-toolchain-formal01/boots/repetition-03/lower/python310/lib/python3.10/site-packages/setuptools/_distutils/tests/__pycache__/test_bdist.cpython-310.pyc
f	644	1000	1000	14513	64	35976607	1785345648.2834942520	results/experiments/toolchain-environment/20260729T171551Z-toolchain-formal01/boots/repetition-03/lower/python312/lib/python3.12/site-packages/pip/_vendor/pyproject_hooks/_in_process/__pycache__/_in_process.cpython-312.pyc
f	644	1000	1000	1453	64	35974581	1785345627.7711279450	results/experiments/toolchain-environment/20260729T171551Z-toolchain-formal01/boots/repetition-03/lower/python310/lib/python3.10/site-packages/pip/_vendor/urllib3/util/__pycache__/proxy.cpython-310.pyc
f	644	1000	1000	14537	64	35972779	1785345609.0867710840	results/experiments/toolchain-environment/20260729T171551Z-toolchain-formal01/boots/repetition-03/lower/python310/lib/python3.10/site-packages/pip/_vendor/chardet/hebrewprober.py
f	644	1000	1000	14537	64	35975137	1785345634.0842321870	results/experiments/toolchain-environment/20260729T171551Z-toolchain-formal01/boots/repetition-03/lower/python312/lib/python3.12/site-packages/pip/_vendor/chardet/hebrewprober.py
f	644	1000	1000	1459	64	35971665	1785345598.6185780880	results/experiments/toolchain-environment/20260729T171551Z-toolchain-formal01/boots/repetition-03/lower/python310/lib/python3.10/site-packages/setuptools/_distutils/tests/__pycache__/test_clean.cpython-310.pyc
f	644	1000	1000	1463	64	35974435	1785345625.7694409420	results/experiments/toolchain-environment/20260729T171551Z-toolchain-formal01/boots/repetition-03/lower/python310/lib/python3.10/site-packages/pip/_vendor/rich/__pycache__/protocol.cpython-310.pyc
f	644	1000	1000	14642	64	35970551	1785345592.4448340820	results/experiments/toolchain-environment/20260729T171551Z-toolchain-formal01/boots/repetition-03/lower/python310/lib/python3.10/site-packages/setuptools/_distutils/compilers/C/tests/test_unix.py
f	644	1000	1000	146589	64	35976469	1785345646.0184524400	results/experiments/toolchain-environment/20260729T171551Z-toolchain-formal01/boots/repetition-03/lower/python312/lib/python3.12/site-packages/pip/_vendor/pkg_resources/__pycache__/__init__.cpython-312.pyc
f	644	1000	1000	14665	64	35972977	1785345610.1513659880	results/experiments/toolchain-environment/20260729T171551Z-toolchain-formal01/boots/repetition-03/lower/python310/lib/python3.10/site-packages/pip/_vendor/packaging/version.py
f	644	1000	1000	14665	64	35975309	1785345634.8306508120	results/experiments/toolchain-environment/20260729T171551Z-toolchain-formal01/boots/repetition-03/lower/python312/lib/python3.12/site-packages/pip/_vendor/packaging/version.py
f	644	1000	1000	1468	64	35976947	1785345653.0005813340	results/experiments/toolchain-environment/20260729T171551Z-toolchain-formal01/boots/repetition-03/lower/python312/lib/python3.12/site-packages/pip/_vendor/urllib3/util/__pycache__/queue.cpython-312.pyc
f	644	1000	1000	1474	64	35972551	1785345608.0983555910	results/experiments/toolchain-environment/20260729T171551Z-toolchain-formal01/boots/repetition-03/lower/python310/lib/python3.10/site-packages/pip/_internal/operations/build/metadata_editable.py
f	644	1000	1000	1474	64	35974903	1785345633.2139120870	results/experiments/toolchain-environment/20260729T171551Z-toolchain-formal01/boots/repetition-03/lower/python312/lib/python3.12/site-packages/pip/_internal/operations/build/metadata_editable.py
f	644	1000	1000	14758	64	35974407	1785345625.2073467170	results/experiments/toolchain-environment/20260729T171551Z-toolchain-formal01/boots/repetition-03/lower/python310/lib/python3.10/site-packages/pip/_vendor/rich/__pycache__/layout.cpython-310.pyc
f	644	1000	1000	1476	64	35975319	1785345634.8583348870	results/experiments/toolchain-environment/20260729T171551Z-toolchain-formal01/boots/repetition-03/lower/python312/lib/python3.12/site-packages/pip/_vendor/platformdirs/__main__.py
f	644	1000	1000	14768	64	35976541	1785345647.2404749980	results/experiments/toolchain-environment/20260729T171551Z-toolchain-formal01/boots/repetition-03/lower/python312/lib/python3.12/site-packages/pip/_vendor/pygments/lexers/__pycache__/__init__.cpython-312.pyc
f	644	1000	1000	1481	64	35973509	1785345612.6620979200	results/experiments/toolchain-environment/20260729T171551Z-toolchain-formal01/boots/repetition-03/lower/python310/lib/python3.10/site-packages/pip/_internal/cli/__pycache__/main.cpython-310.pyc
f	644	1000	1000	14811	64	35972883	1785345609.7420831060	results/experiments/toolchain-environment/20260729T171551Z-toolchain-formal01/boots/repetition-03/lower/python310/lib/python3.10/site-packages/pip/_vendor/distlib/manifest.py
f	644	1000	1000	1482	64	35974279	1785345623.2629616890	results/experiments/toolchain-environment/20260729T171551Z-toolchain-formal01/boots/repetition-03/lower/python310/lib/python3.10/site-packages/pip/_vendor/requests/__pycache__/compat.cpython-310.pyc
f	644	1000	1000	148370	64	35970757	1785345593.2104784060	results/experiments/toolchain-environment/20260729T171551Z-toolchain-formal01/boots/repetition-03/lower/python310/lib/python3.10/site-packages/setuptools/_vendor/more_itertools/more.py
f	644	1000	1000	14841	64	35976601	1785345648.2074928480	results/experiments/toolchain-environment/20260729T171551Z-toolchain-formal01/boots/repetition-03/lower/python312/lib/python3.12/site-packages/pip/_vendor/pyproject_hooks/__pycache__/_impl.cpython-312.pyc
f	644	1000	1000	14848	64	35972821	1785345609.3832271730	results/experiments/toolchain-environment/20260729T171551Z-toolchain-formal01/boots/repetition-03/lower/python310/lib/python3.10/site-packages/pip/_vendor/chardet/universaldetector.py
f	644	1000	1000	14848	64	35975185	1785345634.3083044090	results/experiments/toolchain-environment/20260729T171551Z-toolchain-formal01/boots/repetition-03/lower/python312/lib/python3.12/site-packages/pip/_vendor/chardet/universaldetector.py
f	644	1000	1000	1485	64	35970555	1785345592.4527834410	results/experiments/toolchain-environment/20260729T171551Z-toolchain-formal01/boots/repetition-03/lower/python310/lib/python3.10/site-packages/setuptools/_distutils/tests/__init__.py
f	644	1000	1000	14897	64	35976785	1785345650.7265393510	results/experiments/toolchain-environment/20260729T171551Z-toolchain-formal01/boots/repetition-03/lower/python312/lib/python3.12/site-packages/pip/_vendor/rich/__pycache__/prompt.cpython-312.pyc
f	644	1000	1000	149	64	35970753	1785345593.1884780010	results/experiments/toolchain-environment/20260729T171551Z-toolchain-formal01/boots/repetition-03/lower/python310/lib/python3.10/site-packages/setuptools/_vendor/more_itertools/__init__.py
f	644	1000	1000	1490	64	35974531	1785345627.0875779590	results/experiments/toolchain-environment/20260729T171551Z-toolchain-formal01/boots/repetition-03/lower/python310/lib/python3.10/site-packages/pip/_vendor/urllib3/contrib/__pycache__/_appengine_environ.cpython-310.pyc
f	644	1000	1000	14906	64	35970401	1785345591.9086132550	results/experiments/toolchain-environment/20260729T171551Z-toolchain-formal01/boots/repetition-03/lower/python310/lib/python3.10/site-packages/setuptools/sandbox.py
f	644	1000	1000	14917	64	35976901	1785345652.3085685580	results/experiments/toolchain-environment/20260729T171551Z-toolchain-formal01/boots/repetition-03/lower/python312/lib/python3.12/site-packages/pip/_vendor/urllib3/contrib/_securetransport/__pycache__/low_level.cpython-312.pyc
f	644	1000	1000	1493	64	35970809	1785345593.4174822210	results/experiments/toolchain-environment/20260729T171551Z-toolchain-formal01/boots/repetition-03/lower/python310/lib/python3.10/site-packages/setuptools/_vendor/platformdirs/__main__.py
f	644	1000	1000	1495	64	35975459	1785345635.4301275380	results/experiments/toolchain-environment/20260729T171551Z-toolchain-formal01/boots/repetition-03/lower/python312/lib/python3.12/site-packages/pip/_vendor/requests/_internal_utils.py
f	644	1000	1000	1496	64	35970349	1785345591.7374512590	results/experiments/toolchain-environment/20260729T171551Z-toolchain-formal01/boots/repetition-03/lower/python310/lib/python3.10/site-packages/setuptools/_shutil.py
f	644	1000	1000	1496	64	35973341	1785345611.7219147780	results/experiments/toolchain-environment/20260729T171551Z-toolchain-formal01/boots/repetition-03/lower/python310/lib/python3.10/site-packages/pip/_vendor/tenacity/after.py
f	644	1000	1000	14981	64	35971569	1785345597.0695527830	results/experiments/toolchain-environment/20260729T171551Z-toolchain-formal01/boots/repetition-03/lower/python310/lib/python3.10/site-packages/setuptools/_distutils/command/__pycache__/sdist.cpython-310.pyc
f	644	1000	1000	1499	64	35971035	1785345594.2995587910	results/experiments/toolchain-environment/20260729T171551Z-toolchain-formal01/boots/repetition-03/lower/python310/lib/python3.10/site-packages/setuptools/config/__init__.py
f	644	1000	1000	1500	64	35971349	1785345595.4265715870	results/experiments/toolchain-environment/20260729T171551Z-toolchain-formal01/boots/repetition-03/lower/python310/lib/python3.10/site-packages/setuptools/_vendor/jaraco.text-3.12.1.dist-info/RECORD
f	644	1000	1000	15006	64	35971243	1785345595.0145116560	results/experiments/toolchain-environment/20260729T171551Z-toolchain-formal01/boots/repetition-03/lower/python310/lib/python3.10/site-packages/setuptools/_vendor/autocommand-2.2.2.dist-info/METADATA
f	644	1000	1000	1502	64	35976231	1785345642.8164894990	results/experiments/toolchain-environment/20260729T171551Z-toolchain-formal01/boots/repetition-03/lower/python312/lib/python3.12/site-packages/pip/_vendor/chardet/__pycache__/big5prober.cpython-312.pyc
f	644	1000	1000	15020	64	35976593	1785345648.0934907440	results/experiments/toolchain-environment/20260729T171551Z-toolchain-formal01/boots/repetition-03/lower/python312/lib/python3.12/site-packages/pip/_vendor/pyparsing/__pycache__/util.cpython-312.pyc
f	644	1000	1000	1505	64	35976271	1785345643.2394011450	results/experiments/toolchain-environment/20260729T171551Z-toolchain-formal01/boots/repetition-03/lower/python312/lib/python3.12/site-packages/pip/_vendor/chardet/__pycache__/euckrprober.cpython-312.pyc
f	644	1000	1000	1505	64	35976275	1785345643.3011643590	results/experiments/toolchain-environment/20260729T171551Z-toolchain-formal01/boots/repetition-03/lower/python312/lib/python3.12/site-packages/pip/_vendor/chardet/__pycache__/euctwprober.cpython-312.pyc
f	644	1000	1000	15060	64	35973727	1785345615.5798342690	results/experiments/toolchain-environment/20260729T171551Z-toolchain-formal01/boots/repetition-03/lower/python310/lib/python3.10/site-packages/pip/_internal/resolution/legacy/__pycache__/resolver.cpython-310.pyc
f	644	1000	1000	15062	64	35970615	1785345592.6734685090	results/experiments/toolchain-environment/20260729T171551Z-toolchain-formal01/boots/repetition-03/lower/python310/lib/python3.10/site-packages/setuptools/_distutils/tests/test_sdist.py
f	644	1000	1000	1509	64	35971913	1785345601.7751993960	results/experiments/toolchain-environment/20260729T171551Z-toolchain-formal01/boots/repetition-03/lower/python310/lib/python3.10/site-packages/setuptools/_vendor/platformdirs/__pycache__/__main__.cpython-310.pyc
f	644	1000	1000	1509	64	35976287	1785345643.4804055930	results/experiments/toolchain-environment/20260729T171551Z-toolchain-formal01/boots/repetition-03/lower/python312/lib/python3.12/site-packages/pip/_vendor/chardet/__pycache__/johabprober.cpython-312.pyc
f	644	1000	1000	151	64	35970265	1785345591.4384457480	results/experiments/toolchain-environment/20260729T171551Z-toolchain-formal01/boots/repetition-03/lower/python310/lib/python3.10/site-packages/distutils-precedence.pth
f	644	1000	1000	1511	64	35976259	1785345643.0601980170	results/experiments/toolchain-environment/20260729T171551Z-toolchain-formal01/boots/repetition-03/lower/python312/lib/python3.12/site-packages/pip/_vendor/chardet/__pycache__/cp949prober.cpython-312.pyc
f	644	1000	1000	15119	64	35972079	1785345604.1296796840	results/experiments/toolchain-environment/20260729T171551Z-toolchain-formal01/boots/repetition-03/lower/python310/lib/python3.10/site-packages/setuptools/command/__pycache__/build_py.cpython-310.pyc
f	644	1000	1000	15136	64	35975859	1785345637.6952988240	results/experiments/toolchain-environment/20260729T171551Z-toolchain-formal01/boots/repetition-03/lower/python312/lib/python3.12/site-packages/pip/_internal/cli/__pycache__/parser.cpython-312.pyc
f	644	1000	1000	15158	64	35971907	1785345601.7036349580	results/experiments/toolchain-environment/20260729T171551Z-toolchain-formal01/boots/repetition-03/lower/python310/lib/python3.10/site-packages/setuptools/_vendor/packaging/__pycache__/version.cpython-310.pyc
f	644	1000	1000	15165	64	35973699	1785345615.2285311680	results/experiments/toolchain-environment/20260729T171551Z-toolchain-formal01/boots/repetition-03/lower/python310/lib/python3.10/site-packages/pip/_internal/operations/__pycache__/prepare.cpython-310.pyc
f	644	1000	1000	1518	64	35976279	1785345643.3583614990	results/experiments/toolchain-environment/20260729T171551Z-toolchain-formal01/boots/repetition-03/lower/python312/lib/python3.12/site-packages/pip/_vendor/chardet/__pycache__/gb2312prober.cpython-312.pyc
f	644	1000	1000	15219	64	35976959	1785345653.1505841030	results/experiments/toolchain-environment/20260729T171551Z-toolchain-formal01/boots/repetition-03/lower/python312/lib/python3.12/site-packages/pip/_vendor/urllib3/util/__pycache__/ssl_.cpython-312.pyc
f	644	1000	1000	1522	64	35974491	1785345626.5900927440	results/experiments/toolchain-environment/20260729T171551Z-toolchain-formal01/boots/repetition-03/lower/python310/lib/python3.10/site-packages/pip/_vendor/tenacity/__pycache__/before_sleep.cpython-310.pyc
f	644	1000	1000	1523	64	35973623	1785345614.1205014340	results/experiments/toolchain-environment/20260729T171551Z-toolchain-formal01/boots/repetition-03/lower/python310/lib/python3.10/site-packages/pip/_internal/models/__pycache__/candidate.cpython-310.pyc
f	644	1000	1000	15240	64	35976391	1785345644.8624311020	results/experiments/toolchain-environment/20260729T171551Z-toolchain-formal01/boots/repetition-03/lower/python312/lib/python3.12/site-packages/pip/_vendor/distlib/__pycache__/manifest.cpython-312.pyc
f	644	1000	1000	15241	64	35974315	1785345623.7793944300	results/experiments/toolchain-environment/20260729T171551Z-toolchain-formal01/boots/repetition-03/lower/python310/lib/python3.10/site-packages/pip/_vendor/resolvelib/__pycache__/resolvers.cpython-310.pyc
f	644	1000	1000	152509	64	35974071	1785345620.4019797650	results/experiments/toolchain-environment/20260729T171551Z-toolchain-formal01/boots/repetition-03/lower/python310/lib/python3.10/site-packages/pip/_vendor/idna/__pycache__/uts46data.cpython-310.pyc
f	644	1000	1000	15273	64	35976535	1785345647.1564734470	results/experiments/toolchain-environment/20260729T171551Z-toolchain-formal01/boots/repetition-03/lower/python312/lib/python3.12/site-packages/pip/_vendor/pygments/formatters/__pycache__/terminal256.cpython-312.pyc
f	644	1000	1000	1528	64	35976841	1785345651.5383100980	results/experiments/toolchain-environment/20260729T171551Z-toolchain-formal01/boots/repetition-03/lower/python312/lib/python3.12/site-packages/pip/_vendor/tenacity/__pycache__/nap.cpython-312.pyc
f	644	1000	1000	1531	64	35972249	1785345606.0707819050	results/experiments/toolchain-environment/20260729T171551Z-toolchain-formal01/boots/repetition-03/lower/python310/lib/python3.10/site-packages/setuptools/tests/__pycache__/test_build.cpython-310.pyc
f	644	1000	1000	15330	64	35974569	1785345627.6159100320	results/experiments/toolchain-environment/20260729T171551Z-toolchain-formal01/boots/repetition-03/lower/python310/lib/python3.10/site-packages/pip/_vendor/urllib3/__pycache__/poolmanager.cpython-310.pyc
f	644	1000	1000	15335	64	35971903	1785345601.6416338150	results/experiments/toolchain-environment/20260729T171551Z-toolchain-formal01/boots/repetition-03/lower/python310/lib/python3.10/site-packages/setuptools/_vendor/packaging/__pycache__/tags.cpython-310.pyc
f	644	1000	1000	15337	64	35970455	1785345592.0934578200	results/experiments/toolchain-environment/20260729T171551Z-toolchain-formal01/boots/repetition-03/lower/python310/lib/python3.10/site-packages/setuptools/_distutils/filelist.py
f	644	1000	1000	1535	64	35972707	1785345608.7056882430	results/experiments/toolchain-environment/20260729T171551Z-toolchain-formal01/boots/repetition-03/lower/python310/lib/python3.10/site-packages/pip/_vendor/cachecontrol/cache.py
f	644	1000	1000	15360	64	35971975	1785345602.7206537070	results/experiments/toolchain-environment/20260729T171551Z-toolchain-formal01/boots/repetition-03/lower/python310/lib/python3.10/site-packages/setuptools/_vendor/wheel/__pycache__/_bdist_wheel.cpython-310.pyc
f	644	1000	1000	15365	64	35972453	1785345607.7187333880	results/experiments/toolchain-environment/20260729T171551Z-toolchain-formal01/boots/repetition-03/lower/python310/lib/python3.10/site-packages/pip/_internal/locations/__init__.py
f	644	1000	1000	15365	64	35974817	1785345632.9030644770	results/experiments/toolchain-environment/20260729T171551Z-toolchain-formal01/boots/repetition-03/lower/python312/lib/python3.12/site-packages/pip/_internal/locations/__init__.py
f	644	1000	1000	15397	64	35972071	1785345604.0226777110	results/experiments/toolchain-environment/20260729T171551Z-toolchain-formal01/boots/repetition-03/lower/python310/lib/python3.10/site-packages/setuptools/command/__pycache__/bdist_wheel.cpython-310.pyc
f	644	1000	1000	15404	64	35973581	1785345613.5869310520	results/experiments/toolchain-environment/20260729T171551Z-toolchain-formal01/boots/repetition-03/lower/python310/lib/python3.10/site-packages/pip/_internal/index/__pycache__/collector.cpython-310.pyc
f	644	1000	1000	15409	64	35971587	1785345597.3015538110	results/experiments/toolchain-environment/20260729T171551Z-toolchain-formal01/boots/repetition-03/lower/python310/lib/python3.10/site-packages/setuptools/_distutils/compilers/C/__pycache__/msvc.cpython-310.pyc
f	644	1000	1000	15416	64	35971499	1785345596.1555326870	results/experiments/toolchain-environment/20260729T171551Z-toolchain-formal01/boots/repetition-03/lower/python310/lib/python3.10/site-packages/pkg_resources/tests/__pycache__/test_pkg_resources.cpython-310.pyc
f	644	1000	1000	15425	64	35976265	1785345643.1513995210	results/experiments/toolchain-environment/20260729T171551Z-toolchain-formal01/boots/repetition-03/lower/python312/lib/python3.12/site-packages/pip/_vendor/chardet/__pycache__/escsm.cpython-312.pyc
f	644	1000	1000	1546	64	35973673	1785345614.8227270800	results/experiments/toolchain-environment/20260729T171551Z-toolchain-formal01/boots/repetition-03/lower/python310/lib/python3.10/site-packages/pip/_internal/operations/build/__pycache__/metadata.cpython-310.pyc
f	644	1000	1000	1548	64	35974377	1785345624.7196938460	results/experiments/toolchain-environment/20260729T171551Z-toolchain-formal01/boots/repetition-03/lower/python310/lib/python3.10/site-packages/pip/_vendor/rich/__pycache__/color_triplet.cpython-310.pyc
f	644	1000	1000	15539	64	35970987	1785345594.1384955100	results/experiments/toolchain-environment/20260729T171551Z-toolchain-formal01/boots/repetition-03/lower/python310/lib/python3.10/site-packages/setuptools/command/build_py.py
f	644	1000	1000	1556	64	35974075	1785345620.4358499380	results/experiments/toolchain-environment/20260729T171551Z-toolchain-formal01/boots/repetition-03/lower/python310/lib/python3.10/site-packages/pip/_vendor/msgpack/__pycache__/__init__.cpython-310.pyc
f	644	1000	1000	156	64	35973177	1785345611.0187879750	results/experiments/toolchain-environment/20260729T171551Z-toolchain-formal01/boots/repetition-03/lower/python310/lib/python3.10/site-packages/pip/_vendor/resolvelib/compat/collections_abc.py
f	644	1000	1000	156	64	35975499	1785345635.6672613980	results/experiments/toolchain-environment/20260729T171551Z-toolchain-formal01/boots/repetition-03/lower/python312/lib/python3.12/site-packages/pip/_vendor/resolvelib/compat/collections_abc.py
f	644	1000	1000	1560	64	35973681	1785345614.9543701230	results/experiments/toolchain-environment/20260729T171551Z-toolchain-formal01/boots/repetition-03/lower/python310/lib/python3.10/site-packages/pip/_internal/operations/build/__pycache__/wheel_editable.cpython-310.pyc
f	644	1000	1000	1562	64	35973659	1785345614.6573108140	results/experiments/toolchain-environment/20260729T171551Z-toolchain-formal01/boots/repetition-03/lower/python310/lib/python3.10/site-packages/pip/_internal/network/__pycache__/utils.cpython-310.pyc
f	644	1000	1000	1562	64	35975681	1785345636.6290889800	results/experiments/toolchain-environment/20260729T171551Z-toolchain-formal01/boots/repetition-03/lower/python312/lib/python3.12/site-packages/pip/_vendor/tenacity/before.py
f	644	1000	1000	15622	64	35976873	1785345651.9485619110	results/experiments/toolchain-environment/20260729T171551Z-toolchain-formal01/boots/repetition-03/lower/python312/lib/python3.12/site-packages/pip/_vendor/truststore/__pycache__/_windows.cpython-312.pyc
f	644	1000	1000	15642	64	35971657	1785345598.4845756170	results/experiments/toolchain-environment/20260729T171551Z-toolchain-formal01/boots/repetition-03/lower/python310/lib/python3.10/site-packages/setuptools/_distutils/tests/__pycache__/test_build_ext.cpython-310.pyc
f	644	1000	1000	15699	64	35972973	1785345610.1358394030	results/experiments/toolchain-environment/20260729T171551Z-toolchain-formal01/boots/repetition-03/lower/python310/lib/python3.10/site-packages/pip/_vendor/packaging/tags.py
f	644	1000	1000	15699	64	35975305	1785345634.8142419660	results/experiments/toolchain-environment/20260729T171551Z-toolchain-formal01/boots/repetition-03/lower/python312/lib/python3.12/site-packages/pip/_vendor/packaging/tags.py
f	644	1000	1000	15714	64	35974137	1785345621.2685208330	results/experiments/toolchain-environment/20260729T171551Z-toolchain-formal01/boots/repetition-03/lower/python310/lib/python3.10/site-packages/pip/_vendor/pygments/__pycache__/cmdline.cpython-310.pyc
f	644	1000	1000	15770	64	35975897	1785345638.2894726600	results/experiments/toolchain-environment/20260729T171551Z-toolchain-formal01/boots/repetition-03/lower/python312/lib/python3.12/site-packages/pip/_internal/commands/__pycache__/list.cpython-312.pyc
f	644	1000	1000	1580	64	35973675	1785345614.8563630100	results/experiments/toolchain-environment/20260729T171551Z-toolchain-formal01/boots/repetition-03/lower/python310/lib/python3.10/site-packages/pip/_internal/operations/build/__pycache__/metadata_editable.cpython-310.pyc
f	644	1000	1000	1580	64	35976837	1785345651.4834728780	results/experiments/toolchain-environment/20260729T171551Z-toolchain-formal01/boots/repetition-03/lower/python312/lib/python3.12/site-packages/pip/_vendor/tenacity/__pycache__/before.cpython-312.pyc
f	644	1000	1000	1583	64	35973167	1785345610.9828055730	results/experiments/toolchain-environment/20260729T171551Z-toolchain-formal01/boots/repetition-03/lower/python310/lib/python3.10/site-packages/pip/_vendor/resolvelib/reporters.py
f	644	1000	1000	15861	64	35971631	1785345598.0526200600	results/experiments/toolchain-environment/20260729T171551Z-toolchain-formal01/boots/repetition-03/lower/python310/lib/python3.10/site-packages/setuptools/_distutils/__pycache__/sysconfig.cpython-310.pyc
f	644	1000	1000	1587	64	35974421	1785345625.4620731060	results/experiments/toolchain-environment/20260729T171551Z-toolchain-formal01/boots/repetition-03/lower/python310/lib/python3.10/site-packages/pip/_vendor/rich/__pycache__/pager.cpython-310.pyc
f	644	1000	1000	158985	64	35976431	1785345645.4654422330	results/experiments/toolchain-environment/20260729T171551Z-toolchain-formal01/boots/repetition-03/lower/python312/lib/python3.12/site-packages/pip/_vendor/idna/__pycache__/uts46data.cpython-312.pyc
f	644	1000	1000	15904	64	35975963	1785345639.2713279090	results/experiments/toolchain-environment/20260729T171551Z-toolchain-formal01/boots/repetition-03/lower/python312/lib/python3.12/site-packages/pip/_internal/metadata/__pycache__/pkg_resources.cpython-312.pyc
f	644	1000	1000	1591	64	35973305	1785345611.5722859860	results/experiments/toolchain-environment/20260729T171551Z-toolchain-formal01/boots/repetition-03/lower/python310/lib/python3.10/site-packages/pip/_vendor/rich/screen.py
f	644	1000	1000	1591	64	35975641	1785345636.4223193260	results/experiments/toolchain-environment/20260729T171551Z-toolchain-formal01/boots/repetition-03/lower/python312/lib/python3.12/site-packages/pip/_vendor/rich/screen.py
f	644	1000	1000	15911	64	35976967	1785345653.2965867990	results/experiments/toolchain-environment/20260729T171551Z-toolchain-formal01/boots/repetition-03/lower/python312/lib/python3.12/site-packages/pip/_vendor/urllib3/util/__pycache__/url.cpython-312.pyc
f	644	1000	1000	15912	64	35971911	1785345601.7466357510	results/experiments/toolchain-environment/20260729T171551Z-toolchain-formal01/boots/repetition-03/lower/python310/lib/python3.10/site-packages/setuptools/_vendor/platformdirs/__pycache__/__init__.cpython-310.pyc
f	644	1000	1000	15913	64	35976865	1785345651.8315597510	results/experiments/toolchain-environment/20260729T171551Z-toolchain-formal01/boots/repetition-03/lower/python312/lib/python3.12/site-packages/pip/_vendor/truststore/__pycache__/_api.cpython-312.pyc
f	644	1000	1000	15920	64	35974545	1785345627.2911068490	results/experiments/toolchain-environment/20260729T171551Z-toolchain-formal01/boots/repetition-03/lower/python310/lib/python3.10/site-packages/pip/_vendor/urllib3/contrib/__pycache__/pyopenssl.cpython-310.pyc
f	644	1000	1000	1598	64	35971653	1785345598.4095742350	results/experiments/toolchain-environment/20260729T171551Z-toolchain-formal01/boots/repetition-03/lower/python310/lib/python3.10/site-packages/setuptools/_distutils/tests/__pycache__/test_build.cpython-310.pyc
f	644	1000	1000	15993	64	35972261	1785345606.2408941280	results/experiments/toolchain-environment/20260729T171551Z-toolchain-formal01/boots/repetition-03/lower/python310/lib/python3.10/site-packages/setuptools/tests/__pycache__/test_core_metadata.cpython-310.pyc
f	644	1000	1000	16	64	35970919	1785345593.8524902390	results/experiments/toolchain-environment/20260729T171551Z-toolchain-formal01/boots/repetition-03/lower/python310/lib/python3.10/site-packages/setuptools/_vendor/wheel/vendored/vendor.txt
f	644	1000	1000	160	64	35970711	1785345593.0124747570	results/experiments/toolchain-environment/20260729T171551Z-toolchain-formal01/boots/repetition-03/lower/python310/lib/python3.10/site-packages/setuptools/_vendor/inflect/compat/py38.py
f	644	1000	1000	160	64	35972999	1785345610.2338273490	results/experiments/toolchain-environment/20260729T171551Z-toolchain-formal01/boots/repetition-03/lower/python310/lib/python3.10/site-packages/pip/_vendor/platformdirs/version.py
f	644	1000	1000	160	64	35975329	1785345634.9073677490	results/experiments/toolchain-environment/20260729T171551Z-toolchain-formal01/boots/repetition-03/lower/python312/lib/python3.12/site-packages/pip/_vendor/platformdirs/version.py
f	644	1000	1000	1600	64	35970609	1785345592.6504680850	results/experiments/toolchain-environment/20260729T171551Z-toolchain-formal01/boots/repetition-03/lower/python310/lib/python3.10/site-packages/setuptools/_distutils/tests/test_install_scripts.py
f	644	1000	1000	1601	64	35975503	1785345635.6883477330	results/experiments/toolchain-environment/20260729T171551Z-toolchain-formal01/boots/repetition-03/lower/python312/lib/python3.12/site-packages/pip/_vendor/resolvelib/reporters.py
f	644	1000	1000	1603	64	35976743	1785345650.1115279980	results/experiments/toolchain-environment/20260729T171551Z-toolchain-formal01/boots/repetition-03/lower/python312/lib/python3.12/site-packages/pip/_vendor/rich/__pycache__/diagnose.cpython-312.pyc
f	644	1000	1000	16041	64	35971041	1785345594.3222741170	results/experiments/toolchain-environment/20260729T171551Z-toolchain-formal01/boots/repetition-03/lower/python310/lib/python3.10/site-packages/setuptools/config/expand.py
f	644	1000	1000	1605	64	35973433	1785345612.1261006290	results/experiments/toolchain-environment/20260729T171551Z-toolchain-formal01/boots/repetition-03/lower/python310/lib/python3.10/site-packages/pip/_vendor/urllib3/util/proxy.py
f	644	1000	1000	1605	64	35975789	1785345637.1372409310	results/experiments/toolchain-environment/20260729T171551Z-toolchain-formal01/boots/repetition-03/lower/python312/lib/python3.12/site-packages/pip/_vendor/urllib3/util/proxy.py
f	644	1000	1000	16071	64	35971047	1785345594.3454993260	results/experiments/toolchain-environment/20260729T171551Z-toolchain-formal01/boots/repetition-03/lower/python310/lib/python3.10/site-packages/setuptools/config/setuptools.schema.json
f	644	1000	1000	16074	64	35972291	1785345606.6755642890	results/experiments/toolchain-environment/20260729T171551Z-toolchain-formal01/boots/repetition-03/lower/python310/lib/python3.10/site-packages/setuptools/tests/__pycache__/test_manifest.cpython-310.pyc
f	644	1000	1000	1609	64	35970479	1785345592.1708406990	results/experiments/toolchain-environment/20260729T171551Z-toolchain-formal01/boots/repetition-03/lower/python310/lib/python3.10/site-packages/setuptools/_distutils/command/_framework_compat.py
f	644	1000	1000	161	64	35970409	1785345591.9335934400	results/experiments/toolchain-environment/20260729T171551Z-toolchain-formal01/boots/repetition-03/lower/python310/lib/python3.10/site-packages/setuptools/version.py
f	644	1000	1000	1612	64	35971059	1785345594.3935002100	results/experiments/toolchain-environment/20260729T171551Z-toolchain-formal01/boots/repetition-03/lower/python310/lib/python3.10/site-packages/setuptools/config/_validate_pyproject/fastjsonschema_exceptions.py
f	644	1000	1000	16138	64	35976423	1785345645.2906876190	results/experiments/toolchain-environment/20260729T171551Z-toolchain-formal01/boots/repetition-03/lower/python312/lib/python3.12/site-packages/pip/_vendor/idna/__pycache__/core.cpython-312.pyc
f	644	1000	1000	16148	64	35972143	1785345604.9396946180	results/experiments/toolchain-environment/20260729T171551Z-toolchain-formal01/boots/repetition-03/lower/python310/lib/python3.10/site-packages/setuptools/config/__pycache__/pyprojecttoml.cpython-310.pyc
f	644	1000	1000	1616	64	35973257	1785345611.3630527300	results/experiments/toolchain-environment/20260729T171551Z-toolchain-formal01/boots/repetition-03/lower/python310/lib/python3.10/site-packages/pip/_vendor/rich/file_proxy.py
f	644	1000	1000	1618	64	35973771	1785345616.0521071420	results/experiments/toolchain-environment/20260729T171551Z-toolchain-formal01/boots/repetition-03/lower/python310/lib/python3.10/site-packages/pip/_internal/utils/__pycache__/compat.cpython-310.pyc
f	644	1000	1000	1623	64	35976629	1785345648.5284987740	results/experiments/toolchain-environment/20260729T171551Z-toolchain-formal01/boots/repetition-03/lower/python312/lib/python3.12/site-packages/pip/_vendor/requests/__pycache__/compat.cpython-312.pyc
f	644	1000	1000	16234	64	35970953	1785345594.0214933540	results/experiments/toolchain-environment/20260729T171551Z-toolchain-formal01/boots/repetition-03/lower/python310/lib/python3.10/site-packages/setuptools/_vendor/wheel/vendored/packaging/version.py
f	644	1000	1000	16250	64	35970739	1785345593.1184767110	results/experiments/toolchain-environment/20260729T171551Z-toolchain-formal01/boots/repetition-03/lower/python310/lib/python3.10/site-packages/setuptools/_vendor/jaraco/text/__init__.py
f	644	1000	1000	16258	64	35974589	1785345627.8955076490	results/experiments/toolchain-environment/20260729T171551Z-toolchain-formal01/boots/repetition-03/lower/python310/lib/python3.10/site-packages/pip/_vendor/urllib3/util/__pycache__/retry.cpython-310.pyc
f	644	1000	1000	16282	64	35976207	1785345642.5133877450	results/experiments/toolchain-environment/20260729T171551Z-toolchain-formal01/boots/repetition-03/lower/python312/lib/python3.12/site-packages/pip/_vendor/cachecontrol/__pycache__/controller.cpython-312.pyc
f	644	1000	1000	1630	64	35973755	1785345615.9884332290	results/experiments/toolchain-environment/20260729T171551Z-toolchain-formal01/boots/repetition-03/lower/python310/lib/python3.10/site-packages/pip/_internal/utils/__pycache__/_log.cpython-310.pyc
f	644	1000	1000	16324	64	35972045	1785345603.7226721800	results/experiments/toolchain-environment/20260729T171551Z-toolchain-formal01/boots/repetition-03/lower/python310/lib/python3.10/site-packages/setuptools/_vendor/zipp/__pycache__/__init__.cpython-310.pyc
f	644	1000	1000	1637	64	35971635	1785345598.0895019120	results/experiments/toolchain-environment/20260729T171551Z-toolchain-formal01/boots/repetition-03/lower/python310/lib/python3.10/site-packages/setuptools/_distutils/tests/__pycache__/__init__.cpython-310.pyc
f	644	1000	1000	1638	64	35974395	1785345625.0156726600	results/experiments/toolchain-environment/20260729T171551Z-toolchain-formal01/boots/repetition-03/lower/python310/lib/python3.10/site-packages/pip/_vendor/rich/__pycache__/errors.cpython-310.pyc
f	644	1000	1000	1639	64	35972129	1785345604.7096903770	results/experiments/toolchain-environment/20260729T171551Z-toolchain-formal01/boots/repetition-03/lower/python310/lib/python3.10/site-packages/setuptools/config/_validate_pyproject/__pycache__/__init__.cpython-310.pyc
f	644	1000	1000	16416	64	35972711	1785345608.7246463940	results/experiments/toolchain-environment/20260729T171551Z-toolchain-formal01/boots/repetition-03/lower/python310/lib/python3.10/site-packages/pip/_vendor/cachecontrol/controller.py
f	644	1000	1000	1642	64	35971393	1785345595.5845221620	results/experiments/toolchain-environment/20260729T171551Z-toolchain-formal01/boots/repetition-03/lower/python310/lib/python3.10/site-packages/setuptools/_vendor/platformdirs-4.2.2.dist-info/RECORD
f	644	1000	1000	1643	64	35973201	1785345611.1147416020	results/experiments/toolchain-environment/20260729T171551Z-toolchain-formal01/boots/repetition-03/lower/python310/lib/python3.10/site-packages/pip/_vendor/rich/_null_file.py
f	644	1000	1000	16495	64	35972187	1785345605.3141765680	results/experiments/toolchain-environment/20260729T171551Z-toolchain-formal01/boots/repetition-03/lower/python310/lib/python3.10/site-packages/setuptools/__pycache__/sandbox.cpython-310.pyc
f	644	1000	1000	16504	64	35972445	1785345607.6892167730	results/experiments/toolchain-environment/20260729T171551Z-toolchain-formal01/boots/repetition-03/lower/python310/lib/python3.10/site-packages/pip/_internal/index/collector.py
f	644	1000	1000	16507	64	35972511	1785345607.9654965920	results/experiments/toolchain-environment/20260729T171551Z-toolchain-formal01/boots/repetition-03/lower/python310/lib/python3.10/site-packages/pip/_internal/network/auth.py
f	644	1000	1000	1652	64	35970287	1785345591.5095171200	results/experiments/toolchain-environment/20260729T171551Z-toolchain-formal01/boots/repetition-03/lower/python310/lib/python3.10/site-packages/pkg_resources/tests/test_integration_zope_interface.py
f	644	1000	1000	16531	64	35970537	1785345592.3860539340	results/experiments/toolchain-environment/20260729T171551Z-toolchain-formal01/boots/repetition-03/lower/python310/lib/python3.10/site-packages/setuptools/_distutils/compilers/C/unix.py
f	644	1000	1000	16536	64	35976355	1785345644.3363099710	results/experiments/toolchain-environment/20260729T171551Z-toolchain-formal01/boots/repetition-03/lower/python312/lib/python3.12/site-packages/pip/_vendor/colorama/__pycache__/ansitowin32.cpython-312.pyc
f	644	1000	1000	16572	64	35970885	1785345593.7654886360	results/experiments/toolchain-environment/20260729T171551Z-toolchain-formal01/boots/repetition-03/lower/python310/lib/python3.10/site-packages/setuptools/_vendor/wheel/macosx_libfile.py
f	644	1000	1000	1658	64	35973693	1785345615.1217754990	results/experiments/toolchain-environment/20260729T171551Z-toolchain-formal01/boots/repetition-03/lower/python310/lib/python3.10/site-packages/pip/_internal/operations/install/__pycache__/editable_legacy.cpython-310.pyc
f	644	1000	1000	16583	64	35974481	1785345626.4491296240	results/experiments/toolchain-environment/20260729T171551Z-toolchain-formal01/boots/repetition-03/lower/python310/lib/python3.10/site-packages/pip/_vendor/tenacity/__pycache__/__init__.cpython-310.pyc
f	644	1000	1000	16590	64	35974809	1785345632.8770797220	results/experiments/toolchain-environment/20260729T171551Z-toolchain-formal01/boots/repetition-03/lower/python312/lib/python3.12/site-packages/pip/_internal/index/collector.py
f	644	1000	1000	166	64	35973297	1785345611.5368138890	results/experiments/toolchain-environment/20260729T171551Z-toolchain-formal01/boots/repetition-03/lower/python310/lib/python3.10/site-packages/pip/_vendor/rich/region.py
f	644	1000	1000	166	64	35975633	1785345636.3796551240	results/experiments/toolchain-environment/20260729T171551Z-toolchain-formal01/boots/repetition-03/lower/python312/lib/python3.12/site-packages/pip/_vendor/rich/region.py
f	644	1000	1000	16604	64	35976881	1785345652.0465637200	results/experiments/toolchain-environment/20260729T171551Z-toolchain-formal01/boots/repetition-03/lower/python312/lib/python3.12/site-packages/pip/_vendor/urllib3/__pycache__/_collections.cpython-312.pyc
f	644	1000	1000	16611	64	35972575	1785345608.2134886750	results/experiments/toolchain-environment/20260729T171551Z-toolchain-formal01/boots/repetition-03/lower/python310/lib/python3.10/site-packages/pip/_internal/req/constructors.py
f	644	1000	1000	1662	64	35974361	1785345624.4550545290	results/experiments/toolchain-environment/20260729T171551Z-toolchain-formal01/boots/repetition-03/lower/python310/lib/python3.10/site-packages/pip/_vendor/rich/__pycache__/_wrap.cpython-310.pyc
f	644	1000	1000	16642	64	35970729	1785345593.0684757890	results/experiments/toolchain-environment/20260729T171551Z-toolchain-formal01/boots/repetition-03/lower/python310/lib/python3.10/site-packages/setuptools/_vendor/jaraco/functools/__init__.py
f	644	1000	1000	1665	64	35972623	1785345608.3975058210	results/experiments/toolchain-environment/20260729T171551Z-toolchain-formal01/boots/repetition-03/lower/python310/lib/python3.10/site-packages/pip/_internal/utils/appdirs.py
f	644	1000	1000	1665	64	35974985	1785345633.5197003640	results/experiments/toolchain-environment/20260729T171551Z-toolchain-formal01/boots/repetition-03/lower/python312/lib/python3.12/site-packages/pip/_internal/utils/appdirs.py
f	644	1000	1000	16676	64	35970797	1785345593.3805865350	results/experiments/toolchain-environment/20260729T171551Z-toolchain-formal01/boots/repetition-03/lower/python310/lib/python3.10/site-packages/setuptools/_vendor/packaging/version.py
f	644	1000	1000	1668	64	35976945	1785345652.9675807250	results/experiments/toolchain-environment/20260729T171551Z-toolchain-formal01/boots/repetition-03/lower/python312/lib/python3.12/site-packages/pip/_vendor/urllib3/util/__pycache__/proxy.cpython-312.pyc
f	644	1000	1000	16692	64	35974235	1785345622.6253031150	results/experiments/toolchain-environment/20260729T171551Z-toolchain-formal01/boots/repetition-03/lower/python310/lib/python3.10/site-packages/pip/_vendor/pyparsing/diagram/__pycache__/__init__.cpython-310.pyc
f	644	1000	1000	16696	64	35970493	1785345592.2260462730	results/experiments/toolchain-environment/20260729T171551Z-toolchain-formal01/boots/repetition-03/lower/python310/lib/python3.10/site-packages/setuptools/_distutils/command/build_py.py
f	644	1000	1000	167	64	35970521	1785345592.3277121360	results/experiments/toolchain-environment/20260729T171551Z-toolchain-formal01/boots/repetition-03/lower/python310/lib/python3.10/site-packages/setuptools/_distutils/compat/numpy.py
f	644	1000	1000	1676	64	35974269	1785345623.1120040650	results/experiments/toolchain-environment/20260729T171551Z-toolchain-formal01/boots/repetition-03/lower/python310/lib/python3.10/site-packages/pip/_vendor/requests/__pycache__/_internal_utils.cpython-310.pyc
f	644	1000	1000	16778	64	35976867	1785345651.8615603050	results/experiments/toolchain-environment/20260729T171551Z-toolchain-formal01/boots/repetition-03/lower/python312/lib/python3.12/site-packages/pip/_vendor/truststore/__pycache__/_macos.cpython-312.pyc
f	644	1000	1000	1680	64	35973529	1785345612.9165292570	results/experiments/toolchain-environment/20260729T171551Z-toolchain-formal01/boots/repetition-03/lower/python310/lib/python3.10/site-packages/pip/_internal/commands/__pycache__/check.cpython-310.pyc
f	644	1000	1000	1682	64	35975679	1785345636.6182789480	results/experiments/toolchain-environment/20260729T171551Z-toolchain-formal01/boots/repetition-03/lower/python312/lib/python3.12/site-packages/pip/_vendor/tenacity/after.py
f	644	1000	1000	1683	64	35972759	1785345608.9615324560	results/experiments/toolchain-environment/20260729T171551Z-toolchain-formal01/boots/repetition-03/lower/python310/lib/python3.10/site-packages/pip/_vendor/chardet/enums.py
f	644	1000	1000	1683	64	35975117	1785345634.0009516010	results/experiments/toolchain-environment/20260729T171551Z-toolchain-formal01/boots/repetition-03/lower/python312/lib/python3.12/site-packages/pip/_vendor/chardet/enums.py
f	644	1000	1000	1683	64	35975589	1785345636.1641068840	results/experiments/toolchain-environment/20260729T171551Z-toolchain-formal01/boots/repetition-03/lower/python312/lib/python3.12/site-packages/pip/_vendor/rich/file_proxy.py
f	644	1000	1000	1684	64	35976547	1785345647.3834776370	results/experiments/toolchain-environment/20260729T171551Z-toolchain-formal01/boots/repetition-03/lower/python312/lib/python3.12/site-packages/pip/_vendor/pygments/__pycache__/modeline.cpython-312.pyc
f	644	1000	1000	168448	64	35972909	1785345609.8757856350	results/experiments/toolchain-environment/20260729T171551Z-toolchain-formal01/boots/repetition-03/lower/python310/lib/python3.10/site-packages/pip/_vendor/distlib/w64-arm.exe
f	644	1000	1000	1685	64	35972397	1785345607.4681846390	results/experiments/toolchain-environment/20260729T171551Z-toolchain-formal01/boots/repetition-03/lower/python310/lib/python3.10/site-packages/pip/_internal/commands/check.py
f	644	1000	1000	16890	64	35975935	1785345638.8353198630	results/experiments/toolchain-environment/20260729T171551Z-toolchain-formal01/boots/repetition-03/lower/python312/lib/python3.12/site-packages/pip/_internal/locations/__pycache__/__init__.cpython-312.pyc
f	644	1000	1000	16906	64	35971675	1785345598.7632100560	results/experiments/toolchain-environment/20260729T171551Z-toolchain-formal01/boots/repetition-03/lower/python310/lib/python3.10/site-packages/setuptools/_distutils/tests/__pycache__/test_dist.cpython-310.pyc
f	644	1000	1000	1691	64	35973853	1785345617.0283426720	results/experiments/toolchain-environment/20260729T171551Z-toolchain-formal01/boots/repetition-03/lower/python310/lib/python3.10/site-packages/pip/_vendor/cachecontrol/__pycache__/_cmd.cpython-310.pyc
f	644	1000	1000	1695	64	35973823	1785345616.6875298530	results/experiments/toolchain-environment/20260729T171551Z-toolchain-formal01/boots/repetition-03/lower/python310/lib/python3.10/site-packages/pip/_internal/utils/__pycache__/urls.cpython-310.pyc
f	644	1000	1000	1696	64	35971799	1785345600.2776086700	results/experiments/toolchain-environment/20260729T171551Z-toolchain-formal01/boots/repetition-03/lower/python310/lib/python3.10/site-packages/setuptools/_vendor/importlib_metadata/__pycache__/_collections.cpython-310.pyc
f	644	1000	1000	16968	64	35973633	1785345614.2775673930	results/experiments/toolchain-environment/20260729T171551Z-toolchain-formal01/boots/repetition-03/lower/python310/lib/python3.10/site-packages/pip/_internal/models/__pycache__/link.cpython-310.pyc
f	644	1000	1000	1697	64	35973011	1785345610.2837407390	results/experiments/toolchain-environment/20260729T171551Z-toolchain-formal01/boots/repetition-03/lower/python310/lib/python3.10/site-packages/pip/_vendor/pygments/console.py
f	644	1000	1000	1697	64	35975341	1785345634.9582483150	results/experiments/toolchain-environment/20260729T171551Z-toolchain-formal01/boots/repetition-03/lower/python312/lib/python3.12/site-packages/pip/_vendor/pygments/console.py
f	644	1000	1000	16972	64	35970975	1785345594.0914946440	results/experiments/toolchain-environment/20260729T171551Z-toolchain-formal01/boots/repetition-03/lower/python310/lib/python3.10/site-packages/setuptools/command/bdist_egg.py
f	644	1000	1000	17010	64	35974271	1785345623.1412204630	results/experiments/toolchain-environment/20260729T171551Z-toolchain-formal01/boots/repetition-03/lower/python310/lib/python3.10/site-packages/pip/_vendor/requests/__pycache__/adapters.cpython-310.pyc
f	644	1000	1000	1703	64	35972409	1785345607.5319011570	results/experiments/toolchain-environment/20260729T171551Z-toolchain-formal01/boots/repetition-03/lower/python310/lib/python3.10/site-packages/pip/_internal/commands/hash.py
f	644	1000	1000	1703	64	35974769	1785345632.7324230840	results/experiments/toolchain-environment/20260729T171551Z-toolchain-formal01/boots/repetition-03/lower/python312/lib/python3.12/site-packages/pip/_internal/commands/hash.py
f	644	1000	1000	1703	64	35976323	1785345643.9214137330	results/experiments/toolchain-environment/20260729T171551Z-toolchain-formal01/boots/repetition-03/lower/python312/lib/python3.12/site-packages/pip/_vendor/chardet/__pycache__/mbcsgroupprober.cpython-312.pyc
f	644	1000	1000	1704	64	35971495	1785345596.1064505810	results/experiments/toolchain-environment/20260729T171551Z-toolchain-formal01/boots/repetition-03/lower/python310/lib/python3.10/site-packages/pkg_resources/tests/__pycache__/test_integration_zope_interface.cpython-310.pyc
f	644	1000	1000	17081	64	35973401	1785345611.9745304970	results/experiments/toolchain-environment/20260729T171551Z-toolchain-formal01/boots/repetition-03/lower/python310/lib/python3.10/site-packages/pip/_vendor/urllib3/contrib/pyopenssl.py
f	644	1000	1000	17081	64	35975751	1785345636.9652853520	results/experiments/toolchain-environment/20260729T171551Z-toolchain-formal01/boots/repetition-03/lower/python312/lib/python3.12/site-packages/pip/_vendor/urllib3/contrib/pyopenssl.py
f	644	1000	1000	1709	64	35974011	1785345619.4171056930	results/experiments/toolchain-environment/20260729T171551Z-toolchain-formal01/boots/repetition-03/lower/python310/lib/python3.10/site-packages/pip/_vendor/colorama/tests/__pycache__/utils.cpython-310.pyc
f	644	1000	1000	17111	64	35970291	1785345591.5234473150	results/experiments/toolchain-environment/20260729T171551Z-toolchain-formal01/boots/repetition-03/lower/python310/lib/python3.10/site-packages/pkg_resources/tests/test_pkg_resources.py
f	644	1000	1000	17141	64	35971557	1785345596.8775718840	results/experiments/toolchain-environment/20260729T171551Z-toolchain-formal01/boots/repetition-03/lower/python310/lib/python3.10/site-packages/setuptools/_distutils/command/__pycache__/install.cpython-310.pyc
f	644	1000	1000	17177	64	35973443	1785345612.1779764250	results/experiments/toolchain-environment/20260729T171551Z-toolchain-formal01/boots/repetition-03/lower/python310/lib/python3.10/site-packages/pip/_vendor/urllib3/util/ssl_.py
f	644	1000	1000	17177	64	35975799	1785345637.1874066440	results/experiments/toolchain-environment/20260729T171551Z-toolchain-formal01/boots/repetition-03/lower/python312/lib/python3.12/site-packages/pip/_vendor/urllib3/util/ssl_.py
f	644	1000	1000	17180	64	35974507	1785345626.7871202940	results/experiments/toolchain-environment/20260729T171551Z-toolchain-formal01/boots/repetition-03/lower/python310/lib/python3.10/site-packages/pip/_vendor/tomli/__pycache__/_parser.cpython-310.pyc
f	644	1000	1000	17187	64	35971931	1785345602.0272397880	results/experiments/toolchain-environment/20260729T171551Z-toolchain-formal01/boots/repetition-03/lower/python310/lib/python3.10/site-packages/setuptools/_vendor/tomli/__pycache__/_parser.cpython-310.pyc
f	644	1000	1000	1724	64	35976715	1785345649.6982483290	results/experiments/toolchain-environment/20260729T171551Z-toolchain-formal01/boots/repetition-03/lower/python312/lib/python3.12/site-packages/pip/_vendor/rich/__pycache__/abc.cpython-312.pyc
f	644	1000	1000	1728	64	35972147	1785345616.0226191480	results/experiments/toolchain-environment/20260729T171551Z-toolchain-formal01/boots/repetition-03/lower/python310/lib/python3.10/site-packages/pip/_internal/utils/__pycache__/appdirs.cpython-310.pyc
f	644	1000	1000	1730	64	35973865	1785345617.1919205560	results/experiments/toolchain-environment/20260729T171551Z-toolchain-formal01/boots/repetition-03/lower/python310/lib/python3.10/site-packages/pip/_vendor/cachecontrol/caches/__pycache__/redis_cache.cpython-310.pyc
f	644	1000	1000	17304	64	35976589	1785345648.0294895630	results/experiments/toolchain-environment/20260729T171551Z-toolchain-formal01/boots/repetition-03/lower/python312/lib/python3.12/site-packages/pip/_vendor/pyparsing/__pycache__/testing.cpython-312.pyc
f	644	1000	1000	1737	64	35975057	1785345633.7819624800	results/experiments/toolchain-environment/20260729T171551Z-toolchain-formal01/boots/repetition-03/lower/python312/lib/python3.12/site-packages/pip/_vendor/cachecontrol/_cmd.py
f	644	1000	1000	174	64	35971213	1785345594.9262388940	results/experiments/toolchain-environment/20260729T171551Z-toolchain-formal01/boots/repetition-03/lower/python310/lib/python3.10/site-packages/setuptools/tests/indexes/test_links_priority/simple/foobar/index.html
f	644	1000	1000	1740	64	35973487	1785345612.4146493800	results/experiments/toolchain-environment/20260729T171551Z-toolchain-formal01/boots/repetition-03/lower/python310/lib/python3.10/site-packages/pip/__pycache__/__pip-runner__.cpython-310.pyc
f	644	1000	1000	1740	64	35976835	1785345651.4555528100	results/experiments/toolchain-environment/20260729T171551Z-toolchain-formal01/boots/repetition-03/lower/python312/lib/python3.12/site-packages/pip/_vendor/tenacity/__pycache__/after.cpython-312.pyc
f	644	1000	1000	1742	64	35970567	1785345592.4986421380	results/experiments/toolchain-environment/20260729T171551Z-toolchain-formal01/boots/repetition-03/lower/python310/lib/python3.10/site-packages/setuptools/_distutils/tests/test_build.py
f	644	1000	1000	1742	64	35973573	1785345613.4958484850	results/experiments/toolchain-environment/20260729T171551Z-toolchain-formal01/boots/repetition-03/lower/python310/lib/python3.10/site-packages/pip/_internal/distributions/__pycache__/wheel.cpython-310.pyc
f	644	1000	1000	17424	64	35974027	1785345619.6643899580	results/experiments/toolchain-environment/20260729T171551Z-toolchain-formal01/boots/repetition-03/lower/python310/lib/python3.10/site-packages/pip/_vendor/distlib/__pycache__/index.cpython-310.pyc
f	644	1000	1000	1743	64	35974795	1785345632.8292938950	results/experiments/toolchain-environment/20260729T171551Z-toolchain-formal01/boots/repetition-03/lower/python312/lib/python3.12/site-packages/pip/_internal/distributions/base.py
f	644	1000	1000	17440	64	35976397	1785345644.9544328000	results/experiments/toolchain-environment/20260729T171551Z-toolchain-formal01/boots/repetition-03/lower/python312/lib/python3.12/site-packages/pip/_vendor/distlib/__pycache__/resources.cpython-312.pyc
f	644	1000	1000	17468	64	35975717	1785345636.8052823990	results/experiments/toolchain-environment/20260729T171551Z-toolchain-formal01/boots/repetition-03/lower/python312/lib/python3.12/site-packages/pip/_vendor/truststore/_windows.py
f	644	1000	1000	17500	64	35971545	1785345596.6955426410	results/experiments/toolchain-environment/20260729T171551Z-toolchain-formal01/boots/repetition-03/lower/python310/lib/python3.10/site-packages/setuptools/_distutils/command/__pycache__/build_ext.cpython-310.pyc
f	644	1000	1000	1752	64	35972785	1785345609.1280741300	results/experiments/toolchain-environment/20260729T171551Z-toolchain-formal01/boots/repetition-03/lower/python310/lib/python3.10/site-packages/pip/_vendor/chardet/johabprober.py
f	644	1000	1000	1752	64	35975143	1785345634.1092069550	results/experiments/toolchain-environment/20260729T171551Z-toolchain-formal01/boots/repetition-03/lower/python312/lib/python3.12/site-packages/pip/_vendor/chardet/johabprober.py
f	644	1000	1000	1753	64	35972769	1785345609.0183759770	results/experiments/toolchain-environment/20260729T171551Z-toolchain-formal01/boots/repetition-03/lower/python310/lib/python3.10/site-packages/pip/_vendor/chardet/euckrprober.py
f	644	1000	1000	1753	64	35972773	1785345609.0466855480	results/experiments/toolchain-environment/20260729T171551Z-toolchain-formal01/boots/repetition-03/lower/python310/lib/python3.10/site-packages/pip/_vendor/chardet/euctwprober.py
f	644	1000	1000	1753	64	35975127	1785345634.0440414370	results/experiments/toolchain-environment/20260729T171551Z-toolchain-formal01/boots/repetition-03/lower/python312/lib/python3.12/site-packages/pip/_vendor/chardet/euckrprober.py
f	644	1000	1000	1753	64	35975131	1785345634.0613472510	results/experiments/toolchain-environment/20260729T171551Z-toolchain-formal01/boots/repetition-03/lower/python312/lib/python3.12/site-packages/pip/_vendor/chardet/euctwprober.py
f	644	1000	1000	17543	64	35976899	1785345652.2701849780	results/experiments/toolchain-environment/20260729T171551Z-toolchain-formal01/boots/repetition-03/lower/python312/lib/python3.12/site-packages/pip/_vendor/urllib3/contrib/_securetransport/__pycache__/bindings.cpython-312.pyc
f	644	1000	1000	1759	64	35971953	1785345602.3886475870	results/experiments/toolchain-environment/20260729T171551Z-toolchain-formal01/boots/repetition-03/lower/python310/lib/python3.10/site-packages/setuptools/_vendor/typeguard/__pycache__/_memo.cpython-310.pyc
f	644	1000	1000	1759	64	35972123	1785345604.6536893450	results/experiments/toolchain-environment/20260729T171551Z-toolchain-formal01/boots/repetition-03/lower/python310/lib/python3.10/site-packages/setuptools/config/__pycache__/__init__.cpython-310.pyc
f	644	1000	1000	1759	64	35972669	1785345608.5848373190	results/experiments/toolchain-environment/20260729T171551Z-toolchain-formal01/boots/repetition-03/lower/python310/lib/python3.10/site-packages/pip/_internal/utils/urls.py
f	644	1000	1000	1759	64	35972777	1785345609.0727708260	results/experiments/toolchain-environment/20260729T171551Z-toolchain-formal01/boots/repetition-03/lower/python310/lib/python3.10/site-packages/pip/_vendor/chardet/gb2312prober.py
f	644	1000	1000	1759	64	35975027	1785345633.6881204010	results/experiments/toolchain-environment/20260729T171551Z-toolchain-formal01/boots/repetition-03/lower/python312/lib/python3.12/site-packages/pip/_internal/utils/urls.py
f	644	1000	1000	1759	64	35975135	1785345634.0771073090	results/experiments/toolchain-environment/20260729T171551Z-toolchain-formal01/boots/repetition-03/lower/python312/lib/python3.12/site-packages/pip/_vendor/chardet/gb2312prober.py
f	644	1000	1000	17591	64	35971527	1785345596.4665384200	results/experiments/toolchain-environment/20260729T171551Z-toolchain-formal01/boots/repetition-03/lower/python310/lib/python3.10/site-packages/setuptools/_distutils/__pycache__/cmd.cpython-310.pyc
f	644	1000	1000	17592	64	35973169	1785345610.9912412630	results/experiments/toolchain-environment/20260729T171551Z-toolchain-formal01/boots/repetition-03/lower/python310/lib/python3.10/site-packages/pip/_vendor/resolvelib/resolvers.py
f	644	1000	1000	1763	64	35972745	1785345608.8914557090	results/experiments/toolchain-environment/20260729T171551Z-toolchain-formal01/boots/repetition-03/lower/python310/lib/python3.10/site-packages/pip/_vendor/chardet/big5prober.py
f	644	1000	1000	1763	64	35975097	1785345633.9282293090	results/experiments/toolchain-environment/20260729T171551Z-toolchain-formal01/boots/repetition-03/lower/python312/lib/python3.12/site-packages/pip/_vendor/chardet/big5prober.py
f	644	1000	1000	17632	64	35973411	1785345612.0198251720	results/experiments/toolchain-environment/20260729T171551Z-toolchain-formal01/boots/repetition-03/lower/python310/lib/python3.10/site-packages/pip/_vendor/urllib3/contrib/_securetransport/bindings.py
f	644	1000	1000	17632	64	35975743	1785345636.9222845590	results/experiments/toolchain-environment/20260729T171551Z-toolchain-formal01/boots/repetition-03/lower/python312/lib/python3.12/site-packages/pip/_vendor/urllib3/contrib/_securetransport/bindings.py
f	644	1000	1000	17646	64	35972577	1785345608.2211743050	results/experiments/toolchain-environment/20260729T171551Z-toolchain-formal01/boots/repetition-03/lower/python310/lib/python3.10/site-packages/pip/_internal/req/req_file.py
f	644	1000	1000	176567	64	35974231	1785345622.5900201250	results/experiments/toolchain-environment/20260729T171551Z-toolchain-formal01/boots/repetition-03/lower/python310/lib/python3.10/site-packages/pip/_vendor/pyparsing/__pycache__/core.cpython-310.pyc
f	644	1000	1000	17673	64	35974161	1785345621.6506705020	results/experiments/toolchain-environment/20260729T171551Z-toolchain-formal01/boots/repetition-03/lower/python310/lib/python3.10/site-packages/pip/_vendor/pygments/formatters/__pycache__/img.cpython-310.pyc
f	644	1000	1000	17694	64	35975711	1785345636.7500324010	results/experiments/toolchain-environment/20260729T171551Z-toolchain-formal01/boots/repetition-03/lower/python312/lib/python3.12/site-packages/pip/_vendor/truststore/_macos.py
f	644	1000	1000	1770	64	35971757	1785345599.7215984200	results/experiments/toolchain-environment/20260729T171551Z-toolchain-formal01/boots/repetition-03/lower/python310/lib/python3.10/site-packages/setuptools/__pycache__/_reqs.cpython-310.pyc
f	644	1000	1000	17705	64	35974375	1785345624.6908677060	results/experiments/toolchain-environment/20260729T171551Z-toolchain-formal01/boots/repetition-03/lower/python310/lib/python3.10/site-packages/pip/_vendor/rich/__pycache__/color.cpython-310.pyc
f	644	1000	1000	17780	64	35975907	1785345638.4463923490	results/experiments/toolchain-environment/20260729T171551Z-toolchain-formal01/boots/repetition-03/lower/python312/lib/python3.12/site-packages/pip/_internal/__pycache__/configuration.cpython-312.pyc
f	644	1000	1000	17790	64	35974935	1785345633.3355139690	results/experiments/toolchain-environment/20260729T171551Z-toolchain-formal01/boots/repetition-03/lower/python312/lib/python3.12/site-packages/pip/_internal/req/req_file.py
f	644	1000	1000	1781	64	35973801	1785345616.3805395890	results/experiments/toolchain-environment/20260729T171551Z-toolchain-formal01/boots/repetition-03/lower/python310/lib/python3.10/site-packages/pip/_internal/utils/__pycache__/glibc.cpython-310.pyc
f	644	1000	1000	1782	64	35974757	1785345632.6840768660	results/experiments/toolchain-environment/20260729T171551Z-toolchain-formal01/boots/repetition-03/lower/python312/lib/python3.12/site-packages/pip/_internal/commands/check.py
f	644	1000	1000	1787	64	35975889	1785345638.1474167430	results/experiments/toolchain-environment/20260729T171551Z-toolchain-formal01/boots/repetition-03/lower/python312/lib/python3.12/site-packages/pip/_internal/commands/__pycache__/help.cpython-312.pyc
f	644	1000	1000	1789	64	35976215	1785345642.6356317020	results/experiments/toolchain-environment/20260729T171551Z-toolchain-formal01/boots/repetition-03/lower/python312/lib/python3.12/site-packages/pip/_vendor/cachecontrol/__pycache__/wrapper.cpython-312.pyc
f	644	1000	1000	17895	64	35970451	1785345592.0774575250	results/experiments/toolchain-environment/20260729T171551Z-toolchain-formal01/boots/repetition-03/lower/python310/lib/python3.10/site-packages/setuptools/_distutils/fancy_getopt.py
f	644	1000	1000	1791	64	35971771	1785345599.8954757880	results/experiments/toolchain-environment/20260729T171551Z-toolchain-formal01/boots/repetition-03/lower/python310/lib/python3.10/site-packages/setuptools/_vendor/autocommand/__pycache__/automain.cpython-310.pyc
f	644	1000	1000	1791	64	35972523	1785345608.0210495260	results/experiments/toolchain-environment/20260729T171551Z-toolchain-formal01/boots/repetition-03/lower/python310/lib/python3.10/site-packages/pip/_internal/network/xmlrpc.py
f	644	1000	1000	1798	64	35976025	1785345640.2155320580	results/experiments/toolchain-environment/20260729T171551Z-toolchain-formal01/boots/repetition-03/lower/python312/lib/python3.12/site-packages/pip/_internal/operations/build/__pycache__/wheel.cpython-312.pyc
f	644	1000	1000	18	64	35971079	1785345594.4766033050	results/experiments/toolchain-environment/20260729T171551Z-toolchain-formal01/boots/repetition-03/lower/python310/lib/python3.10/site-packages/setuptools/tests/script-with-bom.py
f	644	1000	1000	1801	64	35970685	1785345592.9244731350	results/experiments/toolchain-environment/20260729T171551Z-toolchain-formal01/boots/repetition-03/lower/python310/lib/python3.10/site-packages/setuptools/_vendor/importlib_metadata/_meta.py
f	644	1000	1000	1801	64	35973639	1785345614.3684496650	results/experiments/toolchain-environment/20260729T171551Z-toolchain-formal01/boots/repetition-03/lower/python310/lib/python3.10/site-packages/pip/_internal/models/__pycache__/selection_prefs.cpython-310.pyc
f	644	1000	1000	18015	64	35973235	1785345611.2641885310	results/experiments/toolchain-environment/20260729T171551Z-toolchain-formal01/boots/repetition-03/lower/python310/lib/python3.10/site-packages/pip/_vendor/rich/color.py
f	644	1000	1000	1808	64	35975975	1785345639.4485129970	results/experiments/toolchain-environment/20260729T171551Z-toolchain-formal01/boots/repetition-03/lower/python312/lib/python3.12/site-packages/pip/_internal/models/__pycache__/index.cpython-312.pyc
f	644	1000	1000	1809	64	35970307	1785345591.5785266030	results/experiments/toolchain-environment/20260729T171551Z-toolchain-formal01/boots/repetition-03/lower/python310/lib/python3.10/site-packages/pkg_resources/tests/data/my-test-package-zip/my-test-package.zip
f	644	1000	1000	18094	64	35970467	1785345592.1354585940	results/experiments/toolchain-environment/20260729T171551Z-toolchain-formal01/boots/repetition-03/lower/python310/lib/python3.10/site-packages/setuptools/_distutils/util.py
f	644	1000	1000	18102	64	35972891	1785345609.7887840290	results/experiments/toolchain-environment/20260729T171551Z-toolchain-formal01/boots/repetition-03/lower/python310/lib/python3.10/site-packages/pip/_vendor/distlib/scripts.py
f	644	1000	1000	18116	64	35972681	1785345608.6221181980	results/experiments/toolchain-environment/20260729T171551Z-toolchain-formal01/boots/repetition-03/lower/python310/lib/python3.10/site-packages/pip/_internal/vcs/git.py
f	644	1000	1000	18121	64	35975039	1785345633.7275333500	results/experiments/toolchain-environment/20260729T171551Z-toolchain-formal01/boots/repetition-03/lower/python312/lib/python3.12/site-packages/pip/_internal/vcs/git.py
f	644	1000	1000	18124	64	35972125	1785345604.6806898420	results/experiments/toolchain-environment/20260729T171551Z-toolchain-formal01/boots/repetition-03/lower/python310/lib/python3.10/site-packages/setuptools/config/__pycache__/_apply_pyprojecttoml.cpython-310.pyc
f	644	1000	1000	1814	64	35971627	1785345597.9795663080	results/experiments/toolchain-environment/20260729T171551Z-toolchain-formal01/boots/repetition-03/lower/python310/lib/python3.10/site-packages/setuptools/_distutils/__pycache__/log.cpython-310.pyc
f	644	1000	1000	1814	64	35975915	1785345638.5483145660	results/experiments/toolchain-environment/20260729T171551Z-toolchain-formal01/boots/repetition-03/lower/python312/lib/python3.12/site-packages/pip/_internal/distributions/__pycache__/installed.cpython-312.pyc
f	644	1000	1000	18144	64	35976473	1785345646.0561823110	results/experiments/toolchain-environment/20260729T171551Z-toolchain-formal01/boots/repetition-03/lower/python312/lib/python3.12/site-packages/pip/_vendor/platformdirs/__pycache__/__init__.cpython-312.pyc
f	644	1000	1000	1815	64	35971691	1785345599.0123369470	results/experiments/toolchain-environment/20260729T171551Z-toolchain-formal01/boots/repetition-03/lower/python310/lib/python3.10/site-packages/setuptools/_distutils/tests/__pycache__/test_install_scripts.cpython-310.pyc
f	644	1000	1000	1817	64	35976729	1785345649.8995240840	results/experiments/toolchain-environment/20260729T171551Z-toolchain-formal01/boots/repetition-03/lower/python312/lib/python3.12/site-packages/pip/_vendor/rich/__pycache__/color_triplet.cpython-312.pyc
f	644	1000	1000	18172	64	35972385	1785345607.4151381190	results/experiments/toolchain-environment/20260729T171551Z-toolchain-formal01/boots/repetition-03/lower/python310/lib/python3.10/site-packages/pip/_internal/cli/req_command.py
f	644	1000	1000	18218	64	35976365	1785345644.4656288720	results/experiments/toolchain-environment/20260729T171551Z-toolchain-formal01/boots/repetition-03/lower/python312/lib/python3.12/site-packages/pip/_vendor/colorama/tests/__pycache__/ansitowin32_test.cpython-312.pyc
f	644	1000	1000	18224	64	35975567	1785345636.0502684670	results/experiments/toolchain-environment/20260729T171551Z-toolchain-formal01/boots/repetition-03/lower/python312/lib/python3.12/site-packages/pip/_vendor/rich/color.py
f	644	1000	1000	1827	64	35971199	1785345594.8865092970	results/experiments/toolchain-environment/20260729T171551Z-toolchain-formal01/boots/repetition-03/lower/python310/lib/python3.10/site-packages/setuptools/tests/config/downloads/__init__.py
f	644	1000	1000	182784	64	35972895	1785345609.8197846010	results/experiments/toolchain-environment/20260729T171551Z-toolchain-formal01/boots/repetition-03/lower/python310/lib/python3.10/site-packages/pip/_vendor/distlib/t64-arm.exe
f	644	1000	1000	18315	64	35975243	1785345634.5595092130	results/experiments/toolchain-environment/20260729T171551Z-toolchain-formal01/boots/repetition-03/lower/python312/lib/python3.12/site-packages/pip/_vendor/distlib/scripts.py
f	644	1000	1000	18320	64	35971043	1785345594.3294990310	results/experiments/toolchain-environment/20260729T171551Z-toolchain-formal01/boots/repetition-03/lower/python310/lib/python3.10/site-packages/setuptools/config/pyprojecttoml.py
f	644	1000	1000	18339	64	35972057	1785345603.8566746510	results/experiments/toolchain-environment/20260729T171551Z-toolchain-formal01/boots/repetition-03/lower/python310/lib/python3.10/site-packages/setuptools/__pycache__/build_meta.cpython-310.pyc
f	644	1000	1000	18363	64	35972141	1785345604.9126941200	results/experiments/toolchain-environment/20260729T171551Z-toolchain-formal01/boots/repetition-03/lower/python310/lib/python3.10/site-packages/setuptools/config/__pycache__/expand.cpython-310.pyc
f	644	1000	1000	18364	64	35973335	1785345611.6972401960	results/experiments/toolchain-environment/20260729T171551Z-toolchain-formal01/boots/repetition-03/lower/python310/lib/python3.10/site-packages/pip/_vendor/tenacity/__init__.py
f	644	1000	1000	18369	64	35974745	1785345632.6419277860	results/experiments/toolchain-environment/20260729T171551Z-toolchain-formal01/boots/repetition-03/lower/python312/lib/python3.12/site-packages/pip/_internal/cli/req_command.py
f	644	1000	1000	18377	64	35970985	1785345594.1315019390	results/experiments/toolchain-environment/20260729T171551Z-toolchain-formal01/boots/repetition-03/lower/python310/lib/python3.10/site-packages/setuptools/command/build_ext.py
f	644	1000	1000	1838	64	35974889	1785345633.1688847440	results/experiments/toolchain-environment/20260729T171551Z-toolchain-formal01/boots/repetition-03/lower/python312/lib/python3.12/site-packages/pip/_internal/network/xmlrpc.py
f	644	1000	1000	18384	64	35975071	1785345633.8332212260	results/experiments/toolchain-environment/20260729T171551Z-toolchain-formal01/boots/repetition-03/lower/python312/lib/python3.12/site-packages/pip/_vendor/cachecontrol/controller.py
f	644	1000	1000	1840	64	35973221	1785345611.2033936660	results/experiments/toolchain-environment/20260729T171551Z-toolchain-formal01/boots/repetition-03/lower/python310/lib/python3.10/site-packages/pip/_vendor/rich/_wrap.py
f	644	1000	1000	1840	64	35975553	1785345635.9615683050	results/experiments/toolchain-environment/20260729T171551Z-toolchain-formal01/boots/repetition-03/lower/python312/lib/python3.12/site-packages/pip/_vendor/rich/_wrap.py
f	644	1000	1000	18443	64	35972519	1785345608.0025743950	results/experiments/toolchain-environment/20260729T171551Z-toolchain-formal01/boots/repetition-03/lower/python310/lib/python3.10/site-packages/pip/_internal/network/session.py
f	644	1000	1000	1845	64	35976679	1785345649.1911015440	results/experiments/toolchain-environment/20260729T171551Z-toolchain-formal01/boots/repetition-03/lower/python312/lib/python3.12/site-packages/pip/_vendor/rich/__pycache__/_emoji_replace.cpython-312.pyc
f	644	1000	1000	1850	64	35973631	1785345614.2464748730	results/experiments/toolchain-environment/20260729T171551Z-toolchain-formal01/boots/repetition-03/lower/python310/lib/python3.10/site-packages/pip/_internal/models/__pycache__/installation_report.cpython-310.pyc
f	644	1000	1000	1850	64	35973977	1785345618.9051717190	results/experiments/toolchain-environment/20260729T171551Z-toolchain-formal01/boots/repetition-03/lower/python310/lib/python3.10/site-packages/pip/_vendor/chardet/__pycache__/sbcsgroupprober.cpython-310.pyc
f	644	1000	1000	18560	64	35973141	1785345610.8776567690	results/experiments/toolchain-environment/20260729T171551Z-toolchain-formal01/boots/repetition-03/lower/python310/lib/python3.10/site-packages/pip/_vendor/requests/cookies.py
f	644	1000	1000	18560	64	35975471	1785345635.5052584090	results/experiments/toolchain-environment/20260729T171551Z-toolchain-formal01/boots/repetition-03/lower/python312/lib/python3.12/site-packages/pip/_vendor/requests/cookies.py
f	644	1000	1000	18562	64	35971133	1785345594.6855055920	results/experiments/toolchain-environment/20260729T171551Z-toolchain-formal01/boots/repetition-03/lower/python310/lib/python3.10/site-packages/setuptools/tests/test_manifest.py
f	644	1000	1000	1860	64	35971759	1785345599.7425988070	results/experiments/toolchain-environment/20260729T171551Z-toolchain-formal01/boots/repetition-03/lower/python310/lib/python3.10/site-packages/setuptools/__pycache__/_shutil.cpython-310.pyc
f	644	1000	1000	1860	64	35972757	1785345608.9503504400	results/experiments/toolchain-environment/20260729T171551Z-toolchain-formal01/boots/repetition-03/lower/python310/lib/python3.10/site-packages/pip/_vendor/chardet/cp949prober.py
f	644	1000	1000	1860	64	35975115	1785345633.9930035360	results/experiments/toolchain-environment/20260729T171551Z-toolchain-formal01/boots/repetition-03/lower/python312/lib/python3.12/site-packages/pip/_vendor/chardet/cp949prober.py
f	644	1000	1000	18602	64	35972495	1785345607.9008564320	results/experiments/toolchain-environment/20260729T171551Z-toolchain-formal01/boots/repetition-03/lower/python310/lib/python3.10/site-packages/pip/_internal/models/link.py
f	644	1000	1000	1862	64	35972107	1785345604.5052613440	results/experiments/toolchain-environment/20260729T171551Z-toolchain-formal01/boots/repetition-03/lower/python310/lib/python3.10/site-packages/setuptools/command/__pycache__/test.cpython-310.pyc
f	644	1000	1000	1865	64	35974383	1785345624.8229540940	results/experiments/toolchain-environment/20260729T171551Z-toolchain-formal01/boots/repetition-03/lower/python310/lib/python3.10/site-packages/pip/_vendor/rich/__pycache__/constrain.cpython-310.pyc
f	644	1000	1000	1866	64	35972865	1785345609.6327811520	results/experiments/toolchain-environment/20260729T171551Z-toolchain-formal01/boots/repetition-03/lower/python310/lib/python3.10/site-packages/pip/_vendor/colorama/tests/isatty_test.py
f	644	1000	1000	1866	64	35975213	1785345634.4173000970	results/experiments/toolchain-environment/20260729T171551Z-toolchain-formal01/boots/repetition-03/lower/python312/lib/python3.12/site-packages/pip/_vendor/colorama/tests/isatty_test.py
f	644	1000	1000	18698	64	35974885	1785345633.1531618740	results/experiments/toolchain-environment/20260729T171551Z-toolchain-formal01/boots/repetition-03/lower/python312/lib/python3.12/site-packages/pip/_internal/network/session.py
f	644	1000	1000	187	64	35970315	1785345591.6013290570	results/experiments/toolchain-environment/20260729T171551Z-toolchain-formal01/boots/repetition-03/lower/python310/lib/python3.10/site-packages/pkg_resources/tests/data/my-test-package_unpacked-egg/my_test_package-1.0-py3.7.egg/EGG-INFO/PKG-INFO
f	644	1000	1000	18702	64	35973735	1785345615.6830149300	results/experiments/toolchain-environment/20260729T171551Z-toolchain-formal01/boots/repetition-03/lower/python310/lib/python3.10/site-packages/pip/_internal/resolution/resolvelib/__pycache__/candidates.cpython-310.pyc
f	644	1000	1000	18737	64	35971051	1785345594.3564995280	results/experiments/toolchain-environment/20260729T171551Z-toolchain-formal01/boots/repetition-03/lower/python310/lib/python3.10/site-packages/setuptools/config/_validate_pyproject/NOTICE
f	644	1000	1000	1874	64	35974455	1785345626.1313730680	results/experiments/toolchain-environment/20260729T171551Z-toolchain-formal01/boots/repetition-03/lower/python310/lib/python3.10/site-packages/pip/_vendor/rich/__pycache__/styled.cpython-310.pyc
f	644	1000	1000	1875	64	35974499	1785345626.7018689000	results/experiments/toolchain-environment/20260729T171551Z-toolchain-formal01/boots/repetition-03/lower/python310/lib/python3.10/site-packages/pip/_vendor/tenacity/__pycache__/tornadoweb.cpython-310.pyc
f	644	1000	1000	18793	64	35970589	1785345592.5874669240	results/experiments/toolchain-environment/20260729T171551Z-toolchain-formal01/boots/repetition-03/lower/python310/lib/python3.10/site-packages/setuptools/_distutils/tests/test_dist.py
f	644	1000	1000	18802	64	35974281	1785345623.2979303110	results/experiments/toolchain-environment/20260729T171551Z-toolchain-formal01/boots/repetition-03/lower/python310/lib/python3.10/site-packages/pip/_vendor/requests/__pycache__/cookies.cpython-310.pyc
f	644	1000	1000	1881	64	35972939	1785345609.9763355470	results/experiments/toolchain-environment/20260729T171551Z-toolchain-formal01/boots/repetition-03/lower/python310/lib/python3.10/site-packages/pip/_vendor/idna/intranges.py
f	644	1000	1000	1881	64	35975271	1785345634.6692387250	results/experiments/toolchain-environment/20260729T171551Z-toolchain-formal01/boots/repetition-03/lower/python312/lib/python3.12/site-packages/pip/_vendor/idna/intranges.py
f	644	1000	1000	1882	64	35972475	1785345607.8106740960	results/experiments/toolchain-environment/20260729T171551Z-toolchain-formal01/boots/repetition-03/lower/python310/lib/python3.10/site-packages/pip/_internal/metadata/importlib/_compat.py
f	644	1000	1000	1882	64	35974839	1785345632.9792117970	results/experiments/toolchain-environment/20260729T171551Z-toolchain-formal01/boots/repetition-03/lower/python312/lib/python3.12/site-packages/pip/_internal/metadata/importlib/_compat.py
f	644	1000	1000	1884	64	35972625	1785345608.4071759090	results/experiments/toolchain-environment/20260729T171551Z-toolchain-formal01/boots/repetition-03/lower/python310/lib/python3.10/site-packages/pip/_internal/utils/compat.py
f	644	1000	1000	1884	64	35974987	1785345633.5280620720	results/experiments/toolchain-environment/20260729T171551Z-toolchain-formal01/boots/repetition-03/lower/python312/lib/python3.12/site-packages/pip/_internal/utils/compat.py
f	644	1000	1000	18866	64	35971897	1785345601.5386319160	results/experiments/toolchain-environment/20260729T171551Z-toolchain-formal01/boots/repetition-03/lower/python310/lib/python3.10/site-packages/setuptools/_vendor/packaging/__pycache__/metadata.cpython-310.pyc
f	644	1000	1000	18888	64	35976003	1785345639.9231583410	results/experiments/toolchain-environment/20260729T171551Z-toolchain-formal01/boots/repetition-03/lower/python312/lib/python3.12/site-packages/pip/_internal/network/__pycache__/session.cpython-312.pyc
f	644	1000	1000	1895	64	35975853	1785345637.6056774730	results/experiments/toolchain-environment/20260729T171551Z-toolchain-formal01/boots/repetition-03/lower/python312/lib/python3.12/site-packages/pip/_internal/cli/__pycache__/command_context.cpython-312.pyc
f	644	1000	1000	18950	64	35970949	1785345593.9974929110	results/experiments/toolchain-environment/20260729T171551Z-toolchain-formal01/boots/repetition-03/lower/python310/lib/python3.10/site-packages/setuptools/_vendor/wheel/vendored/packaging/tags.py
f	644	1000	1000	18963	64	35972603	1785345608.3086147580	results/experiments/toolchain-environment/20260729T171551Z-toolchain-formal01/boots/repetition-03/lower/python310/lib/python3.10/site-packages/pip/_internal/resolution/resolvelib/candidates.py
f	644	1000	1000	18966	64	35975863	1785345637.7604328140	results/experiments/toolchain-environment/20260729T171551Z-toolchain-formal01/boots/repetition-03/lower/python312/lib/python3.12/site-packages/pip/_internal/cli/__pycache__/req_command.cpython-312.pyc
f	644	1000	1000	1897	64	35971939	1785345602.1596433650	results/experiments/toolchain-environment/20260729T171551Z-toolchain-formal01/boots/repetition-03/lower/python310/lib/python3.10/site-packages/setuptools/_vendor/typeguard/__pycache__/__init__.cpython-310.pyc
f	644	1000	1000	19	64	35971281	1785345595.1725145690	results/experiments/toolchain-environment/20260729T171551Z-toolchain-formal01/boots/repetition-03/lower/python310/lib/python3.10/site-packages/setuptools/_vendor/importlib_metadata-8.0.0.dist-info/top_level.txt
f	644	1000	1000	1900	64	35970547	1785345592.4249354930	results/experiments/toolchain-environment/20260729T171551Z-toolchain-formal01/boots/repetition-03/lower/python310/lib/python3.10/site-packages/setuptools/_distutils/compilers/C/tests/test_mingw.py
f	644	1000	1000	1900	64	35974357	1785345624.3977990850	results/experiments/toolchain-environment/20260729T171551Z-toolchain-formal01/boots/repetition-03/lower/python310/lib/python3.10/site-packages/pip/_vendor/rich/__pycache__/_windows.cpython-310.pyc
f	644	1000	1000	19018	64	35974933	1785345633.3266617720	results/experiments/toolchain-environment/20260729T171551Z-toolchain-formal01/boots/repetition-03/lower/python312/lib/python3.12/site-packages/pip/_internal/req/constructors.py
f	644	1000	1000	1907	64	35972501	1785345607.9299427100	results/experiments/toolchain-environment/20260729T171551Z-toolchain-formal01/boots/repetition-03/lower/python310/lib/python3.10/site-packages/pip/_internal/models/selection_prefs.py
f	644	1000	1000	1907	64	35974867	1785345633.0894604520	results/experiments/toolchain-environment/20260729T171551Z-toolchain-formal01/boots/repetition-03/lower/python312/lib/python3.12/site-packages/pip/_internal/models/selection_prefs.py
f	644	1000	1000	19071	64	35976461	1785345645.9064503730	results/experiments/toolchain-environment/20260729T171551Z-toolchain-formal01/boots/repetition-03/lower/python312/lib/python3.12/site-packages/pip/_vendor/packaging/__pycache__/tags.cpython-312.pyc
f	644	1000	1000	1908	64	35973345	1785345611.7384735270	results/experiments/toolchain-environment/20260729T171551Z-toolchain-formal01/boots/repetition-03/lower/python310/lib/python3.10/site-packages/pip/_vendor/tenacity/before_sleep.py
f	644	1000	1000	1908	64	35976787	1785345650.7625400160	results/experiments/toolchain-environment/20260729T171551Z-toolchain-formal01/boots/repetition-03/lower/python312/lib/python3.12/site-packages/pip/_vendor/rich/__pycache__/protocol.cpython-312.pyc
f	644	1000	1000	19106	64	35976167	1785345642.0824607170	results/experiments/toolchain-environment/20260729T171551Z-toolchain-formal01/boots/repetition-03/lower/python312/lib/python3.12/site-packages/pip/_internal/vcs/__pycache__/git.cpython-312.pyc
f	644	1000	1000	19118	64	35974355	1785345624.3676444150	results/experiments/toolchain-environment/20260729T171551Z-toolchain-formal01/boots/repetition-03/lower/python310/lib/python3.10/site-packages/pip/_vendor/rich/__pycache__/_win32_console.cpython-310.pyc
f	644	1000	1000	1912	64	35971185	1785345594.8283541360	results/experiments/toolchain-environment/20260729T171551Z-toolchain-formal01/boots/repetition-03/lower/python310/lib/python3.10/site-packages/setuptools/tests/config/setupcfg_examples.txt
f	644	1000	1000	19120	64	35971037	1785345594.3074986250	results/experiments/toolchain-environment/20260729T171551Z-toolchain-formal01/boots/repetition-03/lower/python310/lib/python3.10/site-packages/setuptools/config/_apply_pyprojecttoml.py
f	644	1000	1000	19151	64	35970515	1785345592.3125409300	results/experiments/toolchain-environment/20260729T171551Z-toolchain-formal01/boots/repetition-03/lower/python310/lib/python3.10/site-packages/setuptools/_distutils/command/sdist.py
f	644	1000	1000	19169	64	35973715	1785345615.4480711250	results/experiments/toolchain-environment/20260729T171551Z-toolchain-formal01/boots/repetition-03/lower/python310/lib/python3.10/site-packages/pip/_internal/req/__pycache__/req_uninstall.cpython-310.pyc
f	644	1000	1000	19182	64	35973737	1785345615.7192098240	results/experiments/toolchain-environment/20260729T171551Z-toolchain-formal01/boots/repetition-03/lower/python310/lib/python3.10/site-packages/pip/_internal/resolution/resolvelib/__pycache__/factory.cpython-310.pyc
f	644	1000	1000	1919	64	35974077	1785345620.4648898090	results/experiments/toolchain-environment/20260729T171551Z-toolchain-formal01/boots/repetition-03/lower/python310/lib/python3.10/site-packages/pip/_vendor/msgpack/__pycache__/exceptions.cpython-310.pyc
f	644	1000	1000	19217	64	35973929	1785345618.0849195890	results/experiments/toolchain-environment/20260729T171551Z-toolchain-formal01/boots/repetition-03/lower/python310/lib/python3.10/site-packages/pip/_vendor/chardet/__pycache__/gb2312freq.cpython-310.pyc
f	644	1000	1000	19241	64	35976277	1785345643.3312090190	results/experiments/toolchain-environment/20260729T171551Z-toolchain-formal01/boots/repetition-03/lower/python312/lib/python3.12/site-packages/pip/_vendor/chardet/__pycache__/gb2312freq.cpython-312.pyc
f	644	1000	1000	19259	64	35976761	1785345650.3695327610	results/experiments/toolchain-environment/20260729T171551Z-toolchain-formal01/boots/repetition-03/lower/python312/lib/python3.12/site-packages/pip/_vendor/rich/__pycache__/live.cpython-312.pyc
f	644	1000	1000	1926	64	35973217	1785345611.1867266000	results/experiments/toolchain-environment/20260729T171551Z-toolchain-formal01/boots/repetition-03/lower/python310/lib/python3.10/site-packages/pip/_vendor/rich/_windows.py
f	644	1000	1000	1926	64	35975549	1785345635.9362663630	results/experiments/toolchain-environment/20260729T171551Z-toolchain-formal01/boots/repetition-03/lower/python312/lib/python3.12/site-packages/pip/_vendor/rich/_windows.py
f	644	1000	1000	1931	64	35976039	1785345640.4125416340	results/experiments/toolchain-environment/20260729T171551Z-toolchain-formal01/boots/repetition-03/lower/python312/lib/python3.12/site-packages/pip/_internal/operations/install/__pycache__/editable_legacy.cpython-312.pyc
f	644	1000	1000	1932	64	35972069	1785345603.9946771950	results/experiments/toolchain-environment/20260729T171551Z-toolchain-formal01/boots/repetition-03/lower/python310/lib/python3.10/site-packages/setuptools/command/__pycache__/bdist_rpm.cpython-310.pyc
f	644	1000	1000	19351	64	35973057	1785345610.4892230560	results/experiments/toolchain-environment/20260729T171551Z-toolchain-formal01/boots/repetition-03/lower/python310/lib/python3.10/site-packages/pip/_vendor/pygments/formatters/latex.py
f	644	1000	1000	19351	64	35975367	1785345635.0582501610	results/experiments/toolchain-environment/20260729T171551Z-toolchain-formal01/boots/repetition-03/lower/python312/lib/python3.12/site-packages/pip/_vendor/pygments/formatters/latex.py
f	644	1000	1000	1936	64	35976773	1785345650.5385358810	results/experiments/toolchain-environment/20260729T171551Z-toolchain-formal01/boots/repetition-03/lower/python312/lib/python3.12/site-packages/pip/_vendor/rich/__pycache__/pager.cpython-312.pyc
f	644	1000	1000	19370	64	35971167	1785345594.7716407640	results/experiments/toolchain-environment/20260729T171551Z-toolchain-formal01/boots/repetition-03/lower/python310/lib/python3.10/site-packages/setuptools/tests/test_wheel.py
f	644	1000	1000	19374	64	35971841	1785345600.8326189010	results/experiments/toolchain-environment/20260729T171551Z-toolchain-formal01/boots/repetition-03/lower/python310/lib/python3.10/site-packages/setuptools/_vendor/jaraco/functools/__pycache__/__init__.cpython-310.pyc
f	644	1000	1000	1938	64	35973013	1785345610.2931620620	results/experiments/toolchain-environment/20260729T171551Z-toolchain-formal01/boots/repetition-03/lower/python310/lib/python3.10/site-packages/pip/_vendor/pygments/filter.py
f	644	1000	1000	1938	64	35975343	1785345634.9662484630	results/experiments/toolchain-environment/20260729T171551Z-toolchain-formal01/boots/repetition-03/lower/python312/lib/python3.12/site-packages/pip/_vendor/pygments/filter.py
f	644	1000	1000	1941	64	35976927	1785345652.6825275330	results/experiments/toolchain-environment/20260729T171551Z-toolchain-formal01/boots/repetition-03/lower/python312/lib/python3.12/site-packages/pip/_vendor/urllib3/packages/backports/__pycache__/makefile.cpython-312.pyc
f	644	1000	1000	1944	64	35973339	1785345611.7139003900	results/experiments/toolchain-environment/20260729T171551Z-toolchain-formal01/boots/repetition-03/lower/python310/lib/python3.10/site-packages/pip/_vendor/tenacity/_utils.py
f	644	1000	1000	1946	64	35976435	1785345645.5004131640	results/experiments/toolchain-environment/20260729T171551Z-toolchain-formal01/boots/repetition-03/lower/python312/lib/python3.12/site-packages/pip/_vendor/msgpack/__pycache__/__init__.cpython-312.pyc
f	644	1000	1000	1952	64	35975061	1785345633.7974397270	results/experiments/toolchain-environment/20260729T171551Z-toolchain-formal01/boots/repetition-03/lower/python312/lib/python3.12/site-packages/pip/_vendor/cachecontrol/cache.py
f	644	1000	1000	1957	64	35971087	1785345594.5051255480	results/experiments/toolchain-environment/20260729T171551Z-toolchain-formal01/boots/repetition-03/lower/python310/lib/python3.10/site-packages/setuptools/tests/test_bdist_egg.py
f	644	1000	1000	1961	64	35976747	1785345650.1675290310	results/experiments/toolchain-environment/20260729T171551Z-toolchain-formal01/boots/repetition-03/lower/python312/lib/python3.12/site-packages/pip/_vendor/rich/__pycache__/errors.cpython-312.pyc
f	644	1000	1000	1964	64	35970523	1785345592.3351758340	results/experiments/toolchain-environment/20260729T171551Z-toolchain-formal01/boots/repetition-03/lower/python310/lib/python3.10/site-packages/setuptools/_distutils/compat/py39.py
f	644	1000	1000	1964	64	35976893	1785345652.1985665270	results/experiments/toolchain-environment/20260729T171551Z-toolchain-formal01/boots/repetition-03/lower/python312/lib/python3.12/site-packages/pip/_vendor/urllib3/contrib/__pycache__/_appengine_environ.cpython-312.pyc
f	644	1000	1000	1965	64	35975985	1785345639.6396606110	results/experiments/toolchain-environment/20260729T171551Z-toolchain-formal01/boots/repetition-03/lower/python312/lib/python3.12/site-packages/pip/_internal/models/__pycache__/selection_prefs.cpython-312.pyc
f	644	1000	1000	1968	64	35972383	1785345607.4047400680	results/experiments/toolchain-environment/20260729T171551Z-toolchain-formal01/boots/repetition-03/lower/python310/lib/python3.10/site-packages/pip/_internal/cli/progress_bars.py
f	644	1000	1000	1968	64	35974743	1785345632.6332054130	results/experiments/toolchain-environment/20260729T171551Z-toolchain-formal01/boots/repetition-03/lower/python312/lib/python3.12/site-packages/pip/_internal/cli/progress_bars.py
f	644	1000	1000	19685	64	35974293	1785345623.5030697060	results/experiments/toolchain-environment/20260729T171551Z-toolchain-formal01/boots/repetition-03/lower/python310/lib/python3.10/site-packages/pip/_vendor/requests/__pycache__/sessions.cpython-310.pyc
f	644	1000	1000	19695	64	35976399	1785345644.9846619970	results/experiments/toolchain-environment/20260729T171551Z-toolchain-formal01/boots/repetition-03/lower/python312/lib/python3.12/site-packages/pip/_vendor/distlib/__pycache__/scripts.cpython-312.pyc
f	644	1000	1000	19697	64	35975461	1785345635.4402572100	results/experiments/toolchain-environment/20260729T171551Z-toolchain-formal01/boots/repetition-03/lower/python312/lib/python3.12/site-packages/pip/_vendor/requests/adapters.py
f	644	1000	1000	197	64	35970923	1785345593.8630935960	results/experiments/toolchain-environment/20260729T171551Z-toolchain-formal01/boots/repetition-03/lower/python310/lib/python3.10/site-packages/setuptools/_vendor/wheel/vendored/packaging/LICENSE
f	644	1000	1000	197	64	35971375	1785345595.5130788320	results/experiments/toolchain-environment/20260729T171551Z-toolchain-formal01/boots/repetition-03/lower/python310/lib/python3.10/site-packages/setuptools/_vendor/packaging-24.2.dist-info/LICENSE
f	644	1000	1000	1972	64	35970285	1785345591.5022727090	results/experiments/toolchain-environment/20260729T171551Z-toolchain-formal01/boots/repetition-03/lower/python310/lib/python3.10/site-packages/pkg_resources/tests/test_find_distributions.py
f	644	1000	1000	19728	64	35970461	1785345592.1145559120	results/experiments/toolchain-environment/20260729T171551Z-toolchain-formal01/boots/repetition-03/lower/python310/lib/python3.10/site-packages/setuptools/_distutils/sysconfig.py
f	644	1000	1000	19736	64	35974473	1785345626.3603373550	results/experiments/toolchain-environment/20260729T171551Z-toolchain-formal01/boots/repetition-03/lower/python310/lib/python3.10/site-packages/pip/_vendor/rich/__pycache__/traceback.cpython-310.pyc
f	644	1000	1000	1977	64	35976111	1785345641.2704414910	results/experiments/toolchain-environment/20260729T171551Z-toolchain-formal01/boots/repetition-03/lower/python312/lib/python3.12/site-packages/pip/_internal/utils/__pycache__/_log.cpython-312.pyc
f	644	1000	1000	19786	64	35973385	1785345611.9083784210	results/experiments/toolchain-environment/20260729T171551Z-toolchain-formal01/boots/repetition-03/lower/python310/lib/python3.10/site-packages/pip/_vendor/urllib3/poolmanager.py
f	644	1000	1000	1990	64	35974445	1785345625.9565588890	results/experiments/toolchain-environment/20260729T171551Z-toolchain-formal01/boots/repetition-03/lower/python310/lib/python3.10/site-packages/pip/_vendor/rich/__pycache__/screen.cpython-310.pyc
f	644	1000	1000	19919	64	35973209	1785345611.1512766790	results/experiments/toolchain-environment/20260729T171551Z-toolchain-formal01/boots/repetition-03/lower/python310/lib/python3.10/site-packages/pip/_vendor/rich/_spinners.py
f	644	1000	1000	19919	64	35975541	1785345635.8882654770	results/experiments/toolchain-environment/20260729T171551Z-toolchain-formal01/boots/repetition-03/lower/python312/lib/python3.12/site-packages/pip/_vendor/rich/_spinners.py
f	644	1000	1000	1994	64	35974139	1785345621.3028241590	results/experiments/toolchain-environment/20260729T171551Z-toolchain-formal01/boots/repetition-03/lower/python310/lib/python3.10/site-packages/pip/_vendor/pygments/__pycache__/console.cpython-310.pyc
f	644	1000	1000	1994	64	35976019	1785345640.1153168940	results/experiments/toolchain-environment/20260729T171551Z-toolchain-formal01/boots/repetition-03/lower/python312/lib/python3.12/site-packages/pip/_internal/operations/build/__pycache__/metadata.cpython-312.pyc
f	644	1000	1000	19943	64	35971941	1785345602.2086442680	results/experiments/toolchain-environment/20260729T171551Z-toolchain-formal01/boots/repetition-03/lower/python310/lib/python3.10/site-packages/setuptools/_vendor/typeguard/__pycache__/_checkers.cpython-310.pyc
f	644	1000	1000	19968	64	35970355	1785345591.7554515900	results/experiments/toolchain-environment/20260729T171551Z-toolchain-formal01/boots/repetition-03/lower/python310/lib/python3.10/site-packages/setuptools/build_meta.py
f	644	1000	1000	1998	64	35971685	1785345598.9115834890	results/experiments/toolchain-environment/20260729T171551Z-toolchain-formal01/boots/repetition-03/lower/python310/lib/python3.10/site-packages/setuptools/_distutils/tests/__pycache__/test_install_data.cpython-310.pyc
f	644	1000	1000	1998	64	35973567	1785345613.4110298450	results/experiments/toolchain-environment/20260729T171551Z-toolchain-formal01/boots/repetition-03/lower/python310/lib/python3.10/site-packages/pip/_internal/distributions/__pycache__/base.cpython-310.pyc
f	644	1000	1000	2	64	35971373	1785345595.5055438290	results/experiments/toolchain-environment/20260729T171551Z-toolchain-formal01/boots/repetition-03/lower/python310/lib/python3.10/site-packages/setuptools/_vendor/packaging-24.2.dist-info/INSTALLER
f	644	1000	1000	2001	64	35976691	1785345649.3584564760	results/experiments/toolchain-environment/20260729T171551Z-toolchain-formal01/boots/repetition-03/lower/python312/lib/python3.12/site-packages/pip/_vendor/rich/__pycache__/_loop.cpython-312.pyc
f	644	1000	1000	2002	64	35970513	1785345592.3044554650	results/experiments/toolchain-environment/20260729T171551Z-toolchain-formal01/boots/repetition-03/lower/python310/lib/python3.10/site-packages/setuptools/_distutils/command/install_scripts.py
f	644	1000	1000	20054	64	35976465	1785345645.9694515360	results/experiments/toolchain-environment/20260729T171551Z-toolchain-formal01/boots/repetition-03/lower/python312/lib/python3.12/site-packages/pip/_vendor/packaging/__pycache__/version.cpython-312.pyc
f	644	1000	1000	2007	64	35971563	1785345596.9736566560	results/experiments/toolchain-environment/20260729T171551Z-toolchain-formal01/boots/repetition-03/lower/python310/lib/python3.10/site-packages/setuptools/_distutils/command/__pycache__/install_headers.cpython-310.pyc
f	644	1000	1000	2007	64	35973515	1785345612.7477523160	results/experiments/toolchain-environment/20260729T171551Z-toolchain-formal01/boots/repetition-03/lower/python310/lib/python3.10/site-packages/pip/_internal/cli/__pycache__/progress_bars.cpython-310.pyc
f	644	1000	1000	20070	64	35973375	1785345611.8522699960	results/experiments/toolchain-environment/20260729T171551Z-toolchain-formal01/boots/repetition-03/lower/python310/lib/python3.10/site-packages/pip/_vendor/urllib3/connection.py
f	644	1000	1000	20070	64	35976523	1785345646.9454695520	results/experiments/toolchain-environment/20260729T171551Z-toolchain-formal01/boots/repetition-03/lower/python312/lib/python3.12/site-packages/pip/_vendor/pygments/formatters/__pycache__/latex.cpython-312.pyc
f	644	1000	1000	2009	64	35971383	1785345595.5445214250	results/experiments/toolchain-environment/20260729T171551Z-toolchain-formal01/boots/repetition-03/lower/python310/lib/python3.10/site-packages/setuptools/_vendor/packaging-24.2.dist-info/RECORD
f	644	1000	1000	20155	64	35975317	1785345634.8499938350	results/experiments/toolchain-environment/20260729T171551Z-toolchain-formal01/boots/repetition-03/lower/python312/lib/python3.12/site-packages/pip/_vendor/platformdirs/__init__.py
f	644	1000	1000	2019	64	35975969	1785345639.3421817070	results/experiments/toolchain-environment/20260729T171551Z-toolchain-formal01/boots/repetition-03/lower/python312/lib/python3.12/site-packages/pip/_internal/models/__pycache__/candidate.cpython-312.pyc
f	644	1000	1000	2020	64	35971257	1785345595.0735127440	results/experiments/toolchain-environment/20260729T171551Z-toolchain-formal01/boots/repetition-03/lower/python310/lib/python3.10/site-packages/setuptools/_vendor/backports.tarfile-1.2.0.dist-info/METADATA
f	644	1000	1000	20260	64	35974043	1785345619.9601126400	results/experiments/toolchain-environment/20260729T171551Z-toolchain-formal01/boots/repetition-03/lower/python310/lib/python3.10/site-packages/pip/_vendor/distlib/__pycache__/version.cpython-310.pyc
f	644	1000	1000	2028	64	35971801	1785345600.3076109250	results/experiments/toolchain-environment/20260729T171551Z-toolchain-formal01/boots/repetition-03/lower/python310/lib/python3.10/site-packages/setuptools/_vendor/importlib_metadata/__pycache__/_compat.cpython-310.pyc
f	644	1000	1000	2028	64	35976021	1785345640.1483440950	results/experiments/toolchain-environment/20260729T171551Z-toolchain-formal01/boots/repetition-03/lower/python312/lib/python3.12/site-packages/pip/_internal/operations/build/__pycache__/metadata_editable.cpython-312.pyc
f	644	1000	1000	20300	64	35975729	1785345636.8675177400	results/experiments/toolchain-environment/20260729T171551Z-toolchain-formal01/boots/repetition-03/lower/python312/lib/python3.12/site-packages/pip/_vendor/urllib3/connection.py
f	644	1000	1000	20325	64	35973549	1785345613.1959905000	results/experiments/toolchain-environment/20260729T171551Z-toolchain-formal01/boots/repetition-03/lower/python310/lib/python3.10/site-packages/pip/_internal/commands/__pycache__/install.cpython-310.pyc
f	644	1000	1000	20336	64	35976759	1785345650.3392201360	results/experiments/toolchain-environment/20260729T171551Z-toolchain-formal01/boots/repetition-03/lower/python312/lib/python3.12/site-packages/pip/_vendor/rich/__pycache__/layout.cpython-312.pyc
f	644	1000	1000	2034	64	35971533	1785345596.5201271960	results/experiments/toolchain-environment/20260729T171551Z-toolchain-formal01/boots/repetition-03/lower/python310/lib/python3.10/site-packages/setuptools/_distutils/command/__pycache__/_framework_compat.cpython-310.pyc
f	644	1000	1000	2035	64	35971961	1785345602.5126498720	results/experiments/toolchain-environment/20260729T171551Z-toolchain-formal01/boots/repetition-03/lower/python310/lib/python3.10/site-packages/setuptools/_vendor/typeguard/__pycache__/_union_transformer.cpython-310.pyc
f	644	1000	1000	2035	64	35973885	1785345617.4951823410	results/experiments/toolchain-environment/20260729T171551Z-toolchain-formal01/boots/repetition-03/lower/python310/lib/python3.10/site-packages/pip/_vendor/certifi/__pycache__/core.cpython-310.pyc
f	644	1000	1000	2047	64	35972301	1785345606.8215320420	results/experiments/toolchain-environment/20260729T171551Z-toolchain-formal01/boots/repetition-03/lower/python310/lib/python3.10/site-packages/setuptools/tests/__pycache__/test_setopt.cpython-310.pyc
f	644	1000	1000	2049	64	35971577	1785345597.1595511930	results/experiments/toolchain-environment/20260729T171551Z-toolchain-formal01/boots/repetition-03/lower/python310/lib/python3.10/site-packages/setuptools/_distutils/compat/__pycache__/py39.cpython-310.pyc
f	644	1000	1000	20493	64	35975673	1785345636.5842783210	results/experiments/toolchain-environment/20260729T171551Z-toolchain-formal01/boots/repetition-03/lower/python312/lib/python3.12/site-packages/pip/_vendor/tenacity/__init__.py
f	644	1000	1000	20511	64	35975505	1785345635.6984779940	results/experiments/toolchain-environment/20260729T171551Z-toolchain-formal01/boots/repetition-03/lower/python312/lib/python3.12/site-packages/pip/_vendor/resolvelib/resolvers.py
f	644	1000	1000	2052	64	35974619	1785345628.1805748720	results/experiments/toolchain-environment/20260729T171551Z-toolchain-formal01/boots/repetition-03/lower/python310/lib/python3.10/site-packages/pip/_vendor/webencodings/__pycache__/mklabels.cpython-310.pyc
f	644	1000	1000	20523	64	35976885	1785345652.1055648100	results/experiments/toolchain-environment/20260729T171551Z-toolchain-formal01/boots/repetition-03/lower/python312/lib/python3.12/site-packages/pip/_vendor/urllib3/__pycache__/connection.cpython-312.pyc
f	644	1000	1000	20541	64	35974877	1785345633.1215884910	results/experiments/toolchain-environment/20260729T171551Z-toolchain-formal01/boots/repetition-03/lower/python312/lib/python3.12/site-packages/pip/_internal/network/auth.py
f	644	1000	1000	20593	64	35971845	1785345600.8736196570	results/experiments/toolchain-environment/20260729T171551Z-toolchain-formal01/boots/repetition-03/lower/python310/lib/python3.10/site-packages/setuptools/_vendor/jaraco/text/__pycache__/__init__.cpython-310.pyc
f	644	1000	1000	206092	64	35976677	1785345649.1615104590	results/experiments/toolchain-environment/20260729T171551Z-toolchain-formal01/boots/repetition-03/lower/python312/lib/python3.12/site-packages/pip/_vendor/rich/__pycache__/_emoji_codes.cpython-312.pyc
f	644	1000	1000	2061	64	35976475	1785345646.0934366630	results/experiments/toolchain-environment/20260729T171551Z-toolchain-formal01/boots/repetition-03/lower/python312/lib/python3.12/site-packages/pip/_vendor/platformdirs/__pycache__/__main__.cpython-312.pyc
f	644	1000	1000	206539	64	35972943	1785345610.0077880690	results/experiments/toolchain-environment/20260729T171551Z-toolchain-formal01/boots/repetition-03/lower/python310/lib/python3.10/site-packages/pip/_vendor/idna/uts46data.py
f	644	1000	1000	206539	64	35975275	1785345634.6902433700	results/experiments/toolchain-environment/20260729T171551Z-toolchain-formal01/boots/repetition-03/lower/python312/lib/python3.12/site-packages/pip/_vendor/idna/uts46data.py
f	644	1000	1000	20674	64	35972259	1785345606.2115605840	results/experiments/toolchain-environment/20260729T171551Z-toolchain-formal01/boots/repetition-03/lower/python310/lib/python3.10/site-packages/setuptools/tests/__pycache__/test_config_discovery.cpython-310.pyc
f	644	1000	1000	2068	64	35970683	1785345592.9164729880	results/experiments/toolchain-environment/20260729T171551Z-toolchain-formal01/boots/repetition-03/lower/python310/lib/python3.10/site-packages/setuptools/_vendor/importlib_metadata/_itertools.py
f	644	1000	1000	2071	64	35970845	1785345593.5366379270	results/experiments/toolchain-environment/20260729T171551Z-toolchain-formal01/boots/repetition-03/lower/python310/lib/python3.10/site-packages/setuptools/_vendor/typeguard/__init__.py
f	644	1000	1000	20735	64	35972775	1785345609.0597705860	results/experiments/toolchain-environment/20260729T171551Z-toolchain-formal01/boots/repetition-03/lower/python310/lib/python3.10/site-packages/pip/_vendor/chardet/gb2312freq.py
f	644	1000	1000	20735	64	35975133	1785345634.0690463080	results/experiments/toolchain-environment/20260729T171551Z-toolchain-formal01/boots/repetition-03/lower/python312/lib/python3.12/site-packages/pip/_vendor/chardet/gb2312freq.py
f	644	1000	1000	2075	64	35971001	1785345594.1854963770	results/experiments/toolchain-environment/20260729T171551Z-toolchain-formal01/boots/repetition-03/lower/python310/lib/python3.10/site-packages/setuptools/command/install_egg_info.py
f	644	1000	1000	2076	64	35970649	1785345592.7934707210	results/experiments/toolchain-environment/20260729T171551Z-toolchain-formal01/boots/repetition-03/lower/python310/lib/python3.10/site-packages/setuptools/_vendor/autocommand/automain.py
f	644	1000	1000	20777	64	35974861	1785345633.0654008320	results/experiments/toolchain-environment/20260729T171551Z-toolchain-formal01/boots/repetition-03/lower/python312/lib/python3.12/site-packages/pip/_internal/models/link.py
f	644	1000	1000	20797	64	35975231	1785345634.5072399930	results/experiments/toolchain-environment/20260729T171551Z-toolchain-formal01/boots/repetition-03/lower/python312/lib/python3.12/site-packages/pip/_vendor/distlib/index.py
f	644	1000	1000	208	64	35970317	1785345591.6144489920	results/experiments/toolchain-environment/20260729T171551Z-toolchain-formal01/boots/repetition-03/lower/python310/lib/python3.10/site-packages/pkg_resources/tests/data/my-test-package_unpacked-egg/my_test_package-1.0-py3.7.egg/EGG-INFO/SOURCES.txt
f	644	1000	1000	20834	64	35972879	1785345609.7137826460	results/experiments/toolchain-environment/20260729T171551Z-toolchain-formal01/boots/repetition-03/lower/python310/lib/python3.10/site-packages/pip/_vendor/distlib/index.py
f	644	1000	1000	20868	64	35974447	1785345625.9950829390	results/experiments/toolchain-environment/20260729T171551Z-toolchain-formal01/boots/repetition-03/lower/python310/lib/python3.10/site-packages/pip/_vendor/rich/__pycache__/segment.cpython-310.pyc
f	644	1000	1000	20881	64	35971103	1785345594.5656890070	results/experiments/toolchain-environment/20260729T171551Z-toolchain-formal01/boots/repetition-03/lower/python310/lib/python3.10/site-packages/setuptools/tests/test_core_metadata.py
f	644	1000	1000	20916	64	35976933	1785345652.7905774570	results/experiments/toolchain-environment/20260729T171551Z-toolchain-formal01/boots/repetition-03/lower/python312/lib/python3.12/site-packages/pip/_vendor/urllib3/__pycache__/poolmanager.cpython-312.pyc
f	644	1000	1000	20943	64	35975777	1785345637.0843125700	results/experiments/toolchain-environment/20260729T171551Z-toolchain-formal01/boots/repetition-03/lower/python312/lib/python3.12/site-packages/pip/_vendor/urllib3/poolmanager.py
f	644	1000	1000	2095	64	35974067	1785345620.2823136020	results/experiments/toolchain-environment/20260729T171551Z-toolchain-formal01/boots/repetition-03/lower/python310/lib/python3.10/site-packages/pip/_vendor/idna/__pycache__/intranges.cpython-310.pyc
f	644	1000	1000	20953	64	35974453	1785345626.0980848400	results/experiments/toolchain-environment/20260729T171551Z-toolchain-formal01/boots/repetition-03/lower/python310/lib/python3.10/site-packages/pip/_vendor/rich/__pycache__/style.cpython-310.pyc
f	644	1000	1000	2098	64	35973811	1785345616.5243282450	results/experiments/toolchain-environment/20260729T171551Z-toolchain-formal01/boots/repetition-03/lower/python310/lib/python3.10/site-packages/pip/_internal/utils/__pycache__/models.cpython-310.pyc
f	644	1000	1000	2099	64	35971131	1785345594.6782482740	results/experiments/toolchain-environment/20260729T171551Z-toolchain-formal01/boots/repetition-03/lower/python310/lib/python3.10/site-packages/setuptools/tests/test_logging.py
f	644	1000	1000	21	64	35972941	1785345609.9897877380	results/experiments/toolchain-environment/20260729T171551Z-toolchain-formal01/boots/repetition-03/lower/python310/lib/python3.10/site-packages/pip/_vendor/idna/package_data.py
f	644	1000	1000	21	64	35975273	1785345634.6779174190	results/experiments/toolchain-environment/20260729T171551Z-toolchain-formal01/boots/repetition-03/lower/python312/lib/python3.12/site-packages/pip/_vendor/idna/package_data.py
f	644	1000	1000	2100	64	35975521	1785345635.7812635020	results/experiments/toolchain-environment/20260729T171551Z-toolchain-formal01/boots/repetition-03/lower/python312/lib/python3.12/site-packages/pip/_vendor/rich/_export_format.py
f	644	1000	1000	21014	64	35970793	1785345593.3645358910	results/experiments/toolchain-environment/20260729T171551Z-toolchain-formal01/boots/repetition-03/lower/python310/lib/python3.10/site-packages/setuptools/_vendor/packaging/tags.py
f	644	1000	1000	21046	64	35973965	1785345618.7353848530	results/experiments/toolchain-environment/20260729T171551Z-toolchain-formal01/boots/repetition-03/lower/python310/lib/python3.10/site-packages/pip/_vendor/chardet/__pycache__/mbcssm.cpython-310.pyc
f	644	1000	1000	21052	64	35974961	1785345633.4236010640	results/experiments/toolchain-environment/20260729T171551Z-toolchain-formal01/boots/repetition-03/lower/python312/lib/python3.12/site-packages/pip/_internal/resolution/resolvelib/candidates.py
f	644	1000	1000	21079	64	35971289	1785345595.2005150850	results/experiments/toolchain-environment/20260729T171551Z-toolchain-formal01/boots/repetition-03/lower/python310/lib/python3.10/site-packages/setuptools/_vendor/inflect-7.3.1.dist-info/METADATA
f	644	1000	1000	2108	64	35972659	1785345608.5469266100	results/experiments/toolchain-environment/20260729T171551Z-toolchain-formal01/boots/repetition-03/lower/python310/lib/python3.10/site-packages/pip/_internal/utils/packaging.py
f	644	1000	1000	2108	64	35975017	1785345633.6480607140	results/experiments/toolchain-environment/20260729T171551Z-toolchain-formal01/boots/repetition-03/lower/python312/lib/python3.12/site-packages/pip/_internal/utils/packaging.py
f	644	1000	1000	2114	64	35973191	1785345611.0744082700	results/experiments/toolchain-environment/20260729T171551Z-toolchain-formal01/boots/repetition-03/lower/python310/lib/python3.10/site-packages/pip/_vendor/rich/_export_format.py
f	644	1000	1000	2118	64	35972637	1785345608.4615582130	results/experiments/toolchain-environment/20260729T171551Z-toolchain-formal01/boots/repetition-03/lower/python310/lib/python3.10/site-packages/pip/_internal/utils/egg_link.py
f	644	1000	1000	212	64	35970465	1785345592.1286614890	results/experiments/toolchain-environment/20260729T171551Z-toolchain-formal01/boots/repetition-03/lower/python310/lib/python3.10/site-packages/setuptools/_distutils/unixccompiler.py
f	644	1000	1000	21254	64	35973841	1785345616.9220826280	results/experiments/toolchain-environment/20260729T171551Z-toolchain-formal01/boots/repetition-03/lower/python310/lib/python3.10/site-packages/pip/_internal/vcs/__pycache__/versioncontrol.cpython-310.pyc
f	644	1000	1000	21257	64	35973697	1785345615.1952210750	results/experiments/toolchain-environment/20260729T171551Z-toolchain-formal01/boots/repetition-03/lower/python310/lib/python3.10/site-packages/pip/_internal/operations/install/__pycache__/wheel.cpython-310.pyc
f	644	1000	1000	21258	64	35970367	1785345591.7944624250	results/experiments/toolchain-environment/20260729T171551Z-toolchain-formal01/boots/repetition-03/lower/python310/lib/python3.10/site-packages/setuptools/discovery.py
f	644	1000	1000	2127	64	35974653	1785345628.3949432410	results/experiments/toolchain-environment/20260729T171551Z-toolchain-formal01/boots/repetition-03/lower/python310/bin/activate
f	644	1000	1000	2131	64	35972809	1785345609.3036290020	results/experiments/toolchain-environment/20260729T171551Z-toolchain-formal01/boots/repetition-03/lower/python310/lib/python3.10/site-packages/pip/_vendor/chardet/mbcsgroupprober.py
f	644	1000	1000	2131	64	35975167	1785345634.2342349550	results/experiments/toolchain-environment/20260729T171551Z-toolchain-formal01/boots/repetition-03/lower/python312/lib/python3.12/site-packages/pip/_vendor/chardet/mbcsgroupprober.py
f	644	1000	1000	21316	64	35972161	1785345605.0176960560	results/experiments/toolchain-environment/20260729T171551Z-toolchain-formal01/boots/repetition-03/lower/python310/lib/python3.10/site-packages/setuptools/__pycache__/discovery.cpython-310.pyc
f	644	1000	1000	213344	64	35973091	1785345610.6708002960	results/experiments/toolchain-environment/20260729T171551Z-toolchain-formal01/boots/repetition-03/lower/python310/lib/python3.10/site-packages/pip/_vendor/pyparsing/core.py
f	644	1000	1000	2139	64	35976027	1785345640.2500461930	results/experiments/toolchain-environment/20260729T171551Z-toolchain-formal01/boots/repetition-03/lower/python312/lib/python3.12/site-packages/pip/_internal/operations/build/__pycache__/wheel_editable.cpython-312.pyc
f	644	1000	1000	21396	64	35976617	1785345648.4144966690	results/experiments/toolchain-environment/20260729T171551Z-toolchain-formal01/boots/repetition-03/lower/python312/lib/python3.12/site-packages/pip/_vendor/requests/__pycache__/adapters.cpython-312.pyc
f	644	1000	1000	2140	64	35976437	1785345645.5286273890	results/experiments/toolchain-environment/20260729T171551Z-toolchain-formal01/boots/repetition-03/lower/python312/lib/python3.12/site-packages/pip/_vendor/msgpack/__pycache__/exceptions.cpython-312.pyc
f	644	1000	1000	2140	64	35976615	1785345648.3804265310	results/experiments/toolchain-environment/20260729T171551Z-toolchain-formal01/boots/repetition-03/lower/python312/lib/python3.12/site-packages/pip/_vendor/requests/__pycache__/_internal_utils.cpython-312.pyc
f	644	1000	1000	21404	64	35970535	1785345592.3765394430	results/experiments/toolchain-environment/20260729T171551Z-toolchain-formal01/boots/repetition-03/lower/python310/lib/python3.10/site-packages/setuptools/_distutils/compilers/C/msvc.py
f	644	1000	1000	2142	64	35975691	1785345636.6882802400	results/experiments/toolchain-environment/20260729T171551Z-toolchain-formal01/boots/repetition-03/lower/python312/lib/python3.12/site-packages/pip/_vendor/tenacity/tornadoweb.py
f	644	1000	1000	21443	64	35973131	1785345610.8303971230	results/experiments/toolchain-environment/20260729T171551Z-toolchain-formal01/boots/repetition-03/lower/python310/lib/python3.10/site-packages/pip/_vendor/requests/adapters.py
f	644	1000	1000	2145	64	35972513	1785345607.9738518760	results/experiments/toolchain-environment/20260729T171551Z-toolchain-formal01/boots/repetition-03/lower/python310/lib/python3.10/site-packages/pip/_internal/network/cache.py
f	644	1000	1000	2145	64	35973353	1785345611.7719850570	results/experiments/toolchain-environment/20260729T171551Z-toolchain-formal01/boots/repetition-03/lower/python310/lib/python3.10/site-packages/pip/_vendor/tenacity/tornadoweb.py
f	644	1000	1000	21484	64	35970759	1785345593.2194785720	results/experiments/toolchain-environment/20260729T171551Z-toolchain-formal01/boots/repetition-03/lower/python310/lib/python3.10/site-packages/setuptools/_vendor/more_itertools/more.pyi
f	644	1000	1000	2154	64	35974359	1785345624.4263515960	results/experiments/toolchain-environment/20260729T171551Z-toolchain-formal01/boots/repetition-03/lower/python310/lib/python3.10/site-packages/pip/_vendor/rich/__pycache__/_windows_renderer.cpython-310.pyc
f	644	1000	1000	21575	64	35976053	1785345640.6133526770	results/experiments/toolchain-environment/20260729T171551Z-toolchain-formal01/boots/repetition-03/lower/python312/lib/python3.12/site-packages/pip/_internal/req/__pycache__/req_file.cpython-312.pyc
f	644	1000	1000	21638	64	35974099	1785345620.7706048630	results/experiments/toolchain-environment/20260729T171551Z-toolchain-formal01/boots/repetition-03/lower/python310/lib/python3.10/site-packages/pip/_vendor/packaging/__pycache__/specifiers.cpython-310.pyc
f	644	1000	1000	2166	64	35970687	1785345592.9324732830	results/experiments/toolchain-environment/20260729T171551Z-toolchain-formal01/boots/repetition-03/lower/python310/lib/python3.10/site-packages/setuptools/_vendor/importlib_metadata/_text.py
f	644	1000	1000	2167	64	35971805	1785345600.3656377400	results/experiments/toolchain-environment/20260729T171551Z-toolchain-formal01/boots/repetition-03/lower/python310/lib/python3.10/site-packages/setuptools/_vendor/importlib_metadata/__pycache__/_itertools.cpython-310.pyc
f	644	1000	1000	21694	64	35970879	1785345593.7404881750	results/experiments/toolchain-environment/20260729T171551Z-toolchain-formal01/boots/repetition-03/lower/python310/lib/python3.10/site-packages/setuptools/_vendor/wheel/_bdist_wheel.py
f	644	1000	1000	21696	64	35976051	1785345640.5803520680	results/experiments/toolchain-environment/20260729T171551Z-toolchain-formal01/boots/repetition-03/lower/python312/lib/python3.12/site-packages/pip/_internal/req/__pycache__/constructors.cpython-312.pyc
f	644	1000	1000	2172	64	35973661	1785345614.6893957820	results/experiments/toolchain-environment/20260729T171551Z-toolchain-formal01/boots/repetition-03/lower/python310/lib/python3.10/site-packages/pip/_internal/network/__pycache__/xmlrpc.cpython-310.pyc
f	644	1000	1000	21785	64	35970485	1785345592.1942380670	results/experiments/toolchain-environment/20260729T171551Z-toolchain-formal01/boots/repetition-03/lower/python310/lib/python3.10/site-packages/setuptools/_distutils/command/bdist_rpm.py
f	644	1000	1000	2179	64	35975677	1785345636.6082928500	results/experiments/toolchain-environment/20260729T171551Z-toolchain-formal01/boots/repetition-03/lower/python312/lib/python3.12/site-packages/pip/_vendor/tenacity/_utils.py
f	644	1000	1000	218	64	35970403	1785345591.9144545210	results/experiments/toolchain-environment/20260729T171551Z-toolchain-formal01/boots/repetition-03/lower/python310/lib/python3.10/site-packages/setuptools/script (dev).tmpl
f	644	1000	1000	21834	64	35976957	1785345653.1115833830	results/experiments/toolchain-environment/20260729T171551Z-toolchain-formal01/boots/repetition-03/lower/python312/lib/python3.12/site-packages/pip/_vendor/urllib3/util/__pycache__/retry.cpython-312.pyc
f	644	1000	1000	2185	64	35972289	1785345606.6410657620	results/experiments/toolchain-environment/20260729T171551Z-toolchain-formal01/boots/repetition-03/lower/python310/lib/python3.10/site-packages/setuptools/tests/__pycache__/test_logging.cpython-310.pyc
f	644	1000	1000	2187	64	35971009	1785345594.2145234870	results/experiments/toolchain-environment/20260729T171551Z-toolchain-formal01/boots/repetition-03/lower/python310/lib/python3.10/site-packages/setuptools/command/rotate.py
f	644	1000	1000	219	64	35970965	1785345594.0614258140	results/experiments/toolchain-environment/20260729T171551Z-toolchain-formal01/boots/repetition-03/lower/python310/lib/python3.10/site-packages/setuptools/_vendor/zipp/compat/py310.py
f	644	1000	1000	2190	64	35973813	1785345616.5502869590	results/experiments/toolchain-environment/20260729T171551Z-toolchain-formal01/boots/repetition-03/lower/python310/lib/python3.10/site-packages/pip/_internal/utils/__pycache__/packaging.cpython-310.pyc
f	644	1000	1000	2193	64	35973779	1785345616.1689419000	results/experiments/toolchain-environment/20260729T171551Z-toolchain-formal01/boots/repetition-03/lower/python310/lib/python3.10/site-packages/pip/_internal/utils/__pycache__/direct_url_helpers.cpython-310.pyc
f	644	1000	1000	21938	64	35973053	1785345610.4680660370	results/experiments/toolchain-environment/20260729T171551Z-toolchain-formal01/boots/repetition-03/lower/python310/lib/python3.10/site-packages/pip/_vendor/pygments/formatters/img.py
f	644	1000	1000	21938	64	35975363	1785345635.0401250120	results/experiments/toolchain-environment/20260729T171551Z-toolchain-formal01/boots/repetition-03/lower/python312/lib/python3.12/site-packages/pip/_vendor/pygments/formatters/img.py
f	644	1000	1000	2198	64	35972553	1785345608.1115579980	results/experiments/toolchain-environment/20260729T171551Z-toolchain-formal01/boots/repetition-03/lower/python310/lib/python3.10/site-packages/pip/_internal/operations/build/metadata_legacy.py
f	644	1000	1000	2198	64	35974905	1785345633.2222162810	results/experiments/toolchain-environment/20260729T171551Z-toolchain-formal01/boots/repetition-03/lower/python312/lib/python3.12/site-packages/pip/_internal/operations/build/metadata_legacy.py
f	644	1000	1000	22	64	35971075	1785345594.4626253570	results/experiments/toolchain-environment/20260729T171551Z-toolchain-formal01/boots/repetition-03/lower/python310/lib/python3.10/site-packages/setuptools/tests/mod_with_constant.py
f	644	1000	1000	22000	64	35975927	1785345638.7201029080	results/experiments/toolchain-environment/20260729T171551Z-toolchain-formal01/boots/repetition-03/lower/python312/lib/python3.12/site-packages/pip/_internal/index/__pycache__/collector.cpython-312.pyc
f	644	1000	1000	22003	64	35973441	1785345612.1663541030	results/experiments/toolchain-environment/20260729T171551Z-toolchain-formal01/boots/repetition-03/lower/python310/lib/python3.10/site-packages/pip/_vendor/urllib3/util/retry.py
f	644	1000	1000	2204	64	35975875	1785345637.9215046990	results/experiments/toolchain-environment/20260729T171551Z-toolchain-formal01/boots/repetition-03/lower/python312/lib/python3.12/site-packages/pip/_internal/commands/__pycache__/check.cpython-312.pyc
f	644	1000	1000	22050	64	35975797	1785345637.1765988320	results/experiments/toolchain-environment/20260729T171551Z-toolchain-formal01/boots/repetition-03/lower/python312/lib/python3.12/site-packages/pip/_vendor/urllib3/util/retry.py
f	644	1000	1000	22052	64	35974547	1785345627.3269952040	results/experiments/toolchain-environment/20260729T171551Z-toolchain-formal01/boots/repetition-03/lower/python310/lib/python3.10/site-packages/pip/_vendor/urllib3/contrib/__pycache__/securetransport.cpython-310.pyc
f	644	1000	1000	22110	64	35975995	1785345639.7974127750	results/experiments/toolchain-environment/20260729T171551Z-toolchain-formal01/boots/repetition-03/lower/python312/lib/python3.12/site-packages/pip/_internal/network/__pycache__/auth.cpython-312.pyc
f	644	1000	1000	2212	64	35973061	1785345610.5099766050	results/experiments/toolchain-environment/20260729T171551Z-toolchain-formal01/boots/repetition-03/lower/python310/lib/python3.10/site-packages/pip/_vendor/pygments/formatters/pangomarkup.py
f	644	1000	1000	2212	64	35975371	1785345635.0771428770	results/experiments/toolchain-environment/20260729T171551Z-toolchain-formal01/boots/repetition-03/lower/python312/lib/python3.12/site-packages/pip/_vendor/pygments/formatters/pangomarkup.py
f	644	1000	1000	2214	64	35970127	1785345599.6105963740	results/experiments/toolchain-environment/20260729T171551Z-toolchain-formal01/boots/repetition-03/lower/python310/lib/python3.10/site-packages/setuptools/__pycache__/_imp.cpython-310.pyc
f	644	1000	1000	2215	64	35974169	1785345621.8148837330	results/experiments/toolchain-environment/20260729T171551Z-toolchain-formal01/boots/repetition-03/lower/python310/lib/python3.10/site-packages/pip/_vendor/pygments/formatters/__pycache__/pangomarkup.cpython-310.pyc
f	644	1000	1000	22186	64	35970433	1785345592.0124563270	results/experiments/toolchain-environment/20260729T171551Z-toolchain-formal01/boots/repetition-03/lower/python310/lib/python3.10/site-packages/setuptools/_distutils/cmd.py
f	644	1000	1000	2219	64	35973985	1785345619.0434571110	results/experiments/toolchain-environment/20260729T171551Z-toolchain-formal01/boots/repetition-03/lower/python310/lib/python3.10/site-packages/pip/_vendor/chardet/__pycache__/utf8prober.cpython-310.pyc
f	644	1000	1000	22225	64	35970807	1785345593.4086764770	results/experiments/toolchain-environment/20260729T171551Z-toolchain-formal01/boots/repetition-03/lower/python310/lib/python3.10/site-packages/setuptools/_vendor/platformdirs/__init__.py
f	644	1000	1000	22245	64	35973935	1785345618.1726207980	results/experiments/toolchain-environment/20260729T171551Z-toolchain-formal01/boots/repetition-03/lower/python310/lib/python3.10/site-packages/pip/_vendor/chardet/__pycache__/jisfreq.cpython-310.pyc
f	644	1000	1000	22246	64	35970979	1785345594.1104949940	results/experiments/toolchain-environment/20260729T171551Z-toolchain-formal01/boots/repetition-03/lower/python310/lib/python3.10/site-packages/setuptools/command/bdist_wheel.py
f	644	1000	1000	22253	64	35972655	1785345608.5305501560	results/experiments/toolchain-environment/20260729T171551Z-toolchain-formal01/boots/repetition-03/lower/python310/lib/python3.10/site-packages/pip/_internal/utils/misc.py
f	644	1000	1000	22270	64	35976283	1785345643.4174044310	results/experiments/toolchain-environment/20260729T171551Z-toolchain-formal01/boots/repetition-03/lower/python312/lib/python3.12/site-packages/pip/_vendor/chardet/__pycache__/jisfreq.cpython-312.pyc
f	644	1000	1000	223	64	35970339	1785345591.7054506690	results/experiments/toolchain-environment/20260729T171551Z-toolchain-formal01/boots/repetition-03/lower/python310/lib/python3.10/site-packages/setuptools/_importlib.py
f	644	1000	1000	22364	64	35973809	1785345616.4943982590	results/experiments/toolchain-environment/20260729T171551Z-toolchain-formal01/boots/repetition-03/lower/python310/lib/python3.10/site-packages/pip/_internal/utils/__pycache__/misc.cpython-310.pyc
f	644	1000	1000	2242	64	35971649	1785345598.3325728150	results/experiments/toolchain-environment/20260729T171551Z-toolchain-formal01/boots/repetition-03/lower/python310/lib/python3.10/site-packages/setuptools/_distutils/tests/__pycache__/test_bdist_dumb.cpython-310.pyc
f	644	1000	1000	22421	64	35972089	1785345604.2726823200	results/experiments/toolchain-environment/20260729T171551Z-toolchain-formal01/boots/repetition-03/lower/python310/lib/python3.10/site-packages/setuptools/command/__pycache__/egg_info.cpython-310.pyc
f	644	1000	1000	2243	64	35972221	1785345605.7043181360	results/experiments/toolchain-environment/20260729T171551Z-toolchain-formal01/boots/repetition-03/lower/python310/lib/python3.10/site-packages/setuptools/tests/__pycache__/environment.cpython-310.pyc
f	644	1000	1000	224445	64	35975421	1785345635.2962545520	results/experiments/toolchain-environment/20260729T171551Z-toolchain-formal01/boots/repetition-03/lower/python312/lib/python3.12/site-packages/pip/_vendor/pyparsing/core.py
f	644	1000	1000	2247	64	35970563	1785345592.4834806510	results/experiments/toolchain-environment/20260729T171551Z-toolchain-formal01/boots/repetition-03/lower/python310/lib/python3.10/site-packages/setuptools/_distutils/tests/test_bdist_dumb.py
f	644	1000	1000	22545	64	35970571	1785345592.5146103790	results/experiments/toolchain-environment/20260729T171551Z-toolchain-formal01/boots/repetition-03/lower/python310/lib/python3.10/site-packages/setuptools/_distutils/tests/test_build_ext.py
f	644	1000	1000	2255	64	35976807	1785345651.0575454620	results/experiments/toolchain-environment/20260729T171551Z-toolchain-formal01/boots/repetition-03/lower/python312/lib/python3.12/site-packages/pip/_vendor/rich/__pycache__/styled.cpython-312.pyc
f	644	1000	1000	22553	64	35976081	1785345640.8506615630	results/experiments/toolchain-environment/20260729T171551Z-toolchain-formal01/boots/repetition-03/lower/python312/lib/python3.12/site-packages/pip/_internal/resolution/legacy/__pycache__/resolver.cpython-312.pyc
f	644	1000	1000	22580	64	35971101	1785345594.5575032330	results/experiments/toolchain-environment/20260729T171551Z-toolchain-formal01/boots/repetition-03/lower/python310/lib/python3.10/site-packages/setuptools/tests/test_config_discovery.py
f	644	1000	1000	2259	64	35973541	1785345613.0856426400	results/experiments/toolchain-environment/20260729T171551Z-toolchain-formal01/boots/repetition-03/lower/python310/lib/python3.10/site-packages/pip/_internal/commands/__pycache__/hash.cpython-310.pyc
f	644	1000	1000	22611	64	35974573	1785345627.6743382000	results/experiments/toolchain-environment/20260729T171551Z-toolchain-formal01/boots/repetition-03/lower/python310/lib/python3.10/site-packages/pip/_vendor/urllib3/__pycache__/response.cpython-310.pyc
f	644	1000	1000	22633	64	35970835	1785345593.5054838430	results/experiments/toolchain-environment/20260729T171551Z-toolchain-formal01/boots/repetition-03/lower/python310/lib/python3.10/site-packages/setuptools/_vendor/tomli/_parser.py
f	644	1000	1000	22633	64	35973361	1785345611.7986920050	results/experiments/toolchain-environment/20260729T171551Z-toolchain-formal01/boots/repetition-03/lower/python310/lib/python3.10/site-packages/pip/_vendor/tomli/_parser.py
f	644	1000	1000	22633	64	35975699	1785345636.7136206790	results/experiments/toolchain-environment/20260729T171551Z-toolchain-formal01/boots/repetition-03/lower/python312/lib/python3.12/site-packages/pip/_vendor/tomli/_parser.py
f	644	1000	1000	2266	64	35970863	1785345593.6854871610	results/experiments/toolchain-environment/20260729T171551Z-toolchain-formal01/boots/repetition-03/lower/python310/lib/python3.10/site-packages/setuptools/_vendor/typeguard/_suppression.py
f	644	1000	1000	2269	64	35976127	1785345641.5113612210	results/experiments/toolchain-environment/20260729T171551Z-toolchain-formal01/boots/repetition-03/lower/python312/lib/python3.12/site-packages/pip/_internal/utils/__pycache__/encoding.cpython-312.pyc
f	644	1000	1000	2273	64	35973783	1785345616.2303980990	results/experiments/toolchain-environment/20260729T171551Z-toolchain-formal01/boots/repetition-03/lower/python310/lib/python3.10/site-packages/pip/_internal/utils/__pycache__/egg_link.cpython-310.pyc
f	644	1000	1000	22787	64	35975045	1785345633.7513666610	results/experiments/toolchain-environment/20260729T171551Z-toolchain-formal01/boots/repetition-03/lower/python312/lib/python3.12/site-packages/pip/_internal/vcs/versioncontrol.py
f	644	1000	1000	22811	64	35972687	1785345608.6452381420	results/experiments/toolchain-environment/20260729T171551Z-toolchain-formal01/boots/repetition-03/lower/python310/lib/python3.10/site-packages/pip/_internal/vcs/versioncontrol.py
f	644	1000	1000	22820	64	35973215	1785345611.1782630260	results/experiments/toolchain-environment/20260729T171551Z-toolchain-formal01/boots/repetition-03/lower/python310/lib/python3.10/site-packages/pip/_vendor/rich/_win32_console.py
f	644	1000	1000	22820	64	35975547	1785345635.9242661410	results/experiments/toolchain-environment/20260729T171551Z-toolchain-formal01/boots/repetition-03/lower/python312/lib/python3.12/site-packages/pip/_vendor/rich/_win32_console.py
f	644	1000	1000	2290	64	35971947	1785345602.2986717340	results/experiments/toolchain-environment/20260729T171551Z-toolchain-formal01/boots/repetition-03/lower/python310/lib/python3.10/site-packages/setuptools/_vendor/typeguard/__pycache__/_exceptions.cpython-310.pyc
f	644	1000	1000	2294	64	35976999	1785345653.7305948120	results/experiments/toolchain-environment/20260729T171551Z-toolchain-formal01/boots/repetition-03/lower/python312/bin/activate
f	644	1000	1000	2296	64	35972205	1785345605.4538599060	results/experiments/toolchain-environment/20260729T171551Z-toolchain-formal01/boots/repetition-03/lower/python310/lib/python3.10/site-packages/setuptools/tests/config/downloads/__pycache__/__init__.cpython-310.pyc
f	644	1000	1000	2297	64	35973603	1785345613.8628080250	results/experiments/toolchain-environment/20260729T171551Z-toolchain-formal01/boots/repetition-03/lower/python310/lib/python3.10/site-packages/pip/_internal/metadata/__pycache__/_json.cpython-310.pyc
f	644	1000	1000	2305	64	35971703	1785345599.2205891850	results/experiments/toolchain-environment/20260729T171551Z-toolchain-formal01/boots/repetition-03/lower/python310/lib/python3.10/site-packages/setuptools/_distutils/tests/__pycache__/test_text_file.cpython-310.pyc
f	644	1000	1000	23083	64	35971089	1785345594.5125024040	results/experiments/toolchain-environment/20260729T171551Z-toolchain-formal01/boots/repetition-03/lower/python310/lib/python3.10/site-packages/setuptools/tests/test_bdist_wheel.py
f	644	1000	1000	2310	64	35970335	1785345591.6930873340	results/experiments/toolchain-environment/20260729T171551Z-toolchain-formal01/boots/repetition-03/lower/python310/lib/python3.10/site-packages/setuptools/_entry_points.py
f	644	1000	1000	2313	64	35971447	1785345595.7785257380	results/experiments/toolchain-environment/20260729T171551Z-toolchain-formal01/boots/repetition-03/lower/python310/lib/python3.10/site-packages/setuptools/_vendor/wheel-0.45.1.dist-info/METADATA
f	644	1000	1000	23142	64	35973505	1785345612.6052274420	results/experiments/toolchain-environment/20260729T171551Z-toolchain-formal01/boots/repetition-03/lower/python310/lib/python3.10/site-packages/pip/_internal/cli/__pycache__/cmdoptions.cpython-310.pyc
f	644	1000	1000	2317	64	35970675	1785345592.8803571410	results/experiments/toolchain-environment/20260729T171551Z-toolchain-formal01/boots/repetition-03/lower/python310/lib/python3.10/site-packages/setuptools/_vendor/importlib_metadata/_adapters.py
f	644	1000	1000	2318	64	35975833	1785345637.3694692260	results/experiments/toolchain-environment/20260729T171551Z-toolchain-formal01/boots/repetition-03/lower/python312/lib/python3.12/site-packages/pip/__pycache__/__pip-runner__.cpython-312.pyc
f	644	1000	1000	23218	64	35972247	1785345606.0441415430	results/experiments/toolchain-environment/20260729T171551Z-toolchain-formal01/boots/repetition-03/lower/python310/lib/python3.10/site-packages/setuptools/tests/__pycache__/test_bdist_wheel.cpython-310.pyc
f	644	1000	1000	2324	64	35975713	1785345636.7665360730	results/experiments/toolchain-environment/20260729T171551Z-toolchain-formal01/boots/repetition-03/lower/python312/lib/python3.12/site-packages/pip/_vendor/truststore/_openssl.py
f	644	1000	1000	2324	64	35976115	1785345641.3265715020	results/experiments/toolchain-environment/20260729T171551Z-toolchain-formal01/boots/repetition-03/lower/python312/lib/python3.12/site-packages/pip/_internal/utils/__pycache__/compat.cpython-312.pyc
f	644	1000	1000	2329	64	35974649	1785345628.3824870230	results/experiments/toolchain-environment/20260729T171551Z-toolchain-formal01/boots/repetition-03/lower/python310/bin/activate.fish
f	644	1000	1000	2329	64	35976995	1785345653.6565934450	results/experiments/toolchain-environment/20260729T171551Z-toolchain-formal01/boots/repetition-03/lower/python312/bin/activate.fish
f	644	1000	1000	2331	64	35976869	1785345651.8895608220	results/experiments/toolchain-environment/20260729T171551Z-toolchain-formal01/boots/repetition-03/lower/python312/lib/python3.12/site-packages/pip/_vendor/truststore/__pycache__/_openssl.cpython-312.pyc
f	644	1000	1000	2335	64	35971553	1785345596.8125447970	results/experiments/toolchain-environment/20260729T171551Z-toolchain-formal01/boots/repetition-03/lower/python310/lib/python3.10/site-packages/setuptools/_distutils/command/__pycache__/clean.cpython-310.pyc
f	644	1000	1000	23513	64	35972901	1785345609.8537852290	results/experiments/toolchain-environment/20260729T171551Z-toolchain-formal01/boots/repetition-03/lower/python310/lib/python3.10/site-packages/pip/_vendor/distlib/version.py
f	644	1000	1000	2362	64	35975919	1785345638.6186694390	results/experiments/toolchain-environment/20260729T171551Z-toolchain-formal01/boots/repetition-03/lower/python312/lib/python3.12/site-packages/pip/_internal/distributions/__pycache__/wheel.cpython-312.pyc
f	644	1000	1000	23623	64	35975013	1785345633.6309556240	results/experiments/toolchain-environment/20260729T171551Z-toolchain-formal01/boots/repetition-03/lower/python312/lib/python3.12/site-packages/pip/_internal/utils/misc.py
f	644	1000	1000	23634	64	35974803	1785345632.8603644830	results/experiments/toolchain-environment/20260729T171551Z-toolchain-formal01/boots/repetition-03/lower/python312/lib/python3.12/site-packages/pip/_internal/exceptions.py
f	644	1000	1000	2367	64	35976005	1785345639.9523404770	results/experiments/toolchain-environment/20260729T171551Z-toolchain-formal01/boots/repetition-03/lower/python312/lib/python3.12/site-packages/pip/_internal/network/__pycache__/utils.cpython-312.pyc
f	644	1000	1000	23685	64	35973009	1785345610.2734537720	results/experiments/toolchain-environment/20260729T171551Z-toolchain-formal01/boots/repetition-03/lower/python310/lib/python3.10/site-packages/pip/_vendor/pygments/cmdline.py
f	644	1000	1000	23685	64	35973107	1785345610.7470134170	results/experiments/toolchain-environment/20260729T171551Z-toolchain-formal01/boots/repetition-03/lower/python310/lib/python3.10/site-packages/pip/_vendor/pyparsing/diagram/__init__.py
f	644	1000	1000	23685	64	35975339	1785345634.9432480380	results/experiments/toolchain-environment/20260729T171551Z-toolchain-formal01/boots/repetition-03/lower/python312/lib/python3.12/site-packages/pip/_vendor/pygments/cmdline.py
f	644	1000	1000	2371	64	35974397	1785345625.0491728810	results/experiments/toolchain-environment/20260729T171551Z-toolchain-formal01/boots/repetition-03/lower/python310/lib/python3.10/site-packages/pip/_vendor/rich/__pycache__/file_proxy.cpython-310.pyc
f	644	1000	1000	2372	64	35973997	1785345619.2037010590	results/experiments/toolchain-environment/20260729T171551Z-toolchain-formal01/boots/repetition-03/lower/python310/lib/python3.10/site-packages/pip/_vendor/colorama/__pycache__/initialise.cpython-310.pyc
f	644	1000	1000	2372	64	35975683	1785345636.6402047010	results/experiments/toolchain-environment/20260729T171551Z-toolchain-formal01/boots/repetition-03/lower/python312/lib/python3.12/site-packages/pip/_vendor/tenacity/before_sleep.py
f	644	1000	1000	2374	64	35976735	1785345649.9974857470	results/experiments/toolchain-environment/20260729T171551Z-toolchain-formal01/boots/repetition-03/lower/python312/lib/python3.12/site-packages/pip/_vendor/rich/__pycache__/constrain.cpython-312.pyc
f	644	1000	1000	23747	64	35975247	1785345634.5774211230	results/experiments/toolchain-environment/20260729T171551Z-toolchain-formal01/boots/repetition-03/lower/python312/lib/python3.12/site-packages/pip/_vendor/distlib/version.py
f	644	1000	1000	2380	64	35970973	1785345594.0846569990	results/experiments/toolchain-environment/20260729T171551Z-toolchain-formal01/boots/repetition-03/lower/python310/lib/python3.10/site-packages/setuptools/command/alias.py
f	644	1000	1000	2386	64	35975977	1785345639.4873318950	results/experiments/toolchain-environment/20260729T171551Z-toolchain-formal01/boots/repetition-03/lower/python312/lib/python3.12/site-packages/pip/_internal/models/__pycache__/installation_report.cpython-312.pyc
f	644	1000	1000	239	64	35970423	1785345591.9766239930	results/experiments/toolchain-environment/20260729T171551Z-toolchain-formal01/boots/repetition-03/lower/python310/lib/python3.10/site-packages/setuptools/_distutils/_macos_compat.py
f	644	1000	1000	2397	64	35971081	1785345594.4835650810	results/experiments/toolchain-environment/20260729T171551Z-toolchain-formal01/boots/repetition-03/lower/python310/lib/python3.10/site-packages/setuptools/tests/server.py
f	644	1000	1000	2401	64	35974003	1785345619.2716444460	results/experiments/toolchain-environment/20260729T171551Z-toolchain-formal01/boots/repetition-03/lower/python310/lib/python3.10/site-packages/pip/_vendor/colorama/tests/__pycache__/ansi_test.cpython-310.pyc
f	644	1000	1000	2402	64	35971421	1785345595.6814857900	results/experiments/toolchain-environment/20260729T171551Z-toolchain-formal01/boots/repetition-03/lower/python310/lib/python3.10/site-packages/setuptools/_vendor/typeguard-4.3.0.dist-info/RECORD
f	644	1000	1000	24025	64	35974953	1785345633.3948790090	results/experiments/toolchain-environment/20260729T171551Z-toolchain-formal01/boots/repetition-03/lower/python312/lib/python3.12/site-packages/pip/_internal/resolution/legacy/resolver.py
f	644	1000	1000	2404	64	35971125	1785345594.6525049840	results/experiments/toolchain-environment/20260729T171551Z-toolchain-formal01/boots/repetition-03/lower/python310/lib/python3.10/site-packages/setuptools/tests/test_find_py_modules.py
f	644	1000	1000	2404	64	35972251	1785345606.0963280460	results/experiments/toolchain-environment/20260729T171551Z-toolchain-formal01/boots/repetition-03/lower/python310/lib/python3.10/site-packages/setuptools/tests/__pycache__/test_build_clib.cpython-310.pyc
f	644	1000	1000	24045	64	35972583	1785345608.2461193140	results/experiments/toolchain-environment/20260729T171551Z-toolchain-formal01/boots/repetition-03/lower/python310/lib/python3.10/site-packages/pip/_internal/req/req_uninstall.py
f	644	1000	1000	241	64	35970289	1785345591.5165821900	results/experiments/toolchain-environment/20260729T171551Z-toolchain-formal01/boots/repetition-03/lower/python310/lib/python3.10/site-packages/pkg_resources/tests/test_markers.py
f	644	1000	1000	2412	64	35975855	1785345637.6350150210	results/experiments/toolchain-environment/20260729T171551Z-toolchain-formal01/boots/repetition-03/lower/python312/lib/python3.12/site-packages/pip/_internal/cli/__pycache__/main.cpython-312.pyc
f	644	1000	1000	24129	64	35972595	1785345608.2811627080	results/experiments/toolchain-environment/20260729T171551Z-toolchain-formal01/boots/repetition-03/lower/python310/lib/python3.10/site-packages/pip/_internal/resolution/legacy/resolver.py
f	644	1000	1000	2418	64	35976839	1785345651.5105538250	results/experiments/toolchain-environment/20260729T171551Z-toolchain-formal01/boots/repetition-03/lower/python312/lib/python3.12/site-packages/pip/_vendor/tenacity/__pycache__/before_sleep.cpython-312.pyc
f	644	1000	1000	242	64	35972629	1785345608.4257508210	results/experiments/toolchain-environment/20260729T171551Z-toolchain-formal01/boots/repetition-03/lower/python310/lib/python3.10/site-packages/pip/_internal/utils/datetime.py
f	644	1000	1000	242	64	35972723	1785345608.7818574440	results/experiments/toolchain-environment/20260729T171551Z-toolchain-formal01/boots/repetition-03/lower/python310/lib/python3.10/site-packages/pip/_vendor/cachecontrol/caches/__init__.py
f	644	1000	1000	242	64	35974991	1785345633.5440665370	results/experiments/toolchain-environment/20260729T171551Z-toolchain-formal01/boots/repetition-03/lower/python312/lib/python3.12/site-packages/pip/_internal/utils/datetime.py
f	644	1000	1000	24215	64	35975425	1785345635.3112548290	results/experiments/toolchain-environment/20260729T171551Z-toolchain-formal01/boots/repetition-03/lower/python312/lib/python3.12/site-packages/pip/_vendor/pyparsing/diagram/__init__.py
f	644	1000	1000	2422	64	35974331	1785345624.0267053740	results/experiments/toolchain-environment/20260729T171551Z-toolchain-formal01/boots/repetition-03/lower/python310/lib/python3.10/site-packages/pip/_vendor/rich/__pycache__/_export_format.cpython-310.pyc
f	644	1000	1000	24224	64	35973307	1785345611.5807097730	results/experiments/toolchain-environment/20260729T171551Z-toolchain-formal01/boots/repetition-03/lower/python310/lib/python3.10/site-packages/pip/_vendor/rich/segment.py
f	644	1000	1000	2423	64	35973961	1785345618.6712168590	results/experiments/toolchain-environment/20260729T171551Z-toolchain-formal01/boots/repetition-03/lower/python310/lib/python3.10/site-packages/pip/_vendor/chardet/__pycache__/mbcharsetprober.cpython-310.pyc
f	644	1000	1000	24244	64	35972355	1785345607.2770194830	results/experiments/toolchain-environment/20260729T171551Z-toolchain-formal01/boots/repetition-03/lower/python310/lib/python3.10/site-packages/pip/_internal/exceptions.py
f	644	1000	1000	24247	64	35975643	1785345636.4322755160	results/experiments/toolchain-environment/20260729T171551Z-toolchain-formal01/boots/repetition-03/lower/python312/lib/python3.12/site-packages/pip/_vendor/rich/segment.py
f	644	1000	1000	2427	64	35971567	1785345597.0393230210	results/experiments/toolchain-environment/20260729T171551Z-toolchain-formal01/boots/repetition-03/lower/python310/lib/python3.10/site-packages/setuptools/_distutils/command/__pycache__/install_scripts.cpython-310.pyc
f	644	1000	1000	2431	64	35976833	1785345651.4275522930	results/experiments/toolchain-environment/20260729T171551Z-toolchain-formal01/boots/repetition-03/lower/python312/lib/python3.12/site-packages/pip/_vendor/tenacity/__pycache__/_utils.cpython-312.pyc
f	644	1000	1000	24323	64	35972145	1785345604.9676951340	results/experiments/toolchain-environment/20260729T171551Z-toolchain-formal01/boots/repetition-03/lower/python310/lib/python3.10/site-packages/setuptools/config/__pycache__/setupcfg.cpython-310.pyc
f	644	1000	1000	2435	64	35970337	1785345591.6995664940	results/experiments/toolchain-environment/20260729T171551Z-toolchain-formal01/boots/repetition-03/lower/python310/lib/python3.10/site-packages/setuptools/_imp.py
f	644	1000	1000	2437	64	35976681	1785345649.2186758580	results/experiments/toolchain-environment/20260729T171551Z-toolchain-formal01/boots/repetition-03/lower/python312/lib/python3.12/site-packages/pip/_vendor/rich/__pycache__/_export_format.cpython-312.pyc
f	644	1000	1000	24377	64	35974289	1785345623.4334655160	results/experiments/toolchain-environment/20260729T171551Z-toolchain-formal01/boots/repetition-03/lower/python310/lib/python3.10/site-packages/pip/_vendor/requests/__pycache__/models.cpython-310.pyc
f	644	1000	1000	244	64	35972827	1785345609.4252417520	results/experiments/toolchain-environment/20260729T171551Z-toolchain-formal01/boots/repetition-03/lower/python310/lib/python3.10/site-packages/pip/_vendor/chardet/version.py
f	644	1000	1000	244	64	35975191	1785345634.3312367450	results/experiments/toolchain-environment/20260729T171551Z-toolchain-formal01/boots/repetition-03/lower/python312/lib/python3.12/site-packages/pip/_vendor/chardet/version.py
f	644	1000	1000	2440	64	35973383	1785345611.8973538240	results/experiments/toolchain-environment/20260729T171551Z-toolchain-formal01/boots/repetition-03/lower/python310/lib/python3.10/site-packages/pip/_vendor/urllib3/filepost.py
f	644	1000	1000	2440	64	35975761	1785345637.0132862380	results/experiments/toolchain-environment/20260729T171551Z-toolchain-formal01/boots/repetition-03/lower/python312/lib/python3.12/site-packages/pip/_vendor/urllib3/filepost.py
f	644	1000	1000	24447	64	35974299	1785345623.5978459610	results/experiments/toolchain-environment/20260729T171551Z-toolchain-formal01/boots/repetition-03/lower/python310/lib/python3.10/site-packages/pip/_vendor/requests/__pycache__/utils.cpython-310.pyc
f	644	1000	1000	24481	64	35976387	1785345644.7994299400	results/experiments/toolchain-environment/20260729T171551Z-toolchain-formal01/boots/repetition-03/lower/python312/lib/python3.12/site-packages/pip/_vendor/distlib/__pycache__/index.cpython-312.pyc
f	644	1000	1000	24482	64	35974179	1785345622.0197201430	results/experiments/toolchain-environment/20260729T171551Z-toolchain-formal01/boots/repetition-03/lower/python310/lib/python3.10/site-packages/pip/_vendor/pygments/__pycache__/lexer.cpython-310.pyc
f	644	1000	1000	2449	64	35971233	1785345594.9811867010	results/experiments/toolchain-environment/20260729T171551Z-toolchain-formal01/boots/repetition-03/lower/python310/lib/python3.10/site-packages/setuptools-79.0.1.dist-info/entry_points.txt
f	644	1000	1000	24501	64	35973711	1785345615.3861373400	results/experiments/toolchain-environment/20260729T171551Z-toolchain-formal01/boots/repetition-03/lower/python310/lib/python3.10/site-packages/pip/_internal/req/__pycache__/req_install.cpython-310.pyc
f	644	1000	1000	2453	64	35976135	1785345641.6315493200	results/experiments/toolchain-environment/20260729T171551Z-toolchain-formal01/boots/repetition-03/lower/python312/lib/python3.12/site-packages/pip/_internal/utils/__pycache__/glibc.cpython-312.pyc
f	644	1000	1000	24551	64	35974941	1785345633.3614321120	results/experiments/toolchain-environment/20260729T171551Z-toolchain-formal01/boots/repetition-03/lower/python312/lib/python3.12/site-packages/pip/_internal/req/req_uninstall.py
f	644	1000	1000	24566	64	35976907	1785345652.4115704600	results/experiments/toolchain-environment/20260729T171551Z-toolchain-formal01/boots/repetition-03/lower/python312/lib/python3.12/site-packages/pip/_vendor/urllib3/contrib/__pycache__/pyopenssl.cpython-312.pyc
f	644	1000	1000	2463	64	35974997	1785345633.5683006110	results/experiments/toolchain-environment/20260729T171551Z-toolchain-formal01/boots/repetition-03/lower/python312/lib/python3.12/site-packages/pip/_internal/utils/egg_link.py
f	644	1000	1000	2464	64	35970599	1785345592.6272501830	results/experiments/toolchain-environment/20260729T171551Z-toolchain-formal01/boots/repetition-03/lower/python310/lib/python3.10/site-packages/setuptools/_distutils/tests/test_install_data.py
f	644	1000	1000	2468	64	35974587	1785345627.8634990010	results/experiments/toolchain-environment/20260729T171551Z-toolchain-formal01/boots/repetition-03/lower/python310/lib/python3.10/site-packages/pip/_vendor/urllib3/util/__pycache__/response.cpython-310.pyc
f	644	1000	1000	2472	64	35972377	1785345607.3733489250	results/experiments/toolchain-environment/20260729T171551Z-toolchain-formal01/boots/repetition-03/lower/python310/lib/python3.10/site-packages/pip/_internal/cli/main.py
f	644	1000	1000	2472	64	35976337	1785345644.1013184660	results/experiments/toolchain-environment/20260729T171551Z-toolchain-formal01/boots/repetition-03/lower/python312/lib/python3.12/site-packages/pip/_vendor/chardet/__pycache__/sbcsgroupprober.cpython-312.pyc
f	644	1000	1000	2476	64	35976713	1785345649.6714622550	results/experiments/toolchain-environment/20260729T171551Z-toolchain-formal01/boots/repetition-03/lower/python312/lib/python3.12/site-packages/pip/_vendor/rich/__pycache__/_wrap.cpython-312.pyc
f	644	1000	1000	2485	64	35973677	1785345614.8913279430	results/experiments/toolchain-environment/20260729T171551Z-toolchain-formal01/boots/repetition-03/lower/python310/lib/python3.10/site-packages/pip/_internal/operations/build/__pycache__/metadata_legacy.cpython-310.pyc
f	644	1000	1000	2486	64	35974855	1785345633.0404328520	results/experiments/toolchain-environment/20260729T171551Z-toolchain-formal01/boots/repetition-03/lower/python312/lib/python3.12/site-packages/pip/_internal/models/format_control.py
f	644	1000	1000	24892	64	35974241	1785345622.7394748320	results/experiments/toolchain-environment/20260729T171551Z-toolchain-formal01/boots/repetition-03/lower/python310/lib/python3.10/site-packages/pip/_vendor/pyparsing/__pycache__/results.cpython-310.pyc
f	644	1000	1000	2494	64	35972133	1785345604.7686914650	results/experiments/toolchain-environment/20260729T171551Z-toolchain-formal01/boots/repetition-03/lower/python310/lib/python3.10/site-packages/setuptools/config/_validate_pyproject/__pycache__/extra_validations.cpython-310.pyc
f	644	1000	1000	2501	64	35973253	1785345611.3451215830	results/experiments/toolchain-environment/20260729T171551Z-toolchain-formal01/boots/repetition-03/lower/python310/lib/python3.10/site-packages/pip/_vendor/rich/emoji.py
f	644	1000	1000	2501	64	35975585	1785345636.1486892550	results/experiments/toolchain-environment/20260729T171551Z-toolchain-formal01/boots/repetition-03/lower/python312/lib/python3.12/site-packages/pip/_vendor/rich/emoji.py
f	644	1000	1000	2503	64	35971493	1785345596.0785312680	results/experiments/toolchain-environment/20260729T171551Z-toolchain-formal01/boots/repetition-03/lower/python310/lib/python3.10/site-packages/pkg_resources/tests/__pycache__/test_find_distributions.cpython-310.pyc
f	644	1000	1000	2505	64	35970647	1785345592.7854705730	results/experiments/toolchain-environment/20260729T171551Z-toolchain-formal01/boots/repetition-03/lower/python310/lib/python3.10/site-packages/setuptools/_vendor/autocommand/autocommand.py
f	644	1000	1000	2507	64	35973595	1785345613.7768113390	results/experiments/toolchain-environment/20260729T171551Z-toolchain-formal01/boots/repetition-03/lower/python310/lib/python3.10/site-packages/pip/_internal/locations/__pycache__/base.cpython-310.pyc
f	644	1000	1000	2508	64	35972245	1785345606.0139207610	results/experiments/toolchain-environment/20260729T171551Z-toolchain-formal01/boots/repetition-03/lower/python310/lib/python3.10/site-packages/setuptools/tests/__pycache__/test_bdist_egg.cpython-310.pyc
f	644	1000	1000	2508	64	35973259	1785345611.3711876310	results/experiments/toolchain-environment/20260729T171551Z-toolchain-formal01/boots/repetition-03/lower/python310/lib/python3.10/site-packages/pip/_vendor/rich/filesize.py
f	644	1000	1000	2508	64	35975593	1785345636.1712707000	results/experiments/toolchain-environment/20260729T171551Z-toolchain-formal01/boots/repetition-03/lower/python312/lib/python3.12/site-packages/pip/_vendor/rich/filesize.py
f	644	1000	1000	25091	64	35972541	1785345608.0539750270	results/experiments/toolchain-environment/20260729T171551Z-toolchain-formal01/boots/repetition-03/lower/python310/lib/python3.10/site-packages/pip/_internal/operations/prepare.py
f	644	1000	1000	2512	64	35972065	1785345603.9434574830	results/experiments/toolchain-environment/20260729T171551Z-toolchain-formal01/boots/repetition-03/lower/python310/lib/python3.10/site-packages/setuptools/command/__pycache__/alias.cpython-310.pyc
f	644	1000	1000	2516	64	35976155	1785345641.9343594640	results/experiments/toolchain-environment/20260729T171551Z-toolchain-formal01/boots/repetition-03/lower/python312/lib/python3.12/site-packages/pip/_internal/utils/__pycache__/urls.cpython-312.pyc
f	644	1000	1000	2518	64	35971275	1785345595.1435140340	results/experiments/toolchain-environment/20260729T171551Z-toolchain-formal01/boots/repetition-03/lower/python310/lib/python3.10/site-packages/setuptools/_vendor/importlib_metadata-8.0.0.dist-info/RECORD
f	644	1000	1000	2520	64	35972489	1785345607.8738350360	results/experiments/toolchain-environment/20260729T171551Z-toolchain-formal01/boots/repetition-03/lower/python310/lib/python3.10/site-packages/pip/_internal/models/format_control.py
f	644	1000	1000	2521	64	35976113	1785345641.2976839040	results/experiments/toolchain-environment/20260729T171551Z-toolchain-formal01/boots/repetition-03/lower/python312/lib/python3.12/site-packages/pip/_internal/utils/__pycache__/appdirs.cpython-312.pyc
f	644	1000	1000	2522	64	35971219	1785345594.9433901500	results/experiments/toolchain-environment/20260729T171551Z-toolchain-formal01/boots/repetition-03/lower/python310/lib/python3.10/site-packages/setuptools/tests/integration/helpers.py
f	644	1000	1000	2522	64	35972093	1785345604.3226832420	results/experiments/toolchain-environment/20260729T171551Z-toolchain-formal01/boots/repetition-03/lower/python310/lib/python3.10/site-packages/setuptools/command/__pycache__/install_egg_info.cpython-310.pyc
f	644	1000	1000	2522	64	35972845	1785345609.5072880540	results/experiments/toolchain-environment/20260729T171551Z-toolchain-formal01/boots/repetition-03/lower/python310/lib/python3.10/site-packages/pip/_vendor/colorama/ansi.py
f	644	1000	1000	2522	64	35975197	1785345634.3479155460	results/experiments/toolchain-environment/20260729T171551Z-toolchain-formal01/boots/repetition-03/lower/python312/lib/python3.12/site-packages/pip/_vendor/colorama/ansi.py
f	644	1000	1000	2526	64	35972611	1785345608.3467888840	results/experiments/toolchain-environment/20260729T171551Z-toolchain-formal01/boots/repetition-03/lower/python310/lib/python3.10/site-packages/pip/_internal/resolution/resolvelib/reporter.py
f	644	1000	1000	25277	64	35972467	1785345607.7774406590	results/experiments/toolchain-environment/20260729T171551Z-toolchain-formal01/boots/repetition-03/lower/python310/lib/python3.10/site-packages/pip/_internal/metadata/base.py
f	644	1000	1000	2534	64	35973897	1785345617.6424776950	results/experiments/toolchain-environment/20260729T171551Z-toolchain-formal01/boots/repetition-03/lower/python310/lib/python3.10/site-packages/pip/_vendor/chardet/__pycache__/charsetgroupprober.cpython-310.pyc
f	644	1000	1000	25341	64	35973097	1785345610.7025559110	results/experiments/toolchain-environment/20260729T171551Z-toolchain-formal01/boots/repetition-03/lower/python310/lib/python3.10/site-packages/pip/_vendor/pyparsing/results.py
f	644	1000	1000	25362	64	35976631	1785345648.5584993280	results/experiments/toolchain-environment/20260729T171551Z-toolchain-formal01/boots/repetition-03/lower/python312/lib/python3.12/site-packages/pip/_vendor/requests/__pycache__/cookies.cpython-312.pyc
f	644	1000	1000	254	64	35970839	1785345593.5213077390	results/experiments/toolchain-environment/20260729T171551Z-toolchain-formal01/boots/repetition-03/lower/python310/lib/python3.10/site-packages/setuptools/_vendor/tomli/_types.py
f	644	1000	1000	254	64	35973365	1785345611.8165886850	results/experiments/toolchain-environment/20260729T171551Z-toolchain-formal01/boots/repetition-03/lower/python310/lib/python3.10/site-packages/pip/_vendor/tomli/_types.py
f	644	1000	1000	254	64	35975703	1785345636.7278192860	results/experiments/toolchain-environment/20260729T171551Z-toolchain-formal01/boots/repetition-03/lower/python312/lib/python3.12/site-packages/pip/_vendor/tomli/_types.py
f	644	1000	1000	255	64	35972733	1785345608.8245941610	results/experiments/toolchain-environment/20260729T171551Z-toolchain-formal01/boots/repetition-03/lower/python310/lib/python3.10/site-packages/pip/_vendor/certifi/__main__.py
f	644	1000	1000	255	64	35975085	1785345633.8806403600	results/experiments/toolchain-environment/20260729T171551Z-toolchain-formal01/boots/repetition-03/lower/python312/lib/python3.12/site-packages/pip/_vendor/certifi/__main__.py
f	644	1000	1000	25505	64	35974525	1785345627.0245906980	results/experiments/toolchain-environment/20260729T171551Z-toolchain-formal01/boots/repetition-03/lower/python310/lib/python3.10/site-packages/pip/_vendor/urllib3/__pycache__/connectionpool.cpython-310.pyc
f	644	1000	1000	2556	64	35972459	1785345607.7480392860	results/experiments/toolchain-environment/20260729T171551Z-toolchain-formal01/boots/repetition-03/lower/python310/lib/python3.10/site-packages/pip/_internal/locations/base.py
f	644	1000	1000	2556	64	35974823	1785345632.9282108560	results/experiments/toolchain-environment/20260729T171551Z-toolchain-formal01/boots/repetition-03/lower/python312/lib/python3.12/site-packages/pip/_internal/locations/base.py
f	644	1000	1000	2559	64	35971591	1785345597.3385544930	results/experiments/toolchain-environment/20260729T171551Z-toolchain-formal01/boots/repetition-03/lower/python310/lib/python3.10/site-packages/setuptools/_distutils/compilers/C/tests/__pycache__/test_base.cpython-310.pyc
f	644	1000	1000	25594	64	35974081	1785345620.5242503440	results/experiments/toolchain-environment/20260729T171551Z-toolchain-formal01/boots/repetition-03/lower/python310/lib/python3.10/site-packages/pip/_vendor/msgpack/__pycache__/fallback.cpython-310.pyc
f	644	1000	1000	2565	64	35972135	1785345604.7966919810	results/experiments/toolchain-environment/20260729T171551Z-toolchain-formal01/boots/repetition-03/lower/python310/lib/python3.10/site-packages/setuptools/config/_validate_pyproject/__pycache__/fastjsonschema_exceptions.cpython-310.pyc
f	644	1000	1000	25788	64	35974457	1785345626.1693912930	results/experiments/toolchain-environment/20260729T171551Z-toolchain-formal01/boots/repetition-03/lower/python310/lib/python3.10/site-packages/pip/_vendor/rich/__pycache__/syntax.cpython-310.pyc
f	644	1000	1000	25796	64	35972781	1785345609.1012937330	results/experiments/toolchain-environment/20260729T171551Z-toolchain-formal01/boots/repetition-03/lower/python310/lib/python3.10/site-packages/pip/_vendor/chardet/jisfreq.py
f	644	1000	1000	25796	64	35975139	1785345634.0926848200	results/experiments/toolchain-environment/20260729T171551Z-toolchain-formal01/boots/repetition-03/lower/python312/lib/python3.12/site-packages/pip/_vendor/chardet/jisfreq.py
f	644	1000	1000	2580	64	35971595	1785345597.4075557650	results/experiments/toolchain-environment/20260729T171551Z-toolchain-formal01/boots/repetition-03/lower/python310/lib/python3.10/site-packages/setuptools/_distutils/compilers/C/tests/__pycache__/test_mingw.cpython-310.pyc
f	644	1000	1000	25861	64	35976043	1785345640.4893503880	results/experiments/toolchain-environment/20260729T171551Z-toolchain-formal01/boots/repetition-03/lower/python312/lib/python3.12/site-packages/pip/_internal/operations/__pycache__/prepare.cpython-312.pyc
f	644	1000	1000	25907	64	35974833	1785345632.9603263800	results/experiments/toolchain-environment/20260729T171551Z-toolchain-formal01/boots/repetition-03/lower/python312/lib/python3.12/site-packages/pip/_internal/metadata/base.py
f	644	1000	1000	2591	64	35973021	1785345610.3278673980	results/experiments/toolchain-environment/20260729T171551Z-toolchain-formal01/boots/repetition-03/lower/python310/lib/python3.10/site-packages/pip/_vendor/pygments/plugin.py
f	644	1000	1000	2591	64	35975393	1785345635.1849438990	results/experiments/toolchain-environment/20260729T171551Z-toolchain-formal01/boots/repetition-03/lower/python312/lib/python3.12/site-packages/pip/_vendor/pygments/plugin.py
f	644	1000	1000	2595	64	35972465	1785345607.7676713800	results/experiments/toolchain-environment/20260729T171551Z-toolchain-formal01/boots/repetition-03/lower/python310/lib/python3.10/site-packages/pip/_internal/metadata/_json.py
f	644	1000	1000	25982	64	35970997	1785345594.1724961370	results/experiments/toolchain-environment/20260729T171551Z-toolchain-formal01/boots/repetition-03/lower/python310/lib/python3.10/site-packages/setuptools/command/egg_info.py
f	644	1000	1000	26	64	35970841	1785345593.5284842670	results/experiments/toolchain-environment/20260729T171551Z-toolchain-formal01/boots/repetition-03/lower/python310/lib/python3.10/site-packages/setuptools/_vendor/tomli/py.typed
f	644	1000	1000	2600	64	35976797	1785345650.9095427300	results/experiments/toolchain-environment/20260729T171551Z-toolchain-formal01/boots/repetition-03/lower/python312/lib/python3.12/site-packages/pip/_vendor/rich/__pycache__/screen.cpython-312.pyc
f	644	1000	1000	26013	64	35976665	1785345649.0010926100	results/experiments/toolchain-environment/20260729T171551Z-toolchain-formal01/boots/repetition-03/lower/python312/lib/python3.12/site-packages/pip/_vendor/resolvelib/__pycache__/resolvers.cpython-312.pyc
f	644	1000	1000	2603	64	35976371	1785345644.5814454970	results/experiments/toolchain-environment/20260729T171551Z-toolchain-formal01/boots/repetition-03/lower/python312/lib/python3.12/site-packages/pip/_vendor/colorama/tests/__pycache__/utils.cpython-312.pyc
f	644	1000	1000	26048	64	35973575	1785345613.5254040400	results/experiments/toolchain-environment/20260729T171551Z-toolchain-formal01/boots/repetition-03/lower/python310/lib/python3.10/site-packages/pip/_internal/__pycache__/exceptions.cpython-310.pyc
f	644	1000	1000	2606	64	35976709	1785345649.6154712520	results/experiments/toolchain-environment/20260729T171551Z-toolchain-formal01/boots/repetition-03/lower/python312/lib/python3.12/site-packages/pip/_vendor/rich/__pycache__/_windows.cpython-312.pyc
f	644	1000	1000	26070	64	35973329	1785345611.6772943300	results/experiments/toolchain-environment/20260729T171551Z-toolchain-formal01/boots/repetition-03/lower/python310/lib/python3.10/site-packages/pip/_vendor/rich/traceback.py
f	644	1000	1000	2608	64	35971707	1785345599.2905904750	results/experiments/toolchain-environment/20260729T171551Z-toolchain-formal01/boots/repetition-03/lower/python310/lib/python3.10/site-packages/setuptools/_distutils/tests/__pycache__/test_version.cpython-310.pyc
f	644	1000	1000	26116	64	35975979	1785345639.5266680550	results/experiments/toolchain-environment/20260729T171551Z-toolchain-formal01/boots/repetition-03/lower/python312/lib/python3.12/site-packages/pip/_internal/models/__pycache__/link.cpython-312.pyc
f	644	1000	1000	2617	64	35972493	1785345607.8920470490	results/experiments/toolchain-environment/20260729T171551Z-toolchain-formal01/boots/repetition-03/lower/python310/lib/python3.10/site-packages/pip/_internal/models/installation_report.py
f	644	1000	1000	2620	64	35974517	1785345626.9064654610	results/experiments/toolchain-environment/20260729T171551Z-toolchain-formal01/boots/repetition-03/lower/python310/lib/python3.10/site-packages/pip/_vendor/urllib3/__pycache__/__init__.cpython-310.pyc
f	644	1000	1000	2627	64	35974831	1785345632.9524696640	results/experiments/toolchain-environment/20260729T171551Z-toolchain-formal01/boots/repetition-03/lower/python312/lib/python3.12/site-packages/pip/_internal/metadata/_json.py
f	644	1000	1000	2631	64	35974203	1785345622.2122974830	results/experiments/toolchain-environment/20260729T171551Z-toolchain-formal01/boots/repetition-03/lower/python310/lib/python3.10/site-packages/pip/_vendor/pygments/__pycache__/plugin.cpython-310.pyc
f	644	1000	1000	26332	64	35973313	1785345611.6071914560	results/experiments/toolchain-environment/20260729T171551Z-toolchain-formal01/boots/repetition-03/lower/python310/lib/python3.10/site-packages/pip/_vendor/rich/style.py
f	644	1000	1000	2637	64	35971005	1785345594.2004966530	results/experiments/toolchain-environment/20260729T171551Z-toolchain-formal01/boots/repetition-03/lower/python310/lib/python3.10/site-packages/setuptools/command/install_scripts.py
f	644	1000	1000	26384	64	35972209	1785345605.5242175910	results/experiments/toolchain-environment/20260729T171551Z-toolchain-formal01/boots/repetition-03/lower/python310/lib/python3.10/site-packages/setuptools/tests/config/__pycache__/test_apply_pyprojecttoml.cpython-310.pyc
f	644	1000	1000	2644	64	35970499	1785345592.2490606390	results/experiments/toolchain-environment/20260729T171551Z-toolchain-formal01/boots/repetition-03/lower/python310/lib/python3.10/site-packages/setuptools/_distutils/command/clean.py
f	644	1000	1000	2648	64	35972075	1785345604.0736786510	results/experiments/toolchain-environment/20260729T171551Z-toolchain-formal01/boots/repetition-03/lower/python310/lib/python3.10/site-packages/setuptools/command/__pycache__/build_clib.cpython-310.pyc
f	644	1000	1000	265	64	35973193	1785345611.0823920100	results/experiments/toolchain-environment/20260729T171551Z-toolchain-formal01/boots/repetition-03/lower/python310/lib/python3.10/site-packages/pip/_vendor/rich/_extension.py
f	644	1000	1000	265	64	35975523	1785345635.7922637060	results/experiments/toolchain-environment/20260729T171551Z-toolchain-formal01/boots/repetition-03/lower/python312/lib/python3.12/site-packages/pip/_vendor/rich/_extension.py
f	644	1000	1000	2655	64	35972995	1785345610.2147528300	results/experiments/toolchain-environment/20260729T171551Z-toolchain-formal01/boots/repetition-03/lower/python310/lib/python3.10/site-packages/pip/_vendor/platformdirs/macos.py
f	644	1000	1000	26575	64	35971045	1785345594.3376810260	results/experiments/toolchain-environment/20260729T171551Z-toolchain-formal01/boots/repetition-03/lower/python310/lib/python3.10/site-packages/setuptools/config/setupcfg.py
f	644	1000	1000	266	64	35972843	1785345609.4949398720	results/experiments/toolchain-environment/20260729T171551Z-toolchain-formal01/boots/repetition-03/lower/python310/lib/python3.10/site-packages/pip/_vendor/colorama/__init__.py
f	644	1000	1000	266	64	35975195	1785345634.3395335060	results/experiments/toolchain-environment/20260729T171551Z-toolchain-formal01/boots/repetition-03/lower/python312/lib/python3.12/site-packages/pip/_vendor/colorama/__init__.py
f	644	1000	1000	2664	64	35970583	1785345592.5632730770	results/experiments/toolchain-environment/20260729T171551Z-toolchain-formal01/boots/repetition-03/lower/python310/lib/python3.10/site-packages/setuptools/_distutils/tests/test_config_cmd.py
f	644	1000	1000	26640	64	35970719	1785345593.0316954680	results/experiments/toolchain-environment/20260729T171551Z-toolchain-formal01/boots/repetition-03/lower/python310/lib/python3.10/site-packages/setuptools/_vendor/jaraco/collections/__init__.py
f	644	1000	1000	26686	64	35976727	1785345649.8715791370	results/experiments/toolchain-environment/20260729T171551Z-toolchain-formal01/boots/repetition-03/lower/python312/lib/python3.12/site-packages/pip/_vendor/rich/__pycache__/color.cpython-312.pyc
f	644	1000	1000	26692	64	35975431	1785345635.3372553090	results/experiments/toolchain-environment/20260729T171551Z-toolchain-formal01/boots/repetition-03/lower/python312/lib/python3.12/site-packages/pip/_vendor/pyparsing/results.py
f	644	1000	1000	26721	64	35976495	1785345646.4186539310	results/experiments/toolchain-environment/20260729T171551Z-toolchain-formal01/boots/repetition-03/lower/python312/lib/python3.12/site-packages/pip/_vendor/pygments/__pycache__/cmdline.cpython-312.pyc
f	644	1000	1000	2674	64	35970935	1785345593.9255844130	results/experiments/toolchain-environment/20260729T171551Z-toolchain-formal01/boots/repetition-03/lower/python310/lib/python3.10/site-packages/setuptools/_vendor/wheel/vendored/packaging/_musllinux.py
f	644	1000	1000	26775	64	35973605	1785345613.8948952270	results/experiments/toolchain-environment/20260729T171551Z-toolchain-formal01/boots/repetition-03/lower/python310/lib/python3.10/site-packages/pip/_internal/metadata/__pycache__/base.cpython-310.pyc
f	644	1000	1000	267824	64	35976577	1785345647.8584864060	results/experiments/toolchain-environment/20260729T171551Z-toolchain-formal01/boots/repetition-03/lower/python312/lib/python3.12/site-packages/pip/_vendor/pyparsing/__pycache__/core.cpython-312.pyc
f	644	1000	1000	2685	64	35970345	1785345591.7254510380	results/experiments/toolchain-environment/20260729T171551Z-toolchain-formal01/boots/repetition-03/lower/python310/lib/python3.10/site-packages/setuptools/_path.py
f	644	1000	1000	2688	64	35974313	1785345623.7502120110	results/experiments/toolchain-environment/20260729T171551Z-toolchain-formal01/boots/repetition-03/lower/python310/lib/python3.10/site-packages/pip/_vendor/resolvelib/__pycache__/reporters.cpython-310.pyc
f	644	1000	1000	26898	64	35974035	1785345619.8237582210	results/experiments/toolchain-environment/20260729T171551Z-toolchain-formal01/boots/repetition-03/lower/python310/lib/python3.10/site-packages/pip/_vendor/distlib/__pycache__/metadata.cpython-310.pyc
f	644	1000	1000	26929	64	35976581	1785345647.8984871440	results/experiments/toolchain-environment/20260729T171551Z-toolchain-formal01/boots/repetition-03/lower/python312/lib/python3.12/site-packages/pip/_vendor/pyparsing/diagram/__pycache__/__init__.cpython-312.pyc
f	644	1000	1000	2694	64	35970775	1785345593.2842762650	results/experiments/toolchain-environment/20260729T171551Z-toolchain-formal01/boots/repetition-03/lower/python310/lib/python3.10/site-packages/setuptools/_vendor/packaging/_musllinux.py
f	644	1000	1000	2694	64	35976145	1785345641.7854391140	results/experiments/toolchain-environment/20260729T171551Z-toolchain-formal01/boots/repetition-03/lower/python312/lib/python3.12/site-packages/pip/_internal/utils/__pycache__/packaging.cpython-312.pyc
f	644	1000	1000	2701	64	35970545	1785345592.4151523340	results/experiments/toolchain-environment/20260729T171551Z-toolchain-formal01/boots/repetition-03/lower/python310/lib/python3.10/site-packages/setuptools/_distutils/compilers/C/tests/test_cygwin.py
f	644	1000	1000	2702	64	35976847	1785345651.6252071810	results/experiments/toolchain-environment/20260729T171551Z-toolchain-formal01/boots/repetition-03/lower/python312/lib/python3.12/site-packages/pip/_vendor/tenacity/__pycache__/tornadoweb.cpython-312.pyc
f	644	1000	1000	2703	64	35974623	1785345628.2400305190	results/experiments/toolchain-environment/20260729T171551Z-toolchain-formal01/boots/repetition-03/lower/python310/lib/python3.10/site-packages/pip/_vendor/webencodings/__pycache__/x_user_defined.cpython-310.pyc
f	644	1000	1000	27043	64	35976855	1785345651.7165576280	results/experiments/toolchain-environment/20260729T171551Z-toolchain-formal01/boots/repetition-03/lower/python312/lib/python3.12/site-packages/pip/_vendor/tomli/__pycache__/_parser.cpython-312.pyc
f	644	1000	1000	27055	64	35972787	1785345609.1410259460	results/experiments/toolchain-environment/20260729T171551Z-toolchain-formal01/boots/repetition-03/lower/python310/lib/python3.10/site-packages/pip/_vendor/chardet/jpcntx.py
f	644	1000	1000	27055	64	35975145	1785345634.1232329070	results/experiments/toolchain-environment/20260729T171551Z-toolchain-formal01/boots/repetition-03/lower/python312/lib/python3.12/site-packages/pip/_vendor/chardet/jpcntx.py
f	644	1000	1000	2706	64	35970543	1785345592.4053765490	results/experiments/toolchain-environment/20260729T171551Z-toolchain-formal01/boots/repetition-03/lower/python310/lib/python3.10/site-packages/setuptools/_distutils/compilers/C/tests/test_base.py
f	644	1000	1000	27073	64	35975649	1785345636.4632760880	results/experiments/toolchain-environment/20260729T171551Z-toolchain-formal01/boots/repetition-03/lower/python312/lib/python3.12/site-packages/pip/_vendor/rich/style.py
f	644	1000	1000	2711	64	35973919	1785345617.9305492430	results/experiments/toolchain-environment/20260729T171551Z-toolchain-formal01/boots/repetition-03/lower/python310/lib/python3.10/site-packages/pip/_vendor/chardet/__pycache__/eucjpprober.cpython-310.pyc
f	644	1000	1000	2714	64	35973705	1785345615.2857631310	results/experiments/toolchain-environment/20260729T171551Z-toolchain-formal01/boots/repetition-03/lower/python310/lib/python3.10/site-packages/pip/_internal/req/__pycache__/__init__.cpython-310.pyc
f	644	1000	1000	27159	64	35976519	1785345646.8664680940	results/experiments/toolchain-environment/20260729T171551Z-toolchain-formal01/boots/repetition-03/lower/python312/lib/python3.12/site-packages/pip/_vendor/pygments/formatters/__pycache__/img.cpython-312.pyc
f	644	1000	1000	27202	64	35976829	1785345651.3705512400	results/experiments/toolchain-environment/20260729T171551Z-toolchain-formal01/boots/repetition-03/lower/python312/lib/python3.12/site-packages/pip/_vendor/tenacity/__pycache__/__init__.cpython-312.pyc
f	644	1000	1000	2725	64	35974483	1785345626.4777874420	results/experiments/toolchain-environment/20260729T171551Z-toolchain-formal01/boots/repetition-03/lower/python310/lib/python3.10/site-packages/pip/_vendor/tenacity/__pycache__/_asyncio.cpython-310.pyc
f	644	1000	1000	2728	64	35971887	1785345601.4136296120	results/experiments/toolchain-environment/20260729T171551Z-toolchain-formal01/boots/repetition-03/lower/python310/lib/python3.10/site-packages/setuptools/_vendor/packaging/licenses/__pycache__/__init__.cpython-310.pyc
f	644	1000	1000	2728	64	35974399	1785345625.0803205590	results/experiments/toolchain-environment/20260729T171551Z-toolchain-formal01/boots/repetition-03/lower/python310/lib/python3.10/site-packages/pip/_vendor/rich/__pycache__/filesize.cpython-310.pyc
f	644	1000	1000	27289	64	35973891	1785345617.5556434020	results/experiments/toolchain-environment/20260729T171551Z-toolchain-formal01/boots/repetition-03/lower/python310/lib/python3.10/site-packages/pip/_vendor/chardet/__pycache__/big5freq.cpython-310.pyc
f	644	1000	1000	27293	64	35973925	1785345618.0261756650	results/experiments/toolchain-environment/20260729T171551Z-toolchain-formal01/boots/repetition-03/lower/python310/lib/python3.10/site-packages/pip/_vendor/chardet/__pycache__/euctwfreq.cpython-310.pyc
f	644	1000	1000	2731	64	35972097	1785345604.3736841820	results/experiments/toolchain-environment/20260729T171551Z-toolchain-formal01/boots/repetition-03/lower/python310/lib/python3.10/site-packages/setuptools/command/__pycache__/install_scripts.cpython-310.pyc
f	644	1000	1000	27311	64	35974923	1785345633.2942176100	results/experiments/toolchain-environment/20260729T171551Z-toolchain-formal01/boots/repetition-03/lower/python312/lib/python3.12/site-packages/pip/_internal/operations/install/wheel.py
f	644	1000	1000	27314	64	35976229	1785345642.7873928020	results/experiments/toolchain-environment/20260729T171551Z-toolchain-formal01/boots/repetition-03/lower/python312/lib/python3.12/site-packages/pip/_vendor/chardet/__pycache__/big5freq.cpython-312.pyc
f	644	1000	1000	27319	64	35976273	1785345643.2734017720	results/experiments/toolchain-environment/20260729T171551Z-toolchain-formal01/boots/repetition-03/lower/python312/lib/python3.12/site-packages/pip/_vendor/chardet/__pycache__/euctwfreq.cpython-312.pyc
f	644	1000	1000	2734	64	35975861	1785345637.7271805250	results/experiments/toolchain-environment/20260729T171551Z-toolchain-formal01/boots/repetition-03/lower/python312/lib/python3.12/site-packages/pip/_internal/cli/__pycache__/progress_bars.cpython-312.pyc
f	644	1000	1000	2738	64	35974931	1785345633.3182180530	results/experiments/toolchain-environment/20260729T171551Z-toolchain-formal01/boots/repetition-03/lower/python312/lib/python3.12/site-packages/pip/_internal/req/__init__.py
f	644	1000	1000	27407	64	35972569	1785345608.1975195910	results/experiments/toolchain-environment/20260729T171551Z-toolchain-formal01/boots/repetition-03/lower/python310/lib/python3.10/site-packages/pip/_internal/operations/install/wheel.py
f	644	1000	1000	2742	64	35976497	1785345646.4554605070	results/experiments/toolchain-environment/20260729T171551Z-toolchain-formal01/boots/repetition-03/lower/python312/lib/python3.12/site-packages/pip/_vendor/pygments/__pycache__/console.cpython-312.pyc
f	644	1000	1000	2744	64	35971677	1785345598.7915818530	results/experiments/toolchain-environment/20260729T171551Z-toolchain-formal01/boots/repetition-03/lower/python310/lib/python3.10/site-packages/setuptools/_distutils/tests/__pycache__/test_extension.cpython-310.pyc
f	644	1000	1000	2745	64	35973539	1785345613.0587074540	results/experiments/toolchain-environment/20260729T171551Z-toolchain-formal01/boots/repetition-03/lower/python310/lib/python3.10/site-packages/pip/_internal/commands/__pycache__/freeze.cpython-310.pyc
f	644	1000	1000	2749	64	35973979	1785345618.9370282520	results/experiments/toolchain-environment/20260729T171551Z-toolchain-formal01/boots/repetition-03/lower/python310/lib/python3.10/site-packages/pip/_vendor/chardet/__pycache__/sjisprober.cpython-310.pyc
f	644	1000	1000	2750	64	35970625	1785345592.7152488060	results/experiments/toolchain-environment/20260729T171551Z-toolchain-formal01/boots/repetition-03/lower/python310/lib/python3.10/site-packages/setuptools/_distutils/tests/test_version.py
f	644	1000	1000	2751	64	35974337	1785345624.1096595110	results/experiments/toolchain-environment/20260729T171551Z-toolchain-formal01/boots/repetition-03/lower/python310/lib/python3.10/site-packages/pip/_vendor/rich/__pycache__/_log_render.cpython-310.pyc
f	644	1000	1000	275233	64	35972735	1785345608.8447666200	results/experiments/toolchain-environment/20260729T171551Z-toolchain-formal01/boots/repetition-03/lower/python310/lib/python3.10/site-packages/pip/_vendor/certifi/cacert.pem
f	644	1000	1000	2753	64	35976427	1785345645.3596253200	results/experiments/toolchain-environment/20260729T171551Z-toolchain-formal01/boots/repetition-03/lower/python312/lib/python3.12/site-packages/pip/_vendor/idna/__pycache__/intranges.cpython-312.pyc
f	644	1000	1000	2761	64	35976185	1785345642.2983837760	results/experiments/toolchain-environment/20260729T171551Z-toolchain-formal01/boots/repetition-03/lower/python312/lib/python3.12/site-packages/pip/_vendor/cachecontrol/__pycache__/_cmd.cpython-312.pyc
f	644	1000	1000	2765	64	35974141	1785345621.3333909060	results/experiments/toolchain-environment/20260729T171551Z-toolchain-formal01/boots/repetition-03/lower/python310/lib/python3.10/site-packages/pip/_vendor/pygments/__pycache__/filter.cpython-310.pyc
f	644	1000	1000	2767	64	35973913	1785345617.8417132220	results/experiments/toolchain-environment/20260729T171551Z-toolchain-formal01/boots/repetition-03/lower/python310/lib/python3.10/site-packages/pip/_vendor/chardet/__pycache__/enums.cpython-310.pyc
f	644	1000	1000	27692	64	35974477	1785345626.4192414550	results/experiments/toolchain-environment/20260729T171551Z-toolchain-formal01/boots/repetition-03/lower/python310/lib/python3.10/site-packages/pip/_vendor/__pycache__/six.cpython-310.pyc
f	644	1000	1000	2770	64	35976663	1785345648.9705069340	results/experiments/toolchain-environment/20260729T171551Z-toolchain-formal01/boots/repetition-03/lower/python312/lib/python3.12/site-packages/pip/_vendor/resolvelib/__pycache__/reporters.cpython-312.pyc
f	644	1000	1000	2774	64	35971077	1785345594.4695071430	results/experiments/toolchain-environment/20260729T171551Z-toolchain-formal01/boots/repetition-03/lower/python310/lib/python3.10/site-packages/setuptools/tests/namespaces.py
f	644	1000	1000	27765	64	35974567	1785345627.5843026080	results/experiments/toolchain-environment/20260729T171551Z-toolchain-formal01/boots/repetition-03/lower/python310/lib/python3.10/site-packages/pip/_vendor/urllib3/packages/__pycache__/six.cpython-310.pyc
f	644	1000	1000	2778	64	35972099	1785345604.3996846620	results/experiments/toolchain-environment/20260729T171551Z-toolchain-formal01/boots/repetition-03/lower/python310/lib/python3.10/site-packages/setuptools/command/__pycache__/rotate.cpython-310.pyc
f	644	1000	1000	2783	64	35973219	1785345611.1950189310	results/experiments/toolchain-environment/20260729T171551Z-toolchain-formal01/boots/repetition-03/lower/python310/lib/python3.10/site-packages/pip/_vendor/rich/_windows_renderer.py
f	644	1000	1000	2783	64	35975551	1785345635.9492666030	results/experiments/toolchain-environment/20260729T171551Z-toolchain-formal01/boots/repetition-03/lower/python312/lib/python3.12/site-packages/pip/_vendor/rich/_windows_renderer.py
f	644	1000	1000	27873	64	35976643	1785345648.7365026140	results/experiments/toolchain-environment/20260729T171551Z-toolchain-formal01/boots/repetition-03/lower/python312/lib/python3.12/site-packages/pip/_vendor/requests/__pycache__/sessions.cpython-312.pyc
f	644	1000	1000	27878	64	35972605	1785345608.3175487530	results/experiments/toolchain-environment/20260729T171551Z-toolchain-formal01/boots/repetition-03/lower/python310/lib/python3.10/site-packages/pip/_internal/resolution/resolvelib/factory.py
f	644	1000	1000	2790	64	35973351	1785345611.7633373490	results/experiments/toolchain-environment/20260729T171551Z-toolchain-formal01/boots/repetition-03/lower/python310/lib/python3.10/site-packages/pip/_vendor/tenacity/stop.py
f	644	1000	1000	2800	64	35974009	1785345619.3823321990	results/experiments/toolchain-environment/20260729T171551Z-toolchain-formal01/boots/repetition-03/lower/python310/lib/python3.10/site-packages/pip/_vendor/colorama/tests/__pycache__/isatty_test.cpython-310.pyc
f	644	1000	1000	2801	64	35973857	1785345617.0837459310	results/experiments/toolchain-environment/20260729T171551Z-toolchain-formal01/boots/repetition-03/lower/python310/lib/python3.10/site-packages/pip/_vendor/cachecontrol/__pycache__/cache.cpython-310.pyc
f	644	1000	1000	28031	64	35974427	1785345625.5990866670	results/experiments/toolchain-environment/20260729T171551Z-toolchain-formal01/boots/repetition-03/lower/python310/lib/python3.10/site-packages/pip/_vendor/rich/__pycache__/pretty.cpython-310.pyc
f	644	1000	1000	2807	64	35972573	1785345608.2059441510	results/experiments/toolchain-environment/20260729T171551Z-toolchain-formal01/boots/repetition-03/lower/python310/lib/python3.10/site-packages/pip/_internal/req/__init__.py
f	644	1000	1000	2808	64	35973795	1785345616.2889052220	results/experiments/toolchain-environment/20260729T171551Z-toolchain-formal01/boots/repetition-03/lower/python310/lib/python3.10/site-packages/pip/_internal/utils/__pycache__/entrypoints.cpython-310.pyc
f	644	1000	1000	2812	64	35972825	1785345609.4124438560	results/experiments/toolchain-environment/20260729T171551Z-toolchain-formal01/boots/repetition-03/lower/python310/lib/python3.10/site-packages/pip/_vendor/chardet/utf8prober.py
f	644	1000	1000	2812	64	35975189	1785345634.3241481650	results/experiments/toolchain-environment/20260729T171551Z-toolchain-formal01/boots/repetition-03/lower/python312/lib/python3.12/site-packages/pip/_vendor/chardet/utf8prober.py
f	644	1000	1000	28128	64	35974925	1785345633.3025523020	results/experiments/toolchain-environment/20260729T171551Z-toolchain-formal01/boots/repetition-03/lower/python312/lib/python3.12/site-packages/pip/_internal/operations/prepare.py
f	644	1000	1000	2815	64	35976977	1785345653.4515896610	results/experiments/toolchain-environment/20260729T171551Z-toolchain-formal01/boots/repetition-03/lower/python312/lib/python3.12/site-packages/pip/_vendor/webencodings/__pycache__/mklabels.cpython-312.pyc
f	644	1000	1000	2816	64	35974093	1785345620.6843804590	results/experiments/toolchain-environment/20260729T171551Z-toolchain-formal01/boots/repetition-03/lower/python310/lib/python3.10/site-packages/pip/_vendor/packaging/__pycache__/_structures.cpython-310.pyc
f	644	1000	1000	2816	64	35974737	1785345632.6086379000	results/experiments/toolchain-environment/20260729T171551Z-toolchain-formal01/boots/repetition-03/lower/python312/lib/python3.12/site-packages/pip/_internal/cli/main.py
f	644	1000	1000	281617	64	35975087	1785345633.8952286990	results/experiments/toolchain-environment/20260729T171551Z-toolchain-formal01/boots/repetition-03/lower/python312/lib/python3.12/site-packages/pip/_vendor/certifi/cacert.pem
f	644	1000	1000	2818	64	35974859	1785345633.0573764800	results/experiments/toolchain-environment/20260729T171551Z-toolchain-formal01/boots/repetition-03/lower/python312/lib/python3.12/site-packages/pip/_internal/models/installation_report.py
f	644	1000	1000	2823	64	35971881	1785345601.3434252080	results/experiments/toolchain-environment/20260729T171551Z-toolchain-formal01/boots/repetition-03/lower/python310/lib/python3.10/site-packages/setuptools/_vendor/packaging/__pycache__/_structures.cpython-310.pyc
f	644	1000	1000	2823	64	35972283	1785345606.5603245390	results/experiments/toolchain-environment/20260729T171551Z-toolchain-formal01/boots/repetition-03/lower/python310/lib/python3.10/site-packages/setuptools/tests/__pycache__/test_find_py_modules.cpython-310.pyc
f	644	1000	1000	2823	64	35976143	1785345641.7556807960	results/experiments/toolchain-environment/20260729T171551Z-toolchain-formal01/boots/repetition-03/lower/python312/lib/python3.12/site-packages/pip/_internal/utils/__pycache__/models.cpython-312.pyc
f	644	1000	1000	28242	64	35974045	1785345620.0011718750	results/experiments/toolchain-environment/20260729T171551Z-toolchain-formal01/boots/repetition-03/lower/python310/lib/python3.10/site-packages/pip/_vendor/distlib/__pycache__/wheel.cpython-310.pyc
f	644	1000	1000	28270	64	35971959	1785345602.4816493010	results/experiments/toolchain-environment/20260729T171551Z-toolchain-formal01/boots/repetition-03/lower/python310/lib/python3.10/site-packages/setuptools/_vendor/typeguard/__pycache__/_transformer.cpython-310.pyc
f	644	1000	1000	28277	64	35976799	1785345650.9406837910	results/experiments/toolchain-environment/20260729T171551Z-toolchain-formal01/boots/repetition-03/lower/python312/lib/python3.12/site-packages/pip/_vendor/rich/__pycache__/segment.cpython-312.pyc
f	644	1000	1000	2828	64	35971957	1785345602.4496487110	results/experiments/toolchain-environment/20260729T171551Z-toolchain-formal01/boots/repetition-03/lower/python310/lib/python3.10/site-packages/setuptools/_vendor/typeguard/__pycache__/_suppression.cpython-310.pyc
f	644	1000	1000	28286	64	35972217	1785345605.6519777180	results/experiments/toolchain-environment/20260729T171551Z-toolchain-formal01/boots/repetition-03/lower/python310/lib/python3.10/site-packages/setuptools/tests/config/__pycache__/test_setupcfg.cpython-310.pyc
f	644	1000	1000	28301	64	35971501	1785345596.1855332400	results/experiments/toolchain-environment/20260729T171551Z-toolchain-formal01/boots/repetition-03/lower/python310/lib/python3.10/site-packages/pkg_resources/tests/__pycache__/test_resources.cpython-310.pyc
f	644	1000	1000	2838	64	35972025	1785345603.3406651380	results/experiments/toolchain-environment/20260729T171551Z-toolchain-formal01/boots/repetition-03/lower/python310/lib/python3.10/site-packages/setuptools/_vendor/wheel/vendored/packaging/__pycache__/_structures.cpython-310.pyc
f	644	1000	1000	2839	64	35972859	1785345609.5890406570	results/experiments/toolchain-environment/20260729T171551Z-toolchain-formal01/boots/repetition-03/lower/python310/lib/python3.10/site-packages/pip/_vendor/colorama/tests/ansi_test.py
f	644	1000	1000	2839	64	35975207	1785345634.3893745330	results/experiments/toolchain-environment/20260729T171551Z-toolchain-formal01/boots/repetition-03/lower/python312/lib/python3.12/site-packages/pip/_vendor/colorama/tests/ansi_test.py
f	644	1000	1000	2843	64	35973303	1785345611.5633994790	results/experiments/toolchain-environment/20260729T171551Z-toolchain-formal01/boots/repetition-03/lower/python310/lib/python3.10/site-packages/pip/_vendor/rich/scope.py
f	644	1000	1000	2843	64	35975639	1785345636.4120085040	results/experiments/toolchain-environment/20260729T171551Z-toolchain-formal01/boots/repetition-03/lower/python312/lib/python3.12/site-packages/pip/_vendor/rich/scope.py
f	644	1000	1000	2846	64	35970849	1785345593.5684850050	results/experiments/toolchain-environment/20260729T171551Z-toolchain-formal01/boots/repetition-03/lower/python310/lib/python3.10/site-packages/setuptools/_vendor/typeguard/_config.py
f	644	1000	1000	2848	64	35973627	1785345614.1854103690	results/experiments/toolchain-environment/20260729T171551Z-toolchain-formal01/boots/repetition-03/lower/python310/lib/python3.10/site-packages/pip/_internal/models/__pycache__/format_control.cpython-310.pyc
f	644	1000	1000	2853	64	35976197	1785345642.4763870620	results/experiments/toolchain-environment/20260729T171551Z-toolchain-formal01/boots/repetition-03/lower/python312/lib/python3.12/site-packages/pip/_vendor/cachecontrol/caches/__pycache__/redis_cache.cpython-312.pyc
f	644	1000	1000	2858	64	35971057	1785345594.3843906970	results/experiments/toolchain-environment/20260729T171551Z-toolchain-formal01/boots/repetition-03/lower/python310/lib/python3.10/site-packages/setuptools/config/_validate_pyproject/extra_validations.py
f	644	1000	1000	2858	64	35972581	1785345608.2378113670	results/experiments/toolchain-environment/20260729T171551Z-toolchain-formal01/boots/repetition-03/lower/python310/lib/python3.10/site-packages/pip/_internal/req/req_set.py
f	644	1000	1000	28591	64	35970763	1785345593.2374986550	results/experiments/toolchain-environment/20260729T171551Z-toolchain-formal01/boots/repetition-03/lower/python310/lib/python3.10/site-packages/setuptools/_vendor/more_itertools/recipes.py
f	644	1000	1000	286	64	35972343	1785345607.2385569690	results/experiments/toolchain-environment/20260729T171551Z-toolchain-formal01/boots/repetition-03/lower/python310/lib/python3.10/site-packages/pip/py.typed
f	644	1000	1000	286	64	35975825	1785345637.2909249610	results/experiments/toolchain-environment/20260729T171551Z-toolchain-formal01/boots/repetition-03/lower/python312/lib/python3.12/site-packages/pip/py.typed
f	644	1000	1000	2860	64	35973611	1785345613.9631652030	results/experiments/toolchain-environment/20260729T171551Z-toolchain-formal01/boots/repetition-03/lower/python310/lib/python3.10/site-packages/pip/_internal/metadata/importlib/__pycache__/_compat.cpython-310.pyc
f	644	1000	1000	2861	64	35974555	1785345627.4506635030	results/experiments/toolchain-environment/20260729T171551Z-toolchain-formal01/boots/repetition-03/lower/python310/lib/python3.10/site-packages/pip/_vendor/urllib3/__pycache__/filepost.cpython-310.pyc
f	644	1000	1000	28625	64	35972255	1785345606.1528365030	results/experiments/toolchain-environment/20260729T171551Z-toolchain-formal01/boots/repetition-03/lower/python310/lib/python3.10/site-packages/setuptools/tests/__pycache__/test_build_meta.cpython-310.pyc
f	644	1000	1000	2868	64	35970507	1785345592.2803470370	results/experiments/toolchain-environment/20260729T171551Z-toolchain-formal01/boots/repetition-03/lower/python310/lib/python3.10/site-packages/setuptools/_distutils/command/install_egg_info.py
f	644	1000	1000	2870	64	35973683	1785345614.9879923640	results/experiments/toolchain-environment/20260729T171551Z-toolchain-formal01/boots/repetition-03/lower/python310/lib/python3.10/site-packages/pip/_internal/operations/build/__pycache__/wheel_legacy.cpython-310.pyc
f	644	1000	1000	2875	64	35970505	1785345592.2728373440	results/experiments/toolchain-environment/20260729T171551Z-toolchain-formal01/boots/repetition-03/lower/python310/lib/python3.10/site-packages/setuptools/_distutils/command/install_data.py
f	644	1000	1000	28759	64	35972299	1785345606.7965252720	results/experiments/toolchain-environment/20260729T171551Z-toolchain-formal01/boots/repetition-03/lower/python310/lib/python3.10/site-packages/setuptools/tests/__pycache__/test_sdist.cpython-310.pyc
f	644	1000	1000	28782	64	35974777	1785345632.7646527050	results/experiments/toolchain-environment/20260729T171551Z-toolchain-formal01/boots/repetition-03/lower/python312/lib/python3.12/site-packages/pip/_internal/commands/install.py
f	644	1000	1000	2879	64	35972235	1785345605.8789171240	results/experiments/toolchain-environment/20260729T171551Z-toolchain-formal01/boots/repetition-03/lower/python310/lib/python3.10/site-packages/setuptools/tests/__pycache__/namespaces.cpython-310.pyc
f	644	1000	1000	2880	64	35970575	1785345592.5300971190	results/experiments/toolchain-environment/20260729T171551Z-toolchain-formal01/boots/repetition-03/lower/python310/lib/python3.10/site-packages/setuptools/_distutils/tests/test_build_scripts.py
f	644	1000	1000	28807	64	35971187	1785345594.8365083750	results/experiments/toolchain-environment/20260729T171551Z-toolchain-formal01/boots/repetition-03/lower/python310/lib/python3.10/site-packages/setuptools/tests/config/test_apply_pyprojecttoml.py
f	644	1000	1000	2891	64	35971333	1785345595.3715182360	results/experiments/toolchain-environment/20260729T171551Z-toolchain-formal01/boots/repetition-03/lower/python310/lib/python3.10/site-packages/setuptools/_vendor/jaraco.functools-4.0.1.dist-info/METADATA
f	644	1000	1000	2895	64	35970681	1785345592.9074728220	results/experiments/toolchain-environment/20260729T171551Z-toolchain-formal01/boots/repetition-03/lower/python310/lib/python3.10/site-packages/setuptools/_vendor/importlib_metadata/_functools.py
f	644	1000	1000	29027	64	35975895	1785345638.2543091400	results/experiments/toolchain-environment/20260729T171551Z-toolchain-formal01/boots/repetition-03/lower/python312/lib/python3.12/site-packages/pip/_internal/commands/__pycache__/install.cpython-312.pyc
f	644	1000	1000	2903	64	35973871	1785345617.2950463140	results/experiments/toolchain-environment/20260729T171551Z-toolchain-formal01/boots/repetition-03/lower/python310/lib/python3.10/site-packages/pip/_vendor/cachecontrol/__pycache__/filewrapper.cpython-310.pyc
f	644	1000	1000	29092	64	35976707	1785345649.5855456960	results/experiments/toolchain-environment/20260729T171551Z-toolchain-formal01/boots/repetition-03/lower/python312/lib/python3.12/site-packages/pip/_vendor/rich/__pycache__/_win32_console.cpython-312.pyc
f	644	1000	1000	2912	64	35973157	1785345610.9474153840	results/experiments/toolchain-environment/20260729T171551Z-toolchain-formal01/boots/repetition-03/lower/python310/lib/python3.10/site-packages/pip/_vendor/requests/structures.py
f	644	1000	1000	2912	64	35975487	1785345635.6115090250	results/experiments/toolchain-environment/20260729T171551Z-toolchain-formal01/boots/repetition-03/lower/python312/lib/python3.12/site-packages/pip/_vendor/requests/structures.py
f	644	1000	1000	29124	64	35976173	1785345642.1803815990	results/experiments/toolchain-environment/20260729T171551Z-toolchain-formal01/boots/repetition-03/lower/python312/lib/python3.12/site-packages/pip/_internal/vcs/__pycache__/versioncontrol.cpython-312.pyc
f	644	1000	1000	2917	64	35973015	1785345610.3018104750	results/experiments/toolchain-environment/20260729T171551Z-toolchain-formal01/boots/repetition-03/lower/python310/lib/python3.10/site-packages/pip/_vendor/pygments/formatter.py
f	644	1000	1000	29241	64	35974159	1785345621.6082062450	results/experiments/toolchain-environment/20260729T171551Z-toolchain-formal01/boots/repetition-03/lower/python310/lib/python3.10/site-packages/pip/_vendor/pygments/formatters/__pycache__/html.cpython-310.pyc
f	644	1000	1000	2925	64	35972309	1785345606.9235936160	results/experiments/toolchain-environment/20260729T171551Z-toolchain-formal01/boots/repetition-03/lower/python310/lib/python3.10/site-packages/setuptools/tests/__pycache__/test_virtualenv.cpython-310.pyc
f	644	1000	1000	2925	64	35973915	1785345617.8687840060	results/experiments/toolchain-environment/20260729T171551Z-toolchain-formal01/boots/repetition-03/lower/python310/lib/python3.10/site-packages/pip/_vendor/chardet/__pycache__/escprober.cpython-310.pyc
f	644	1000	1000	2929	64	35974059	1785345620.1564393550	results/experiments/toolchain-environment/20260729T171551Z-toolchain-formal01/boots/repetition-03/lower/python310/lib/python3.10/site-packages/pip/_vendor/idna/__pycache__/codec.cpython-310.pyc
f	644	1000	1000	2933	64	35970945	1785345593.9754150400	results/experiments/toolchain-environment/20260729T171551Z-toolchain-formal01/boots/repetition-03/lower/python310/lib/python3.10/site-packages/setuptools/_vendor/wheel/vendored/packaging/requirements.py
f	644	1000	1000	29351	64	35971863	1785345601.1516247820	results/experiments/toolchain-environment/20260729T171551Z-toolchain-formal01/boots/repetition-03/lower/python310/lib/python3.10/site-packages/setuptools/_vendor/more_itertools/__pycache__/recipes.cpython-310.pyc
f	644	1000	1000	2943	64	35970837	1785345593.5135502950	results/experiments/toolchain-environment/20260729T171551Z-toolchain-formal01/boots/repetition-03/lower/python310/lib/python3.10/site-packages/setuptools/_vendor/tomli/_re.py
f	644	1000	1000	2943	64	35973363	1785345611.8079162790	results/experiments/toolchain-environment/20260729T171551Z-toolchain-formal01/boots/repetition-03/lower/python310/lib/python3.10/site-packages/pip/_vendor/tomli/_re.py
f	644	1000	1000	2943	64	35975701	1785345636.7210920690	results/experiments/toolchain-environment/20260729T171551Z-toolchain-formal01/boots/repetition-03/lower/python312/lib/python3.12/site-packages/pip/_vendor/tomli/_re.py
f	644	1000	1000	2947	64	35970789	1785345593.3476452080	results/experiments/toolchain-environment/20260729T171551Z-toolchain-formal01/boots/repetition-03/lower/python310/lib/python3.10/site-packages/setuptools/_vendor/packaging/requirements.py
f	644	1000	1000	29497	64	35972373	1785345607.3527391090	results/experiments/toolchain-environment/20260729T171551Z-toolchain-formal01/boots/repetition-03/lower/python310/lib/python3.10/site-packages/pip/_internal/cli/cmdoptions.py
f	644	1000	1000	2951	64	35972407	1785345607.5216327060	results/experiments/toolchain-environment/20260729T171551Z-toolchain-formal01/boots/repetition-03/lower/python310/lib/python3.10/site-packages/pip/_internal/commands/freeze.py
f	644	1000	1000	29564	64	35973583	1785345613.6198707900	results/experiments/toolchain-environment/20260729T171551Z-toolchain-formal01/boots/repetition-03/lower/python310/lib/python3.10/site-packages/pip/_internal/index/__pycache__/package_finder.cpython-310.pyc
f	644	1000	1000	296	64	35971121	1785345594.6365046890	results/experiments/toolchain-environment/20260729T171551Z-toolchain-formal01/boots/repetition-03/lower/python310/lib/python3.10/site-packages/setuptools/tests/test_extern.py
f	644	1000	1000	29604	64	35975665	1785345636.5512777120	results/experiments/toolchain-environment/20260729T171551Z-toolchain-formal01/boots/repetition-03/lower/python312/lib/python3.12/site-packages/pip/_vendor/rich/traceback.py
f	644	1000	1000	2971	64	35972031	1785345603.4596673320	results/experiments/toolchain-environment/20260729T171551Z-toolchain-formal01/boots/repetition-03/lower/python310/lib/python3.10/site-packages/setuptools/_vendor/wheel/vendored/packaging/__pycache__/requirements.cpython-310.pyc
f	644	1000	1000	29719	64	35974145	1785345621.3722743290	results/experiments/toolchain-environment/20260729T171551Z-toolchain-formal01/boots/repetition-03/lower/python310/lib/python3.10/site-packages/pip/_vendor/pygments/filters/__pycache__/__init__.cpython-310.pyc
f	644	1000	1000	2976	64	35975913	1785345638.5132772230	results/experiments/toolchain-environment/20260729T171551Z-toolchain-formal01/boots/repetition-03/lower/python312/lib/python3.12/site-packages/pip/_internal/distributions/__pycache__/base.cpython-312.pyc
f	644	1000	1000	2978	64	35974285	1785345623.3675978050	results/experiments/toolchain-environment/20260729T171551Z-toolchain-formal01/boots/repetition-03/lower/python310/lib/python3.10/site-packages/pip/_vendor/requests/__pycache__/help.cpython-310.pyc
f	644	1000	1000	2983	64	35975335	1785345634.9233170510	results/experiments/toolchain-environment/20260729T171551Z-toolchain-formal01/boots/repetition-03/lower/python312/lib/python3.12/site-packages/pip/_vendor/pygments/__init__.py
f	644	1000	1000	2989	64	35975949	1785345639.0413236650	results/experiments/toolchain-environment/20260729T171551Z-toolchain-formal01/boots/repetition-03/lower/python312/lib/python3.12/site-packages/pip/_internal/metadata/__pycache__/_json.cpython-312.pyc
f	644	1000	1000	299	64	35974675	1785345628.7424576670	results/experiments/toolchain-environment/20260729T171551Z-toolchain-formal01/boots/repetition-03/lower/python312/pyvenv.cfg
f	644	1000	1000	2990	64	35972165	1785345605.0646283780	results/experiments/toolchain-environment/20260729T171551Z-toolchain-formal01/boots/repetition-03/lower/python310/lib/python3.10/site-packages/setuptools/__pycache__/errors.cpython-310.pyc
f	644	1000	1000	29953	64	35970917	1785345622.1495283330	results/experiments/toolchain-environment/20260729T171551Z-toolchain-formal01/boots/repetition-03/lower/python310/lib/python3.10/site-packages/pip/_vendor/pygments/lexers/__pycache__/python.cpython-310.pyc
f	644	1000	1000	2999	64	35973005	1785345610.2528912710	results/experiments/toolchain-environment/20260729T171551Z-toolchain-formal01/boots/repetition-03/lower/python310/lib/python3.10/site-packages/pip/_vendor/pygments/__init__.py
f	644	1000	1000	30	64	35972443	1785345607.6796648860	results/experiments/toolchain-environment/20260729T171551Z-toolchain-formal01/boots/repetition-03/lower/python310/lib/python3.10/site-packages/pip/_internal/index/__init__.py
f	644	1000	1000	30	64	35974807	1785345632.8694242290	results/experiments/toolchain-environment/20260729T171551Z-toolchain-formal01/boots/repetition-03/lower/python312/lib/python3.12/site-packages/pip/_internal/index/__init__.py
f	644	1000	1000	300	64	35972111	1785345604.5296870590	results/experiments/toolchain-environment/20260729T171551Z-toolchain-formal01/boots/repetition-03/lower/python310/lib/python3.10/site-packages/setuptools/compat/__pycache__/__init__.cpython-310.pyc
f	644	1000	1000	30053	64	35974459	1785345626.2092597380	results/experiments/toolchain-environment/20260729T171551Z-toolchain-formal01/boots/repetition-03/lower/python310/lib/python3.10/site-packages/pip/_vendor/rich/__pycache__/table.cpython-310.pyc
f	644	1000	1000	3006	64	35971797	1785345600.2496343640	results/experiments/toolchain-environment/20260729T171551Z-toolchain-formal01/boots/repetition-03/lower/python310/lib/python3.10/site-packages/setuptools/_vendor/importlib_metadata/__pycache__/_adapters.cpython-310.pyc
f	644	1000	1000	30063	64	35974733	1785345632.5902258260	results/experiments/toolchain-environment/20260729T171551Z-toolchain-formal01/boots/repetition-03/lower/python312/lib/python3.12/site-packages/pip/_internal/cli/cmdoptions.py
f	644	1000	1000	30072	64	35970503	1785345592.2652744840	results/experiments/toolchain-environment/20260729T171551Z-toolchain-formal01/boots/repetition-03/lower/python310/lib/python3.10/site-packages/setuptools/_distutils/command/install.py
f	644	1000	1000	30110	64	35972971	1785345610.1257467460	results/experiments/toolchain-environment/20260729T171551Z-toolchain-formal01/boots/repetition-03/lower/python310/lib/python3.10/site-packages/pip/_vendor/packaging/specifiers.py
f	644	1000	1000	30110	64	35975303	1785345634.8052454920	results/experiments/toolchain-environment/20260729T171551Z-toolchain-formal01/boots/repetition-03/lower/python312/lib/python3.12/site-packages/pip/_vendor/packaging/specifiers.py
f	644	1000	1000	3012	64	35974509	1785345626.8169330480	results/experiments/toolchain-environment/20260729T171551Z-toolchain-formal01/boots/repetition-03/lower/python310/lib/python3.10/site-packages/pip/_vendor/tomli/__pycache__/_re.cpython-310.pyc
f	644	1000	1000	3018	64	35971435	1785345595.7365249640	results/experiments/toolchain-environment/20260729T171551Z-toolchain-formal01/boots/repetition-03/lower/python310/lib/python3.10/site-packages/setuptools/_vendor/typing_extensions-4.12.2.dist-info/METADATA
f	644	1000	1000	30180	64	35973153	1785345610.9288050530	results/experiments/toolchain-environment/20260729T171551Z-toolchain-formal01/boots/repetition-03/lower/python310/lib/python3.10/site-packages/pip/_vendor/requests/sessions.py
f	644	1000	1000	3019	64	35971933	1785345602.0566414660	results/experiments/toolchain-environment/20260729T171551Z-toolchain-formal01/boots/repetition-03/lower/python310/lib/python3.10/site-packages/setuptools/_vendor/tomli/__pycache__/_re.cpython-310.pyc
f	644	1000	1000	302	64	35971487	1785345596.0002578370	results/experiments/toolchain-environment/20260729T171551Z-toolchain-formal01/boots/repetition-03/lower/python310/lib/python3.10/site-packages/pkg_resources/tests/__pycache__/__init__.cpython-310.pyc
f	644	1000	1000	302	64	35973753	1785345615.9586298490	results/experiments/toolchain-environment/20260729T171551Z-toolchain-formal01/boots/repetition-03/lower/python310/lib/python3.10/site-packages/pip/_internal/utils/__pycache__/__init__.cpython-310.pyc
f	644	1000	1000	3024	64	35970371	1785345591.8103901300	results/experiments/toolchain-environment/20260729T171551Z-toolchain-formal01/boots/repetition-03/lower/python310/lib/python3.10/site-packages/setuptools/errors.py
f	644	1000	1000	303	64	35975065	1785345633.8062270570	results/experiments/toolchain-environment/20260729T171551Z-toolchain-formal01/boots/repetition-03/lower/python312/lib/python3.12/site-packages/pip/_vendor/cachecontrol/caches/__init__.py
f	644	1000	1000	3034	64	35971755	1785345599.7004277750	results/experiments/toolchain-environment/20260729T171551Z-toolchain-formal01/boots/repetition-03/lower/python310/lib/python3.10/site-packages/setuptools/__pycache__/_path.cpython-310.pyc
f	644	1000	1000	3035	64	35971899	1785345601.5736325620	results/experiments/toolchain-environment/20260729T171551Z-toolchain-formal01/boots/repetition-03/lower/python310/lib/python3.10/site-packages/setuptools/_vendor/packaging/__pycache__/requirements.cpython-310.pyc
f	644	1000	1000	30373	64	35975483	1785345635.5824207150	results/experiments/toolchain-environment/20260729T171551Z-toolchain-formal01/boots/repetition-03/lower/python312/lib/python3.12/site-packages/pip/_vendor/requests/sessions.py
f	644	1000	1000	30391	64	35972811	1785345609.3166220010	results/experiments/toolchain-environment/20260729T171551Z-toolchain-formal01/boots/repetition-03/lower/python310/lib/python3.10/site-packages/pip/_vendor/chardet/mbcssm.py
f	644	1000	1000	30391	64	35975169	1785345634.2502352500	results/experiments/toolchain-environment/20260729T171551Z-toolchain-formal01/boots/repetition-03/lower/python312/lib/python3.12/site-packages/pip/_vendor/chardet/mbcssm.py
f	644	1000	1000	3046	64	35973651	1785345614.5185111460	results/experiments/toolchain-environment/20260729T171551Z-toolchain-formal01/boots/repetition-03/lower/python310/lib/python3.10/site-packages/pip/_internal/network/__pycache__/cache.cpython-310.pyc
f	644	1000	1000	3046	64	35976527	1785345647.0175899610	results/experiments/toolchain-environment/20260729T171551Z-toolchain-formal01/boots/repetition-03/lower/python312/lib/python3.12/site-packages/pip/_vendor/pygments/formatters/__pycache__/pangomarkup.cpython-312.pyc
f	644	1000	1000	30481	64	35976403	1785345645.0554346650	results/experiments/toolchain-environment/20260729T171551Z-toolchain-formal01/boots/repetition-03/lower/python312/lib/python3.12/site-packages/pip/_vendor/distlib/__pycache__/version.cpython-312.pyc
f	644	1000	1000	30488	64	35975851	1785345637.5772966460	results/experiments/toolchain-environment/20260729T171551Z-toolchain-formal01/boots/repetition-03/lower/python312/lib/python3.12/site-packages/pip/_internal/cli/__pycache__/cmdoptions.cpython-312.pyc
f	644	1000	1000	30512	64	35976089	1785345640.9579316120	results/experiments/toolchain-environment/20260729T171551Z-toolchain-formal01/boots/repetition-03/lower/python312/lib/python3.12/site-packages/pip/_internal/resolution/resolvelib/__pycache__/candidates.cpython-312.pyc
f	644	1000	1000	3059	64	35971593	1785345597.3712003110	results/experiments/toolchain-environment/20260729T171551Z-toolchain-formal01/boots/repetition-03/lower/python310/lib/python3.10/site-packages/setuptools/_distutils/compilers/C/tests/__pycache__/test_cygwin.cpython-310.pyc
f	644	1000	1000	3059	64	35974133	1785345621.1972932720	results/experiments/toolchain-environment/20260729T171551Z-toolchain-formal01/boots/repetition-03/lower/python310/lib/python3.10/site-packages/pip/_vendor/pygments/__pycache__/__init__.cpython-310.pyc
f	644	1000	1000	306	64	35972195	1785345605.3657584190	results/experiments/toolchain-environment/20260729T171551Z-toolchain-formal01/boots/repetition-03/lower/python310/lib/python3.10/site-packages/setuptools/tests/compat/__pycache__/__init__.cpython-310.pyc
f	644	1000	1000	306	64	35972201	1785345605.4218515200	results/experiments/toolchain-environment/20260729T171551Z-toolchain-formal01/boots/repetition-03/lower/python310/lib/python3.10/site-packages/setuptools/tests/config/__pycache__/__init__.cpython-310.pyc
f	644	1000	1000	306	64	35973903	1785345617.7022390380	results/experiments/toolchain-environment/20260729T171551Z-toolchain-formal01/boots/repetition-03/lower/python310/lib/python3.10/site-packages/pip/_vendor/chardet/cli/__pycache__/__init__.cpython-310.pyc
f	644	1000	1000	306	64	35976107	1785345641.2143637690	results/experiments/toolchain-environment/20260729T171551Z-toolchain-formal01/boots/repetition-03/lower/python312/lib/python3.12/site-packages/pip/_internal/utils/__pycache__/__init__.cpython-312.pyc
f	644	1000	1000	3063	64	35976007	1785345639.9813410130	results/experiments/toolchain-environment/20260729T171551Z-toolchain-formal01/boots/repetition-03/lower/python312/lib/python3.12/site-packages/pip/_internal/network/__pycache__/xmlrpc.cpython-312.pyc
f	644	1000	1000	3064	64	35972559	1785345608.1486312750	results/experiments/toolchain-environment/20260729T171551Z-toolchain-formal01/boots/repetition-03/lower/python310/lib/python3.10/site-packages/pip/_internal/operations/build/wheel_legacy.py
f	644	1000	1000	3064	64	35972641	1785345608.4778216090	results/experiments/toolchain-environment/20260729T171551Z-toolchain-formal01/boots/repetition-03/lower/python310/lib/python3.10/site-packages/pip/_internal/utils/entrypoints.py
f	644	1000	1000	3064	64	35974911	1785345633.2501385690	results/experiments/toolchain-environment/20260729T171551Z-toolchain-formal01/boots/repetition-03/lower/python312/lib/python3.12/site-packages/pip/_internal/operations/build/wheel_legacy.py
f	644	1000	1000	3064	64	35975001	1785345633.5844106720	results/experiments/toolchain-environment/20260729T171551Z-toolchain-formal01/boots/repetition-03/lower/python312/lib/python3.12/site-packages/pip/_internal/utils/entrypoints.py
f	644	1000	1000	30641	64	35973389	1785345611.9268574800	results/experiments/toolchain-environment/20260729T171551Z-toolchain-formal01/boots/repetition-03/lower/python310/lib/python3.10/site-packages/pip/_vendor/urllib3/response.py
f	644	1000	1000	30641	64	35975781	1785345637.1055000890	results/experiments/toolchain-environment/20260729T171551Z-toolchain-formal01/boots/repetition-03/lower/python312/lib/python3.12/site-packages/pip/_vendor/urllib3/response.py
f	644	1000	1000	3067	64	35974205	1785345622.2416538910	results/experiments/toolchain-environment/20260729T171551Z-toolchain-formal01/boots/repetition-03/lower/python310/lib/python3.10/site-packages/pip/_vendor/pygments/__pycache__/regexopt.cpython-310.pyc
f	644	1000	1000	307	64	35973665	1785345614.7208515650	results/experiments/toolchain-environment/20260729T171551Z-toolchain-formal01/boots/repetition-03/lower/python310/lib/python3.10/site-packages/pip/_internal/operations/__pycache__/__init__.cpython-310.pyc
f	644	1000	1000	307	64	35973719	1785345615.4780575340	results/experiments/toolchain-environment/20260729T171551Z-toolchain-formal01/boots/repetition-03/lower/python310/lib/python3.10/site-packages/pip/_internal/resolution/__pycache__/__init__.cpython-310.pyc
f	644	1000	1000	3072	64	35973023	1785345610.3369762190	results/experiments/toolchain-environment/20260729T171551Z-toolchain-formal01/boots/repetition-03/lower/python310/lib/python3.10/site-packages/pip/_vendor/pygments/regexopt.py
f	644	1000	1000	3072	64	35975395	1785345635.1926839940	results/experiments/toolchain-environment/20260729T171551Z-toolchain-formal01/boots/repetition-03/lower/python312/lib/python3.12/site-packages/pip/_vendor/pygments/regexopt.py
f	644	1000	1000	3080	64	35973547	1785345613.1660708540	results/experiments/toolchain-environment/20260729T171551Z-toolchain-formal01/boots/repetition-03/lower/python310/lib/python3.10/site-packages/pip/_internal/commands/__pycache__/inspect.cpython-310.pyc
f	644	1000	1000	3082	64	35970959	1785345594.0384936670	results/experiments/toolchain-environment/20260729T171551Z-toolchain-formal01/boots/repetition-03/lower/python310/lib/python3.10/site-packages/setuptools/_vendor/zipp/glob.py
f	644	1000	1000	3086	64	35975689	1785345636.6762800190	results/experiments/toolchain-environment/20260729T171551Z-toolchain-formal01/boots/repetition-03/lower/python312/lib/python3.12/site-packages/pip/_vendor/tenacity/stop.py
f	644	1000	1000	309	64	35974001	1785345619.2364875150	results/experiments/toolchain-environment/20260729T171551Z-toolchain-formal01/boots/repetition-03/lower/python310/lib/python3.10/site-packages/pip/_vendor/colorama/tests/__pycache__/__init__.cpython-310.pyc
f	644	1000	1000	3092	64	35970447	1785345592.0633302850	results/experiments/toolchain-environment/20260729T171551Z-toolchain-formal01/boots/repetition-03/lower/python310/lib/python3.10/site-packages/setuptools/_distutils/errors.py
f	644	1000	1000	3092	64	35973025	1785345610.3463158490	results/experiments/toolchain-environment/20260729T171551Z-toolchain-formal01/boots/repetition-03/lower/python310/lib/python3.10/site-packages/pip/_vendor/pygments/scanner.py
f	644	1000	1000	3092	64	35975397	1785345635.2004408090	results/experiments/toolchain-environment/20260729T171551Z-toolchain-formal01/boots/repetition-03/lower/python312/lib/python3.12/site-packages/pip/_vendor/pygments/scanner.py
f	644	1000	1000	3094	64	35974369	1785345624.5809188320	results/experiments/toolchain-environment/20260729T171551Z-toolchain-formal01/boots/repetition-03/lower/python310/lib/python3.10/site-packages/pip/_vendor/rich/__pycache__/bar.cpython-310.pyc
f	644	1000	1000	3097	64	35975887	1785345638.1152585230	results/experiments/toolchain-environment/20260729T171551Z-toolchain-formal01/boots/repetition-03/lower/python312/lib/python3.12/site-packages/pip/_internal/commands/__pycache__/hash.cpython-312.pyc
f	644	1000	1000	310	64	35974529	1785345627.0553823220	results/experiments/toolchain-environment/20260729T171551Z-toolchain-formal01/boots/repetition-03/lower/python310/lib/python3.10/site-packages/pip/_vendor/urllib3/contrib/__pycache__/__init__.cpython-310.pyc
f	644	1000	1000	310	64	35976251	1785345642.9383955890	results/experiments/toolchain-environment/20260729T171551Z-toolchain-formal01/boots/repetition-03/lower/python312/lib/python3.12/site-packages/pip/_vendor/chardet/cli/__pycache__/__init__.cpython-312.pyc
f	644	1000	1000	3100	64	35974443	1785345625.9180125840	results/experiments/toolchain-environment/20260729T171551Z-toolchain-formal01/boots/repetition-03/lower/python310/lib/python3.10/site-packages/pip/_vendor/rich/__pycache__/scope.cpython-310.pyc
f	644	1000	1000	3100	64	35974969	1785345633.4613492670	results/experiments/toolchain-environment/20260729T171551Z-toolchain-formal01/boots/repetition-03/lower/python312/lib/python3.12/site-packages/pip/_internal/resolution/resolvelib/reporter.py
f	644	1000	1000	3102	64	35971071	1785345594.4475012060	results/experiments/toolchain-environment/20260729T171551Z-toolchain-formal01/boots/repetition-03/lower/python310/lib/python3.10/site-packages/setuptools/tests/environment.py
f	644	1000	1000	3103	64	35970899	1785345593.8164895760	results/experiments/toolchain-environment/20260729T171551Z-toolchain-formal01/boots/repetition-03/lower/python310/lib/python3.10/site-packages/setuptools/_vendor/wheel/cli/pack.py
f	644	1000	1000	3105	64	35976951	1785345653.0705826260	results/experiments/toolchain-environment/20260729T171551Z-toolchain-formal01/boots/repetition-03/lower/python312/lib/python3.12/site-packages/pip/_vendor/urllib3/util/__pycache__/response.cpython-312.pyc
f	644	1000	1000	3106	64	35973511	1785345612.6892040770	results/experiments/toolchain-environment/20260729T171551Z-toolchain-formal01/boots/repetition-03/lower/python310/lib/python3.10/site-packages/pip/_internal/cli/__pycache__/main_parser.cpython-310.pyc
f	644	1000	1000	311	64	35972227	1785345605.7644050250	results/experiments/toolchain-environment/20260729T171551Z-toolchain-formal01/boots/repetition-03/lower/python310/lib/python3.10/site-packages/setuptools/tests/integration/__pycache__/__init__.cpython-310.pyc
f	644	1000	1000	311	64	35973969	1785345618.7691001630	results/experiments/toolchain-environment/20260729T171551Z-toolchain-formal01/boots/repetition-03/lower/python310/lib/python3.10/site-packages/pip/_vendor/chardet/metadata/__pycache__/__init__.cpython-310.pyc
f	644	1000	1000	311	64	35974559	1785345627.4801103360	results/experiments/toolchain-environment/20260729T171551Z-toolchain-formal01/boots/repetition-03/lower/python310/lib/python3.10/site-packages/pip/_vendor/urllib3/packages/__pycache__/__init__.cpython-310.pyc
f	644	1000	1000	311	64	35976011	1785345640.0133416030	results/experiments/toolchain-environment/20260729T171551Z-toolchain-formal01/boots/repetition-03/lower/python312/lib/python3.12/site-packages/pip/_internal/operations/__pycache__/__init__.cpython-312.pyc
f	644	1000	1000	311	64	35976073	1785345640.7516929690	results/experiments/toolchain-environment/20260729T171551Z-toolchain-formal01/boots/repetition-03/lower/python312/lib/python3.12/site-packages/pip/_internal/resolution/__pycache__/__init__.cpython-312.pyc
f	644	1000	1000	3110	64	35972647	1785345608.5006183660	results/experiments/toolchain-environment/20260729T171551Z-toolchain-formal01/boots/repetition-03/lower/python310/lib/python3.10/site-packages/pip/_internal/utils/glibc.py
f	644	1000	1000	3111	64	35976261	1785345643.0926065520	results/experiments/toolchain-environment/20260729T171551Z-toolchain-formal01/boots/repetition-03/lower/python312/lib/python3.12/site-packages/pip/_vendor/chardet/__pycache__/enums.cpython-312.pyc
f	644	1000	1000	3113	64	35975007	1785345633.6076642000	results/experiments/toolchain-environment/20260729T171551Z-toolchain-formal01/boots/repetition-03/lower/python312/lib/python3.12/site-packages/pip/_internal/utils/glibc.py
f	644	1000	1000	31130	64	35972033	1785345603.5046681610	results/experiments/toolchain-environment/20260729T171551Z-toolchain-formal01/boots/repetition-03/lower/python310/lib/python3.10/site-packages/setuptools/_vendor/wheel/vendored/packaging/__pycache__/specifiers.cpython-310.pyc
f	644	1000	1000	3115	64	35973993	1785345619.1415959860	results/experiments/toolchain-environment/20260729T171551Z-toolchain-formal01/boots/repetition-03/lower/python310/lib/python3.10/site-packages/pip/_vendor/colorama/__pycache__/ansi.cpython-310.pyc
f	644	1000	1000	312	64	35974307	1785345623.6588999840	results/experiments/toolchain-environment/20260729T171551Z-toolchain-formal01/boots/repetition-03/lower/python310/lib/python3.10/site-packages/pip/_vendor/resolvelib/compat/__pycache__/__init__.cpython-310.pyc
f	644	1000	1000	3121	64	35974147	1785345621.4067015930	results/experiments/toolchain-environment/20260729T171551Z-toolchain-formal01/boots/repetition-03/lower/python310/lib/python3.10/site-packages/pip/_vendor/pygments/__pycache__/formatter.cpython-310.pyc
f	644	1000	1000	31228	64	35972277	1785345606.4740341870	results/experiments/toolchain-environment/20260729T171551Z-toolchain-formal01/boots/repetition-03/lower/python310/lib/python3.10/site-packages/setuptools/tests/__pycache__/test_egg_info.cpython-310.pyc
f	644	1000	1000	3123	64	35971093	1785345594.5275026800	results/experiments/toolchain-environment/20260729T171551Z-toolchain-formal01/boots/repetition-03/lower/python310/lib/python3.10/site-packages/setuptools/tests/test_build_clib.py
f	644	1000	1000	31252	64	35970293	1785345591.5314474620	results/experiments/toolchain-environment/20260729T171551Z-toolchain-formal01/boots/repetition-03/lower/python310/lib/python3.10/site-packages/pkg_resources/tests/test_resources.py
f	644	1000	1000	3127	64	35974461	1785345626.2388096920	results/experiments/toolchain-environment/20260729T171551Z-toolchain-formal01/boots/repetition-03/lower/python310/lib/python3.10/site-packages/pip/_vendor/rich/__pycache__/terminal_theme.cpython-310.pyc
f	644	1000	1000	31274	64	35972743	1785345608.8798341250	results/experiments/toolchain-environment/20260729T171551Z-toolchain-formal01/boots/repetition-03/lower/python310/lib/python3.10/site-packages/pip/_vendor/chardet/big5freq.py
f	644	1000	1000	31274	64	35975095	1785345633.9192291420	results/experiments/toolchain-environment/20260729T171551Z-toolchain-formal01/boots/repetition-03/lower/python312/lib/python3.12/site-packages/pip/_vendor/chardet/big5freq.py
f	644	1000	1000	313	64	35972049	1785345603.7513845540	results/experiments/toolchain-environment/20260729T171551Z-toolchain-formal01/boots/repetition-03/lower/python310/lib/python3.10/site-packages/setuptools/_vendor/zipp/compat/__pycache__/__init__.cpython-310.pyc
f	644	1000	1000	313	64	35973669	1785345614.7539013950	results/experiments/toolchain-environment/20260729T171551Z-toolchain-formal01/boots/repetition-03/lower/python310/lib/python3.10/site-packages/pip/_internal/operations/build/__pycache__/__init__.cpython-310.pyc
f	644	1000	1000	313	64	35976361	1785345644.3985362620	results/experiments/toolchain-environment/20260729T171551Z-toolchain-formal01/boots/repetition-03/lower/python312/lib/python3.12/site-packages/pip/_vendor/colorama/tests/__pycache__/__init__.cpython-312.pyc
f	644	1000	1000	31316	64	35974219	1785345622.4257540980	results/experiments/toolchain-environment/20260729T171551Z-toolchain-formal01/boots/repetition-03/lower/python310/lib/python3.10/site-packages/pip/_vendor/pygments/__pycache__/unistring.cpython-310.pyc
f	644	1000	1000	31360	64	35970847	1785345593.5484846360	results/experiments/toolchain-environment/20260729T171551Z-toolchain-formal01/boots/repetition-03/lower/python310/lib/python3.10/site-packages/setuptools/_vendor/typeguard/_checkers.py
f	644	1000	1000	31362	64	35976459	1785345645.8704497090	results/experiments/toolchain-environment/20260729T171551Z-toolchain-formal01/boots/repetition-03/lower/python312/lib/python3.12/site-packages/pip/_vendor/packaging/__pycache__/specifiers.cpython-312.pyc
f	644	1000	1000	314	64	35973725	1785345615.5455720220	results/experiments/toolchain-environment/20260729T171551Z-toolchain-formal01/boots/repetition-03/lower/python310/lib/python3.10/site-packages/pip/_internal/resolution/legacy/__pycache__/__init__.cpython-310.pyc
f	644	1000	1000	314	64	35976891	1785345652.1671800710	results/experiments/toolchain-environment/20260729T171551Z-toolchain-formal01/boots/repetition-03/lower/python312/lib/python3.12/site-packages/pip/_vendor/urllib3/contrib/__pycache__/__init__.cpython-312.pyc
f	644	1000	1000	3148	64	35973905	1785345617.7326199520	results/experiments/toolchain-environment/20260729T171551Z-toolchain-formal01/boots/repetition-03/lower/python310/lib/python3.10/site-packages/pip/_vendor/chardet/cli/__pycache__/chardetect.cpython-310.pyc
f	644	1000	1000	315	64	35976329	1785345643.9850682690	results/experiments/toolchain-environment/20260729T171551Z-toolchain-formal01/boots/repetition-03/lower/python312/lib/python3.12/site-packages/pip/_vendor/chardet/metadata/__pycache__/__init__.cpython-312.pyc
f	644	1000	1000	315	64	35976921	1785345652.6071663420	results/experiments/toolchain-environment/20260729T171551Z-toolchain-formal01/boots/repetition-03/lower/python312/lib/python3.12/site-packages/pip/_vendor/urllib3/packages/__pycache__/__init__.cpython-312.pyc
f	644	1000	1000	31509	64	35971901	1785345601.6076331880	results/experiments/toolchain-environment/20260729T171551Z-toolchain-formal01/boots/repetition-03/lower/python310/lib/python3.10/site-packages/setuptools/_vendor/packaging/__pycache__/specifiers.cpython-310.pyc
f	644	1000	1000	31519	64	35974023	1785345619.5869647310	results/experiments/toolchain-environment/20260729T171551Z-toolchain-formal01/boots/repetition-03/lower/python310/lib/python3.10/site-packages/pip/_vendor/distlib/__pycache__/compat.cpython-310.pyc
f	644	1000	1000	3152	64	35971651	1785345598.3705735160	results/experiments/toolchain-environment/20260729T171551Z-toolchain-formal01/boots/repetition-03/lower/python310/lib/python3.10/site-packages/setuptools/_distutils/tests/__pycache__/test_bdist_rpm.cpython-310.pyc
f	644	1000	1000	3153	64	35971559	1785345596.9086054640	results/experiments/toolchain-environment/20260729T171551Z-toolchain-formal01/boots/repetition-03/lower/python310/lib/python3.10/site-packages/setuptools/_distutils/command/__pycache__/install_data.cpython-310.pyc
f	644	1000	1000	316	64	35971149	1785345594.7495067720	results/experiments/toolchain-environment/20260729T171551Z-toolchain-formal01/boots/repetition-03/lower/python310/lib/python3.10/site-packages/setuptools/tests/test_unicode_utils.py
f	644	1000	1000	316	64	35971827	1785345600.6336152320	results/experiments/toolchain-environment/20260729T171551Z-toolchain-formal01/boots/repetition-03/lower/python310/lib/python3.10/site-packages/setuptools/_vendor/inflect/compat/__pycache__/__init__.cpython-310.pyc
f	644	1000	1000	316	64	35972011	1785345603.1136609520	results/experiments/toolchain-environment/20260729T171551Z-toolchain-formal01/boots/repetition-03/lower/python310/lib/python3.10/site-packages/setuptools/_vendor/wheel/vendored/__pycache__/__init__.cpython-310.pyc
f	644	1000	1000	316	64	35976657	1785345648.8814682530	results/experiments/toolchain-environment/20260729T171551Z-toolchain-formal01/boots/repetition-03/lower/python312/lib/python3.12/site-packages/pip/_vendor/resolvelib/compat/__pycache__/__init__.cpython-312.pyc
f	644	1000	1000	31664	64	35976821	1785345651.2816080220	results/experiments/toolchain-environment/20260729T171551Z-toolchain-formal01/boots/repetition-03/lower/python312/lib/python3.12/site-packages/pip/_vendor/rich/__pycache__/traceback.cpython-312.pyc
f	644	1000	1000	317	64	35971639	1785345598.1285450310	results/experiments/toolchain-environment/20260729T171551Z-toolchain-formal01/boots/repetition-03/lower/python310/lib/python3.10/site-packages/setuptools/_distutils/tests/compat/__pycache__/__init__.cpython-310.pyc
f	644	1000	1000	317	64	35976015	1785345640.0463422120	results/experiments/toolchain-environment/20260729T171551Z-toolchain-formal01/boots/repetition-03/lower/python312/lib/python3.12/site-packages/pip/_internal/operations/build/__pycache__/__init__.cpython-312.pyc
f	644	1000	1000	3171	64	35970397	1785345591.8955499340	results/experiments/toolchain-environment/20260729T171551Z-toolchain-formal01/boots/repetition-03/lower/python310/lib/python3.10/site-packages/setuptools/namespaces.py
f	644	1000	1000	3173	64	35971669	1785345598.6755791380	results/experiments/toolchain-environment/20260729T171551Z-toolchain-formal01/boots/repetition-03/lower/python310/lib/python3.10/site-packages/setuptools/_distutils/tests/__pycache__/test_config_cmd.cpython-310.pyc
f	644	1000	1000	3177	64	35973907	1785345617.7603784810	results/experiments/toolchain-environment/20260729T171551Z-toolchain-formal01/boots/repetition-03/lower/python310/lib/python3.10/site-packages/pip/_vendor/chardet/__pycache__/codingstatemachine.cpython-310.pyc
f	644	1000	1000	3179	64	35976023	1785345640.1823447230	results/experiments/toolchain-environment/20260729T171551Z-toolchain-formal01/boots/repetition-03/lower/python312/lib/python3.12/site-packages/pip/_internal/operations/build/__pycache__/metadata_legacy.cpython-312.pyc
f	644	1000	1000	318	64	35973731	1785345615.6131345470	results/experiments/toolchain-environment/20260729T171551Z-toolchain-formal01/boots/repetition-03/lower/python310/lib/python3.10/site-packages/pip/_internal/resolution/resolvelib/__pycache__/__init__.cpython-310.pyc
f	644	1000	1000	318	64	35976079	1785345640.8121258760	results/experiments/toolchain-environment/20260729T171551Z-toolchain-formal01/boots/repetition-03/lower/python312/lib/python3.12/site-packages/pip/_internal/resolution/legacy/__pycache__/__init__.cpython-312.pyc
f	644	1000	1000	3188	64	35972415	1785345607.5621867420	results/experiments/toolchain-environment/20260729T171551Z-toolchain-formal01/boots/repetition-03/lower/python310/lib/python3.10/site-packages/pip/_internal/commands/inspect.py
f	644	1000	1000	3188	64	35974775	1785345632.7563064970	results/experiments/toolchain-environment/20260729T171551Z-toolchain-formal01/boots/repetition-03/lower/python312/lib/python3.12/site-packages/pip/_internal/commands/inspect.py
f	644	1000	1000	3189	64	35970407	1785345591.9274484310	results/experiments/toolchain-environment/20260729T171551Z-toolchain-formal01/boots/repetition-03/lower/python310/lib/python3.10/site-packages/setuptools/unicode_utils.py
f	644	1000	1000	3196	64	35974155	1785345621.5214300630	results/experiments/toolchain-environment/20260729T171551Z-toolchain-formal01/boots/repetition-03/lower/python310/lib/python3.10/site-packages/pip/_vendor/pygments/formatters/__pycache__/bbcode.cpython-310.pyc
f	644	1000	1000	3198	64	35976751	1785345650.2235300650	results/experiments/toolchain-environment/20260729T171551Z-toolchain-formal01/boots/repetition-03/lower/python312/lib/python3.12/site-packages/pip/_vendor/rich/__pycache__/filesize.cpython-312.pyc
f	644	1000	1000	32005	64	35973017	1785345610.3107093400	results/experiments/toolchain-environment/20260729T171551Z-toolchain-formal01/boots/repetition-03/lower/python310/lib/python3.10/site-packages/pip/_vendor/pygments/lexer.py
f	644	1000	1000	3204	64	35971381	1785345595.5365212780	results/experiments/toolchain-environment/20260729T171551Z-toolchain-formal01/boots/repetition-03/lower/python310/lib/python3.10/site-packages/setuptools/_vendor/packaging-24.2.dist-info/METADATA
f	644	1000	1000	3204	64	35974611	1785345628.0909948370	results/experiments/toolchain-environment/20260729T171551Z-toolchain-formal01/boots/repetition-03/lower/python310/lib/python3.10/site-packages/pip/_vendor/urllib3/util/__pycache__/wait.cpython-310.pyc
f	644	1000	1000	3206	64	35972633	1785345608.4442109560	results/experiments/toolchain-environment/20260729T171551Z-toolchain-formal01/boots/repetition-03/lower/python310/lib/python3.10/site-packages/pip/_internal/utils/direct_url_helpers.py
f	644	1000	1000	3206	64	35974995	1785345633.5606458870	results/experiments/toolchain-environment/20260729T171551Z-toolchain-formal01/boots/repetition-03/lower/python312/lib/python3.12/site-packages/pip/_internal/utils/direct_url_helpers.py
f	644	1000	1000	321	64	35972929	1785345609.9456556600	results/experiments/toolchain-environment/20260729T171551Z-toolchain-formal01/boots/repetition-03/lower/python310/lib/python3.10/site-packages/pip/_vendor/idna/compat.py
f	644	1000	1000	321	64	35974563	1785345627.5135730930	results/experiments/toolchain-environment/20260729T171551Z-toolchain-formal01/boots/repetition-03/lower/python310/lib/python3.10/site-packages/pip/_vendor/urllib3/packages/backports/__pycache__/__init__.cpython-310.pyc
f	644	1000	1000	321	64	35975265	1785345634.6402424470	results/experiments/toolchain-environment/20260729T171551Z-toolchain-formal01/boots/repetition-03/lower/python312/lib/python3.12/site-packages/pip/_vendor/idna/compat.py
f	644	1000	1000	3211	64	35970425	1785345591.9834557930	results/experiments/toolchain-environment/20260729T171551Z-toolchain-formal01/boots/repetition-03/lower/python310/lib/python3.10/site-packages/setuptools/_distutils/_modified.py
f	644	1000	1000	3219	64	35971809	1785345600.4226113430	results/experiments/toolchain-environment/20260729T171551Z-toolchain-formal01/boots/repetition-03/lower/python310/lib/python3.10/site-packages/setuptools/_vendor/importlib_metadata/__pycache__/_text.cpython-310.pyc
f	644	1000	1000	322	64	35974069	1785345620.3140571250	results/experiments/toolchain-environment/20260729T171551Z-toolchain-formal01/boots/repetition-03/lower/python310/lib/python3.10/site-packages/pip/_vendor/idna/__pycache__/package_data.cpython-310.pyc
f	644	1000	1000	322	64	35976085	1785345640.8883577520	results/experiments/toolchain-environment/20260729T171551Z-toolchain-formal01/boots/repetition-03/lower/python312/lib/python3.12/site-packages/pip/_internal/resolution/resolvelib/__pycache__/__init__.cpython-312.pyc
f	644	1000	1000	32228	64	35976091	1785345640.9923775720	results/experiments/toolchain-environment/20260729T171551Z-toolchain-formal01/boots/repetition-03/lower/python312/lib/python3.12/site-packages/pip/_internal/resolution/resolvelib/__pycache__/factory.cpython-312.pyc
f	644	1000	1000	3225	64	35973197	1785345611.0983607270	results/experiments/toolchain-environment/20260729T171551Z-toolchain-formal01/boots/repetition-03/lower/python310/lib/python3.10/site-packages/pip/_vendor/rich/_log_render.py
f	644	1000	1000	3225	64	35975529	1785345635.8262864260	results/experiments/toolchain-environment/20260729T171551Z-toolchain-formal01/boots/repetition-03/lower/python312/lib/python3.12/site-packages/pip/_vendor/rich/_log_render.py
f	644	1000	1000	32292	64	35974963	1785345633.4332201740	results/experiments/toolchain-environment/20260729T171551Z-toolchain-formal01/boots/repetition-03/lower/python312/lib/python3.12/site-packages/pip/_internal/resolution/resolvelib/factory.py
f	644	1000	1000	323	64	35970611	1785345592.6584254150	results/experiments/toolchain-environment/20260729T171551Z-toolchain-formal01/boots/repetition-03/lower/python310/lib/python3.10/site-packages/setuptools/_distutils/tests/test_log.py
f	644	1000	1000	323	64	35971709	1785345599.3235910830	results/experiments/toolchain-environment/20260729T171551Z-toolchain-formal01/boots/repetition-03/lower/python310/lib/python3.10/site-packages/setuptools/_distutils/tests/__pycache__/test_versionpredicate.cpython-310.pyc
f	644	1000	1000	323	64	35972237	1785345605.9054356190	results/experiments/toolchain-environment/20260729T171551Z-toolchain-formal01/boots/repetition-03/lower/python310/lib/python3.10/site-packages/setuptools/tests/__pycache__/script-with-bom.cpython-310.pyc
f	644	1000	1000	32358	64	35971833	1785345600.7646176470	results/experiments/toolchain-environment/20260729T171551Z-toolchain-formal01/boots/repetition-03/lower/python310/lib/python3.10/site-packages/setuptools/_vendor/jaraco/collections/__pycache__/__init__.cpython-310.pyc
f	644	1000	1000	3238	64	35973847	1785345616.9727504680	results/experiments/toolchain-environment/20260729T171551Z-toolchain-formal01/boots/repetition-03/lower/python310/lib/python3.10/site-packages/pip/_vendor/__pycache__/__init__.cpython-310.pyc
f	644	1000	1000	32389	64	35972417	1785345607.5721405090	results/experiments/toolchain-environment/20260729T171551Z-toolchain-formal01/boots/repetition-03/lower/python310/lib/python3.10/site-packages/pip/_internal/commands/install.py
f	644	1000	1000	3242	64	35972833	1785345609.4562532560	results/experiments/toolchain-environment/20260729T171551Z-toolchain-formal01/boots/repetition-03/lower/python310/lib/python3.10/site-packages/pip/_vendor/chardet/cli/chardetect.py
f	644	1000	1000	3242	64	35975109	1785345633.9692300650	results/experiments/toolchain-environment/20260729T171551Z-toolchain-formal01/boots/repetition-03/lower/python312/lib/python3.12/site-packages/pip/_vendor/chardet/cli/chardetect.py
f	644	1000	1000	3243	64	35974767	1785345632.7244838370	results/experiments/toolchain-environment/20260729T171551Z-toolchain-formal01/boots/repetition-03/lower/python312/lib/python3.12/site-packages/pip/_internal/commands/freeze.py
f	644	1000	1000	3248	64	35971987	1785345602.8946569150	results/experiments/toolchain-environment/20260729T171551Z-toolchain-formal01/boots/repetition-03/lower/python310/lib/python3.10/site-packages/setuptools/_vendor/wheel/cli/__pycache__/pack.cpython-310.pyc
f	644	1000	1000	325	64	35974521	1785345626.9649874300	results/experiments/toolchain-environment/20260729T171551Z-toolchain-formal01/boots/repetition-03/lower/python310/lib/python3.10/site-packages/pip/_vendor/urllib3/__pycache__/_version.cpython-310.pyc
f	644	1000	1000	325	64	35976925	1785345652.6426500080	results/experiments/toolchain-environment/20260729T171551Z-toolchain-formal01/boots/repetition-03/lower/python312/lib/python3.12/site-packages/pip/_vendor/urllib3/packages/backports/__pycache__/__init__.cpython-312.pyc
f	644	1000	1000	3252	64	35973265	1785345611.3965460810	results/experiments/toolchain-environment/20260729T171551Z-toolchain-formal01/boots/repetition-03/lower/python310/lib/python3.10/site-packages/pip/_vendor/rich/jupyter.py
f	644	1000	1000	3252	64	35975601	1785345636.2105538920	results/experiments/toolchain-environment/20260729T171551Z-toolchain-formal01/boots/repetition-03/lower/python312/lib/python3.12/site-packages/pip/_vendor/rich/jupyter.py
f	644	1000	1000	3254	64	35970581	1785345592.5536813840	results/experiments/toolchain-environment/20260729T171551Z-toolchain-formal01/boots/repetition-03/lower/python310/lib/python3.10/site-packages/setuptools/_distutils/tests/test_cmd.py
f	644	1000	1000	3255	64	35971661	1785345598.5555769260	results/experiments/toolchain-environment/20260729T171551Z-toolchain-formal01/boots/repetition-03/lower/python310/lib/python3.10/site-packages/setuptools/_distutils/tests/__pycache__/test_build_scripts.cpython-310.pyc
f	644	1000	1000	326	64	35971789	1785345600.1266058860	results/experiments/toolchain-environment/20260729T171551Z-toolchain-formal01/boots/repetition-03/lower/python310/lib/python3.10/site-packages/setuptools/_vendor/backports/tarfile/compat/__pycache__/__init__.cpython-310.pyc
f	644	1000	1000	326	64	35972015	1785345603.1566617450	results/experiments/toolchain-environment/20260729T171551Z-toolchain-formal01/boots/repetition-03/lower/python310/lib/python3.10/site-packages/setuptools/_vendor/wheel/vendored/packaging/__pycache__/__init__.cpython-310.pyc
f	644	1000	1000	3261	64	35971689	1785345598.9805847610	results/experiments/toolchain-environment/20260729T171551Z-toolchain-formal01/boots/repetition-03/lower/python310/lib/python3.10/site-packages/setuptools/_distutils/tests/__pycache__/test_install_lib.cpython-310.pyc
f	644	1000	1000	3264	64	35973229	1785345611.2375719610	results/experiments/toolchain-environment/20260729T171551Z-toolchain-formal01/boots/repetition-03/lower/python310/lib/python3.10/site-packages/pip/_vendor/rich/bar.py
f	644	1000	1000	3264	64	35975561	1785345636.0122677650	results/experiments/toolchain-environment/20260729T171551Z-toolchain-formal01/boots/repetition-03/lower/python312/lib/python3.12/site-packages/pip/_vendor/rich/bar.py
f	644	1000	1000	3266	64	35970931	1785345593.9045205350	results/experiments/toolchain-environment/20260729T171551Z-toolchain-formal01/boots/repetition-03/lower/python310/lib/python3.10/site-packages/setuptools/_vendor/wheel/vendored/packaging/_elffile.py
f	644	1000	1000	3267	64	35973855	1785345617.0566934030	results/experiments/toolchain-environment/20260729T171551Z-toolchain-formal01/boots/repetition-03/lower/python310/lib/python3.10/site-packages/pip/_vendor/cachecontrol/__pycache__/adapter.cpython-310.pyc
f	644	1000	1000	327	64	35971813	1785345600.4556119510	results/experiments/toolchain-environment/20260729T171551Z-toolchain-formal01/boots/repetition-03/lower/python310/lib/python3.10/site-packages/setuptools/_vendor/importlib_metadata/compat/__pycache__/__init__.cpython-310.pyc
f	644	1000	1000	327	64	35974535	1785345627.1202220010	results/experiments/toolchain-environment/20260729T171551Z-toolchain-formal01/boots/repetition-03/lower/python310/lib/python3.10/site-packages/pip/_vendor/urllib3/contrib/_securetransport/__pycache__/__init__.cpython-310.pyc
f	644	1000	1000	3271	64	35971193	1785345594.8655089100	results/experiments/toolchain-environment/20260729T171551Z-toolchain-formal01/boots/repetition-03/lower/python310/lib/python3.10/site-packages/setuptools/tests/config/test_pyprojecttoml_dynamic_deps.py
f	644	1000	1000	32710	64	35970491	1785345592.2181711700	results/experiments/toolchain-environment/20260729T171551Z-toolchain-formal01/boots/repetition-03/lower/python310/lib/python3.10/site-packages/setuptools/_distutils/command/build_ext.py
f	644	1000	1000	3283	64	35973889	1785345617.5243960990	results/experiments/toolchain-environment/20260729T171551Z-toolchain-formal01/boots/repetition-03/lower/python310/lib/python3.10/site-packages/pip/_vendor/chardet/__pycache__/__init__.cpython-310.pyc
f	644	1000	1000	3286	64	35971803	1785345600.3374111410	results/experiments/toolchain-environment/20260729T171551Z-toolchain-formal01/boots/repetition-03/lower/python310/lib/python3.10/site-packages/setuptools/_vendor/importlib_metadata/__pycache__/_functools.cpython-310.pyc
f	644	1000	1000	3287	64	35973743	1785345615.8253317560	results/experiments/toolchain-environment/20260729T171551Z-toolchain-formal01/boots/repetition-03/lower/python310/lib/python3.10/site-packages/pip/_internal/resolution/resolvelib/__pycache__/reporter.cpython-310.pyc
f	644	1000	1000	32872	64	35971141	1785345594.7175061820	results/experiments/toolchain-environment/20260729T171551Z-toolchain-formal01/boots/repetition-03/lower/python310/lib/python3.10/site-packages/setuptools/tests/test_sdist.py
f	644	1000	1000	329	64	35972233	1785345605.8526216990	results/experiments/toolchain-environment/20260729T171551Z-toolchain-formal01/boots/repetition-03/lower/python310/lib/python3.10/site-packages/setuptools/tests/__pycache__/mod_with_constant.cpython-310.pyc
f	644	1000	1000	3290	64	35976345	1785345644.2242404630	results/experiments/toolchain-environment/20260729T171551Z-toolchain-formal01/boots/repetition-03/lower/python312/lib/python3.12/site-packages/pip/_vendor/chardet/__pycache__/utf8prober.cpython-312.pyc
f	644	1000	1000	3296	64	35972321	1785345607.0701335440	results/experiments/toolchain-environment/20260729T171551Z-toolchain-formal01/boots/repetition-03/lower/python310/lib/python3.10/site-packages/setuptools/__pycache__/unicode_utils.cpython-310.pyc
f	644	1000	1000	3301	64	35974123	1785345621.0681285100	results/experiments/toolchain-environment/20260729T171551Z-toolchain-formal01/boots/repetition-03/lower/python310/lib/python3.10/site-packages/pip/_vendor/platformdirs/__pycache__/macos.cpython-310.pyc
f	644	1000	1000	3302	64	35974013	1785345619.4526434620	results/experiments/toolchain-environment/20260729T171551Z-toolchain-formal01/boots/repetition-03/lower/python310/lib/python3.10/site-packages/pip/_vendor/colorama/tests/__pycache__/winterm_test.cpython-310.pyc
f	644	1000	1000	3306	64	35970771	1785345593.2655906350	results/experiments/toolchain-environment/20260729T171551Z-toolchain-formal01/boots/repetition-03/lower/python310/lib/python3.10/site-packages/setuptools/_vendor/packaging/_elffile.py
f	644	1000	1000	33091	64	35971747	1785345640.7143545410	results/experiments/toolchain-environment/20260729T171551Z-toolchain-formal01/boots/repetition-03/lower/python312/lib/python3.12/site-packages/pip/_internal/req/__pycache__/req_uninstall.cpython-312.pyc
f	644	1000	1000	331	64	35976429	1785345645.3886954340	results/experiments/toolchain-environment/20260729T171551Z-toolchain-formal01/boots/repetition-03/lower/python312/lib/python3.12/site-packages/pip/_vendor/idna/__pycache__/package_data.cpython-312.pyc
f	644	1000	1000	331	64	35976897	1785345652.2335671730	results/experiments/toolchain-environment/20260729T171551Z-toolchain-formal01/boots/repetition-03/lower/python312/lib/python3.12/site-packages/pip/_vendor/urllib3/contrib/_securetransport/__pycache__/__init__.cpython-312.pyc
f	644	1000	1000	33104	64	35976565	1785345647.6646648530	results/experiments/toolchain-environment/20260729T171551Z-toolchain-formal01/boots/repetition-03/lower/python312/lib/python3.12/site-packages/pip/_vendor/pygments/__pycache__/unistring.cpython-312.pyc
f	644	1000	1000	3314	64	35973047	1785345610.4366680440	results/experiments/toolchain-environment/20260729T171551Z-toolchain-formal01/boots/repetition-03/lower/python310/lib/python3.10/site-packages/pip/_vendor/pygments/formatters/bbcode.py
f	644	1000	1000	3314	64	35973337	1785345611.7057355960	results/experiments/toolchain-environment/20260729T171551Z-toolchain-formal01/boots/repetition-03/lower/python310/lib/python3.10/site-packages/pip/_vendor/tenacity/_asyncio.py
f	644	1000	1000	3314	64	35975357	1785345635.0112492930	results/experiments/toolchain-environment/20260729T171551Z-toolchain-formal01/boots/repetition-03/lower/python312/lib/python3.12/site-packages/pip/_vendor/pygments/formatters/bbcode.py
f	644	1000	1000	33189	64	35975489	1785345635.6272606610	results/experiments/toolchain-environment/20260729T171551Z-toolchain-formal01/boots/repetition-03/lower/python312/lib/python3.12/site-packages/pip/_vendor/requests/utils.py
f	644	1000	1000	33240	64	35973159	1785345610.9558824480	results/experiments/toolchain-environment/20260729T171551Z-toolchain-formal01/boots/repetition-03/lower/python310/lib/python3.10/site-packages/pip/_vendor/requests/utils.py
f	644	1000	1000	3325	64	35972849	1785345609.5337433980	results/experiments/toolchain-environment/20260729T171551Z-toolchain-formal01/boots/repetition-03/lower/python310/lib/python3.10/site-packages/pip/_vendor/colorama/initialise.py
f	644	1000	1000	3325	64	35975201	1785345634.3639397410	results/experiments/toolchain-environment/20260729T171551Z-toolchain-formal01/boots/repetition-03/lower/python312/lib/python3.12/site-packages/pip/_vendor/colorama/initialise.py
f	644	1000	1000	33289	64	35971097	1785345594.5415029380	results/experiments/toolchain-environment/20260729T171551Z-toolchain-formal01/boots/repetition-03/lower/python310/lib/python3.10/site-packages/setuptools/tests/test_build_meta.py
f	644	1000	1000	3329	64	35972229	1785345605.7937405330	results/experiments/toolchain-environment/20260729T171551Z-toolchain-formal01/boots/repetition-03/lower/python310/lib/python3.10/site-packages/setuptools/tests/integration/__pycache__/helpers.cpython-310.pyc
f	644	1000	1000	3333	64	35973369	1785345611.8253956940	results/experiments/toolchain-environment/20260729T171551Z-toolchain-formal01/boots/repetition-03/lower/python310/lib/python3.10/site-packages/pip/_vendor/urllib3/__init__.py
f	644	1000	1000	3333	64	35975723	1785345636.8386488780	results/experiments/toolchain-environment/20260729T171551Z-toolchain-formal01/boots/repetition-03/lower/python312/lib/python3.12/site-packages/pip/_vendor/urllib3/__init__.py
f	644	1000	1000	3337	64	35976125	1785345641.4795730630	results/experiments/toolchain-environment/20260729T171551Z-toolchain-formal01/boots/repetition-03/lower/python312/lib/python3.12/site-packages/pip/_internal/utils/__pycache__/egg_link.cpython-312.pyc
f	644	1000	1000	33398	64	35975921	1785345638.6493164300	results/experiments/toolchain-environment/20260729T171551Z-toolchain-formal01/boots/repetition-03/lower/python312/lib/python3.12/site-packages/pip/_internal/__pycache__/exceptions.cpython-312.pyc
f	644	1000	1000	334	64	35976883	1785345652.0755642560	results/experiments/toolchain-environment/20260729T171551Z-toolchain-formal01/boots/repetition-03/lower/python312/lib/python3.12/site-packages/pip/_vendor/urllib3/__pycache__/_version.cpython-312.pyc
f	644	1000	1000	33427	64	35971195	1785345594.8755090940	results/experiments/toolchain-environment/20260729T171551Z-toolchain-formal01/boots/repetition-03/lower/python310/lib/python3.10/site-packages/setuptools/tests/config/test_setupcfg.py
f	644	1000	1000	3347	64	35971153	1785345594.7646267160	results/experiments/toolchain-environment/20260729T171551Z-toolchain-formal01/boots/repetition-03/lower/python310/lib/python3.10/site-packages/setuptools/tests/test_warnings.py
f	644	1000	1000	3348	64	35976499	1785345646.4926656230	results/experiments/toolchain-environment/20260729T171551Z-toolchain-formal01/boots/repetition-03/lower/python312/lib/python3.12/site-packages/pip/_vendor/pygments/__pycache__/filter.cpython-312.pyc
f	644	1000	1000	335	64	35970427	1785345591.9914812670	results/experiments/toolchain-environment/20260729T171551Z-toolchain-formal01/boots/repetition-03/lower/python310/lib/python3.10/site-packages/setuptools/_distutils/_msvccompiler.py
f	644	1000	1000	335	64	35971067	1785345594.4305008920	results/experiments/toolchain-environment/20260729T171551Z-toolchain-formal01/boots/repetition-03/lower/python310/lib/python3.10/site-packages/setuptools/tests/__init__.py
f	644	1000	1000	3350	64	35972311	1785345606.9472948250	results/experiments/toolchain-environment/20260729T171551Z-toolchain-formal01/boots/repetition-03/lower/python310/lib/python3.10/site-packages/setuptools/tests/__pycache__/test_warnings.cpython-310.pyc
f	644	1000	1000	3351	64	35974981	1785345633.5031760700	results/experiments/toolchain-environment/20260729T171551Z-toolchain-formal01/boots/repetition-03/lower/python312/lib/python3.12/site-packages/pip/_internal/utils/_jaraco_text.py
f	644	1000	1000	3356	64	35976453	1785345645.7715409050	results/experiments/toolchain-environment/20260729T171551Z-toolchain-formal01/boots/repetition-03/lower/python312/lib/python3.12/site-packages/pip/_vendor/packaging/__pycache__/_structures.cpython-312.pyc
f	644	1000	1000	3362	64	35973525	1785345612.8596244810	results/experiments/toolchain-environment/20260729T171551Z-toolchain-formal01/boots/repetition-03/lower/python310/lib/python3.10/site-packages/pip/_internal/commands/__pycache__/__init__.cpython-310.pyc
f	644	1000	1000	33630	64	35976805	1785345651.0295449450	results/experiments/toolchain-environment/20260729T171551Z-toolchain-formal01/boots/repetition-03/lower/python312/lib/python3.12/site-packages/pip/_vendor/rich/__pycache__/style.cpython-312.pyc
f	644	1000	1000	337	64	35973579	1785345613.5549448060	results/experiments/toolchain-environment/20260729T171551Z-toolchain-formal01/boots/repetition-03/lower/python310/lib/python3.10/site-packages/pip/_internal/index/__pycache__/__init__.cpython-310.pyc
f	644	1000	1000	3370	64	35973321	1785345611.6419711880	results/experiments/toolchain-environment/20260729T171551Z-toolchain-formal01/boots/repetition-03/lower/python310/lib/python3.10/site-packages/pip/_vendor/rich/terminal_theme.py
f	644	1000	1000	3370	64	35975657	1785345636.5075858650	results/experiments/toolchain-environment/20260729T171551Z-toolchain-formal01/boots/repetition-03/lower/python312/lib/python3.12/site-packages/pip/_vendor/rich/terminal_theme.py
f	644	1000	1000	3372	64	35974593	1785345627.9599036960	results/experiments/toolchain-environment/20260729T171551Z-toolchain-formal01/boots/repetition-03/lower/python310/lib/python3.10/site-packages/pip/_vendor/urllib3/util/__pycache__/ssl_match_hostname.cpython-310.pyc
f	644	1000	1000	3374	64	35972927	1785345609.9380579030	results/experiments/toolchain-environment/20260729T171551Z-toolchain-formal01/boots/repetition-03/lower/python310/lib/python3.10/site-packages/pip/_vendor/idna/codec.py
f	644	1000	1000	3374	64	35975263	1785345634.6283519140	results/experiments/toolchain-environment/20260729T171551Z-toolchain-formal01/boots/repetition-03/lower/python312/lib/python3.12/site-packages/pip/_vendor/idna/codec.py
f	644	1000	1000	3378	64	35971733	1785345599.5835958760	results/experiments/toolchain-environment/20260729T171551Z-toolchain-formal01/boots/repetition-03/lower/python310/lib/python3.10/site-packages/setuptools/__pycache__/_entry_points.cpython-310.pyc
f	644	1000	1000	3378	64	35974393	1785345624.9845016910	results/experiments/toolchain-environment/20260729T171551Z-toolchain-formal01/boots/repetition-03/lower/python310/lib/python3.10/site-packages/pip/_vendor/rich/__pycache__/emoji.cpython-310.pyc
f	644	1000	1000	33798	64	35970673	1785345592.8714721590	results/experiments/toolchain-environment/20260729T171551Z-toolchain-formal01/boots/repetition-03/lower/python310/lib/python3.10/site-packages/setuptools/_vendor/importlib_metadata/__init__.py
f	644	1000	1000	3396	64	35973283	1785345611.4727956250	results/experiments/toolchain-environment/20260729T171551Z-toolchain-formal01/boots/repetition-03/lower/python310/lib/python3.10/site-packages/pip/_vendor/rich/palette.py
f	644	1000	1000	3396	64	35975619	1785345636.3096357560	results/experiments/toolchain-environment/20260729T171551Z-toolchain-formal01/boots/repetition-03/lower/python312/lib/python3.12/site-packages/pip/_vendor/rich/palette.py
f	644	1000	1000	33973	64	35976041	1785345640.4524917620	results/experiments/toolchain-environment/20260729T171551Z-toolchain-formal01/boots/repetition-03/lower/python312/lib/python3.12/site-packages/pip/_internal/operations/install/__pycache__/wheel.cpython-312.pyc
f	644	1000	1000	3398	64	35973825	1785345616.7146319380	results/experiments/toolchain-environment/20260729T171551Z-toolchain-formal01/boots/repetition-03/lower/python310/lib/python3.10/site-packages/pip/_internal/utils/__pycache__/virtualenv.cpython-310.pyc
f	644	1000	1000	340	64	35972357	1785345607.2862766530	results/experiments/toolchain-environment/20260729T171551Z-toolchain-formal01/boots/repetition-03/lower/python310/lib/python3.10/site-packages/pip/_internal/main.py
f	644	1000	1000	340	64	35974825	1785345632.9356793820	results/experiments/toolchain-environment/20260729T171551Z-toolchain-formal01/boots/repetition-03/lower/python312/lib/python3.12/site-packages/pip/_internal/main.py
f	644	1000	1000	3404	64	35972083	1785345604.1826806610	results/experiments/toolchain-environment/20260729T171551Z-toolchain-formal01/boots/repetition-03/lower/python310/lib/python3.10/site-packages/setuptools/command/__pycache__/dist_info.cpython-310.pyc
f	644	1000	1000	34084	64	35976937	1785345652.8505785640	results/experiments/toolchain-environment/20260729T171551Z-toolchain-formal01/boots/repetition-03/lower/python312/lib/python3.12/site-packages/pip/_vendor/urllib3/__pycache__/response.cpython-312.pyc
f	644	1000	1000	3411	64	35976981	1785345653.5181413780	results/experiments/toolchain-environment/20260729T171551Z-toolchain-formal01/boots/repetition-03/lower/python312/lib/python3.12/site-packages/pip/_vendor/webencodings/__pycache__/x_user_defined.cpython-312.pyc
f	644	1000	1000	3419	64	35973081	1785345610.6279073060	results/experiments/toolchain-environment/20260729T171551Z-toolchain-formal01/boots/repetition-03/lower/python310/lib/python3.10/site-packages/pip/_vendor/pygments/styles/__init__.py
f	644	1000	1000	34226	64	35976587	1785345647.9986849640	results/experiments/toolchain-environment/20260729T171551Z-toolchain-formal01/boots/repetition-03/lower/python312/lib/python3.12/site-packages/pip/_vendor/pyparsing/__pycache__/results.cpython-312.pyc
f	644	1000	1000	34232	64	35976141	1785345641.7246645710	results/experiments/toolchain-environment/20260729T171551Z-toolchain-formal01/boots/repetition-03/lower/python312/lib/python3.12/site-packages/pip/_internal/utils/__pycache__/misc.cpython-312.pyc
f	644	1000	1000	3433	64	35971129	1785345594.6705053160	results/experiments/toolchain-environment/20260729T171551Z-toolchain-formal01/boots/repetition-03/lower/python310/lib/python3.10/site-packages/setuptools/tests/test_install_scripts.py
f	644	1000	1000	3441	64	35973557	1785345613.3076461520	results/experiments/toolchain-environment/20260729T171551Z-toolchain-formal01/boots/repetition-03/lower/python310/lib/python3.10/site-packages/pip/_internal/commands/__pycache__/uninstall.cpython-310.pyc
f	644	1000	1000	3442	64	35976223	1785345642.7232742910	results/experiments/toolchain-environment/20260729T171551Z-toolchain-formal01/boots/repetition-03/lower/python312/lib/python3.12/site-packages/pip/_vendor/certifi/__pycache__/core.cpython-312.pyc
f	644	1000	1000	34448	64	35973403	1785345611.9841715090	results/experiments/toolchain-environment/20260729T171551Z-toolchain-formal01/boots/repetition-03/lower/python310/lib/python3.10/site-packages/pip/_vendor/urllib3/contrib/securetransport.py
f	644	1000	1000	34448	64	35975753	1785345636.9772855740	results/experiments/toolchain-environment/20260729T171551Z-toolchain-formal01/boots/repetition-03/lower/python312/lib/python3.12/site-packages/pip/_vendor/urllib3/contrib/securetransport.py
f	644	1000	1000	3447	64	35975957	1785345639.1565490210	results/experiments/toolchain-environment/20260729T171551Z-toolchain-formal01/boots/repetition-03/lower/python312/lib/python3.12/site-packages/pip/_internal/metadata/importlib/__pycache__/_compat.cpython-312.pyc
f	644	1000	1000	3448	64	35972017	1785345603.1933027440	results/experiments/toolchain-environment/20260729T171551Z-toolchain-formal01/boots/repetition-03/lower/python310/lib/python3.10/site-packages/setuptools/_vendor/wheel/vendored/packaging/__pycache__/_elffile.cpython-310.pyc
f	644	1000	1000	345	64	35971515	1785345596.3135355990	results/experiments/toolchain-environment/20260729T171551Z-toolchain-formal01/boots/repetition-03/lower/python310/lib/python3.10/site-packages/setuptools/_distutils/__pycache__/_log.cpython-310.pyc
f	644	1000	1000	3450	64	35970991	1785345594.1524957680	results/experiments/toolchain-environment/20260729T171551Z-toolchain-formal01/boots/repetition-03/lower/python310/lib/python3.10/site-packages/setuptools/command/dist_info.py
f	644	1000	1000	34544	64	35975285	1785345634.7302441080	results/experiments/toolchain-environment/20260729T171551Z-toolchain-formal01/boots/repetition-03/lower/python312/lib/python3.12/site-packages/pip/_vendor/msgpack/fallback.py
f	644	1000	1000	34549	64	35972693	1785345608.6593136390	results/experiments/toolchain-environment/20260729T171551Z-toolchain-formal01/boots/repetition-03/lower/python310/lib/python3.10/site-packages/pip/_vendor/six.py
f	644	1000	1000	34549	64	35975669	1785345636.5722781000	results/experiments/toolchain-environment/20260729T171551Z-toolchain-formal01/boots/repetition-03/lower/python312/lib/python3.12/site-packages/pip/_vendor/six.py
f	644	1000	1000	34557	64	35972953	1785345610.0459291700	results/experiments/toolchain-environment/20260729T171551Z-toolchain-formal01/boots/repetition-03/lower/python310/lib/python3.10/site-packages/pip/_vendor/msgpack/fallback.py
f	644	1000	1000	3456	64	35972671	1785345608.5922881710	results/experiments/toolchain-environment/20260729T171551Z-toolchain-formal01/boots/repetition-03/lower/python310/lib/python3.10/site-packages/pip/_internal/utils/virtualenv.py
f	644	1000	1000	3456	64	35973695	1785345615.1576449790	results/experiments/toolchain-environment/20260729T171551Z-toolchain-formal01/boots/repetition-03/lower/python310/lib/python3.10/site-packages/pip/_internal/operations/install/__pycache__/legacy.cpython-310.pyc
f	644	1000	1000	3456	64	35975029	1785345633.6965314380	results/experiments/toolchain-environment/20260729T171551Z-toolchain-formal01/boots/repetition-03/lower/python312/lib/python3.12/site-packages/pip/_internal/utils/virtualenv.py
f	644	1000	1000	346	64	35975925	1785345638.6852762070	results/experiments/toolchain-environment/20260729T171551Z-toolchain-formal01/boots/repetition-03/lower/python312/lib/python3.12/site-packages/pip/_internal/index/__pycache__/__init__.cpython-312.pyc
f	644	1000	1000	3460	64	35970621	1785345592.6984689700	results/experiments/toolchain-environment/20260729T171551Z-toolchain-formal01/boots/repetition-03/lower/python310/lib/python3.10/site-packages/setuptools/_distutils/tests/test_text_file.py
f	644	1000	1000	34618	64	35975381	1785345635.1322515260	results/experiments/toolchain-environment/20260729T171551Z-toolchain-formal01/boots/repetition-03/lower/python312/lib/python3.12/site-packages/pip/_vendor/pygments/lexer.py
f	644	1000	1000	3464	64	35976813	1785345651.1575473080	results/experiments/toolchain-environment/20260729T171551Z-toolchain-formal01/boots/repetition-03/lower/python312/lib/python3.12/site-packages/pip/_vendor/rich/__pycache__/terminal_theme.cpython-312.pyc
f	644	1000	1000	34665	64	35973419	1785345612.0621177360	results/experiments/toolchain-environment/20260729T171551Z-toolchain-formal01/boots/repetition-03/lower/python310/lib/python3.10/site-packages/pip/_vendor/urllib3/packages/six.py
f	644	1000	1000	34665	64	35975775	1785345637.0735198380	results/experiments/toolchain-environment/20260729T171551Z-toolchain-formal01/boots/repetition-03/lower/python312/lib/python3.12/site-packages/pip/_vendor/urllib3/packages/six.py
f	644	1000	1000	3476	64	35972021	1785345603.2665701940	results/experiments/toolchain-environment/20260729T171551Z-toolchain-formal01/boots/repetition-03/lower/python310/lib/python3.10/site-packages/setuptools/_vendor/wheel/vendored/packaging/__pycache__/_musllinux.cpython-310.pyc
f	644	1000	1000	34762	64	35970785	1785345593.3305308410	results/experiments/toolchain-environment/20260729T171551Z-toolchain-formal01/boots/repetition-03/lower/python310/lib/python3.10/site-packages/setuptools/_vendor/packaging/metadata.py
f	644	1000	1000	34764	64	35972185	1785345605.2910923610	results/experiments/toolchain-environment/20260729T171551Z-toolchain-formal01/boots/repetition-03/lower/python310/lib/python3.10/site-packages/setuptools/__pycache__/package_index.cpython-310.pyc
f	644	1000	1000	3480	64	35971069	1785345594.4395010580	results/experiments/toolchain-environment/20260729T171551Z-toolchain-formal01/boots/repetition-03/lower/python310/lib/python3.10/site-packages/setuptools/tests/contexts.py
f	644	1000	1000	3482	64	35974215	1785345622.3665351160	results/experiments/toolchain-environment/20260729T171551Z-toolchain-formal01/boots/repetition-03/lower/python310/lib/python3.10/site-packages/pip/_vendor/pygments/styles/__pycache__/__init__.cpython-310.pyc
f	644	1000	1000	3482	64	35974585	1785345627.8333221620	results/experiments/toolchain-environment/20260729T171551Z-toolchain-formal01/boots/repetition-03/lower/python310/lib/python3.10/site-packages/pip/_vendor/urllib3/util/__pycache__/request.cpython-310.pyc
f	644	1000	1000	349	64	35970441	1785345592.0416572270	results/experiments/toolchain-environment/20260729T171551Z-toolchain-formal01/boots/repetition-03/lower/python310/lib/python3.10/site-packages/setuptools/_distutils/dep_util.py
f	644	1000	1000	349	64	35971479	1785345595.9296757860	results/experiments/toolchain-environment/20260729T171551Z-toolchain-formal01/boots/repetition-03/lower/python310/lib/python3.10/site-packages/_distutils_hack/__pycache__/override.cpython-310.pyc
f	644	1000	1000	3493	64	35971807	1785345600.3926107900	results/experiments/toolchain-environment/20260729T171551Z-toolchain-formal01/boots/repetition-03/lower/python310/lib/python3.10/site-packages/setuptools/_vendor/importlib_metadata/__pycache__/_meta.cpython-310.pyc
f	644	1000	1000	34995	64	35973317	1785345611.6239699980	results/experiments/toolchain-environment/20260729T171551Z-toolchain-formal01/boots/repetition-03/lower/python310/lib/python3.10/site-packages/pip/_vendor/rich/syntax.py
f	644	1000	1000	351	64	35973211	1785345611.1612258150	results/experiments/toolchain-environment/20260729T171551Z-toolchain-formal01/boots/repetition-03/lower/python310/lib/python3.10/site-packages/pip/_vendor/rich/_stack.py
f	644	1000	1000	351	64	35975543	1785345635.9002656990	results/experiments/toolchain-environment/20260729T171551Z-toolchain-formal01/boots/repetition-03/lower/python312/lib/python3.12/site-packages/pip/_vendor/rich/_stack.py
f	644	1000	1000	3510	64	35973439	1785345612.1555133250	results/experiments/toolchain-environment/20260729T171551Z-toolchain-formal01/boots/repetition-03/lower/python310/lib/python3.10/site-packages/pip/_vendor/urllib3/util/response.py
f	644	1000	1000	3510	64	35975795	1785345637.1653763840	results/experiments/toolchain-environment/20260729T171551Z-toolchain-formal01/boots/repetition-03/lower/python312/lib/python3.12/site-packages/pip/_vendor/urllib3/util/response.py
f	644	1000	1000	3512	64	35976549	1785345647.4164782470	results/experiments/toolchain-environment/20260729T171551Z-toolchain-formal01/boots/repetition-03/lower/python312/lib/python3.12/site-packages/pip/_vendor/pygments/__pycache__/plugin.cpython-312.pyc
f	644	1000	1000	3513	64	35974411	1785345625.2744533430	results/experiments/toolchain-environment/20260729T171551Z-toolchain-formal01/boots/repetition-03/lower/python310/lib/python3.10/site-packages/pip/_vendor/rich/__pycache__/live_render.cpython-310.pyc
f	644	1000	1000	3516	64	35971869	1785345601.2235662960	results/experiments/toolchain-environment/20260729T171551Z-toolchain-formal01/boots/repetition-03/lower/python310/lib/python3.10/site-packages/setuptools/_vendor/packaging/__pycache__/_elffile.cpython-310.pyc
f	644	1000	1000	35173	64	35975653	1785345636.4842764760	results/experiments/toolchain-environment/20260729T171551Z-toolchain-formal01/boots/repetition-03/lower/python312/lib/python3.12/site-packages/pip/_vendor/rich/syntax.py
f	644	1000	1000	3519	64	35972679	1785345608.6145900880	results/experiments/toolchain-environment/20260729T171551Z-toolchain-formal01/boots/repetition-03/lower/python310/lib/python3.10/site-packages/pip/_internal/vcs/bazaar.py
f	644	1000	1000	3519	64	35975037	1785345633.7196772010	results/experiments/toolchain-environment/20260729T171551Z-toolchain-formal01/boots/repetition-03/lower/python312/lib/python3.12/site-packages/pip/_internal/vcs/bazaar.py
f	644	1000	1000	3520	64	35972215	1785345605.6193834900	results/experiments/toolchain-environment/20260729T171551Z-toolchain-formal01/boots/repetition-03/lower/python310/lib/python3.10/site-packages/setuptools/tests/config/__pycache__/test_pyprojecttoml_dynamic_deps.cpython-310.pyc
f	644	1000	1000	3521	64	35976879	1785345652.0164019150	results/experiments/toolchain-environment/20260729T171551Z-toolchain-formal01/boots/repetition-03/lower/python312/lib/python3.12/site-packages/pip/_vendor/urllib3/__pycache__/__init__.cpython-312.pyc
f	644	1000	1000	3522	64	35970593	1785345592.6031059260	results/experiments/toolchain-environment/20260729T171551Z-toolchain-formal01/boots/repetition-03/lower/python310/lib/python3.10/site-packages/setuptools/_distutils/tests/test_file_util.py
f	644	1000	1000	3524	64	35973933	1785345618.1422391920	results/experiments/toolchain-environment/20260729T171551Z-toolchain-formal01/boots/repetition-03/lower/python310/lib/python3.10/site-packages/pip/_vendor/chardet/__pycache__/hebrewprober.cpython-310.pyc
f	644	1000	1000	35288	64	35973149	1785345610.9124883830	results/experiments/toolchain-environment/20260729T171551Z-toolchain-formal01/boots/repetition-03/lower/python310/lib/python3.10/site-packages/pip/_vendor/requests/models.py
f	644	1000	1000	35288	64	35975479	1785345635.5532592950	results/experiments/toolchain-environment/20260729T171551Z-toolchain-formal01/boots/repetition-03/lower/python312/lib/python3.12/site-packages/pip/_vendor/requests/models.py
f	644	1000	1000	3529	64	35972239	1785345605.9333803870	results/experiments/toolchain-environment/20260729T171551Z-toolchain-formal01/boots/repetition-03/lower/python310/lib/python3.10/site-packages/setuptools/tests/__pycache__/server.cpython-310.pyc
f	644	1000	1000	353	64	35973007	1785345610.2629671390	results/experiments/toolchain-environment/20260729T171551Z-toolchain-formal01/boots/repetition-03/lower/python310/lib/python3.10/site-packages/pip/_vendor/pygments/__main__.py
f	644	1000	1000	353	64	35975337	1785345634.9312324030	results/experiments/toolchain-environment/20260729T171551Z-toolchain-formal01/boots/repetition-03/lower/python312/lib/python3.12/site-packages/pip/_vendor/pygments/__main__.py
f	644	1000	1000	35441	64	35973051	1785345610.4562414190	results/experiments/toolchain-environment/20260729T171551Z-toolchain-formal01/boots/repetition-03/lower/python310/lib/python3.10/site-packages/pip/_vendor/pygments/formatters/html.py
f	644	1000	1000	35451	64	35974239	1785345622.7022512190	results/experiments/toolchain-environment/20260729T171551Z-toolchain-formal01/boots/repetition-03/lower/python310/lib/python3.10/site-packages/pip/_vendor/pyparsing/__pycache__/helpers.cpython-310.pyc
f	644	1000	1000	35460	64	35974937	1785345633.3452185510	results/experiments/toolchain-environment/20260729T171551Z-toolchain-formal01/boots/repetition-03/lower/python312/lib/python3.12/site-packages/pip/_internal/req/req_install.py
f	644	1000	1000	354682	64	35971061	1785345594.4125005610	results/experiments/toolchain-environment/20260729T171551Z-toolchain-formal01/boots/repetition-03/lower/python310/lib/python3.10/site-packages/setuptools/config/_validate_pyproject/fastjsonschema_validations.py
f	644	1000	1000	3548	64	35974579	1785345627.7365539080	results/experiments/toolchain-environment/20260729T171551Z-toolchain-formal01/boots/repetition-03/lower/python310/lib/python3.10/site-packages/pip/_vendor/urllib3/util/__pycache__/connection.cpython-310.pyc
f	644	1000	1000	355	64	35974711	1785345632.5243386460	results/experiments/toolchain-environment/20260729T171551Z-toolchain-formal01/boots/repetition-03/lower/python312/lib/python3.12/site-packages/pip/__init__.py
f	644	1000	1000	3551	64	35975675	1785345636.5962785420	results/experiments/toolchain-environment/20260729T171551Z-toolchain-formal01/boots/repetition-03/lower/python312/lib/python3.12/site-packages/pip/_vendor/tenacity/_asyncio.py
f	644	1000	1000	3552	64	35973641	1785345614.3998542200	results/experiments/toolchain-environment/20260729T171551Z-toolchain-formal01/boots/repetition-03/lower/python310/lib/python3.10/site-packages/pip/_internal/models/__pycache__/target_python.cpython-310.pyc
f	644	1000	1000	35564	64	35976639	1785345648.6765015070	results/experiments/toolchain-environment/20260729T171551Z-toolchain-formal01/boots/repetition-03/lower/python312/lib/python3.12/site-packages/pip/_vendor/requests/__pycache__/models.cpython-312.pyc
f	644	1000	1000	35610	64	35975361	1785345635.0302496440	results/experiments/toolchain-environment/20260729T171551Z-toolchain-formal01/boots/repetition-03/lower/python312/lib/python3.12/site-packages/pip/_vendor/pygments/formatters/html.py
f	644	1000	1000	35624	64	35970995	1785345594.1666228480	results/experiments/toolchain-environment/20260729T171551Z-toolchain-formal01/boots/repetition-03/lower/python310/lib/python3.10/site-packages/setuptools/command/editable_wheel.py
f	644	1000	1000	3565	64	35971873	1785345601.2804399090	results/experiments/toolchain-environment/20260729T171551Z-toolchain-formal01/boots/repetition-03/lower/python310/lib/python3.10/site-packages/setuptools/_vendor/packaging/__pycache__/_musllinux.cpython-310.pyc
f	644	1000	1000	3567	64	35971943	1785345602.2394416410	results/experiments/toolchain-environment/20260729T171551Z-toolchain-formal01/boots/repetition-03/lower/python310/lib/python3.10/site-packages/setuptools/_vendor/typeguard/__pycache__/_config.cpython-310.pyc
f	644	1000	1000	35672	64	35976909	1785345652.4466376950	results/experiments/toolchain-environment/20260729T171551Z-toolchain-formal01/boots/repetition-03/lower/python312/lib/python3.12/site-packages/pip/_vendor/urllib3/contrib/__pycache__/securetransport.cpython-312.pyc
f	644	1000	1000	357	64	35972337	1785345607.2202279920	results/experiments/toolchain-environment/20260729T171551Z-toolchain-formal01/boots/repetition-03/lower/python310/lib/python3.10/site-packages/pip/__init__.py
f	644	1000	1000	3575	64	35971463	1785345595.8411996520	results/experiments/toolchain-environment/20260729T171551Z-toolchain-formal01/boots/repetition-03/lower/python310/lib/python3.10/site-packages/setuptools/_vendor/zipp-3.19.2.dist-info/METADATA
f	644	1000	1000	35763	64	35972579	1785345608.2290690710	results/experiments/toolchain-environment/20260729T171551Z-toolchain-formal01/boots/repetition-03/lower/python310/lib/python3.10/site-packages/pip/_internal/req/req_install.py
f	644	1000	1000	3581	64	35971561	1785345596.9415471750	results/experiments/toolchain-environment/20260729T171551Z-toolchain-formal01/boots/repetition-03/lower/python310/lib/python3.10/site-packages/setuptools/_distutils/command/__pycache__/install_egg_info.cpython-310.pyc
f	644	1000	1000	3581	64	35974699	1785345632.4942028480	results/experiments/toolchain-environment/20260729T171551Z-toolchain-formal01/boots/repetition-03/lower/python312/lib/python3.12/site-packages/pip-24.0.dist-info/METADATA
f	644	1000	1000	35826	64	35975951	1785345639.0785772260	results/experiments/toolchain-environment/20260729T171551Z-toolchain-formal01/boots/repetition-03/lower/python312/lib/python3.12/site-packages/pip/_internal/metadata/__pycache__/base.cpython-312.pyc
f	644	1000	1000	35852	64	35975623	1785345636.3292736150	results/experiments/toolchain-environment/20260729T171551Z-toolchain-formal01/boots/repetition-03/lower/python312/lib/python3.12/site-packages/pip/_vendor/rich/pretty.py
f	644	1000	1000	359	64	35970419	1785345591.9614884060	results/experiments/toolchain-environment/20260729T171551Z-toolchain-formal01/boots/repetition-03/lower/python310/lib/python3.10/site-packages/setuptools/_distutils/__init__.py
f	644	1000	1000	359	64	35973647	1785345614.4582516430	results/experiments/toolchain-environment/20260729T171551Z-toolchain-formal01/boots/repetition-03/lower/python310/lib/python3.10/site-packages/pip/_internal/network/__pycache__/__init__.cpython-310.pyc
f	644	1000	1000	3591	64	35973833	1785345616.8036951790	results/experiments/toolchain-environment/20260729T171551Z-toolchain-formal01/boots/repetition-03/lower/python310/lib/python3.10/site-packages/pip/_internal/vcs/__pycache__/bazaar.cpython-310.pyc
f	644	1000	1000	35923	64	35972087	1785345604.2456818230	results/experiments/toolchain-environment/20260729T171551Z-toolchain-formal01/boots/repetition-03/lower/python310/lib/python3.10/site-packages/setuptools/command/__pycache__/editable_wheel.cpython-310.pyc
f	644	1000	1000	3600	64	35972505	1785345607.9471337960	results/experiments/toolchain-environment/20260729T171551Z-toolchain-formal01/boots/repetition-03/lower/python310/lib/python3.10/site-packages/pip/_internal/models/wheel.py
f	644	1000	1000	3600	64	35974871	1785345633.1054214030	results/experiments/toolchain-environment/20260729T171551Z-toolchain-formal01/boots/repetition-03/lower/python312/lib/python3.12/site-packages/pip/_internal/models/wheel.py
f	644	1000	1000	360165	64	35974327	1785345623.9600453980	results/experiments/toolchain-environment/20260729T171551Z-toolchain-formal01/boots/repetition-03/lower/python310/lib/python3.10/site-packages/pip/_vendor/rich/__pycache__/_emoji_codes.cpython-310.pyc
f	644	1000	1000	3604	64	35976491	1785345646.3444584580	results/experiments/toolchain-environment/20260729T171551Z-toolchain-formal01/boots/repetition-03/lower/python312/lib/python3.12/site-packages/pip/_vendor/pygments/__pycache__/__init__.cpython-312.pyc
f	644	1000	1000	3612	64	35970607	1785345592.6424679380	results/experiments/toolchain-environment/20260729T171551Z-toolchain-formal01/boots/repetition-03/lower/python310/lib/python3.10/site-packages/setuptools/_distutils/tests/test_install_lib.py
f	644	1000	1000	36191	64	35976649	1785345648.8245042380	results/experiments/toolchain-environment/20260729T171551Z-toolchain-formal01/boots/repetition-03/lower/python312/lib/python3.12/site-packages/pip/_vendor/requests/__pycache__/utils.cpython-312.pyc
f	644	1000	1000	3627	64	35972293	1785345606.7025575810	results/experiments/toolchain-environment/20260729T171551Z-toolchain-formal01/boots/repetition-03/lower/python310/lib/python3.10/site-packages/setuptools/tests/__pycache__/test_namespaces.cpython-310.pyc
f	644	1000	1000	3627	64	35973325	1785345611.6593915790	results/experiments/toolchain-environment/20260729T171551Z-toolchain-formal01/boots/repetition-03/lower/python310/lib/python3.10/site-packages/pip/_vendor/rich/theme.py
f	644	1000	1000	3627	64	35974993	1785345633.5524652350	results/experiments/toolchain-environment/20260729T171551Z-toolchain-formal01/boots/repetition-03/lower/python312/lib/python3.12/site-packages/pip/_internal/utils/deprecation.py
f	644	1000	1000	36293	64	35971363	1785345595.4745201350	results/experiments/toolchain-environment/20260729T171551Z-toolchain-formal01/boots/repetition-03/lower/python310/lib/python3.10/site-packages/setuptools/_vendor/more_itertools-10.3.0.dist-info/METADATA
f	644	1000	1000	3635	64	35971679	1785345598.8196428190	results/experiments/toolchain-environment/20260729T171551Z-toolchain-formal01/boots/repetition-03/lower/python310/lib/python3.10/site-packages/setuptools/_distutils/tests/__pycache__/test_file_util.cpython-310.pyc
f	644	1000	1000	36558	64	35976887	1785345652.1375654010	results/experiments/toolchain-environment/20260729T171551Z-toolchain-formal01/boots/repetition-03/lower/python312/lib/python3.12/site-packages/pip/_vendor/urllib3/__pycache__/connectionpool.cpython-312.pyc
f	644	1000	1000	3658	64	35971347	1785345595.4186830560	results/experiments/toolchain-environment/20260729T171551Z-toolchain-formal01/boots/repetition-03/lower/python310/lib/python3.10/site-packages/setuptools/_vendor/jaraco.text-3.12.1.dist-info/METADATA
f	644	1000	1000	3658	64	35973637	1785345614.3395988820	results/experiments/toolchain-environment/20260729T171551Z-toolchain-formal01/boots/repetition-03/lower/python310/lib/python3.10/site-packages/pip/_internal/models/__pycache__/search_scope.cpython-310.pyc
f	644	1000	1000	366	64	35971027	1785345594.2764980540	results/experiments/toolchain-environment/20260729T171551Z-toolchain-formal01/boots/repetition-03/lower/python310/lib/python3.10/site-packages/setuptools/compat/py312.py
f	644	1000	1000	36625	64	35972181	1785345605.2449508600	results/experiments/toolchain-environment/20260729T171551Z-toolchain-formal01/boots/repetition-03/lower/python310/lib/python3.10/site-packages/setuptools/__pycache__/msvc.cpython-310.pyc
f	644	1000	1000	3665	64	35976357	1785345644.3664219470	results/experiments/toolchain-environment/20260729T171551Z-toolchain-formal01/boots/repetition-03/lower/python312/lib/python3.12/site-packages/pip/_vendor/colorama/__pycache__/initialise.cpython-312.pyc
f	644	1000	1000	3667	64	35973271	1785345611.4228425260	results/experiments/toolchain-environment/20260729T171551Z-toolchain-formal01/boots/repetition-03/lower/python310/lib/python3.10/site-packages/pip/_vendor/rich/live_render.py
f	644	1000	1000	3667	64	35975607	1785345636.2452720650	results/experiments/toolchain-environment/20260729T171551Z-toolchain-formal01/boots/repetition-03/lower/python312/lib/python3.12/site-packages/pip/_vendor/rich/live_render.py
f	644	1000	1000	3669	64	35974207	1785345622.2729190510	results/experiments/toolchain-environment/20260729T171551Z-toolchain-formal01/boots/repetition-03/lower/python310/lib/python3.10/site-packages/pip/_vendor/pygments/__pycache__/scanner.cpython-310.pyc
f	644	1000	1000	367	64	35971609	1785345597.6396015870	results/experiments/toolchain-environment/20260729T171551Z-toolchain-formal01/boots/repetition-03/lower/python310/lib/python3.10/site-packages/setuptools/_distutils/__pycache__/debug.cpython-310.pyc
f	644	1000	1000	3670	64	35970591	1785345592.5953507990	results/experiments/toolchain-environment/20260729T171551Z-toolchain-formal01/boots/repetition-03/lower/python310/lib/python3.10/site-packages/setuptools/_distutils/tests/test_extension.py
f	644	1000	1000	3674	64	35976123	1785345641.4494687080	results/experiments/toolchain-environment/20260729T171551Z-toolchain-formal01/boots/repetition-03/lower/python312/lib/python3.12/site-packages/pip/_internal/utils/__pycache__/direct_url_helpers.cpython-312.pyc
f	644	1000	1000	3678	64	35975325	1785345634.8892470420	results/experiments/toolchain-environment/20260729T171551Z-toolchain-formal01/boots/repetition-03/lower/python312/lib/python3.12/site-packages/pip/_vendor/platformdirs/macos.py
f	644	1000	1000	368	64	35975993	1785345639.7583368970	results/experiments/toolchain-environment/20260729T171551Z-toolchain-formal01/boots/repetition-03/lower/python312/lib/python3.12/site-packages/pip/_internal/network/__pycache__/__init__.cpython-312.pyc
f	644	1000	1000	3686	64	35974103	1785345620.8282449680	results/experiments/toolchain-environment/20260729T171551Z-toolchain-formal01/boots/repetition-03/lower/python310/lib/python3.10/site-packages/pip/_vendor/packaging/__pycache__/utils.cpython-310.pyc
f	644	1000	1000	3689	64	35976711	1785345649.6435193580	results/experiments/toolchain-environment/20260729T171551Z-toolchain-formal01/boots/repetition-03/lower/python312/lib/python3.12/site-packages/pip/_vendor/rich/__pycache__/_windows_renderer.cpython-312.pyc
f	644	1000	1000	36913	64	35972771	1785345609.0325057220	results/experiments/toolchain-environment/20260729T171551Z-toolchain-formal01/boots/repetition-03/lower/python310/lib/python3.10/site-packages/pip/_vendor/chardet/euctwfreq.py
f	644	1000	1000	36913	64	35975129	1785345634.0522315970	results/experiments/toolchain-environment/20260729T171551Z-toolchain-formal01/boots/repetition-03/lower/python312/lib/python3.12/site-packages/pip/_vendor/chardet/euctwfreq.py
f	644	1000	1000	3693	64	35976749	1785345650.1955706520	results/experiments/toolchain-environment/20260729T171551Z-toolchain-formal01/boots/repetition-03/lower/python312/lib/python3.12/site-packages/pip/_vendor/rich/__pycache__/file_proxy.cpython-312.pyc
f	644	1000	1000	3700	64	35975405	1785345635.2261987870	results/experiments/toolchain-environment/20260729T171551Z-toolchain-formal01/boots/repetition-03/lower/python312/lib/python3.12/site-packages/pip/_vendor/pygments/styles/__init__.py
f	644	1000	1000	37075	64	35972275	1785345606.4426890320	results/experiments/toolchain-environment/20260729T171551Z-toolchain-formal01/boots/repetition-03/lower/python310/lib/python3.10/site-packages/setuptools/tests/__pycache__/test_editable_install.cpython-310.pyc
f	644	1000	1000	3709	64	35972869	1785345609.6607816680	results/experiments/toolchain-environment/20260729T171551Z-toolchain-formal01/boots/repetition-03/lower/python310/lib/python3.10/site-packages/pip/_vendor/colorama/tests/winterm_test.py
f	644	1000	1000	3709	64	35975217	1785345634.4354311900	results/experiments/toolchain-environment/20260729T171551Z-toolchain-formal01/boots/repetition-03/lower/python312/lib/python3.12/site-packages/pip/_vendor/colorama/tests/winterm_test.py
f	644	1000	1000	371	64	35973621	1785345614.0912016350	results/experiments/toolchain-environment/20260729T171551Z-toolchain-formal01/boots/repetition-03/lower/python310/lib/python3.10/site-packages/pip/_internal/models/__pycache__/__init__.cpython-310.pyc
f	644	1000	1000	371	64	35973691	1785345615.0868923800	results/experiments/toolchain-environment/20260729T171551Z-toolchain-formal01/boots/repetition-03/lower/python310/lib/python3.10/site-packages/pip/_internal/operations/install/__pycache__/__init__.cpython-310.pyc
f	644	1000	1000	3714	64	35974341	1785345624.1658173400	results/experiments/toolchain-environment/20260729T171551Z-toolchain-formal01/boots/repetition-03/lower/python310/lib/python3.10/site-packages/pip/_vendor/rich/__pycache__/_null_file.cpython-310.pyc
f	644	1000	1000	3715	64	35972807	1785345609.2901232020	results/experiments/toolchain-environment/20260729T171551Z-toolchain-formal01/boots/repetition-03/lower/python310/lib/python3.10/site-packages/pip/_vendor/chardet/mbcharsetprober.py
f	644	1000	1000	3715	64	35975165	1785345634.2200440470	results/experiments/toolchain-environment/20260729T171551Z-toolchain-formal01/boots/repetition-03/lower/python312/lib/python3.12/site-packages/pip/_vendor/chardet/mbcharsetprober.py
f	644	1000	1000	3717	64	35970393	1785345591.8822205470	results/experiments/toolchain-environment/20260729T171551Z-toolchain-formal01/boots/repetition-03/lower/python310/lib/python3.10/site-packages/setuptools/monkey.py
f	644	1000	1000	3717	64	35971419	1785345595.6715237660	results/experiments/toolchain-environment/20260729T171551Z-toolchain-formal01/boots/repetition-03/lower/python310/lib/python3.10/site-packages/setuptools/_vendor/typeguard-4.3.0.dist-info/METADATA
f	644	1000	1000	3730	64	35970079	1785345594.7574836910	results/experiments/toolchain-environment/20260729T171551Z-toolchain-formal01/boots/repetition-03/lower/python310/lib/python3.10/site-packages/setuptools/tests/test_virtualenv.py
f	644	1000	1000	3730	64	35973701	1785345615.2566373810	results/experiments/toolchain-environment/20260729T171551Z-toolchain-formal01/boots/repetition-03/lower/python310/lib/python3.10/site-packages/pip/_internal/__pycache__/pyproject.cpython-310.pyc
f	644	1000	1000	3732	64	35972753	1785345608.9326492540	results/experiments/toolchain-environment/20260729T171551Z-toolchain-formal01/boots/repetition-03/lower/python310/lib/python3.10/site-packages/pip/_vendor/chardet/codingstatemachine.py
f	644	1000	1000	3732	64	35975111	1785345633.9774195040	results/experiments/toolchain-environment/20260729T171551Z-toolchain-formal01/boots/repetition-03/lower/python312/lib/python3.12/site-packages/pip/_vendor/chardet/codingstatemachine.py
f	644	1000	1000	37324	64	35972163	1785345605.0436965350	results/experiments/toolchain-environment/20260729T171551Z-toolchain-formal01/boots/repetition-03/lower/python310/lib/python3.10/site-packages/setuptools/__pycache__/dist.cpython-310.pyc
f	644	1000	1000	3734	64	35974543	1785345627.2595012380	results/experiments/toolchain-environment/20260729T171551Z-toolchain-formal01/boots/repetition-03/lower/python310/lib/python3.10/site-packages/pip/_vendor/urllib3/contrib/__pycache__/ntlmpool.cpython-310.pyc
f	644	1000	1000	3736	64	35976693	1785345649.3855145950	results/experiments/toolchain-environment/20260729T171551Z-toolchain-formal01/boots/repetition-03/lower/python312/lib/python3.12/site-packages/pip/_vendor/rich/__pycache__/_null_file.cpython-312.pyc
f	644	1000	1000	37414	64	35973287	1785345611.4884402560	results/experiments/toolchain-environment/20260729T171551Z-toolchain-formal01/boots/repetition-03/lower/python310/lib/python3.10/site-packages/pip/_vendor/rich/pretty.py
f	644	1000	1000	3744	64	35971699	1785345599.1455878020	results/experiments/toolchain-environment/20260729T171551Z-toolchain-formal01/boots/repetition-03/lower/python310/lib/python3.10/site-packages/setuptools/_distutils/tests/__pycache__/test_spawn.cpython-310.pyc
f	644	1000	1000	3773	64	35972179	1785345605.2172966150	results/experiments/toolchain-environment/20260729T171551Z-toolchain-formal01/boots/repetition-03/lower/python310/lib/python3.10/site-packages/setuptools/__pycache__/monkey.cpython-310.pyc
f	644	1000	1000	3777	64	35975661	1785345636.5312246270	results/experiments/toolchain-environment/20260729T171551Z-toolchain-formal01/boots/repetition-03/lower/python312/lib/python3.12/site-packages/pip/_vendor/rich/theme.py
f	644	1000	1000	378	64	35971779	1785345600.0066036740	results/experiments/toolchain-environment/20260729T171551Z-toolchain-formal01/boots/repetition-03/lower/python310/lib/python3.10/site-packages/setuptools/_vendor/backports/__pycache__/__init__.cpython-310.pyc
f	644	1000	1000	37843	64	35974811	1785345632.8852100630	results/experiments/toolchain-environment/20260729T171551Z-toolchain-formal01/boots/repetition-03/lower/python312/lib/python3.12/site-packages/pip/_internal/index/package_finder.py
f	644	1000	1000	3786	64	35971519	1785345596.3663474450	results/experiments/toolchain-environment/20260729T171551Z-toolchain-formal01/boots/repetition-03/lower/python310/lib/python3.10/site-packages/setuptools/_distutils/__pycache__/_modified.cpython-310.pyc
f	644	1000	1000	37873	64	35972447	1785345607.6988097620	results/experiments/toolchain-environment/20260729T171551Z-toolchain-formal01/boots/repetition-03/lower/python310/lib/python3.10/site-packages/pip/_internal/index/package_finder.py
f	644	1000	1000	379	64	35970689	1785345592.9404734300	results/experiments/toolchain-environment/20260729T171551Z-toolchain-formal01/boots/repetition-03/lower/python310/lib/python3.10/site-packages/setuptools/_vendor/importlib_metadata/diagnose.py
f	644	1000	1000	379	64	35971731	1785345599.5495952490	results/experiments/toolchain-environment/20260729T171551Z-toolchain-formal01/boots/repetition-03/lower/python310/lib/python3.10/site-packages/setuptools/_distutils/__pycache__/zosccompiler.cpython-310.pyc
f	644	1000	1000	3792	64	35973975	1785345618.8746349740	results/experiments/toolchain-environment/20260729T171551Z-toolchain-formal01/boots/repetition-03/lower/python310/lib/python3.10/site-packages/pip/_vendor/chardet/__pycache__/sbcharsetprober.cpython-310.pyc
f	644	1000	1000	3796	64	35970411	1785345591.9394549820	results/experiments/toolchain-environment/20260729T171551Z-toolchain-formal01/boots/repetition-03/lower/python310/lib/python3.10/site-packages/setuptools/warnings.py
f	644	1000	1000	380	64	35971971	1785345602.6526524540	results/experiments/toolchain-environment/20260729T171551Z-toolchain-formal01/boots/repetition-03/lower/python310/lib/python3.10/site-packages/setuptools/_vendor/wheel/__pycache__/__init__.cpython-310.pyc
f	644	1000	1000	380	64	35974051	1785345620.0654663320	results/experiments/toolchain-environment/20260729T171551Z-toolchain-formal01/boots/repetition-03/lower/python310/lib/python3.10/site-packages/pip/_vendor/distro/__pycache__/__main__.cpython-310.pyc
f	644	1000	1000	380	64	35975967	1785345639.3063285550	results/experiments/toolchain-environment/20260729T171551Z-toolchain-formal01/boots/repetition-03/lower/python312/lib/python3.12/site-packages/pip/_internal/models/__pycache__/__init__.cpython-312.pyc
f	644	1000	1000	380	64	35976037	1785345640.3798995190	results/experiments/toolchain-environment/20260729T171551Z-toolchain-formal01/boots/repetition-03/lower/python312/lib/python3.12/site-packages/pip/_internal/operations/install/__pycache__/__init__.cpython-312.pyc
f	644	1000	1000	3805	64	35971537	1785345596.5753544810	results/experiments/toolchain-environment/20260729T171551Z-toolchain-formal01/boots/repetition-03/lower/python310/lib/python3.10/site-packages/setuptools/_distutils/command/__pycache__/bdist_dumb.cpython-310.pyc
f	644	1000	1000	38052	64	35976503	1785345646.5434621310	results/experiments/toolchain-environment/20260729T171551Z-toolchain-formal01/boots/repetition-03/lower/python312/lib/python3.12/site-packages/pip/_vendor/pygments/filters/__pycache__/__init__.cpython-312.pyc
f	644	1000	1000	3807	64	35972287	1785345606.6130913450	results/experiments/toolchain-environment/20260729T171551Z-toolchain-formal01/boots/repetition-03/lower/python310/lib/python3.10/site-packages/setuptools/tests/__pycache__/test_install_scripts.cpython-310.pyc
f	644	1000	1000	38095	64	35973941	1785345618.2740826440	results/experiments/toolchain-environment/20260729T171551Z-toolchain-formal01/boots/repetition-03/lower/python310/lib/python3.10/site-packages/pip/_vendor/chardet/__pycache__/jpcntx.cpython-310.pyc
f	644	1000	1000	3819	64	35974423	1785345625.5070739360	results/experiments/toolchain-environment/20260729T171551Z-toolchain-formal01/boots/repetition-03/lower/python310/lib/python3.10/site-packages/pip/_vendor/rich/__pycache__/palette.cpython-310.pyc
f	644	1000	1000	3823	64	35973143	1785345610.8879292030	results/experiments/toolchain-environment/20260729T171551Z-toolchain-formal01/boots/repetition-03/lower/python310/lib/python3.10/site-packages/pip/_vendor/requests/exceptions.py
f	644	1000	1000	3823	64	35975473	1785345635.5162586130	results/experiments/toolchain-environment/20260729T171551Z-toolchain-formal01/boots/repetition-03/lower/python312/lib/python3.12/site-packages/pip/_vendor/requests/exceptions.py
f	644	1000	1000	3829	64	35970585	1785345592.5714848580	results/experiments/toolchain-environment/20260729T171551Z-toolchain-formal01/boots/repetition-03/lower/python310/lib/python3.10/site-packages/setuptools/_distutils/tests/test_core.py
f	644	1000	1000	383	64	35973499	1785345612.5182529300	results/experiments/toolchain-environment/20260729T171551Z-toolchain-formal01/boots/repetition-03/lower/python310/lib/python3.10/site-packages/pip/_internal/cli/__pycache__/__init__.cpython-310.pyc
f	644	1000	1000	38445	64	35976537	1785345647.1904740750	results/experiments/toolchain-environment/20260729T171551Z-toolchain-formal01/boots/repetition-03/lower/python312/lib/python3.12/site-packages/pip/_vendor/pygments/__pycache__/lexer.cpython-312.pyc
f	644	1000	1000	38481	64	35974029	1785345619.7039668890	results/experiments/toolchain-environment/20260729T171551Z-toolchain-formal01/boots/repetition-03/lower/python310/lib/python3.10/site-packages/pip/_vendor/distlib/__pycache__/locators.cpython-310.pyc
f	644	1000	1000	38494	64	35974065	1785345620.2507701500	results/experiments/toolchain-environment/20260729T171551Z-toolchain-formal01/boots/repetition-03/lower/python310/lib/python3.10/site-packages/pip/_vendor/idna/__pycache__/idnadata.cpython-310.pyc
f	644	1000	1000	38528	64	35976055	1785345640.6493849680	results/experiments/toolchain-environment/20260729T171551Z-toolchain-formal01/boots/repetition-03/lower/python312/lib/python3.12/site-packages/pip/_internal/req/__pycache__/req_install.cpython-312.pyc
f	644	1000	1000	3857	64	35976049	1785345640.5461732210	results/experiments/toolchain-environment/20260729T171551Z-toolchain-formal01/boots/repetition-03/lower/python312/lib/python3.12/site-packages/pip/_internal/req/__pycache__/__init__.cpython-312.pyc
f	644	1000	1000	3858	64	35972503	1785345607.9382963870	results/experiments/toolchain-environment/20260729T171551Z-toolchain-formal01/boots/repetition-03/lower/python310/lib/python3.10/site-packages/pip/_internal/models/target_python.py
f	644	1000	1000	386	64	35970477	1785345592.1632456920	results/experiments/toolchain-environment/20260729T171551Z-toolchain-formal01/boots/repetition-03/lower/python310/lib/python3.10/site-packages/setuptools/_distutils/command/__init__.py
f	644	1000	1000	386	64	35970629	1785345592.7306600070	results/experiments/toolchain-environment/20260729T171551Z-toolchain-formal01/boots/repetition-03/lower/python310/lib/python3.10/site-packages/setuptools/_distutils/tests/unix_compat.py
f	644	1000	1000	386	64	35972119	1785345604.6276888660	results/experiments/toolchain-environment/20260729T171551Z-toolchain-formal01/boots/repetition-03/lower/python310/lib/python3.10/site-packages/setuptools/compat/__pycache__/py39.cpython-310.pyc
f	644	1000	1000	38646	64	35975429	1785345635.3282551430	results/experiments/toolchain-environment/20260729T171551Z-toolchain-formal01/boots/repetition-03/lower/python312/lib/python3.12/site-packages/pip/_vendor/pyparsing/helpers.py
f	644	1000	1000	3873	64	35972183	1785345605.2661956500	results/experiments/toolchain-environment/20260729T171551Z-toolchain-formal01/boots/repetition-03/lower/python310/lib/python3.10/site-packages/setuptools/__pycache__/namespaces.cpython-310.pyc
f	644	1000	1000	38760	64	35976325	1785345643.9554143600	results/experiments/toolchain-environment/20260729T171551Z-toolchain-formal01/boots/repetition-03/lower/python312/lib/python3.12/site-packages/pip/_vendor/chardet/__pycache__/mbcssm.cpython-312.pyc
f	644	1000	1000	3878	64	35970731	1785345593.0814760290	results/experiments/toolchain-environment/20260729T171551Z-toolchain-formal01/boots/repetition-03/lower/python310/lib/python3.10/site-packages/setuptools/_vendor/jaraco/functools/__init__.pyi
f	644	1000	1000	3879	64	35973145	1785345610.8962947610	results/experiments/toolchain-environment/20260729T171551Z-toolchain-formal01/boots/repetition-03/lower/python310/lib/python3.10/site-packages/pip/_vendor/requests/help.py
f	644	1000	1000	3879	64	35975475	1785345635.5272588150	results/experiments/toolchain-environment/20260729T171551Z-toolchain-formal01/boots/repetition-03/lower/python312/lib/python3.12/site-packages/pip/_vendor/requests/help.py
f	644	1000	1000	3882	64	35972393	1785345607.4477683210	results/experiments/toolchain-environment/20260729T171551Z-toolchain-formal01/boots/repetition-03/lower/python310/lib/python3.10/site-packages/pip/_internal/commands/__init__.py
f	644	1000	1000	3882	64	35974753	1785345632.6676805160	results/experiments/toolchain-environment/20260729T171551Z-toolchain-formal01/boots/repetition-03/lower/python312/lib/python3.12/site-packages/pip/_internal/commands/__init__.py
f	644	1000	1000	3886	64	35972425	1785345607.6104528130	results/experiments/toolchain-environment/20260729T171551Z-toolchain-formal01/boots/repetition-03/lower/python310/lib/python3.10/site-packages/pip/_internal/commands/uninstall.py
f	644	1000	1000	3886	64	35974785	1785345632.7972557730	results/experiments/toolchain-environment/20260729T171551Z-toolchain-formal01/boots/repetition-03/lower/python312/lib/python3.12/site-packages/pip/_internal/commands/uninstall.py
f	644	1000	1000	3893	64	35971655	1785345598.4455748990	results/experiments/toolchain-environment/20260729T171551Z-toolchain-formal01/boots/repetition-03/lower/python310/lib/python3.10/site-packages/setuptools/_distutils/tests/__pycache__/test_build_clib.cpython-310.pyc
f	644	1000	1000	3895	64	35975941	1785345638.9435433060	results/experiments/toolchain-environment/20260729T171551Z-toolchain-formal01/boots/repetition-03/lower/python312/lib/python3.12/site-packages/pip/_internal/locations/__pycache__/base.cpython-312.pyc
f	644	1000	1000	39048	64	35971615	1785345597.7325617550	results/experiments/toolchain-environment/20260729T171551Z-toolchain-formal01/boots/repetition-03/lower/python310/lib/python3.10/site-packages/setuptools/_distutils/__pycache__/dist.cpython-310.pyc
f	644	1000	1000	39095	64	35973377	1785345611.8615933180	results/experiments/toolchain-environment/20260729T171551Z-toolchain-formal01/boots/repetition-03/lower/python310/lib/python3.10/site-packages/pip/_vendor/urllib3/connectionpool.py
f	644	1000	1000	39129	64	35973095	1785345610.6919613540	results/experiments/toolchain-environment/20260729T171551Z-toolchain-formal01/boots/repetition-03/lower/python310/lib/python3.10/site-packages/pip/_vendor/pyparsing/helpers.py
f	644	1000	1000	3915	64	35972749	1785345608.9124430610	results/experiments/toolchain-environment/20260729T171551Z-toolchain-formal01/boots/repetition-03/lower/python310/lib/python3.10/site-packages/pip/_vendor/chardet/charsetgroupprober.py
f	644	1000	1000	3915	64	35975101	1785345633.9445287120	results/experiments/toolchain-environment/20260729T171551Z-toolchain-formal01/boots/repetition-03/lower/python312/lib/python3.12/site-packages/pip/_vendor/chardet/charsetgroupprober.py
f	644	1000	1000	392	64	35971575	1785345597.1295506400	results/experiments/toolchain-environment/20260729T171551Z-toolchain-formal01/boots/repetition-03/lower/python310/lib/python3.10/site-packages/setuptools/_distutils/compat/__pycache__/numpy.cpython-310.pyc
f	644	1000	1000	392	64	35971785	1785345600.0894634600	results/experiments/toolchain-environment/20260729T171551Z-toolchain-formal01/boots/repetition-03/lower/python310/lib/python3.10/site-packages/setuptools/_vendor/backports/tarfile/__pycache__/__main__.cpython-310.pyc
f	644	1000	1000	392	64	35975845	1785345637.4772948010	results/experiments/toolchain-environment/20260729T171551Z-toolchain-formal01/boots/repetition-03/lower/python312/lib/python3.12/site-packages/pip/_internal/cli/__pycache__/__init__.cpython-312.pyc
f	644	1000	1000	3924	64	35976189	1785345642.3646306860	results/experiments/toolchain-environment/20260729T171551Z-toolchain-formal01/boots/repetition-03/lower/python312/lib/python3.12/site-packages/pip/_vendor/cachecontrol/__pycache__/cache.cpython-312.pyc
f	644	1000	1000	3932	64	35970565	1785345592.4910932190	results/experiments/toolchain-environment/20260729T171551Z-toolchain-formal01/boots/repetition-03/lower/python310/lib/python3.10/site-packages/setuptools/_distutils/tests/test_bdist_rpm.py
f	644	1000	1000	3933	64	35971303	1785345595.2535160610	results/experiments/toolchain-environment/20260729T171551Z-toolchain-formal01/boots/repetition-03/lower/python310/lib/python3.10/site-packages/setuptools/_vendor/jaraco.collections-5.1.0.dist-info/METADATA
f	644	1000	1000	3934	64	35972765	1785345608.9923549110	results/experiments/toolchain-environment/20260729T171551Z-toolchain-formal01/boots/repetition-03/lower/python310/lib/python3.10/site-packages/pip/_vendor/chardet/eucjpprober.py
f	644	1000	1000	3934	64	35975123	1785345634.0283631710	results/experiments/toolchain-environment/20260729T171551Z-toolchain-formal01/boots/repetition-03/lower/python312/lib/python3.12/site-packages/pip/_vendor/chardet/eucjpprober.py
f	644	1000	1000	3935	64	35974879	1785345633.1292145650	results/experiments/toolchain-environment/20260729T171551Z-toolchain-formal01/boots/repetition-03/lower/python312/lib/python3.12/site-packages/pip/_internal/network/cache.py
f	644	1000	1000	3940	64	35973899	1785345617.6709798480	results/experiments/toolchain-environment/20260729T171551Z-toolchain-formal01/boots/repetition-03/lower/python310/lib/python3.10/site-packages/pip/_vendor/chardet/__pycache__/charsetprober.cpython-310.pyc
f	644	1000	1000	3946	64	35972713	1785345608.7367830960	results/experiments/toolchain-environment/20260729T171551Z-toolchain-formal01/boots/repetition-03/lower/python310/lib/python3.10/site-packages/pip/_vendor/cachecontrol/filewrapper.py
f	644	1000	1000	3946	64	35976795	1785345650.8815075890	results/experiments/toolchain-environment/20260729T171551Z-toolchain-formal01/boots/repetition-03/lower/python312/lib/python3.12/site-packages/pip/_vendor/rich/__pycache__/scope.cpython-312.pyc
f	644	1000	1000	396	64	35970833	1785345593.4976829310	results/experiments/toolchain-environment/20260729T171551Z-toolchain-formal01/boots/repetition-03/lower/python310/lib/python3.10/site-packages/setuptools/_vendor/tomli/__init__.py
f	644	1000	1000	396	64	35973359	1785345611.7901532090	results/experiments/toolchain-environment/20260729T171551Z-toolchain-formal01/boots/repetition-03/lower/python310/lib/python3.10/site-packages/pip/_vendor/tomli/__init__.py
f	644	1000	1000	396	64	35975697	1785345636.7060897870	results/experiments/toolchain-environment/20260729T171551Z-toolchain-formal01/boots/repetition-03/lower/python312/lib/python3.12/site-packages/pip/_vendor/tomli/__init__.py
f	644	1000	1000	39664	64	35976289	1785345643.5164062580	results/experiments/toolchain-environment/20260729T171551Z-toolchain-formal01/boots/repetition-03/lower/python312/lib/python3.12/site-packages/pip/_vendor/chardet/__pycache__/jpcntx.cpython-312.pyc
f	644	1000	1000	39684	64	35973319	1785345611.6325085120	results/experiments/toolchain-environment/20260729T171551Z-toolchain-formal01/boots/repetition-03/lower/python310/lib/python3.10/site-packages/pip/_vendor/rich/table.py
f	644	1000	1000	39684	64	35975655	1785345636.4962766970	results/experiments/toolchain-environment/20260729T171551Z-toolchain-formal01/boots/repetition-03/lower/python312/lib/python3.12/site-packages/pip/_vendor/rich/table.py
f	644	1000	1000	39693	64	35975239	1785345634.5424346280	results/experiments/toolchain-environment/20260729T171551Z-toolchain-formal01/boots/repetition-03/lower/python312/lib/python3.12/site-packages/pip/_vendor/distlib/metadata.py
f	644	1000	1000	39728	64	35976809	1785345651.0915460900	results/experiments/toolchain-environment/20260729T171551Z-toolchain-formal01/boots/repetition-03/lower/python312/lib/python3.12/site-packages/pip/_vendor/rich/__pycache__/syntax.cpython-312.pyc
f	644	1000	1000	39778	64	35970947	1785345593.9864927090	results/experiments/toolchain-environment/20260729T171551Z-toolchain-formal01/boots/repetition-03/lower/python310/lib/python3.10/site-packages/setuptools/_vendor/wheel/vendored/packaging/specifiers.py
f	644	1000	1000	39801	64	35972887	1785345609.7674804850	results/experiments/toolchain-environment/20260729T171551Z-toolchain-formal01/boots/repetition-03/lower/python310/lib/python3.10/site-packages/pip/_vendor/distlib/metadata.py
f	644	1000	1000	3993	64	35976255	1785345643.0006940480	results/experiments/toolchain-environment/20260729T171551Z-toolchain-formal01/boots/repetition-03/lower/python312/lib/python3.12/site-packages/pip/_vendor/chardet/__pycache__/codingstatemachine.cpython-312.pyc
f	644	1000	1000	3997	64	35971989	1785345602.9346054470	results/experiments/toolchain-environment/20260729T171551Z-toolchain-formal01/boots/repetition-03/lower/python310/lib/python3.10/site-packages/setuptools/_vendor/wheel/cli/__pycache__/tags.cpython-310.pyc
f	644	1000	1000	3997	64	35973437	1785345612.1457954490	results/experiments/toolchain-environment/20260729T171551Z-toolchain-formal01/boots/repetition-03/lower/python310/lib/python3.10/site-packages/pip/_vendor/urllib3/util/request.py
f	644	1000	1000	3997	64	35975793	1785345637.1560995620	results/experiments/toolchain-environment/20260729T171551Z-toolchain-formal01/boots/repetition-03/lower/python312/lib/python3.12/site-packages/pip/_vendor/urllib3/util/request.py
f	644	1000	1000	4	64	35971239	1785345594.9965113240	results/experiments/toolchain-environment/20260729T171551Z-toolchain-formal01/boots/repetition-03/lower/python310/lib/python3.10/site-packages/setuptools/_vendor/autocommand-2.2.2.dist-info/INSTALLER
f	644	1000	1000	4	64	35971253	1785345595.0555124120	results/experiments/toolchain-environment/20260729T171551Z-toolchain-formal01/boots/repetition-03/lower/python310/lib/python3.10/site-packages/setuptools/_vendor/backports.tarfile-1.2.0.dist-info/INSTALLER
f	644	1000	1000	4	64	35971269	1785345595.1165135360	results/experiments/toolchain-environment/20260729T171551Z-toolchain-formal01/boots/repetition-03/lower/python310/lib/python3.10/site-packages/setuptools/_vendor/importlib_metadata-8.0.0.dist-info/INSTALLER
f	644	1000	1000	4	64	35971285	1785345595.1823314660	results/experiments/toolchain-environment/20260729T171551Z-toolchain-formal01/boots/repetition-03/lower/python310/lib/python3.10/site-packages/setuptools/_vendor/inflect-7.3.1.dist-info/INSTALLER
f	644	1000	1000	4	64	35971299	1785345595.2355157300	results/experiments/toolchain-environment/20260729T171551Z-toolchain-formal01/boots/repetition-03/lower/python310/lib/python3.10/site-packages/setuptools/_vendor/jaraco.collections-5.1.0.dist-info/INSTALLER
f	644	1000	1000	4	64	35971315	1785345595.2995169090	results/experiments/toolchain-environment/20260729T171551Z-toolchain-formal01/boots/repetition-03/lower/python310/lib/python3.10/site-packages/setuptools/_vendor/jaraco.context-5.3.0.dist-info/INSTALLER
f	644	1000	1000	4	64	35971329	1785345595.3555895280	results/experiments/toolchain-environment/20260729T171551Z-toolchain-formal01/boots/repetition-03/lower/python310/lib/python3.10/site-packages/setuptools/_vendor/jaraco.functools-4.0.1.dist-info/INSTALLER
f	644	1000	1000	4	64	35971343	1785345595.4034588210	results/experiments/toolchain-environment/20260729T171551Z-toolchain-formal01/boots/repetition-03/lower/python310/lib/python3.10/site-packages/setuptools/_vendor/jaraco.text-3.12.1.dist-info/INSTALLER
f	644	1000	1000	4	64	35971359	1785345595.4585198400	results/experiments/toolchain-environment/20260729T171551Z-toolchain-formal01/boots/repetition-03/lower/python310/lib/python3.10/site-packages/setuptools/_vendor/more_itertools-10.3.0.dist-info/INSTALLER
f	644	1000	1000	4	64	35971389	1785345595.5692410400	results/experiments/toolchain-environment/20260729T171551Z-toolchain-formal01/boots/repetition-03/lower/python310/lib/python3.10/site-packages/setuptools/_vendor/platformdirs-4.2.2.dist-info/INSTALLER
f	644	1000	1000	4	64	35971401	1785345595.6096394090	results/experiments/toolchain-environment/20260729T171551Z-toolchain-formal01/boots/repetition-03/lower/python310/lib/python3.10/site-packages/setuptools/_vendor/tomli-2.0.1.dist-info/INSTALLER
f	644	1000	1000	4	64	35971415	1785345595.6555234710	results/experiments/toolchain-environment/20260729T171551Z-toolchain-formal01/boots/repetition-03/lower/python310/lib/python3.10/site-packages/setuptools/_vendor/typeguard-4.3.0.dist-info/INSTALLER
f	644	1000	1000	4	64	35971431	1785345595.7185246320	results/experiments/toolchain-environment/20260729T171551Z-toolchain-formal01/boots/repetition-03/lower/python310/lib/python3.10/site-packages/setuptools/_vendor/typing_extensions-4.12.2.dist-info/INSTALLER
f	644	1000	1000	4	64	35971443	1785345595.7623811160	results/experiments/toolchain-environment/20260729T171551Z-toolchain-formal01/boots/repetition-03/lower/python310/lib/python3.10/site-packages/setuptools/_vendor/wheel-0.45.1.dist-info/INSTALLER
f	644	1000	1000	4	64	35971459	1785345595.8235265680	results/experiments/toolchain-environment/20260729T171551Z-toolchain-formal01/boots/repetition-03/lower/python310/lib/python3.10/site-packages/setuptools/_vendor/zipp-3.19.2.dist-info/INSTALLER
f	644	1000	1000	4	64	35972331	1785345607.1676998000	results/experiments/toolchain-environment/20260729T171551Z-toolchain-formal01/boots/repetition-03/lower/python310/lib/python3.10/site-packages/setuptools-79.0.1.dist-info/INSTALLER
f	644	1000	1000	4	64	35973477	1785345612.3253783560	results/experiments/toolchain-environment/20260729T171551Z-toolchain-formal01/boots/repetition-03/lower/python310/lib/python3.10/site-packages/pip-23.0.1.dist-info/top_level.txt
f	644	1000	1000	4	64	35974631	1785345628.2571382210	results/experiments/toolchain-environment/20260729T171551Z-toolchain-formal01/boots/repetition-03/lower/python310/lib/python3.10/site-packages/pip-23.0.1.dist-info/INSTALLER
f	644	1000	1000	4	64	35974707	1785345632.5186728750	results/experiments/toolchain-environment/20260729T171551Z-toolchain-formal01/boots/repetition-03/lower/python312/lib/python3.12/site-packages/pip-24.0.dist-info/top_level.txt
f	644	1000	1000	4	64	35976989	1785345653.5345911930	results/experiments/toolchain-environment/20260729T171551Z-toolchain-formal01/boots/repetition-03/lower/python312/lib/python3.12/site-packages/pip-24.0.dist-info/INSTALLER
f	644	1000	1000	4006	64	35972761	1785345608.9727979830	results/experiments/toolchain-environment/20260729T171551Z-toolchain-formal01/boots/repetition-03/lower/python310/lib/python3.10/site-packages/pip/_vendor/chardet/escprober.py
f	644	1000	1000	4006	64	35975119	1785345634.0125450290	results/experiments/toolchain-environment/20260729T171551Z-toolchain-formal01/boots/repetition-03/lower/python312/lib/python3.12/site-packages/pip/_vendor/chardet/escprober.py
f	644	1000	1000	4007	64	35972819	1785345609.3702329060	results/experiments/toolchain-environment/20260729T171551Z-toolchain-formal01/boots/repetition-03/lower/python310/lib/python3.10/site-packages/pip/_vendor/chardet/sjisprober.py
f	644	1000	1000	4007	64	35975183	1785345634.3004382080	results/experiments/toolchain-environment/20260729T171551Z-toolchain-formal01/boots/repetition-03/lower/python312/lib/python3.12/site-packages/pip/_vendor/chardet/sjisprober.py
f	644	1000	1000	40074	64	35970791	1785345593.3564810980	results/experiments/toolchain-environment/20260729T171551Z-toolchain-formal01/boots/repetition-03/lower/python310/lib/python3.10/site-packages/setuptools/_vendor/packaging/specifiers.py
f	644	1000	1000	401	64	35974127	1785345621.1310785920	results/experiments/toolchain-environment/20260729T171551Z-toolchain-formal01/boots/repetition-03/lower/python310/lib/python3.10/site-packages/pip/_vendor/platformdirs/__pycache__/version.cpython-310.pyc
f	644	1000	1000	40172	64	35976779	1785345650.6305375790	results/experiments/toolchain-environment/20260729T171551Z-toolchain-formal01/boots/repetition-03/lower/python312/lib/python3.12/site-packages/pip/_vendor/rich/__pycache__/pretty.cpython-312.pyc
f	644	1000	1000	4018	64	35976321	1785345643.8944132350	results/experiments/toolchain-environment/20260729T171551Z-toolchain-formal01/boots/repetition-03/lower/python312/lib/python3.12/site-packages/pip/_vendor/chardet/__pycache__/mbcharsetprober.cpython-312.pyc
f	644	1000	1000	402	64	35972813	1785345609.3315050260	results/experiments/toolchain-environment/20260729T171551Z-toolchain-formal01/boots/repetition-03/lower/python310/lib/python3.10/site-packages/pip/_vendor/chardet/resultdict.py
f	644	1000	1000	402	64	35975177	1785345634.2773543760	results/experiments/toolchain-environment/20260729T171551Z-toolchain-formal01/boots/repetition-03/lower/python312/lib/python3.12/site-packages/pip/_vendor/chardet/resultdict.py
f	644	1000	1000	4020	64	35971319	1785345595.3175172410	results/experiments/toolchain-environment/20260729T171551Z-toolchain-formal01/boots/repetition-03/lower/python310/lib/python3.10/site-packages/setuptools/_vendor/jaraco.context-5.3.0.dist-info/METADATA
f	644	1000	1000	4022	64	35973713	1785345615.4156547650	results/experiments/toolchain-environment/20260729T171551Z-toolchain-formal01/boots/repetition-03/lower/python310/lib/python3.10/site-packages/pip/_internal/req/__pycache__/req_set.cpython-310.pyc
f	644	1000	1000	4024	64	35976857	1785345651.7454591660	results/experiments/toolchain-environment/20260729T171551Z-toolchain-formal01/boots/repetition-03/lower/python312/lib/python3.12/site-packages/pip/_vendor/tomli/__pycache__/_re.cpython-312.pyc
f	644	1000	1000	40285	64	35975731	1785345636.8782837460	results/experiments/toolchain-environment/20260729T171551Z-toolchain-formal01/boots/repetition-03/lower/python312/lib/python3.12/site-packages/pip/_vendor/urllib3/connectionpool.py
f	644	1000	1000	40299	64	35970399	1785345591.9016113740	results/experiments/toolchain-environment/20260729T171551Z-toolchain-formal01/boots/repetition-03/lower/python310/lib/python3.10/site-packages/setuptools/package_index.py
f	644	1000	1000	403	64	35975707	1785345636.7347409810	results/experiments/toolchain-environment/20260729T171551Z-toolchain-formal01/boots/repetition-03/lower/python312/lib/python3.12/site-packages/pip/_vendor/truststore/__init__.py
f	644	1000	1000	40302	64	35974467	1785345626.2717071890	results/experiments/toolchain-environment/20260729T171551Z-toolchain-formal01/boots/repetition-03/lower/python310/lib/python3.10/site-packages/pip/_vendor/rich/__pycache__/text.cpython-310.pyc
f	644	1000	1000	40386	64	35973039	1785345610.4028894370	results/experiments/toolchain-environment/20260729T171551Z-toolchain-formal01/boots/repetition-03/lower/python310/lib/python3.10/site-packages/pip/_vendor/pygments/filters/__init__.py
f	644	1000	1000	40386	64	35975347	1785345634.9766198260	results/experiments/toolchain-environment/20260729T171551Z-toolchain-formal01/boots/repetition-03/lower/python312/lib/python3.12/site-packages/pip/_vendor/pygments/filters/__init__.py
f	644	1000	1000	40388	64	35971795	1785345600.2216076370	results/experiments/toolchain-environment/20260729T171551Z-toolchain-formal01/boots/repetition-03/lower/python310/lib/python3.10/site-packages/setuptools/_vendor/importlib_metadata/__pycache__/__init__.cpython-310.pyc
f	644	1000	1000	404	64	35974471	1785345626.3292572980	results/experiments/toolchain-environment/20260729T171551Z-toolchain-formal01/boots/repetition-03/lower/python310/lib/python3.10/site-packages/pip/_vendor/rich/__pycache__/themes.cpython-310.pyc
f	644	1000	1000	4041	64	35974153	1785345621.4772743640	results/experiments/toolchain-environment/20260729T171551Z-toolchain-formal01/boots/repetition-03/lower/python310/lib/python3.10/site-packages/pip/_vendor/pygments/formatters/__pycache__/_mapping.cpython-310.pyc
f	644	1000	1000	4043	64	35976029	1785345640.2833465870	results/experiments/toolchain-environment/20260729T171551Z-toolchain-formal01/boots/repetition-03/lower/python312/lib/python3.12/site-packages/pip/_internal/operations/build/__pycache__/wheel_legacy.cpython-312.pyc
f	644	1000	1000	4065	64	35976353	1785345644.3072993400	results/experiments/toolchain-environment/20260729T171551Z-toolchain-formal01/boots/repetition-03/lower/python312/lib/python3.12/site-packages/pip/_vendor/colorama/__pycache__/ansi.cpython-312.pyc
f	644	1000	1000	4068	64	35972991	1785345610.1960012540	results/experiments/toolchain-environment/20260729T171551Z-toolchain-formal01/boots/repetition-03/lower/python310/lib/python3.10/site-packages/pip/_vendor/platformdirs/android.py
f	644	1000	1000	40688	64	35976517	1785345646.8094670420	results/experiments/toolchain-environment/20260729T171551Z-toolchain-formal01/boots/repetition-03/lower/python312/lib/python3.12/site-packages/pip/_vendor/pygments/formatters/__pycache__/html.cpython-312.pyc
f	644	1000	1000	407	64	35976411	1785345645.1441217470	results/experiments/toolchain-environment/20260729T171551Z-toolchain-formal01/boots/repetition-03/lower/python312/lib/python3.12/site-packages/pip/_vendor/distro/__pycache__/__main__.cpython-312.pyc
f	644	1000	1000	4072	64	35973471	1785345612.3040508860	results/experiments/toolchain-environment/20260729T171551Z-toolchain-formal01/boots/repetition-03/lower/python310/lib/python3.10/site-packages/pip-23.0.1.dist-info/METADATA
f	644	1000	1000	4073	64	35972521	1785345608.0120185710	results/experiments/toolchain-environment/20260729T171551Z-toolchain-formal01/boots/repetition-03/lower/python310/lib/python3.10/site-packages/pip/_internal/network/utils.py
f	644	1000	1000	4073	64	35974887	1785345633.1612739590	results/experiments/toolchain-environment/20260729T171551Z-toolchain-formal01/boots/repetition-03/lower/python312/lib/python3.12/site-packages/pip/_internal/network/utils.py
f	644	1000	1000	40778	64	35971581	1785345597.1975518940	results/experiments/toolchain-environment/20260729T171551Z-toolchain-formal01/boots/repetition-03/lower/python310/lib/python3.10/site-packages/setuptools/_distutils/compilers/C/__pycache__/base.cpython-310.pyc
f	644	1000	1000	4078	64	35972219	1785345605.6786867770	results/experiments/toolchain-environment/20260729T171551Z-toolchain-formal01/boots/repetition-03/lower/python310/lib/python3.10/site-packages/setuptools/tests/__pycache__/contexts.cpython-310.pyc
f	644	1000	1000	4084	64	35974373	1785345624.6555674860	results/experiments/toolchain-environment/20260729T171551Z-toolchain-formal01/boots/repetition-03/lower/python310/lib/python3.10/site-packages/pip/_vendor/rich/__pycache__/cells.cpython-310.pyc
f	644	1000	1000	40849	64	35975929	1785345638.7603184780	results/experiments/toolchain-environment/20260729T171551Z-toolchain-formal01/boots/repetition-03/lower/python312/lib/python3.12/site-packages/pip/_internal/index/__pycache__/package_finder.cpython-312.pyc
f	644	1000	1000	4086	64	35970459	1785345592.1074580770	results/experiments/toolchain-environment/20260729T171551Z-toolchain-formal01/boots/repetition-03/lower/python310/lib/python3.10/site-packages/setuptools/_distutils/spawn.py
f	644	1000	1000	4086	64	35972053	1785345603.8096737840	results/experiments/toolchain-environment/20260729T171551Z-toolchain-formal01/boots/repetition-03/lower/python310/lib/python3.10/site-packages/setuptools/_vendor/zipp/__pycache__/glob.cpython-310.pyc
f	644	1000	1000	4086	64	35974097	1785345620.7407063350	results/experiments/toolchain-environment/20260729T171551Z-toolchain-formal01/boots/repetition-03/lower/python310/lib/python3.10/site-packages/pip/_vendor/packaging/__pycache__/requirements.cpython-310.pyc
f	644	1000	1000	4089	64	35975893	1785345638.2150010590	results/experiments/toolchain-environment/20260729T171551Z-toolchain-formal01/boots/repetition-03/lower/python312/lib/python3.12/site-packages/pip/_internal/commands/__pycache__/inspect.cpython-312.pyc
f	644	1000	1000	4099	64	35970557	1785345592.4603921360	results/experiments/toolchain-environment/20260729T171551Z-toolchain-formal01/boots/repetition-03/lower/python310/lib/python3.10/site-packages/setuptools/_distutils/tests/support.py
f	644	1000	1000	41	64	35971235	1785345594.9884116500	results/experiments/toolchain-environment/20260729T171551Z-toolchain-formal01/boots/repetition-03/lower/python310/lib/python3.10/site-packages/setuptools-79.0.1.dist-info/top_level.txt
f	644	1000	1000	4104	64	35971617	1785345597.7755625480	results/experiments/toolchain-environment/20260729T171551Z-toolchain-formal01/boots/repetition-03/lower/python310/lib/python3.10/site-packages/setuptools/_distutils/__pycache__/errors.cpython-310.pyc
f	644	1000	1000	4104	64	35973045	1785345610.4261738140	results/experiments/toolchain-environment/20260729T171551Z-toolchain-formal01/boots/repetition-03/lower/python310/lib/python3.10/site-packages/pip/_vendor/pygments/formatters/_mapping.py
f	644	1000	1000	4104	64	35976129	1785345641.5423698230	results/experiments/toolchain-environment/20260729T171551Z-toolchain-formal01/boots/repetition-03/lower/python312/lib/python3.12/site-packages/pip/_internal/utils/__pycache__/entrypoints.cpython-312.pyc
f	644	1000	1000	4105	64	35972567	1785345608.1852082020	results/experiments/toolchain-environment/20260729T171551Z-toolchain-formal01/boots/repetition-03/lower/python310/lib/python3.10/site-packages/pip/_internal/operations/install/legacy.py
f	644	1000	1000	411	64	35970821	1785345593.4686509290	results/experiments/toolchain-environment/20260729T171551Z-toolchain-formal01/boots/repetition-03/lower/python310/lib/python3.10/site-packages/setuptools/_vendor/platformdirs/version.py
f	644	1000	1000	4110	64	35974175	1785345621.9332448050	results/experiments/toolchain-environment/20260729T171551Z-toolchain-formal01/boots/repetition-03/lower/python310/lib/python3.10/site-packages/pip/_vendor/pygments/formatters/__pycache__/terminal.cpython-310.pyc
f	644	1000	1000	4110	64	35974405	1785345625.1763846950	results/experiments/toolchain-environment/20260729T171551Z-toolchain-formal01/boots/repetition-03/lower/python310/lib/python3.10/site-packages/pip/_vendor/rich/__pycache__/jupyter.cpython-310.pyc
f	644	1000	1000	41100	64	35971893	1785345601.4586304420	results/experiments/toolchain-environment/20260729T171551Z-toolchain-formal01/boots/repetition-03/lower/python310/lib/python3.10/site-packages/setuptools/_vendor/packaging/licenses/__pycache__/_spdx.cpython-310.pyc
f	644	1000	1000	4112	64	35971671	1785345598.7045132810	results/experiments/toolchain-environment/20260729T171551Z-toolchain-formal01/boots/repetition-03/lower/python310/lib/python3.10/site-packages/setuptools/_distutils/tests/__pycache__/test_core.cpython-310.pyc
f	644	1000	1000	4112	64	35972325	1785345607.1154290970	results/experiments/toolchain-environment/20260729T171551Z-toolchain-formal01/boots/repetition-03/lower/python310/lib/python3.10/site-packages/setuptools/__pycache__/warnings.cpython-310.pyc
f	644	1000	1000	4116	64	35975871	1785345637.8584461930	results/experiments/toolchain-environment/20260729T171551Z-toolchain-formal01/boots/repetition-03/lower/python312/lib/python3.12/site-packages/pip/_internal/commands/__pycache__/__init__.cpython-312.pyc
f	644	1000	1000	412	64	35970745	1785345593.1544773740	results/experiments/toolchain-environment/20260729T171551Z-toolchain-formal01/boots/repetition-03/lower/python310/lib/python3.10/site-packages/setuptools/_vendor/jaraco/text/strip-prefix.py
f	644	1000	1000	412	64	35972113	1785345604.5544498180	results/experiments/toolchain-environment/20260729T171551Z-toolchain-formal01/boots/repetition-03/lower/python310/lib/python3.10/site-packages/setuptools/compat/__pycache__/py310.cpython-310.pyc
f	644	1000	1000	41259	64	35972875	1785345609.6863243860	results/experiments/toolchain-environment/20260729T171551Z-toolchain-formal01/boots/repetition-03/lower/python310/lib/python3.10/site-packages/pip/_vendor/distlib/compat.py
f	644	1000	1000	4127	64	35974265	1785345623.0460285370	results/experiments/toolchain-environment/20260729T171551Z-toolchain-formal01/boots/repetition-03/lower/python310/lib/python3.10/site-packages/pip/_vendor/requests/__pycache__/__init__.cpython-310.pyc
f	644	1000	1000	4127	64	35976253	1785345642.9713888430	results/experiments/toolchain-environment/20260729T171551Z-toolchain-formal01/boots/repetition-03/lower/python312/lib/python3.12/site-packages/pip/_vendor/chardet/cli/__pycache__/chardetect.cpython-312.pyc
f	644	1000	1000	4128	64	35974497	1785345626.6736725080	results/experiments/toolchain-environment/20260729T171551Z-toolchain-formal01/boots/repetition-03/lower/python310/lib/python3.10/site-packages/pip/_vendor/tenacity/__pycache__/stop.cpython-310.pyc
f	644	1000	1000	4129	64	35972399	1785345607.4799478640	results/experiments/toolchain-environment/20260729T171551Z-toolchain-formal01/boots/repetition-03/lower/python310/lib/python3.10/site-packages/pip/_internal/commands/completion.py
f	644	1000	1000	4133	64	35972547	1785345608.0756677860	results/experiments/toolchain-environment/20260729T171551Z-toolchain-formal01/boots/repetition-03/lower/python310/lib/python3.10/site-packages/pip/_internal/operations/build/build_tracker.py
f	644	1000	1000	4134	64	35976917	1785345652.5774156000	results/experiments/toolchain-environment/20260729T171551Z-toolchain-formal01/boots/repetition-03/lower/python312/lib/python3.12/site-packages/pip/_vendor/urllib3/__pycache__/filepost.cpython-312.pyc
f	644	1000	1000	4135	64	35973685	1785345615.0239425010	results/experiments/toolchain-environment/20260729T171551Z-toolchain-formal01/boots/repetition-03/lower/python310/lib/python3.10/site-packages/pip/_internal/operations/__pycache__/check.cpython-310.pyc
f	644	1000	1000	4137	64	35972817	1785345609.3585233910	results/experiments/toolchain-environment/20260729T171551Z-toolchain-formal01/boots/repetition-03/lower/python310/lib/python3.10/site-packages/pip/_vendor/chardet/sbcsgroupprober.py
f	644	1000	1000	4137	64	35975181	1785345634.2922360250	results/experiments/toolchain-environment/20260729T171551Z-toolchain-formal01/boots/repetition-03/lower/python312/lib/python3.12/site-packages/pip/_vendor/chardet/sbcsgroupprober.py
f	644	1000	1000	41384	64	35976825	1785345651.3405506870	results/experiments/toolchain-environment/20260729T171551Z-toolchain-formal01/boots/repetition-03/lower/python312/lib/python3.12/site-packages/pip/_vendor/__pycache__/six.cpython-312.pyc
f	644	1000	1000	41435	64	35976931	1785345652.7545767920	results/experiments/toolchain-environment/20260729T171551Z-toolchain-formal01/boots/repetition-03/lower/python312/lib/python3.12/site-packages/pip/_vendor/urllib3/packages/__pycache__/six.cpython-312.pyc
f	644	1000	1000	41487	64	35975227	1785345634.4752394020	results/experiments/toolchain-environment/20260729T171551Z-toolchain-formal01/boots/repetition-03/lower/python312/lib/python3.12/site-packages/pip/_vendor/distlib/compat.py
f	644	1000	1000	415	64	35973881	1785345617.4267489360	results/experiments/toolchain-environment/20260729T171551Z-toolchain-formal01/boots/repetition-03/lower/python310/lib/python3.10/site-packages/pip/_vendor/certifi/__pycache__/__init__.cpython-310.pyc
f	644	1000	1000	4151	64	35970549	1785345592.4347861930	results/experiments/toolchain-environment/20260729T171551Z-toolchain-formal01/boots/repetition-03/lower/python310/lib/python3.10/site-packages/setuptools/_distutils/compilers/C/tests/test_msvc.py
f	644	1000	1000	4154	64	35972715	1785345608.7482067310	results/experiments/toolchain-environment/20260729T171551Z-toolchain-formal01/boots/repetition-03/lower/python310/lib/python3.10/site-packages/pip/_vendor/cachecontrol/heuristics.py
f	644	1000	1000	41631	64	35970395	1785345591.8884540420	results/experiments/toolchain-environment/20260729T171551Z-toolchain-formal01/boots/repetition-03/lower/python310/lib/python3.10/site-packages/setuptools/msvc.py
f	644	1000	1000	417	64	35973213	1785345611.1696647220	results/experiments/toolchain-environment/20260729T171551Z-toolchain-formal01/boots/repetition-03/lower/python310/lib/python3.10/site-packages/pip/_vendor/rich/_timer.py
f	644	1000	1000	417	64	35975545	1785345635.9123018350	results/experiments/toolchain-environment/20260729T171551Z-toolchain-formal01/boots/repetition-03/lower/python312/lib/python3.12/site-packages/pip/_vendor/rich/_timer.py
f	644	1000	1000	4176	64	35975355	1785345635.0029086240	results/experiments/toolchain-environment/20260729T171551Z-toolchain-formal01/boots/repetition-03/lower/python312/lib/python3.12/site-packages/pip/_vendor/pygments/formatters/_mapping.py
f	644	1000	1000	4178	64	35975349	1785345634.9852006140	results/experiments/toolchain-environment/20260729T171551Z-toolchain-formal01/boots/repetition-03/lower/python312/lib/python3.12/site-packages/pip/_vendor/pygments/formatter.py
f	644	1000	1000	4187	64	35973773	1785345616.0805493210	results/experiments/toolchain-environment/20260729T171551Z-toolchain-formal01/boots/repetition-03/lower/python310/lib/python3.10/site-packages/pip/_internal/utils/__pycache__/compatibility_tags.cpython-310.pyc
f	644	1000	1000	41914	64	35976395	1785345644.9244322470	results/experiments/toolchain-environment/20260729T171551Z-toolchain-formal01/boots/repetition-03/lower/python312/lib/python3.12/site-packages/pip/_vendor/distlib/__pycache__/metadata.cpython-312.pyc
f	644	1000	1000	4197	64	35976551	1785345647.4504788740	results/experiments/toolchain-environment/20260729T171551Z-toolchain-formal01/boots/repetition-03/lower/python312/lib/python3.12/site-packages/pip/_vendor/pygments/__pycache__/regexopt.cpython-312.pyc
f	644	1000	1000	42	64	35970421	1785345591.9693849380	results/experiments/toolchain-environment/20260729T171551Z-toolchain-formal01/boots/repetition-03/lower/python310/lib/python3.10/site-packages/setuptools/_distutils/_log.py
f	644	1000	1000	4200	64	35972975	1785345610.1440412390	results/experiments/toolchain-environment/20260729T171551Z-toolchain-formal01/boots/repetition-03/lower/python310/lib/python3.10/site-packages/pip/_vendor/packaging/utils.py
f	644	1000	1000	4200	64	35975307	1785345634.8222778260	results/experiments/toolchain-environment/20260729T171551Z-toolchain-formal01/boots/repetition-03/lower/python312/lib/python3.12/site-packages/pip/_vendor/packaging/utils.py
f	644	1000	1000	4205	64	35971955	1785345602.4216481950	results/experiments/toolchain-environment/20260729T171551Z-toolchain-formal01/boots/repetition-03/lower/python310/lib/python3.10/site-packages/setuptools/_vendor/typeguard/__pycache__/_pytest_plugin.cpython-310.pyc
f	644	1000	1000	4211	64	35974439	1785345625.8470836150	results/experiments/toolchain-environment/20260729T171551Z-toolchain-formal01/boots/repetition-03/lower/python310/lib/python3.10/site-packages/pip/_vendor/rich/__pycache__/repr.cpython-310.pyc
f	644	1000	1000	4215	64	35971667	1785345598.6465786040	results/experiments/toolchain-environment/20260729T171551Z-toolchain-formal01/boots/repetition-03/lower/python310/lib/python3.10/site-packages/setuptools/_distutils/tests/__pycache__/test_cmd.cpython-310.pyc
f	644	1000	1000	42174	64	35974053	1785345620.0971782660	results/experiments/toolchain-environment/20260729T171551Z-toolchain-formal01/boots/repetition-03/lower/python310/lib/python3.10/site-packages/pip/_vendor/distro/__pycache__/distro.cpython-310.pyc
f	644	1000	1000	4221	64	35970613	1785345592.6661313760	results/experiments/toolchain-environment/20260729T171551Z-toolchain-formal01/boots/repetition-03/lower/python310/lib/python3.10/site-packages/setuptools/_distutils/tests/test_modified.py
f	644	1000	1000	4228	64	35970971	1785345594.0764943670	results/experiments/toolchain-environment/20260729T171551Z-toolchain-formal01/boots/repetition-03/lower/python310/lib/python3.10/site-packages/setuptools/command/_requirestxt.py
f	644	1000	1000	423	64	35970889	1785345593.7815417550	results/experiments/toolchain-environment/20260729T171551Z-toolchain-formal01/boots/repetition-03/lower/python310/lib/python3.10/site-packages/setuptools/_vendor/wheel/util.py
f	644	1000	1000	423	64	35973205	1785345611.1321513840	results/experiments/toolchain-environment/20260729T171551Z-toolchain-formal01/boots/repetition-03/lower/python310/lib/python3.10/site-packages/pip/_vendor/rich/_pick.py
f	644	1000	1000	423	64	35975537	1785345635.8686673620	results/experiments/toolchain-environment/20260729T171551Z-toolchain-formal01/boots/repetition-03/lower/python312/lib/python3.12/site-packages/pip/_vendor/rich/_pick.py
f	644	1000	1000	4235	64	35973155	1785345610.9386909410	results/experiments/toolchain-environment/20260729T171551Z-toolchain-formal01/boots/repetition-03/lower/python310/lib/python3.10/site-packages/pip/_vendor/requests/status_codes.py
f	644	1000	1000	4235	64	35975485	1785345635.5982393920	results/experiments/toolchain-environment/20260729T171551Z-toolchain-formal01/boots/repetition-03/lower/python312/lib/python3.12/site-packages/pip/_vendor/requests/status_codes.py
f	644	1000	1000	4237	64	35976235	1785345642.8800572810	results/experiments/toolchain-environment/20260729T171551Z-toolchain-formal01/boots/repetition-03/lower/python312/lib/python3.12/site-packages/pip/_vendor/chardet/__pycache__/charsetgroupprober.cpython-312.pyc
f	644	1000	1000	424	64	35971105	1785345594.5732561470	results/experiments/toolchain-environment/20260729T171551Z-toolchain-formal01/boots/repetition-03/lower/python310/lib/python3.10/site-packages/setuptools/tests/test_depends.py
f	644	1000	1000	4245	64	35974171	1785345621.8531113750	results/experiments/toolchain-environment/20260729T171551Z-toolchain-formal01/boots/repetition-03/lower/python310/lib/python3.10/site-packages/pip/_vendor/pygments/formatters/__pycache__/rtf.cpython-310.pyc
f	644	1000	1000	42498	64	35972783	1785345609.1161869110	results/experiments/toolchain-environment/20260729T171551Z-toolchain-formal01/boots/repetition-03/lower/python310/lib/python3.10/site-packages/pip/_vendor/chardet/johabfreq.py
f	644	1000	1000	42498	64	35975141	1785345634.1012325010	results/experiments/toolchain-environment/20260729T171551Z-toolchain-formal01/boots/repetition-03/lower/python312/lib/python3.12/site-packages/pip/_vendor/chardet/johabfreq.py
f	644	1000	1000	426	64	35976485	1785345646.2744414700	results/experiments/toolchain-environment/20260729T171551Z-toolchain-formal01/boots/repetition-03/lower/python312/lib/python3.12/site-packages/pip/_vendor/platformdirs/__pycache__/version.cpython-312.pyc
f	644	1000	1000	4261	64	35972223	1785345605.7318200200	results/experiments/toolchain-environment/20260729T171551Z-toolchain-formal01/boots/repetition-03/lower/python310/lib/python3.10/site-packages/setuptools/tests/__pycache__/fixtures.cpython-310.pyc
f	644	1000	1000	4263	64	35976689	1785345649.3295135610	results/experiments/toolchain-environment/20260729T171551Z-toolchain-formal01/boots/repetition-03/lower/python312/lib/python3.12/site-packages/pip/_vendor/rich/__pycache__/_log_render.cpython-312.pyc
f	644	1000	1000	4265	64	35971541	1785345596.6375415710	results/experiments/toolchain-environment/20260729T171551Z-toolchain-formal01/boots/repetition-03/lower/python310/lib/python3.10/site-packages/setuptools/_distutils/command/__pycache__/build.cpython-310.pyc
f	644	1000	1000	4271	64	35973531	1785345612.9439231970	results/experiments/toolchain-environment/20260729T171551Z-toolchain-formal01/boots/repetition-03/lower/python310/lib/python3.10/site-packages/pip/_internal/commands/__pycache__/completion.cpython-310.pyc
f	644	1000	1000	4272	64	35974869	1785345633.0975005550	results/experiments/toolchain-environment/20260729T171551Z-toolchain-formal01/boots/repetition-03/lower/python312/lib/python3.12/site-packages/pip/_internal/models/target_python.py
f	644	1000	1000	42755	64	35976545	1785345647.3454769360	results/experiments/toolchain-environment/20260729T171551Z-toolchain-formal01/boots/repetition-03/lower/python312/lib/python3.12/site-packages/pip/_vendor/pygments/lexers/__pycache__/python.cpython-312.pyc
f	644	1000	1000	4279	64	35972737	1785345608.8578650710	results/experiments/toolchain-environment/20260729T171551Z-toolchain-formal01/boots/repetition-03/lower/python310/lib/python3.10/site-packages/pip/_vendor/certifi/core.py
f	644	1000	1000	428	64	35973609	1785345613.9285008110	results/experiments/toolchain-environment/20260729T171551Z-toolchain-formal01/boots/repetition-03/lower/python310/lib/python3.10/site-packages/pip/_internal/metadata/importlib/__pycache__/__init__.cpython-310.pyc
f	644	1000	1000	4280	64	35972463	1785345607.7579035350	results/experiments/toolchain-environment/20260729T171551Z-toolchain-formal01/boots/repetition-03/lower/python310/lib/python3.10/site-packages/pip/_internal/metadata/__init__.py
f	644	1000	1000	4287	64	35974759	1785345632.6924112810	results/experiments/toolchain-environment/20260729T171551Z-toolchain-formal01/boots/repetition-03/lower/python312/lib/python3.12/site-packages/pip/_internal/commands/completion.py
f	644	1000	1000	4288	64	35972171	1785345605.1335569850	results/experiments/toolchain-environment/20260729T171551Z-toolchain-formal01/boots/repetition-03/lower/python310/lib/python3.10/site-packages/setuptools/__pycache__/installer.cpython-310.pyc
f	644	1000	1000	4292	64	35975073	1785345633.8413576190	results/experiments/toolchain-environment/20260729T171551Z-toolchain-formal01/boots/repetition-03/lower/python312/lib/python3.12/site-packages/pip/_vendor/cachecontrol/filewrapper.py
f	644	1000	1000	4297	64	35976121	1785345641.4183675340	results/experiments/toolchain-environment/20260729T171551Z-toolchain-formal01/boots/repetition-03/lower/python312/lib/python3.12/site-packages/pip/_internal/utils/__pycache__/deprecation.cpython-312.pyc
f	644	1000	1000	4299	64	35976949	1785345653.0365819980	results/experiments/toolchain-environment/20260729T171551Z-toolchain-formal01/boots/repetition-03/lower/python312/lib/python3.12/site-packages/pip/_vendor/urllib3/util/__pycache__/request.cpython-312.pyc
f	644	1000	1000	43	64	35970755	1785345593.1974781670	results/experiments/toolchain-environment/20260729T171551Z-toolchain-formal01/boots/repetition-03/lower/python310/lib/python3.10/site-packages/setuptools/_vendor/more_itertools/__init__.pyi
f	644	1000	1000	430	64	35976819	1785345651.2513838400	results/experiments/toolchain-environment/20260729T171551Z-toolchain-formal01/boots/repetition-03/lower/python312/lib/python3.12/site-packages/pip/_vendor/rich/__pycache__/themes.cpython-312.pyc
f	644	1000	1000	4301	64	35971767	1785345599.8333088690	results/experiments/toolchain-environment/20260729T171551Z-toolchain-formal01/boots/repetition-03/lower/python310/lib/python3.10/site-packages/setuptools/_vendor/autocommand/__pycache__/autoasync.cpython-310.pyc
f	644	1000	1000	4307	64	35973465	1785345612.2901148550	results/experiments/toolchain-environment/20260729T171551Z-toolchain-formal01/boots/repetition-03/lower/python310/lib/python3.10/site-packages/pip/_vendor/webencodings/x_user_defined.py
f	644	1000	1000	4307	64	35975823	1785345637.2851743750	results/experiments/toolchain-environment/20260729T171551Z-toolchain-formal01/boots/repetition-03/lower/python312/lib/python3.12/site-packages/pip/_vendor/webencodings/x_user_defined.py
f	644	1000	1000	431	64	35972197	1785345605.3936730250	results/experiments/toolchain-environment/20260729T171551Z-toolchain-formal01/boots/repetition-03/lower/python310/lib/python3.10/site-packages/setuptools/tests/compat/__pycache__/py39.cpython-310.pyc
f	644	1000	1000	4310	64	35976513	1785345646.7074651590	results/experiments/toolchain-environment/20260729T171551Z-toolchain-formal01/boots/repetition-03/lower/python312/lib/python3.12/site-packages/pip/_vendor/pygments/formatters/__pycache__/bbcode.cpython-312.pyc
f	644	1000	1000	4319	64	35971003	1785345594.1936137640	results/experiments/toolchain-environment/20260729T171551Z-toolchain-formal01/boots/repetition-03/lower/python310/lib/python3.10/site-packages/setuptools/command/install_lib.py
f	644	1000	1000	432	64	35971491	1785345596.0311089310	results/experiments/toolchain-environment/20260729T171551Z-toolchain-formal01/boots/repetition-03/lower/python310/lib/python3.10/site-packages/pkg_resources/tests/data/my-test-package-source/__pycache__/setup.cpython-310.pyc
f	644	1000	1000	4320	64	35973537	1785345613.0316529840	results/experiments/toolchain-environment/20260729T171551Z-toolchain-formal01/boots/repetition-03/lower/python310/lib/python3.10/site-packages/pip/_internal/commands/__pycache__/download.cpython-310.pyc
f	644	1000	1000	4325	64	35976745	1785345650.1404196810	results/experiments/toolchain-environment/20260729T171551Z-toolchain-formal01/boots/repetition-03/lower/python312/lib/python3.12/site-packages/pip/_vendor/rich/__pycache__/emoji.cpython-312.pyc
f	644	1000	1000	43259	64	35974025	1785345619.6275686960	results/experiments/toolchain-environment/20260729T171551Z-toolchain-formal01/boots/repetition-03/lower/python310/lib/python3.10/site-packages/pip/_vendor/distlib/__pycache__/database.cpython-310.pyc
f	644	1000	1000	433	64	35976219	1785345642.6656786680	results/experiments/toolchain-environment/20260729T171551Z-toolchain-formal01/boots/repetition-03/lower/python312/lib/python3.12/site-packages/pip/_vendor/certifi/__pycache__/__init__.cpython-312.pyc
f	644	1000	1000	4330	64	35971139	1785345594.7085060160	results/experiments/toolchain-environment/20260729T171551Z-toolchain-formal01/boots/repetition-03/lower/python310/lib/python3.10/site-packages/setuptools/tests/test_sandbox.py
f	644	1000	1000	4331	64	35970569	1785345592.5061706220	results/experiments/toolchain-environment/20260729T171551Z-toolchain-formal01/boots/repetition-03/lower/python310/lib/python3.10/site-packages/setuptools/_distutils/tests/test_build_clib.py
f	644	1000	1000	4331	64	35976511	1785345646.6644643650	results/experiments/toolchain-environment/20260729T171551Z-toolchain-formal01/boots/repetition-03/lower/python312/lib/python3.12/site-packages/pip/_vendor/pygments/formatters/__pycache__/_mapping.cpython-312.pyc
f	644	1000	1000	4334	64	35971695	1785345599.0732965770	results/experiments/toolchain-environment/20260729T171551Z-toolchain-formal01/boots/repetition-03/lower/python310/lib/python3.10/site-packages/setuptools/_distutils/tests/__pycache__/test_modified.cpython-310.pyc
f	644	1000	1000	4336	64	35971629	1785345598.0155669720	results/experiments/toolchain-environment/20260729T171551Z-toolchain-formal01/boots/repetition-03/lower/python310/lib/python3.10/site-packages/setuptools/_distutils/__pycache__/spawn.cpython-310.pyc
f	644	1000	1000	4338	64	35972379	1785345607.3843573740	results/experiments/toolchain-environment/20260729T171551Z-toolchain-formal01/boots/repetition-03/lower/python310/lib/python3.10/site-packages/pip/_internal/cli/main_parser.py
f	644	1000	1000	4338	64	35974739	1785345632.6162050990	results/experiments/toolchain-environment/20260729T171551Z-toolchain-formal01/boots/repetition-03/lower/python312/lib/python3.12/site-packages/pip/_internal/cli/main_parser.py
f	644	1000	1000	43383	64	35971117	1785345594.6205043940	results/experiments/toolchain-environment/20260729T171551Z-toolchain-formal01/boots/repetition-03/lower/python310/lib/python3.10/site-packages/setuptools/tests/test_editable_install.py
f	644	1000	1000	4339	64	35974829	1785345632.9432111330	results/experiments/toolchain-environment/20260729T171551Z-toolchain-formal01/boots/repetition-03/lower/python312/lib/python3.12/site-packages/pip/_internal/metadata/__init__.py
f	644	1000	1000	4339	64	35975645	1785345636.4422757010	results/experiments/toolchain-environment/20260729T171551Z-toolchain-formal01/boots/repetition-03/lower/python312/lib/python3.12/site-packages/pip/_vendor/rich/spinner.py
f	644	1000	1000	4341	64	35975973	1785345639.4113304930	results/experiments/toolchain-environment/20260729T171551Z-toolchain-formal01/boots/repetition-03/lower/python312/lib/python3.12/site-packages/pip/_internal/models/__pycache__/format_control.cpython-312.pyc
f	644	1000	1000	435	64	35973127	1785345610.8141162290	results/experiments/toolchain-environment/20260729T171551Z-toolchain-formal01/boots/repetition-03/lower/python310/lib/python3.10/site-packages/pip/_vendor/requests/__version__.py
f	644	1000	1000	435	64	35975457	1785345635.4225887290	results/experiments/toolchain-environment/20260729T171551Z-toolchain-formal01/boots/repetition-03/lower/python312/lib/python3.12/site-packages/pip/_vendor/requests/__version__.py
f	644	1000	1000	436	64	35974511	1785345626.8448073890	results/experiments/toolchain-environment/20260729T171551Z-toolchain-formal01/boots/repetition-03/lower/python310/lib/python3.10/site-packages/pip/_vendor/tomli/__pycache__/_types.cpython-310.pyc
f	644	1000	1000	4366	64	35971603	1785345597.5574129210	results/experiments/toolchain-environment/20260729T171551Z-toolchain-formal01/boots/repetition-03/lower/python310/lib/python3.10/site-packages/setuptools/_distutils/compilers/C/__pycache__/zos.cpython-310.pyc
f	644	1000	1000	43691	64	35976441	1785345645.5974446690	results/experiments/toolchain-environment/20260729T171551Z-toolchain-formal01/boots/repetition-03/lower/python312/lib/python3.12/site-packages/pip/_vendor/msgpack/__pycache__/fallback.cpython-312.pyc
f	644	1000	1000	43700	64	35976811	1785345651.1285467730	results/experiments/toolchain-environment/20260729T171551Z-toolchain-formal01/boots/repetition-03/lower/python312/lib/python3.12/site-packages/pip/_vendor/rich/__pycache__/table.cpython-312.pyc
f	644	1000	1000	4374	64	35973309	1785345611.5899758260	results/experiments/toolchain-environment/20260729T171551Z-toolchain-formal01/boots/repetition-03/lower/python310/lib/python3.10/site-packages/pip/_vendor/rich/spinner.py
f	644	1000	1000	4378	64	35972963	1785345610.0866537590	results/experiments/toolchain-environment/20260729T171551Z-toolchain-formal01/boots/repetition-03/lower/python310/lib/python3.10/site-packages/pip/_vendor/packaging/_musllinux.py
f	644	1000	1000	4378	64	35975295	1785345634.7734546820	results/experiments/toolchain-environment/20260729T171551Z-toolchain-formal01/boots/repetition-03/lower/python312/lib/python3.12/site-packages/pip/_vendor/packaging/_musllinux.py
f	644	1000	1000	4388	64	35976721	1785345649.7825219240	results/experiments/toolchain-environment/20260729T171551Z-toolchain-formal01/boots/repetition-03/lower/python312/lib/python3.12/site-packages/pip/_vendor/rich/__pycache__/bar.cpython-312.pyc
f	644	1000	1000	43898	64	35972913	1785345609.8961556670	results/experiments/toolchain-environment/20260729T171551Z-toolchain-formal01/boots/repetition-03/lower/python310/lib/python3.10/site-packages/pip/_vendor/distlib/wheel.py
f	644	1000	1000	4394	64	35973671	1785345614.7892367240	results/experiments/toolchain-environment/20260729T171551Z-toolchain-formal01/boots/repetition-03/lower/python310/lib/python3.10/site-packages/pip/_internal/operations/build/__pycache__/build_tracker.cpython-310.pyc
f	644	1000	1000	43958	64	35975249	1785345634.5862414510	results/experiments/toolchain-environment/20260729T171551Z-toolchain-formal01/boots/repetition-03/lower/python312/lib/python3.12/site-packages/pip/_vendor/distlib/wheel.py
f	644	1000	1000	44	64	35970271	1785345591.4606920320	results/experiments/toolchain-environment/20260729T171551Z-toolchain-formal01/boots/repetition-03/lower/python310/lib/python3.10/site-packages/_distutils_hack/override.py
f	644	1000	1000	4402	64	35970895	1785345593.7981054800	results/experiments/toolchain-environment/20260729T171551Z-toolchain-formal01/boots/repetition-03/lower/python310/lib/python3.10/site-packages/setuptools/_vendor/wheel/cli/__init__.py
f	644	1000	1000	4416	64	35970861	1785345593.6764869950	results/experiments/toolchain-environment/20260729T171551Z-toolchain-formal01/boots/repetition-03/lower/python310/lib/python3.10/site-packages/setuptools/_vendor/typeguard/_pytest_plugin.py
f	644	1000	1000	442	64	35971829	1785345600.6666158410	results/experiments/toolchain-environment/20260729T171551Z-toolchain-formal01/boots/repetition-03/lower/python310/lib/python3.10/site-packages/setuptools/_vendor/inflect/compat/__pycache__/py38.cpython-310.pyc
f	644	1000	1000	4420	64	35974441	1785345625.8810864740	results/experiments/toolchain-environment/20260729T171551Z-toolchain-formal01/boots/repetition-03/lower/python310/lib/python3.10/site-packages/pip/_vendor/rich/__pycache__/rule.cpython-310.pyc
f	644	1000	1000	4425	64	35973311	1785345611.5988859690	results/experiments/toolchain-environment/20260729T171551Z-toolchain-formal01/boots/repetition-03/lower/python310/lib/python3.10/site-packages/pip/_vendor/rich/status.py
f	644	1000	1000	4425	64	35975647	1785345636.4535918560	results/experiments/toolchain-environment/20260729T171551Z-toolchain-formal01/boots/repetition-03/lower/python312/lib/python3.12/site-packages/pip/_vendor/rich/status.py
f	644	1000	1000	4428	64	35976635	1785345648.6165922030	results/experiments/toolchain-environment/20260729T171551Z-toolchain-formal01/boots/repetition-03/lower/python312/lib/python3.12/site-packages/pip/_vendor/requests/__pycache__/help.cpython-312.pyc
f	644	1000	1000	443	64	35971935	1785345602.0866420190	results/experiments/toolchain-environment/20260729T171551Z-toolchain-formal01/boots/repetition-03/lower/python310/lib/python3.10/site-packages/setuptools/_vendor/tomli/__pycache__/_types.cpython-310.pyc
f	644	1000	1000	4431	64	35975635	1785345636.3906231270	results/experiments/toolchain-environment/20260729T171551Z-toolchain-formal01/boots/repetition-03/lower/python312/lib/python3.12/site-packages/pip/_vendor/rich/repr.py
f	644	1000	1000	4435	64	35975019	1785345633.6561521870	results/experiments/toolchain-environment/20260729T171551Z-toolchain-formal01/boots/repetition-03/lower/python312/lib/python3.12/site-packages/pip/_internal/utils/setuptools_build.py
f	644	1000	1000	4436	64	35973299	1785345611.5460707650	results/experiments/toolchain-environment/20260729T171551Z-toolchain-formal01/boots/repetition-03/lower/python310/lib/python3.10/site-packages/pip/_vendor/rich/repr.py
f	644	1000	1000	4437	64	35974119	1785345621.0091677960	results/experiments/toolchain-environment/20260729T171551Z-toolchain-formal01/boots/repetition-03/lower/python310/lib/python3.10/site-packages/pip/_vendor/platformdirs/__pycache__/android.cpython-310.pyc
f	644	1000	1000	44375	64	35972933	1785345609.9613364630	results/experiments/toolchain-environment/20260729T171551Z-toolchain-formal01/boots/repetition-03/lower/python310/lib/python3.10/site-packages/pip/_vendor/idna/idnadata.py
f	644	1000	1000	4442	64	35973875	1785345617.3608474270	results/experiments/toolchain-environment/20260729T171551Z-toolchain-formal01/boots/repetition-03/lower/python310/lib/python3.10/site-packages/pip/_vendor/cachecontrol/__pycache__/serialize.cpython-310.pyc
f	644	1000	1000	4462	64	35976209	1785345642.5444265410	results/experiments/toolchain-environment/20260729T171551Z-toolchain-formal01/boots/repetition-03/lower/python312/lib/python3.12/site-packages/pip/_vendor/cachecontrol/__pycache__/filewrapper.cpython-312.pyc
f	644	1000	1000	44674	64	35973947	1785345618.4043553410	results/experiments/toolchain-environment/20260729T171551Z-toolchain-formal01/boots/repetition-03/lower/python310/lib/python3.10/site-packages/pip/_vendor/chardet/__pycache__/langhebrewmodel.cpython-310.pyc
f	644	1000	1000	44691	64	35973955	1785345618.5766176400	results/experiments/toolchain-environment/20260729T171551Z-toolchain-formal01/boots/repetition-03/lower/python310/lib/python3.10/site-packages/pip/_vendor/chardet/__pycache__/langturkishmodel.cpython-310.pyc
f	644	1000	1000	44707	64	35972273	1785345606.4082572020	results/experiments/toolchain-environment/20260729T171551Z-toolchain-formal01/boots/repetition-03/lower/python310/lib/python3.10/site-packages/setuptools/tests/__pycache__/test_easy_install.cpython-310.pyc
f	644	1000	1000	448	64	35972323	1785345607.0922954470	results/experiments/toolchain-environment/20260729T171551Z-toolchain-formal01/boots/repetition-03/lower/python310/lib/python3.10/site-packages/setuptools/__pycache__/version.cpython-310.pyc
f	644	1000	1000	448	64	35974253	1785345622.8983036970	results/experiments/toolchain-environment/20260729T171551Z-toolchain-formal01/boots/repetition-03/lower/python310/lib/python3.10/site-packages/pip/_vendor/pyproject_hooks/__pycache__/_compat.cpython-310.pyc
f	644	1000	1000	4481	64	35974151	1785345621.4440916590	results/experiments/toolchain-environment/20260729T171551Z-toolchain-formal01/boots/repetition-03/lower/python310/lib/python3.10/site-packages/pip/_vendor/pygments/formatters/__pycache__/__init__.cpython-310.pyc
f	644	1000	1000	44850	64	35973953	1785345618.5352196990	results/experiments/toolchain-environment/20260729T171551Z-toolchain-formal01/boots/repetition-03/lower/python310/lib/python3.10/site-packages/pip/_vendor/chardet/__pycache__/langthaimodel.cpython-310.pyc
f	644	1000	1000	44866	64	35971119	1785345594.6286014500	results/experiments/toolchain-environment/20260729T171551Z-toolchain-formal01/boots/repetition-03/lower/python310/lib/python3.10/site-packages/setuptools/tests/test_egg_info.py
f	644	1000	1000	44897	64	35970369	1785345591.8034524750	results/experiments/toolchain-environment/20260729T171551Z-toolchain-formal01/boots/repetition-03/lower/python310/lib/python3.10/site-packages/setuptools/dist.py
f	644	1000	1000	44937	64	35970865	1785345593.6944873270	results/experiments/toolchain-environment/20260729T171551Z-toolchain-formal01/boots/repetition-03/lower/python310/lib/python3.10/site-packages/setuptools/_vendor/typeguard/_transformer.py
f	644	1000	1000	4498	64	35976267	1785345643.1792462220	results/experiments/toolchain-environment/20260729T171551Z-toolchain-formal01/boots/repetition-03/lower/python312/lib/python3.12/site-packages/pip/_vendor/chardet/__pycache__/eucjpprober.cpython-312.pyc
f	644	1000	1000	4499	64	35975031	1785345633.7041875560	results/experiments/toolchain-environment/20260729T171551Z-toolchain-formal01/boots/repetition-03/lower/python312/lib/python3.12/site-packages/pip/_internal/utils/wheel.py
f	644	1000	1000	450	64	35971201	1785345594.8965094810	results/experiments/toolchain-environment/20260729T171551Z-toolchain-formal01/boots/repetition-03/lower/python310/lib/python3.10/site-packages/setuptools/tests/config/downloads/preload.py
f	644	1000	1000	4500	64	35970587	1785345592.5796108520	results/experiments/toolchain-environment/20260729T171551Z-toolchain-formal01/boots/repetition-03/lower/python310/lib/python3.10/site-packages/setuptools/_distutils/tests/test_dir_util.py
f	644	1000	1000	4503	64	35973233	1785345611.2554176570	results/experiments/toolchain-environment/20260729T171551Z-toolchain-formal01/boots/repetition-03/lower/python310/lib/python3.10/site-packages/pip/_vendor/rich/cells.py
f	644	1000	1000	4509	64	35974157	1785345621.5654581810	results/experiments/toolchain-environment/20260729T171551Z-toolchain-formal01/boots/repetition-03/lower/python310/lib/python3.10/site-packages/pip/_vendor/pygments/formatters/__pycache__/groff.cpython-310.pyc
f	644	1000	1000	4509	64	35975565	1785345636.0372677090	results/experiments/toolchain-environment/20260729T171551Z-toolchain-formal01/boots/repetition-03/lower/python312/lib/python3.12/site-packages/pip/_vendor/rich/cells.py
f	644	1000	1000	4515	64	35971135	1785345594.6935057400	results/experiments/toolchain-environment/20260729T171551Z-toolchain-formal01/boots/repetition-03/lower/python310/lib/python3.10/site-packages/setuptools/tests/test_namespaces.py
f	644	1000	1000	4519	64	35976969	1785345653.3395875930	results/experiments/toolchain-environment/20260729T171551Z-toolchain-formal01/boots/repetition-03/lower/python312/lib/python3.12/site-packages/pip/_vendor/urllib3/util/__pycache__/wait.cpython-312.pyc
f	644	1000	1000	4523	64	35973827	1785345616.7443723340	results/experiments/toolchain-environment/20260729T171551Z-toolchain-formal01/boots/repetition-03/lower/python310/lib/python3.10/site-packages/pip/_internal/utils/__pycache__/wheel.cpython-310.pyc
f	644	1000	1000	4528	64	35970983	1785345594.1244952520	results/experiments/toolchain-environment/20260729T171551Z-toolchain-formal01/boots/repetition-03/lower/python310/lib/python3.10/site-packages/setuptools/command/build_clib.py
f	644	1000	1000	4528	64	35973399	1785345611.9648241580	results/experiments/toolchain-environment/20260729T171551Z-toolchain-formal01/boots/repetition-03/lower/python310/lib/python3.10/site-packages/pip/_vendor/urllib3/contrib/ntlmpool.py
f	644	1000	1000	4528	64	35974449	1785345626.0296655480	results/experiments/toolchain-environment/20260729T171551Z-toolchain-formal01/boots/repetition-03/lower/python310/lib/python3.10/site-packages/pip/_vendor/rich/__pycache__/spinner.cpython-310.pyc
f	644	1000	1000	4528	64	35975749	1785345636.9554931390	results/experiments/toolchain-environment/20260729T171551Z-toolchain-formal01/boots/repetition-03/lower/python312/lib/python3.12/site-packages/pip/_vendor/urllib3/contrib/ntlmpool.py
f	644	1000	1000	4530	64	35975885	1785345638.0802864030	results/experiments/toolchain-environment/20260729T171551Z-toolchain-formal01/boots/repetition-03/lower/python312/lib/python3.12/site-packages/pip/_internal/commands/__pycache__/freeze.cpython-312.pyc
f	644	1000	1000	4531	64	35975089	1785345633.9032902260	results/experiments/toolchain-environment/20260729T171551Z-toolchain-formal01/boots/repetition-03/lower/python312/lib/python3.12/site-packages/pip/_vendor/certifi/core.py
f	644	1000	1000	4549	64	35972673	1785345608.5997361730	results/experiments/toolchain-environment/20260729T171551Z-toolchain-formal01/boots/repetition-03/lower/python310/lib/python3.10/site-packages/pip/_internal/utils/wheel.py
f	644	1000	1000	4549	64	35974297	1785345623.5652157530	results/experiments/toolchain-environment/20260729T171551Z-toolchain-formal01/boots/repetition-03/lower/python310/lib/python3.10/site-packages/pip/_vendor/requests/__pycache__/structures.cpython-310.pyc
f	644	1000	1000	455	64	35970877	1785345593.7332700220	results/experiments/toolchain-environment/20260729T171551Z-toolchain-formal01/boots/repetition-03/lower/python310/lib/python3.10/site-packages/setuptools/_vendor/wheel/__main__.py
f	644	1000	1000	455	64	35971853	1785345601.0016220160	results/experiments/toolchain-environment/20260729T171551Z-toolchain-formal01/boots/repetition-03/lower/python310/lib/python3.10/site-packages/setuptools/_vendor/jaraco/text/__pycache__/to-dvorak.cpython-310.pyc
f	644	1000	1000	455	64	35971855	1785345601.0334384110	results/experiments/toolchain-environment/20260729T171551Z-toolchain-formal01/boots/repetition-03/lower/python310/lib/python3.10/site-packages/setuptools/_vendor/jaraco/text/__pycache__/to-qwerty.cpython-310.pyc
f	644	1000	1000	45525	64	35975659	1785345636.5192771220	results/experiments/toolchain-environment/20260729T171551Z-toolchain-formal01/boots/repetition-03/lower/python312/lib/python3.12/site-packages/pip/_vendor/rich/text.py
f	644	1000	1000	456	64	35971715	1785345599.4166514800	results/experiments/toolchain-environment/20260729T171551Z-toolchain-formal01/boots/repetition-03/lower/python310/lib/python3.10/site-packages/setuptools/_distutils/__pycache__/unixccompiler.cpython-310.pyc
f	644	1000	1000	4563	64	35971663	1785345598.5875775160	results/experiments/toolchain-environment/20260729T171551Z-toolchain-formal01/boots/repetition-03/lower/python310/lib/python3.10/site-packages/setuptools/_distutils/tests/__pycache__/test_check.cpython-310.pyc
f	644	1000	1000	4564	64	35976561	1785345647.5956552720	results/experiments/toolchain-environment/20260729T171551Z-toolchain-formal01/boots/repetition-03/lower/python312/lib/python3.12/site-packages/pip/_vendor/pygments/styles/__pycache__/__init__.cpython-312.pyc
f	644	1000	1000	45686	64	35973323	1785345611.6499637210	results/experiments/toolchain-environment/20260729T171551Z-toolchain-formal01/boots/repetition-03/lower/python310/lib/python3.10/site-packages/pip/_vendor/rich/text.py
f	644	1000	1000	4571	64	35973643	1785345614.4297650870	results/experiments/toolchain-environment/20260729T171551Z-toolchain-formal01/boots/repetition-03/lower/python310/lib/python3.10/site-packages/pip/_internal/models/__pycache__/wheel.cpython-310.pyc
f	644	1000	1000	45720	64	35976383	1785345644.7354287580	results/experiments/toolchain-environment/20260729T171551Z-toolchain-formal01/boots/repetition-03/lower/python312/lib/python3.12/site-packages/pip/_vendor/distlib/__pycache__/compat.cpython-312.pyc
f	644	1000	1000	458	64	35971859	1785345601.0735981230	results/experiments/toolchain-environment/20260729T171551Z-toolchain-formal01/boots/repetition-03/lower/python310/lib/python3.10/site-packages/setuptools/_vendor/more_itertools/__pycache__/__init__.cpython-310.pyc
f	644	1000	1000	4582	64	35974015	1785345619.4844319600	results/experiments/toolchain-environment/20260729T171551Z-toolchain-formal01/boots/repetition-03/lower/python310/lib/python3.10/site-packages/pip/_vendor/colorama/__pycache__/win32.cpython-310.pyc
f	644	1000	1000	4591	64	35973797	1785345616.3207416250	results/experiments/toolchain-environment/20260729T171551Z-toolchain-formal01/boots/repetition-03/lower/python310/lib/python3.10/site-packages/pip/_internal/utils/__pycache__/filesystem.cpython-310.pyc
f	644	1000	1000	4591	64	35976157	1785345641.9623245360	results/experiments/toolchain-environment/20260729T171551Z-toolchain-formal01/boots/repetition-03/lower/python312/lib/python3.12/site-packages/pip/_internal/utils/__pycache__/virtualenv.cpython-312.pyc
f	644	1000	1000	4593	64	35974419	1785345625.4182438720	results/experiments/toolchain-environment/20260729T171551Z-toolchain-formal01/boots/repetition-03/lower/python310/lib/python3.10/site-packages/pip/_vendor/rich/__pycache__/padding.cpython-310.pyc
f	644	1000	1000	4602	64	35975637	1785345636.4016919540	results/experiments/toolchain-environment/20260729T171551Z-toolchain-formal01/boots/repetition-03/lower/python312/lib/python3.12/site-packages/pip/_vendor/rich/rule.py
f	644	1000	1000	4610	64	35976339	1785345644.1304045900	results/experiments/toolchain-environment/20260729T171551Z-toolchain-formal01/boots/repetition-03/lower/python312/lib/python3.12/site-packages/pip/_vendor/chardet/__pycache__/sjisprober.cpython-312.pyc
f	644	1000	1000	4617	64	35970765	1785345593.2464790700	results/experiments/toolchain-environment/20260729T171551Z-toolchain-formal01/boots/repetition-03/lower/python310/lib/python3.10/site-packages/setuptools/_vendor/more_itertools/recipes.pyi
f	644	1000	1000	462	64	35973521	1785345612.8311730120	results/experiments/toolchain-environment/20260729T171551Z-toolchain-formal01/boots/repetition-03/lower/python310/lib/python3.10/site-packages/pip/_internal/cli/__pycache__/status_codes.cpython-310.pyc
f	644	1000	1000	46227	64	35973945	1785345618.3619421360	results/experiments/toolchain-environment/20260729T171551Z-toolchain-formal01/boots/repetition-03/lower/python310/lib/python3.10/site-packages/pip/_vendor/chardet/__pycache__/langgreekmodel.cpython-310.pyc
f	644	1000	1000	4625	64	35971549	1785345596.7535437100	results/experiments/toolchain-environment/20260729T171551Z-toolchain-formal01/boots/repetition-03/lower/python310/lib/python3.10/site-packages/setuptools/_distutils/command/__pycache__/build_scripts.cpython-310.pyc
f	644	1000	1000	4630	64	35973027	1785345610.3555892760	results/experiments/toolchain-environment/20260729T171551Z-toolchain-formal01/boots/repetition-03/lower/python310/lib/python3.10/site-packages/pip/_vendor/pygments/sphinxext.py
f	644	1000	1000	4631	64	35970483	1785345592.1861586140	results/experiments/toolchain-environment/20260729T171551Z-toolchain-formal01/boots/repetition-03/lower/python310/lib/python3.10/site-packages/setuptools/_distutils/command/bdist_dumb.py
f	644	1000	1000	4643	64	35974865	1785345633.0815049770	results/experiments/toolchain-environment/20260729T171551Z-toolchain-formal01/boots/repetition-03/lower/python312/lib/python3.12/site-packages/pip/_internal/models/search_scope.py
f	644	1000	1000	4644	64	35972499	1785345607.9193398550	results/experiments/toolchain-environment/20260729T171551Z-toolchain-formal01/boots/repetition-03/lower/python310/lib/python3.10/site-packages/pip/_internal/models/search_scope.py
f	644	1000	1000	4647	64	35976109	1785345641.2433118300	results/experiments/toolchain-environment/20260729T171551Z-toolchain-formal01/boots/repetition-03/lower/python312/lib/python3.12/site-packages/pip/_internal/utils/__pycache__/_jaraco_text.cpython-312.pyc
f	644	1000	1000	4648	64	35971273	1785345595.1351140740	results/experiments/toolchain-environment/20260729T171551Z-toolchain-formal01/boots/repetition-03/lower/python310/lib/python3.10/site-packages/setuptools/_vendor/importlib_metadata-8.0.0.dist-info/METADATA
f	644	1000	1000	465	64	35972701	1785345608.6820012560	results/experiments/toolchain-environment/20260729T171551Z-toolchain-formal01/boots/repetition-03/lower/python310/lib/python3.10/site-packages/pip/_vendor/cachecontrol/__init__.py
f	644	1000	1000	4653	64	35974209	1785345622.3040952940	results/experiments/toolchain-environment/20260729T171551Z-toolchain-formal01/boots/repetition-03/lower/python310/lib/python3.10/site-packages/pip/_vendor/pygments/__pycache__/sphinxext.cpython-310.pyc
f	644	1000	1000	4656	64	35972037	1785345603.5866823620	results/experiments/toolchain-environment/20260729T171551Z-toolchain-formal01/boots/repetition-03/lower/python310/lib/python3.10/site-packages/setuptools/_vendor/wheel/vendored/packaging/__pycache__/utils.cpython-310.pyc
f	644	1000	1000	466	64	35974505	1785345626.7567821650	results/experiments/toolchain-environment/20260729T171551Z-toolchain-formal01/boots/repetition-03/lower/python310/lib/python3.10/site-packages/pip/_vendor/tomli/__pycache__/__init__.cpython-310.pyc
f	644	1000	1000	4661	64	35976147	1785345641.8133748250	results/experiments/toolchain-environment/20260729T171551Z-toolchain-formal01/boots/repetition-03/lower/python312/lib/python3.12/site-packages/pip/_internal/utils/__pycache__/setuptools_build.cpython-312.pyc
f	644	1000	1000	4664	64	35972095	1785345604.3476837030	results/experiments/toolchain-environment/20260729T171551Z-toolchain-formal01/boots/repetition-03/lower/python310/lib/python3.10/site-packages/setuptools/command/__pycache__/install_lib.cpython-310.pyc
f	644	1000	1000	4673	64	35973957	1785345618.6095193330	results/experiments/toolchain-environment/20260729T171551Z-toolchain-formal01/boots/repetition-03/lower/python310/lib/python3.10/site-packages/pip/_vendor/chardet/__pycache__/latin1prober.cpython-310.pyc
f	644	1000	1000	4674	64	35973067	1785345610.5377822420	results/experiments/toolchain-environment/20260729T171551Z-toolchain-formal01/boots/repetition-03/lower/python310/lib/python3.10/site-packages/pip/_vendor/pygments/formatters/terminal.py
f	644	1000	1000	4674	64	35975377	1785345635.1122511570	results/experiments/toolchain-environment/20260729T171551Z-toolchain-formal01/boots/repetition-03/lower/python312/lib/python3.12/site-packages/pip/_vendor/pygments/formatters/terminal.py
f	644	1000	1000	4676	64	35972969	1785345610.1166495790	results/experiments/toolchain-environment/20260729T171551Z-toolchain-formal01/boots/repetition-03/lower/python310/lib/python3.10/site-packages/pip/_vendor/packaging/requirements.py
f	644	1000	1000	4676	64	35975301	1785345634.7974793820	results/experiments/toolchain-environment/20260729T171551Z-toolchain-formal01/boots/repetition-03/lower/python312/lib/python3.12/site-packages/pip/_vendor/packaging/requirements.py
f	644	1000	1000	468	64	35972319	1785345607.0443696610	results/experiments/toolchain-environment/20260729T171551Z-toolchain-formal01/boots/repetition-03/lower/python310/lib/python3.10/site-packages/setuptools/tests/__pycache__/textwrap.cpython-310.pyc
f	644	1000	1000	4681	64	35976263	1785345643.1221483290	results/experiments/toolchain-environment/20260729T171551Z-toolchain-formal01/boots/repetition-03/lower/python312/lib/python3.12/site-packages/pip/_vendor/chardet/__pycache__/escprober.cpython-312.pyc
f	644	1000	1000	4683	64	35976227	1785345642.7503921190	results/experiments/toolchain-environment/20260729T171551Z-toolchain-formal01/boots/repetition-03/lower/python312/lib/python3.12/site-packages/pip/_vendor/chardet/__pycache__/__init__.cpython-312.pyc
f	644	1000	1000	4685	64	35976505	1785345646.5875666430	results/experiments/toolchain-environment/20260729T171551Z-toolchain-formal01/boots/repetition-03/lower/python312/lib/python3.12/site-packages/pip/_vendor/pygments/__pycache__/formatter.cpython-312.pyc
f	644	1000	1000	4690	64	35974211	1785345622.3346248470	results/experiments/toolchain-environment/20260729T171551Z-toolchain-formal01/boots/repetition-03/lower/python310/lib/python3.10/site-packages/pip/_vendor/pygments/__pycache__/style.cpython-310.pyc
f	644	1000	1000	4697	64	35973545	1785345613.1392363690	results/experiments/toolchain-environment/20260729T171551Z-toolchain-formal01/boots/repetition-03/lower/python310/lib/python3.10/site-packages/pip/_internal/commands/__pycache__/index.cpython-310.pyc
f	644	1000	1000	4699	64	35974163	1785345621.6909770820	results/experiments/toolchain-environment/20260729T171551Z-toolchain-formal01/boots/repetition-03/lower/python310/lib/python3.10/site-packages/pip/_vendor/pygments/formatters/__pycache__/irc.cpython-310.pyc
f	644	1000	1000	470	64	35971749	1785345599.6331498310	results/experiments/toolchain-environment/20260729T171551Z-toolchain-formal01/boots/repetition-03/lower/python310/lib/python3.10/site-packages/setuptools/__pycache__/_importlib.cpython-310.pyc
f	644	1000	1000	4704	64	35974451	1785345626.0634926550	results/experiments/toolchain-environment/20260729T171551Z-toolchain-formal01/boots/repetition-03/lower/python310/lib/python3.10/site-packages/pip/_vendor/rich/__pycache__/status.cpython-310.pyc
f	644	1000	1000	4704	64	35974939	1785345633.3535990910	results/experiments/toolchain-environment/20260729T171551Z-toolchain-formal01/boots/repetition-03/lower/python312/lib/python3.12/site-packages/pip/_internal/req/req_set.py
f	644	1000	1000	4709	64	35973815	1785345616.5727295470	results/experiments/toolchain-environment/20260729T171551Z-toolchain-formal01/boots/repetition-03/lower/python310/lib/python3.10/site-packages/pip/_internal/utils/__pycache__/setuptools_build.cpython-310.pyc
f	644	1000	1000	4712	64	35973591	1785345613.7170726230	results/experiments/toolchain-environment/20260729T171551Z-toolchain-formal01/boots/repetition-03/lower/python310/lib/python3.10/site-packages/pip/_internal/locations/__pycache__/_distutils.cpython-310.pyc
f	644	1000	1000	472	64	35973861	1785345617.1182867020	results/experiments/toolchain-environment/20260729T171551Z-toolchain-formal01/boots/repetition-03/lower/python310/lib/python3.10/site-packages/pip/_vendor/cachecontrol/caches/__pycache__/__init__.cpython-310.pyc
f	644	1000	1000	472	64	35975955	1785345639.1170009350	results/experiments/toolchain-environment/20260729T171551Z-toolchain-formal01/boots/repetition-03/lower/python312/lib/python3.12/site-packages/pip/_internal/metadata/importlib/__pycache__/__init__.cpython-312.pyc
f	644	1000	1000	4723	64	35974091	1785345620.6573314060	results/experiments/toolchain-environment/20260729T171551Z-toolchain-formal01/boots/repetition-03/lower/python310/lib/python3.10/site-packages/pip/_vendor/packaging/__pycache__/_musllinux.cpython-310.pyc
f	644	1000	1000	4728	64	35971983	1785345602.8206555510	results/experiments/toolchain-environment/20260729T171551Z-toolchain-formal01/boots/repetition-03/lower/python310/lib/python3.10/site-packages/setuptools/_vendor/wheel/cli/__pycache__/__init__.cpython-310.pyc
f	644	1000	1000	473	64	35971929	1785345601.9936403040	results/experiments/toolchain-environment/20260729T171551Z-toolchain-formal01/boots/repetition-03/lower/python310/lib/python3.10/site-packages/setuptools/_vendor/tomli/__pycache__/__init__.cpython-310.pyc
f	644	1000	1000	4748	64	35976419	1785345645.2313178220	results/experiments/toolchain-environment/20260729T171551Z-toolchain-formal01/boots/repetition-03/lower/python312/lib/python3.12/site-packages/pip/_vendor/idna/__pycache__/codec.cpython-312.pyc
f	644	1000	1000	476	64	35972697	1785345608.6744348670	results/experiments/toolchain-environment/20260729T171551Z-toolchain-formal01/boots/repetition-03/lower/python310/lib/python3.10/site-packages/pip/_vendor/vendor.txt
f	644	1000	1000	4760	64	35970901	1785345593.8260647970	results/experiments/toolchain-environment/20260729T171551Z-toolchain-formal01/boots/repetition-03/lower/python310/lib/python3.10/site-packages/setuptools/_vendor/wheel/cli/tags.py
f	644	1000	1000	4769	64	35971905	1785345601.6723827180	results/experiments/toolchain-environment/20260729T171551Z-toolchain-formal01/boots/repetition-03/lower/python310/lib/python3.10/site-packages/setuptools/_vendor/packaging/__pycache__/utils.cpython-310.pyc
f	644	1000	1000	4773	64	35973301	1785345611.5544243520	results/experiments/toolchain-environment/20260729T171551Z-toolchain-formal01/boots/repetition-03/lower/python310/lib/python3.10/site-packages/pip/_vendor/rich/rule.py
f	644	1000	1000	4775	64	35974773	1785345632.7482343640	results/experiments/toolchain-environment/20260729T171551Z-toolchain-formal01/boots/repetition-03/lower/python312/lib/python3.12/site-packages/pip/_internal/commands/index.py
f	644	1000	1000	4782	64	35974217	1785345622.3958107860	results/experiments/toolchain-environment/20260729T171551Z-toolchain-formal01/boots/repetition-03/lower/python310/lib/python3.10/site-packages/pip/_vendor/pygments/__pycache__/token.cpython-310.pyc
f	644	1000	1000	4784	64	35974295	1785345623.5355280260	results/experiments/toolchain-environment/20260729T171551Z-toolchain-formal01/boots/repetition-03/lower/python310/lib/python3.10/site-packages/pip/_vendor/requests/__pycache__/status_codes.cpython-310.pyc
f	644	1000	1000	4793	64	35972413	1785345607.5515960300	results/experiments/toolchain-environment/20260729T171551Z-toolchain-formal01/boots/repetition-03/lower/python310/lib/python3.10/site-packages/pip/_internal/commands/index.py
f	644	1000	1000	4794	64	35973171	1785345610.9997993530	results/experiments/toolchain-environment/20260729T171551Z-toolchain-formal01/boots/repetition-03/lower/python310/lib/python3.10/site-packages/pip/_vendor/resolvelib/structs.py
f	644	1000	1000	4797	64	35972741	1785345608.8692506390	results/experiments/toolchain-environment/20260729T171551Z-toolchain-formal01/boots/repetition-03/lower/python310/lib/python3.10/site-packages/pip/_vendor/chardet/__init__.py
f	644	1000	1000	4797	64	35975093	1785345633.9112289950	results/experiments/toolchain-environment/20260729T171551Z-toolchain-formal01/boots/repetition-03/lower/python312/lib/python3.12/site-packages/pip/_vendor/chardet/__init__.py
f	644	1000	1000	47997	64	35973949	1785345618.4450619540	results/experiments/toolchain-environment/20260729T171551Z-toolchain-formal01/boots/repetition-03/lower/python310/lib/python3.10/site-packages/pip/_vendor/chardet/__pycache__/langhungarianmodel.cpython-310.pyc
f	644	1000	1000	48	64	35971425	1785345595.7001533250	results/experiments/toolchain-environment/20260729T171551Z-toolchain-formal01/boots/repetition-03/lower/python310/lib/python3.10/site-packages/setuptools/_vendor/typeguard-4.3.0.dist-info/entry_points.txt
f	644	1000	1000	4803	64	35970617	1785345592.6814686570	results/experiments/toolchain-environment/20260729T171551Z-toolchain-formal01/boots/repetition-03/lower/python310/lib/python3.10/site-packages/setuptools/_distutils/tests/test_spawn.py
f	644	1000	1000	48037	64	35973943	1785345618.3181298720	results/experiments/toolchain-environment/20260729T171551Z-toolchain-formal01/boots/repetition-03/lower/python310/lib/python3.10/site-packages/pip/_vendor/chardet/__pycache__/langbulgarianmodel.cpython-310.pyc
f	644	1000	1000	4807	64	35976179	1785345642.2355947170	results/experiments/toolchain-environment/20260729T171551Z-toolchain-formal01/boots/repetition-03/lower/python312/lib/python3.12/site-packages/pip/_vendor/__pycache__/__init__.cpython-312.pyc
f	644	1000	1000	4810	64	35973043	1785345610.4160113840	results/experiments/toolchain-environment/20260729T171551Z-toolchain-formal01/boots/repetition-03/lower/python310/lib/python3.10/site-packages/pip/_vendor/pygments/formatters/__init__.py
f	644	1000	1000	4811	64	35974469	1785345626.3006990450	results/experiments/toolchain-environment/20260729T171551Z-toolchain-formal01/boots/repetition-03/lower/python310/lib/python3.10/site-packages/pip/_vendor/rich/__pycache__/theme.cpython-310.pyc
f	644	1000	1000	4813	64	35972063	1785345603.9173026220	results/experiments/toolchain-environment/20260729T171551Z-toolchain-formal01/boots/repetition-03/lower/python310/lib/python3.10/site-packages/setuptools/command/__pycache__/_requirestxt.cpython-310.pyc
f	644	1000	1000	4814	64	35973959	1785345618.6405316510	results/experiments/toolchain-environment/20260729T171551Z-toolchain-formal01/boots/repetition-03/lower/python310/lib/python3.10/site-packages/pip/_vendor/chardet/__pycache__/macromanprober.cpython-310.pyc
f	644	1000	1000	482	64	35976859	1785345651.7744013250	results/experiments/toolchain-environment/20260729T171551Z-toolchain-formal01/boots/repetition-03/lower/python312/lib/python3.12/site-packages/pip/_vendor/tomli/__pycache__/_types.cpython-312.pyc
f	644	1000	1000	4827	64	35973873	1785345617.3246165530	results/experiments/toolchain-environment/20260729T171551Z-toolchain-formal01/boots/repetition-03/lower/python310/lib/python3.10/site-packages/pip/_vendor/cachecontrol/__pycache__/heuristics.cpython-310.pyc
f	644	1000	1000	4828	64	35975075	1785345633.8494980290	results/experiments/toolchain-environment/20260729T171551Z-toolchain-formal01/boots/repetition-03/lower/python312/lib/python3.12/site-packages/pip/_vendor/cachecontrol/heuristics.py
f	644	1000	1000	4831	64	35972649	1785345608.5079622230	results/experiments/toolchain-environment/20260729T171551Z-toolchain-formal01/boots/repetition-03/lower/python310/lib/python3.10/site-packages/pip/_internal/utils/hashes.py
f	644	1000	1000	4832	64	35974899	1785345633.1951412530	results/experiments/toolchain-environment/20260729T171551Z-toolchain-formal01/boots/repetition-03/lower/python312/lib/python3.12/site-packages/pip/_internal/operations/build/build_tracker.py
f	644	1000	1000	48398	64	35970803	1785345593.3994818900	results/experiments/toolchain-environment/20260729T171551Z-toolchain-formal01/boots/repetition-03/lower/python310/lib/python3.10/site-packages/setuptools/_vendor/packaging/licenses/_spdx.py
f	644	1000	1000	4840	64	35975903	1785345638.3801450750	results/experiments/toolchain-environment/20260729T171551Z-toolchain-formal01/boots/repetition-03/lower/python312/lib/python3.12/site-packages/pip/_internal/commands/__pycache__/uninstall.cpython-312.pyc
f	644	1000	1000	4841	64	35973601	1785345613.8333319450	results/experiments/toolchain-environment/20260729T171551Z-toolchain-formal01/boots/repetition-03/lower/python310/lib/python3.10/site-packages/pip/_internal/metadata/__pycache__/__init__.cpython-310.pyc
f	644	1000	1000	4855	64	35970351	1785345591.7436650120	results/experiments/toolchain-environment/20260729T171551Z-toolchain-formal01/boots/repetition-03/lower/python310/lib/python3.10/site-packages/setuptools/_static.py
f	644	1000	1000	4858	64	35974403	1785345625.1450293600	results/experiments/toolchain-environment/20260729T171551Z-toolchain-formal01/boots/repetition-03/lower/python310/lib/python3.10/site-packages/pip/_vendor/rich/__pycache__/json.cpython-310.pyc
f	644	1000	1000	48617	64	35976585	1785345647.9654883810	results/experiments/toolchain-environment/20260729T171551Z-toolchain-formal01/boots/repetition-03/lower/python312/lib/python3.12/site-packages/pip/_vendor/pyparsing/__pycache__/helpers.cpython-312.pyc
f	644	1000	1000	4872	64	35976553	1785345647.4864795390	results/experiments/toolchain-environment/20260729T171551Z-toolchain-formal01/boots/repetition-03/lower/python312/lib/python3.12/site-packages/pip/_vendor/pygments/__pycache__/scanner.cpython-312.pyc
f	644	1000	1000	4872	64	35976943	1785345652.9292435910	results/experiments/toolchain-environment/20260729T171551Z-toolchain-formal01/boots/repetition-03/lower/python312/lib/python3.12/site-packages/pip/_vendor/urllib3/util/__pycache__/connection.cpython-312.pyc
f	644	1000	1000	488	64	35974309	1785345623.6926128500	results/experiments/toolchain-environment/20260729T171551Z-toolchain-formal01/boots/repetition-03/lower/python310/lib/python3.10/site-packages/pip/_vendor/resolvelib/compat/__pycache__/collections_abc.cpython-310.pyc
f	644	1000	1000	489	64	35975867	1785345637.8276486820	results/experiments/toolchain-environment/20260729T171551Z-toolchain-formal01/boots/repetition-03/lower/python312/lib/python3.12/site-packages/pip/_internal/cli/__pycache__/status_codes.cpython-312.pyc
f	644	1000	1000	490	64	35976599	1785345648.1686739130	results/experiments/toolchain-environment/20260729T171551Z-toolchain-formal01/boots/repetition-03/lower/python312/lib/python3.12/site-packages/pip/_vendor/pyproject_hooks/__pycache__/_compat.cpython-312.pyc
f	644	1000	1000	4900	64	35971449	1785345595.7875259040	results/experiments/toolchain-environment/20260729T171551Z-toolchain-formal01/boots/repetition-03/lower/python310/lib/python3.10/site-packages/setuptools/_vendor/wheel-0.45.1.dist-info/RECORD
f	644	1000	1000	4901	64	35973431	1785345612.1123249540	results/experiments/toolchain-environment/20260729T171551Z-toolchain-formal01/boots/repetition-03/lower/python310/lib/python3.10/site-packages/pip/_vendor/urllib3/util/connection.py
f	644	1000	1000	4901	64	35975787	1785345637.1283063930	results/experiments/toolchain-environment/20260729T171551Z-toolchain-formal01/boots/repetition-03/lower/python312/lib/python3.12/site-packages/pip/_vendor/urllib3/util/connection.py
f	644	1000	1000	4902	64	35972105	1785345604.4784531850	results/experiments/toolchain-environment/20260729T171551Z-toolchain-formal01/boots/repetition-03/lower/python310/lib/python3.10/site-packages/setuptools/command/__pycache__/setopt.cpython-310.pyc
f	644	1000	1000	491	64	35973111	1785345610.7573740240	results/experiments/toolchain-environment/20260729T171551Z-toolchain-formal01/boots/repetition-03/lower/python310/lib/python3.10/site-packages/pip/_vendor/pyproject_hooks/__init__.py
f	644	1000	1000	491	64	35975441	1785345635.3716731740	results/experiments/toolchain-environment/20260729T171551Z-toolchain-formal01/boots/repetition-03/lower/python312/lib/python3.12/site-packages/pip/_vendor/pyproject_hooks/__init__.py
f	644	1000	1000	4910	64	35972993	1785345610.2056825460	results/experiments/toolchain-environment/20260729T171551Z-toolchain-formal01/boots/repetition-03/lower/python310/lib/python3.10/site-packages/pip/_vendor/platformdirs/api.py
f	644	1000	1000	4915	64	35974167	1785345621.7740424530	results/experiments/toolchain-environment/20260729T171551Z-toolchain-formal01/boots/repetition-03/lower/python310/lib/python3.10/site-packages/pip/_vendor/pygments/formatters/__pycache__/other.cpython-310.pyc
f	644	1000	1000	4922	64	35976831	1785345651.3995517760	results/experiments/toolchain-environment/20260729T171551Z-toolchain-formal01/boots/repetition-03/lower/python312/lib/python3.12/site-packages/pip/_vendor/tenacity/__pycache__/_asyncio.cpython-312.pyc
f	644	1000	1000	493	64	35971029	1785345594.2834981830	results/experiments/toolchain-environment/20260729T171551Z-toolchain-formal01/boots/repetition-03/lower/python310/lib/python3.10/site-packages/setuptools/compat/py39.py
f	644	1000	1000	493	64	35971033	1785345594.2914983300	results/experiments/toolchain-environment/20260729T171551Z-toolchain-formal01/boots/repetition-03/lower/python310/lib/python3.10/site-packages/setuptools/config/NOTICE
f	644	1000	1000	493	64	35975811	1785345637.2435788200	results/experiments/toolchain-environment/20260729T171551Z-toolchain-formal01/boots/repetition-03/lower/python312/lib/python3.12/site-packages/pip/_vendor/vendor.txt
f	644	1000	1000	49330	64	35972921	1785345609.9212414470	results/experiments/toolchain-environment/20260729T171551Z-toolchain-formal01/boots/repetition-03/lower/python310/lib/python3.10/site-packages/pip/_vendor/distro/distro.py
f	644	1000	1000	49330	64	35975257	1785345634.6113530230	results/experiments/toolchain-environment/20260729T171551Z-toolchain-formal01/boots/repetition-03/lower/python312/lib/python3.12/site-packages/pip/_vendor/distro/distro.py
f	644	1000	1000	494	64	35970769	1785345593.2565102510	results/experiments/toolchain-environment/20260729T171551Z-toolchain-formal01/boots/repetition-03/lower/python310/lib/python3.10/site-packages/setuptools/_vendor/packaging/__init__.py
f	644	1000	1000	494	64	35971513	1785345596.2895351570	results/experiments/toolchain-environment/20260729T171551Z-toolchain-formal01/boots/repetition-03/lower/python310/lib/python3.10/site-packages/setuptools/_distutils/__pycache__/__init__.cpython-310.pyc
f	644	1000	1000	4946	64	35970497	1785345592.2412034720	results/experiments/toolchain-environment/20260729T171551Z-toolchain-formal01/boots/repetition-03/lower/python310/lib/python3.10/site-packages/setuptools/_distutils/command/check.py
f	644	1000	1000	4963	64	35975507	1785345635.7092948030	results/experiments/toolchain-environment/20260729T171551Z-toolchain-formal01/boots/repetition-03/lower/python312/lib/python3.12/site-packages/pip/_vendor/resolvelib/structs.py
f	644	1000	1000	4965	64	35971535	1785345596.5475399120	results/experiments/toolchain-environment/20260729T171551Z-toolchain-formal01/boots/repetition-03/lower/python310/lib/python3.10/site-packages/setuptools/_distutils/command/__pycache__/bdist.cpython-310.pyc
f	644	1000	1000	4966	64	35972691	1785345608.6525162700	results/experiments/toolchain-environment/20260729T171551Z-toolchain-formal01/boots/repetition-03/lower/python310/lib/python3.10/site-packages/pip/_vendor/__init__.py
f	644	1000	1000	497	64	35972959	1785345610.0655150590	results/experiments/toolchain-environment/20260729T171551Z-toolchain-formal01/boots/repetition-03/lower/python310/lib/python3.10/site-packages/pip/_vendor/packaging/__init__.py
f	644	1000	1000	497	64	35975291	1785345634.7562445870	results/experiments/toolchain-environment/20260729T171551Z-toolchain-formal01/boots/repetition-03/lower/python312/lib/python3.12/site-packages/pip/_vendor/packaging/__init__.py
f	644	1000	1000	4970	64	35973279	1785345611.4573614900	results/experiments/toolchain-environment/20260729T171551Z-toolchain-formal01/boots/repetition-03/lower/python310/lib/python3.10/site-packages/pip/_vendor/rich/padding.py
f	644	1000	1000	4970	64	35975615	1785345636.2895484170	results/experiments/toolchain-environment/20260729T171551Z-toolchain-formal01/boots/repetition-03/lower/python312/lib/python3.12/site-packages/pip/_vendor/rich/padding.py
f	644	1000	1000	4978	64	35973739	1785345615.7546464470	results/experiments/toolchain-environment/20260729T171551Z-toolchain-formal01/boots/repetition-03/lower/python310/lib/python3.10/site-packages/pip/_internal/resolution/resolvelib/__pycache__/found_candidates.cpython-310.pyc
f	644	1000	1000	498	64	35973435	1785345612.1358795910	results/experiments/toolchain-environment/20260729T171551Z-toolchain-formal01/boots/repetition-03/lower/python310/lib/python3.10/site-packages/pip/_vendor/urllib3/util/queue.py
f	644	1000	1000	498	64	35975791	1785345637.1466858910	results/experiments/toolchain-environment/20260729T171551Z-toolchain-formal01/boots/repetition-03/lower/python312/lib/python3.12/site-packages/pip/_vendor/urllib3/util/queue.py
f	644	1000	1000	4981	64	35975365	1785345635.0492499940	results/experiments/toolchain-environment/20260729T171551Z-toolchain-formal01/boots/repetition-03/lower/python312/lib/python3.12/site-packages/pip/_vendor/pygments/formatters/irc.py
f	644	1000	1000	4993	64	35975051	1785345633.7655942190	results/experiments/toolchain-environment/20260729T171551Z-toolchain-formal01/boots/repetition-03/lower/python312/lib/python3.12/site-packages/pip/_vendor/__init__.py
f	644	1000	1000	5	64	35971471	1785345595.8745275080	results/experiments/toolchain-environment/20260729T171551Z-toolchain-formal01/boots/repetition-03/lower/python310/lib/python3.10/site-packages/setuptools/_vendor/zipp-3.19.2.dist-info/top_level.txt
f	644	1000	1000	50	64	35972509	1785345607.9564957750	results/experiments/toolchain-environment/20260729T171551Z-toolchain-formal01/boots/repetition-03/lower/python310/lib/python3.10/site-packages/pip/_internal/network/__init__.py
f	644	1000	1000	50	64	35974875	1785345633.1135820330	results/experiments/toolchain-environment/20260729T171551Z-toolchain-formal01/boots/repetition-03/lower/python312/lib/python3.12/site-packages/pip/_internal/network/__init__.py
f	644	1000	1000	500	64	35976853	1785345651.6844853640	results/experiments/toolchain-environment/20260729T171551Z-toolchain-formal01/boots/repetition-03/lower/python312/lib/python3.12/site-packages/pip/_vendor/tomli/__pycache__/__init__.cpython-312.pyc
f	644	1000	1000	5010	64	35976763	1785345650.3974560600	results/experiments/toolchain-environment/20260729T171551Z-toolchain-formal01/boots/repetition-03/lower/python312/lib/python3.12/site-packages/pip/_vendor/rich/__pycache__/live_render.cpython-312.pyc
f	644	1000	1000	5014	64	35973063	1785345610.5200166090	results/experiments/toolchain-environment/20260729T171551Z-toolchain-formal01/boots/repetition-03/lower/python310/lib/python3.10/site-packages/pip/_vendor/pygments/formatters/rtf.py
f	644	1000	1000	5014	64	35975373	1785345635.0943932080	results/experiments/toolchain-environment/20260729T171551Z-toolchain-formal01/boots/repetition-03/lower/python312/lib/python3.12/site-packages/pip/_vendor/pygments/formatters/rtf.py
f	644	1000	1000	5019	64	35975857	1785345637.6648524110	results/experiments/toolchain-environment/20260729T171551Z-toolchain-formal01/boots/repetition-03/lower/python312/lib/python3.12/site-packages/pip/_internal/cli/__pycache__/main_parser.cpython-312.pyc
f	644	1000	1000	5019	64	35976369	1785345644.5434252140	results/experiments/toolchain-environment/20260729T171551Z-toolchain-formal01/boots/repetition-03/lower/python312/lib/python3.12/site-packages/pip/_vendor/colorama/tests/__pycache__/isatty_test.cpython-312.pyc
f	644	1000	1000	5032	64	35975599	1785345636.1985683700	results/experiments/toolchain-environment/20260729T171551Z-toolchain-formal01/boots/repetition-03/lower/python312/lib/python3.12/site-packages/pip/_vendor/rich/json.py
f	644	1000	1000	5033	64	35972705	1785345608.6975064270	results/experiments/toolchain-environment/20260729T171551Z-toolchain-formal01/boots/repetition-03/lower/python310/lib/python3.10/site-packages/pip/_vendor/cachecontrol/adapter.py
f	644	1000	1000	5038	64	35971551	1785345596.7825442440	results/experiments/toolchain-environment/20260729T171551Z-toolchain-formal01/boots/repetition-03/lower/python310/lib/python3.10/site-packages/setuptools/_distutils/command/__pycache__/check.cpython-310.pyc
f	644	1000	1000	5049	64	35976097	1785345641.0956467240	results/experiments/toolchain-environment/20260729T171551Z-toolchain-formal01/boots/repetition-03/lower/python312/lib/python3.12/site-packages/pip/_internal/resolution/resolvelib/__pycache__/reporter.cpython-312.pyc
f	644	1000	1000	5050	64	35970795	1785345593.3724813920	results/experiments/toolchain-environment/20260729T171551Z-toolchain-formal01/boots/repetition-03/lower/python310/lib/python3.10/site-packages/setuptools/_vendor/packaging/utils.py
f	644	1000	1000	5053	64	35973263	1785345611.3880636050	results/experiments/toolchain-environment/20260729T171551Z-toolchain-formal01/boots/repetition-03/lower/python310/lib/python3.10/site-packages/pip/_vendor/rich/json.py
f	644	1000	1000	5058	64	35972885	1785345609.7567663030	results/experiments/toolchain-environment/20260729T171551Z-toolchain-formal01/boots/repetition-03/lower/python310/lib/python3.10/site-packages/pip/_vendor/distlib/markers.py
f	644	1000	1000	5068	64	35975987	1785345639.6785130910	results/experiments/toolchain-environment/20260729T171551Z-toolchain-formal01/boots/repetition-03/lower/python312/lib/python3.12/site-packages/pip/_internal/models/__pycache__/target_python.cpython-312.pyc
f	644	1000	1000	5072	64	35973863	1785345617.1550130550	results/experiments/toolchain-environment/20260729T171551Z-toolchain-formal01/boots/repetition-03/lower/python310/lib/python3.10/site-packages/pip/_vendor/cachecontrol/caches/__pycache__/file_cache.cpython-310.pyc
f	644	1000	1000	5073	64	35973059	1785345610.4994101980	results/experiments/toolchain-environment/20260729T171551Z-toolchain-formal01/boots/repetition-03/lower/python310/lib/python3.10/site-packages/pip/_vendor/pygments/formatters/other.py
f	644	1000	1000	5073	64	35973519	1785345612.8039350700	results/experiments/toolchain-environment/20260729T171551Z-toolchain-formal01/boots/repetition-03/lower/python310/lib/python3.10/site-packages/pip/_internal/cli/__pycache__/spinners.cpython-310.pyc
f	644	1000	1000	5073	64	35975369	1785345635.0682213310	results/experiments/toolchain-environment/20260729T171551Z-toolchain-formal01/boots/repetition-03/lower/python312/lib/python3.12/site-packages/pip/_vendor/pygments/formatters/other.py
f	644	1000	1000	508	64	35971765	1785345599.8035999320	results/experiments/toolchain-environment/20260729T171551Z-toolchain-formal01/boots/repetition-03/lower/python310/lib/python3.10/site-packages/setuptools/_vendor/autocommand/__pycache__/__init__.cpython-310.pyc
f	644	1000	1000	5085	64	35976045	1785345640.5175695810	results/experiments/toolchain-environment/20260729T171551Z-toolchain-formal01/boots/repetition-03/lower/python312/lib/python3.12/site-packages/pip/_internal/__pycache__/pyproject.cpython-312.pyc
f	644	1000	1000	5086	64	35973049	1785345610.4455913820	results/experiments/toolchain-environment/20260729T171551Z-toolchain-formal01/boots/repetition-03/lower/python310/lib/python3.10/site-packages/pip/_vendor/pygments/formatters/groff.py
f	644	1000	1000	5093	64	35971673	1785345598.7343235000	results/experiments/toolchain-environment/20260729T171551Z-toolchain-formal01/boots/repetition-03/lower/python310/lib/python3.10/site-packages/setuptools/_distutils/tests/__pycache__/test_dir_util.cpython-310.pyc
f	644	1000	1000	5094	64	35975359	1785345635.0205748880	results/experiments/toolchain-environment/20260729T171551Z-toolchain-formal01/boots/repetition-03/lower/python312/lib/python3.12/site-packages/pip/_vendor/pygments/formatters/groff.py
f	644	1000	1000	51	64	35972563	1785345608.1604530140	results/experiments/toolchain-environment/20260729T171551Z-toolchain-formal01/boots/repetition-03/lower/python310/lib/python3.10/site-packages/pip/_internal/operations/install/__init__.py
f	644	1000	1000	51	64	35974919	1785345633.2764475030	results/experiments/toolchain-environment/20260729T171551Z-toolchain-formal01/boots/repetition-03/lower/python312/lib/python3.12/site-packages/pip/_internal/operations/install/__init__.py
f	644	1000	1000	5100	64	35971015	1785345594.2373326520	results/experiments/toolchain-environment/20260729T171551Z-toolchain-formal01/boots/repetition-03/lower/python310/lib/python3.10/site-packages/setuptools/command/setopt.py
f	644	1000	1000	5106	64	35973571	1785345613.4673674740	results/experiments/toolchain-environment/20260729T171551Z-toolchain-formal01/boots/repetition-03/lower/python310/lib/python3.10/site-packages/pip/_internal/distributions/__pycache__/sdist.cpython-310.pyc
f	644	1000	1000	5110	64	35970385	1785345591.8574534700	results/experiments/toolchain-environment/20260729T171551Z-toolchain-formal01/boots/repetition-03/lower/python310/lib/python3.10/site-packages/setuptools/installer.py
f	644	1000	1000	5118	64	35970495	1785345592.2335550370	results/experiments/toolchain-environment/20260729T171551Z-toolchain-formal01/boots/repetition-03/lower/python310/lib/python3.10/site-packages/setuptools/_distutils/command/build_scripts.py
f	644	1000	1000	5118	64	35972387	1785345607.4262450820	results/experiments/toolchain-environment/20260729T171551Z-toolchain-formal01/boots/repetition-03/lower/python310/lib/python3.10/site-packages/pip/_internal/cli/spinners.py
f	644	1000	1000	5118	64	35974747	1785345632.6505396110	results/experiments/toolchain-environment/20260729T171551Z-toolchain-formal01/boots/repetition-03/lower/python312/lib/python3.12/site-packages/pip/_internal/cli/spinners.py
f	644	1000	1000	5118	64	35975009	1785345633.6152021710	results/experiments/toolchain-environment/20260729T171551Z-toolchain-formal01/boots/repetition-03/lower/python312/lib/python3.12/site-packages/pip/_internal/utils/hashes.py
f	644	1000	1000	5122	64	35972529	1785345608.0378011360	results/experiments/toolchain-environment/20260729T171551Z-toolchain-formal01/boots/repetition-03/lower/python310/lib/python3.10/site-packages/pip/_internal/operations/check.py
f	644	1000	1000	5122	64	35972643	1785345608.4856734920	results/experiments/toolchain-environment/20260729T171551Z-toolchain-formal01/boots/repetition-03/lower/python310/lib/python3.10/site-packages/pip/_internal/utils/filesystem.py
f	644	1000	1000	5122	64	35975003	1785345633.5922863080	results/experiments/toolchain-environment/20260729T171551Z-toolchain-formal01/boots/repetition-03/lower/python312/lib/python3.12/site-packages/pip/_internal/utils/filesystem.py
f	644	1000	1000	5133	64	35976237	1785345642.9084590080	results/experiments/toolchain-environment/20260729T171551Z-toolchain-formal01/boots/repetition-03/lower/python312/lib/python3.12/site-packages/pip/_vendor/chardet/__pycache__/charsetprober.cpython-312.pyc
f	644	1000	1000	5137	64	35976165	1785345642.0514069550	results/experiments/toolchain-environment/20260729T171551Z-toolchain-formal01/boots/repetition-03/lower/python312/lib/python3.12/site-packages/pip/_internal/vcs/__pycache__/bazaar.cpython-312.pyc
f	644	1000	1000	5142	64	35971107	1785345594.5802712630	results/experiments/toolchain-environment/20260729T171551Z-toolchain-formal01/boots/repetition-03/lower/python310/lib/python3.10/site-packages/setuptools/tests/test_develop.py
f	644	1000	1000	5145	64	35974033	1785345619.7853237160	results/experiments/toolchain-environment/20260729T171551Z-toolchain-formal01/boots/repetition-03/lower/python310/lib/python3.10/site-packages/pip/_vendor/distlib/__pycache__/markers.cpython-310.pyc
f	644	1000	1000	515	64	35974719	1785345632.5429348560	results/experiments/toolchain-environment/20260729T171551Z-toolchain-formal01/boots/repetition-03/lower/python312/lib/python3.12/site-packages/pip/_internal/__init__.py
f	644	1000	1000	5154	64	35974621	1785345628.2107277510	results/experiments/toolchain-environment/20260729T171551Z-toolchain-formal01/boots/repetition-03/lower/python310/lib/python3.10/site-packages/pip/_vendor/webencodings/__pycache__/tests.cpython-310.pyc
f	644	1000	1000	5169	64	35975455	1785345635.4144532690	results/experiments/toolchain-environment/20260729T171551Z-toolchain-formal01/boots/repetition-03/lower/python312/lib/python3.12/site-packages/pip/_vendor/requests/__init__.py
f	644	1000	1000	51697	64	35972877	1785345609.7017824250	results/experiments/toolchain-environment/20260729T171551Z-toolchain-formal01/boots/repetition-03/lower/python310/lib/python3.10/site-packages/pip/_vendor/distlib/database.py
f	644	1000	1000	5171	64	35973837	1785345616.8620545880	results/experiments/toolchain-environment/20260729T171551Z-toolchain-formal01/boots/repetition-03/lower/python310/lib/python3.10/site-packages/pip/_internal/vcs/__pycache__/mercurial.cpython-310.pyc
f	644	1000	1000	5173	64	35974959	1785345633.4132198060	results/experiments/toolchain-environment/20260729T171551Z-toolchain-formal01/boots/repetition-03/lower/python312/lib/python3.12/site-packages/pip/_internal/resolution/resolvelib/base.py
f	644	1000	1000	51767	64	35975233	1785345634.5172401770	results/experiments/toolchain-environment/20260729T171551Z-toolchain-formal01/boots/repetition-03/lower/python312/lib/python3.12/site-packages/pip/_vendor/distlib/locators.py
f	644	1000	1000	5178	64	35973125	1785345610.8051346910	results/experiments/toolchain-environment/20260729T171551Z-toolchain-formal01/boots/repetition-03/lower/python310/lib/python3.10/site-packages/pip/_vendor/requests/__init__.py
f	644	1000	1000	51806	64	35974041	1785345619.9269710030	results/experiments/toolchain-environment/20260729T171551Z-toolchain-formal01/boots/repetition-03/lower/python310/lib/python3.10/site-packages/pip/_vendor/distlib/__pycache__/util.cpython-310.pyc
f	644	1000	1000	5187	64	35974417	1785345625.3760882090	results/experiments/toolchain-environment/20260729T171551Z-toolchain-formal01/boots/repetition-03/lower/python310/lib/python3.10/site-packages/pip/_vendor/rich/__pycache__/measure.cpython-310.pyc
f	644	1000	1000	5187	64	35976961	1785345653.1865847680	results/experiments/toolchain-environment/20260729T171551Z-toolchain-formal01/boots/repetition-03/lower/python312/lib/python3.12/site-packages/pip/_vendor/urllib3/util/__pycache__/ssl_match_hostname.cpython-312.pyc
f	644	1000	1000	5190	64	35971543	1785345596.6655479610	results/experiments/toolchain-environment/20260729T171551Z-toolchain-formal01/boots/repetition-03/lower/python310/lib/python3.10/site-packages/setuptools/_distutils/command/__pycache__/build_clib.cpython-310.pyc
f	644	1000	1000	51965	64	35975229	1785345634.4922397160	results/experiments/toolchain-environment/20260729T171551Z-toolchain-formal01/boots/repetition-03/lower/python312/lib/python3.12/site-packages/pip/_vendor/distlib/database.py
f	644	1000	1000	5197	64	35971073	1785345594.4554658820	results/experiments/toolchain-environment/20260729T171551Z-toolchain-formal01/boots/repetition-03/lower/python310/lib/python3.10/site-packages/setuptools/tests/fixtures.py
f	644	1000	1000	51976	64	35976405	1785345645.0894352920	results/experiments/toolchain-environment/20260729T171551Z-toolchain-formal01/boots/repetition-03/lower/python312/lib/python3.12/site-packages/pip/_vendor/distlib/__pycache__/wheel.cpython-312.pyc
f	644	1000	1000	51991	64	35972881	1785345609.7277829040	results/experiments/toolchain-environment/20260729T171551Z-toolchain-formal01/boots/repetition-03/lower/python310/lib/python3.10/site-packages/pip/_vendor/distlib/locators.py
f	644	1000	1000	5202	64	35975983	1785345639.6032323710	results/experiments/toolchain-environment/20260729T171551Z-toolchain-formal01/boots/repetition-03/lower/python312/lib/python3.12/site-packages/pip/_internal/models/__pycache__/search_scope.cpython-312.pyc
f	644	1000	1000	5205	64	35970471	1785345592.1491150040	results/experiments/toolchain-environment/20260729T171551Z-toolchain-formal01/boots/repetition-03/lower/python310/lib/python3.10/site-packages/setuptools/_distutils/versionpredicate.py
f	644	1000	1000	5208	64	35974343	1785345624.1941265430	results/experiments/toolchain-environment/20260729T171551Z-toolchain-formal01/boots/repetition-03/lower/python310/lib/python3.10/site-packages/pip/_vendor/rich/__pycache__/_palettes.cpython-310.pyc
f	644	1000	1000	5210	64	35973777	1785345616.1404540810	results/experiments/toolchain-environment/20260729T171551Z-toolchain-formal01/boots/repetition-03/lower/python310/lib/python3.10/site-packages/pip/_internal/utils/__pycache__/deprecation.cpython-310.pyc
f	644	1000	1000	522	64	35970519	1785345592.3202817120	results/experiments/toolchain-environment/20260729T171551Z-toolchain-formal01/boots/repetition-03/lower/python310/lib/python3.10/site-packages/setuptools/_distutils/compat/__init__.py
f	644	1000	1000	5220	64	35972601	1785345608.3001245750	results/experiments/toolchain-environment/20260729T171551Z-toolchain-formal01/boots/repetition-03/lower/python310/lib/python3.10/site-packages/pip/_internal/resolution/resolvelib/base.py
f	644	1000	1000	5238	64	35971643	1785345598.2165706770	results/experiments/toolchain-environment/20260729T171551Z-toolchain-formal01/boots/repetition-03/lower/python310/lib/python3.10/site-packages/setuptools/_distutils/tests/__pycache__/support.cpython-310.pyc
f	644	1000	1000	5238	64	35972683	1785345608.6298566750	results/experiments/toolchain-environment/20260729T171551Z-toolchain-formal01/boots/repetition-03/lower/python310/lib/python3.10/site-packages/pip/_internal/vcs/mercurial.py
f	644	1000	1000	524	64	35970431	1785345592.0054561980	results/experiments/toolchain-environment/20260729T171551Z-toolchain-formal01/boots/repetition-03/lower/python310/lib/python3.10/site-packages/setuptools/_distutils/ccompiler.py
f	644	1000	1000	5249	64	35975041	1785345633.7352257470	results/experiments/toolchain-environment/20260729T171551Z-toolchain-formal01/boots/repetition-03/lower/python312/lib/python3.12/site-packages/pip/_internal/vcs/mercurial.py
f	644	1000	1000	5252	64	35972169	1785345605.1066476530	results/experiments/toolchain-environment/20260729T171551Z-toolchain-formal01/boots/repetition-03/lower/python310/lib/python3.10/site-packages/setuptools/__pycache__/glob.cpython-310.pyc
f	644	1000	1000	5257	64	35971597	1785345597.4491559940	results/experiments/toolchain-environment/20260729T171551Z-toolchain-formal01/boots/repetition-03/lower/python310/lib/python3.10/site-packages/setuptools/_distutils/compilers/C/tests/__pycache__/test_msvc.cpython-310.pyc
f	644	1000	1000	5268	64	35970951	1785345594.0113025860	results/experiments/toolchain-environment/20260729T171551Z-toolchain-formal01/boots/repetition-03/lower/python310/lib/python3.10/site-packages/setuptools/_vendor/wheel/vendored/packaging/utils.py
f	644	1000	1000	5268	64	35974347	1785345624.2489644330	results/experiments/toolchain-environment/20260729T171551Z-toolchain-formal01/boots/repetition-03/lower/python310/lib/python3.10/site-packages/pip/_vendor/rich/__pycache__/_ratio.cpython-310.pyc
f	644	1000	1000	5268	64	35975237	1785345634.5341740770	results/experiments/toolchain-environment/20260729T171551Z-toolchain-formal01/boots/repetition-03/lower/python312/lib/python3.12/site-packages/pip/_vendor/distlib/markers.py
f	644	1000	1000	5270	64	35970869	1785345593.7102387230	results/experiments/toolchain-environment/20260729T171551Z-toolchain-formal01/boots/repetition-03/lower/python310/lib/python3.10/site-packages/setuptools/_vendor/typeguard/_utils.py
f	644	1000	1000	5271	64	35972725	1785345608.7934425420	results/experiments/toolchain-environment/20260729T171551Z-toolchain-formal01/boots/repetition-03/lower/python310/lib/python3.10/site-packages/pip/_vendor/cachecontrol/caches/file_cache.py
f	644	1000	1000	5273	64	35970781	1785345593.3114802680	results/experiments/toolchain-environment/20260729T171551Z-toolchain-formal01/boots/repetition-03/lower/python310/lib/python3.10/site-packages/setuptools/_vendor/packaging/_tokenizer.py
f	644	1000	1000	5276	64	35976695	1785345649.4155151480	results/experiments/toolchain-environment/20260729T171551Z-toolchain-formal01/boots/repetition-03/lower/python312/lib/python3.12/site-packages/pip/_vendor/rich/__pycache__/_palettes.cpython-312.pyc
f	644	1000	1000	5278	64	35974017	1785345619.5168691740	results/experiments/toolchain-environment/20260729T171551Z-toolchain-formal01/boots/repetition-03/lower/python310/lib/python3.10/site-packages/pip/_vendor/colorama/__pycache__/winterm.cpython-310.pyc
f	644	1000	1000	5289	64	35972405	1785345607.5117941650	results/experiments/toolchain-environment/20260729T171551Z-toolchain-formal01/boots/repetition-03/lower/python310/lib/python3.10/site-packages/pip/_internal/commands/download.py
f	644	1000	1000	5292	64	35970941	1785345593.9552948160	results/experiments/toolchain-environment/20260729T171551Z-toolchain-formal01/boots/repetition-03/lower/python310/lib/python3.10/site-packages/setuptools/_vendor/wheel/vendored/packaging/_tokenizer.py
f	644	1000	1000	5301	64	35971761	1785345599.7642344250	results/experiments/toolchain-environment/20260729T171551Z-toolchain-formal01/boots/repetition-03/lower/python310/lib/python3.10/site-packages/setuptools/__pycache__/_static.cpython-310.pyc
f	644	1000	1000	5305	64	35973277	1785345611.4488131440	results/experiments/toolchain-environment/20260729T171551Z-toolchain-formal01/boots/repetition-03/lower/python310/lib/python3.10/site-packages/pip/_vendor/rich/measure.py
f	644	1000	1000	5305	64	35975613	1785345636.2796622810	results/experiments/toolchain-environment/20260729T171551Z-toolchain-formal01/boots/repetition-03/lower/python312/lib/python3.12/site-packages/pip/_vendor/rich/measure.py
f	644	1000	1000	5306	64	35975877	1785345637.9529081300	results/experiments/toolchain-environment/20260729T171551Z-toolchain-formal01/boots/repetition-03/lower/python312/lib/python3.12/site-packages/pip/_internal/commands/__pycache__/completion.cpython-312.pyc
f	644	1000	1000	531	64	35972117	1785345604.6036654190	results/experiments/toolchain-environment/20260729T171551Z-toolchain-formal01/boots/repetition-03/lower/python310/lib/python3.10/site-packages/setuptools/compat/__pycache__/py312.cpython-310.pyc
f	644	1000	1000	5313	64	35974121	1785345621.0392665810	results/experiments/toolchain-environment/20260729T171551Z-toolchain-formal01/boots/repetition-03/lower/python310/lib/python3.10/site-packages/pip/_vendor/platformdirs/__pycache__/api.cpython-310.pyc
f	644	1000	1000	5316	64	35971963	1785345602.5456504810	results/experiments/toolchain-environment/20260729T171551Z-toolchain-formal01/boots/repetition-03/lower/python310/lib/python3.10/site-packages/setuptools/_vendor/typeguard/__pycache__/_utils.cpython-310.pyc
f	644	1000	1000	5325	64	35976757	1785345650.3075316160	results/experiments/toolchain-environment/20260729T171551Z-toolchain-formal01/boots/repetition-03/lower/python312/lib/python3.12/site-packages/pip/_vendor/rich/__pycache__/jupyter.cpython-312.pyc
f	644	1000	1000	5332	64	35973803	1785345616.4083046660	results/experiments/toolchain-environment/20260729T171551Z-toolchain-formal01/boots/repetition-03/lower/python310/lib/python3.10/site-packages/pip/_internal/utils/__pycache__/hashes.cpython-310.pyc
f	644	1000	1000	5335	64	35974765	1785345632.7165119030	results/experiments/toolchain-environment/20260729T171551Z-toolchain-formal01/boots/repetition-03/lower/python312/lib/python3.12/site-packages/pip/_internal/commands/download.py
f	644	1000	1000	53376	64	35973077	1785345610.6177993180	results/experiments/toolchain-environment/20260729T171551Z-toolchain-formal01/boots/repetition-03/lower/python310/lib/python3.10/site-packages/pip/_vendor/pygments/lexers/python.py
f	644	1000	1000	53424	64	35975389	1785345635.1673736280	results/experiments/toolchain-environment/20260729T171551Z-toolchain-formal01/boots/repetition-03/lower/python312/lib/python3.12/site-packages/pip/_vendor/pygments/lexers/python.py
f	644	1000	1000	5343	64	35975773	1785345637.0621528700	results/experiments/toolchain-environment/20260729T171551Z-toolchain-formal01/boots/repetition-03/lower/python312/lib/python3.12/site-packages/pip/_vendor/urllib3/packages/backports/weakref_finalize.py
f	644	1000	1000	5347	64	35974617	1785345628.1514862700	results/experiments/toolchain-environment/20260729T171551Z-toolchain-formal01/boots/repetition-03/lower/python310/lib/python3.10/site-packages/pip/_vendor/webencodings/__pycache__/labels.cpython-310.pyc
f	644	1000	1000	5352	64	35975067	1785345633.8156923720	results/experiments/toolchain-environment/20260729T171551Z-toolchain-formal01/boots/repetition-03/lower/python312/lib/python3.12/site-packages/pip/_vendor/cachecontrol/caches/file_cache.py
f	644	1000	1000	53534	64	35971115	1785345594.6115042280	results/experiments/toolchain-environment/20260729T171551Z-toolchain-formal01/boots/repetition-03/lower/python310/lib/python3.10/site-packages/setuptools/tests/test_easy_install.py
f	644	1000	1000	536	64	35976659	1785345648.9125058630	results/experiments/toolchain-environment/20260729T171551Z-toolchain-formal01/boots/repetition-03/lower/python312/lib/python3.12/site-packages/pip/_vendor/resolvelib/compat/__pycache__/collections_abc.cpython-312.pyc
f	644	1000	1000	537	64	35973163	1785345610.9653470750	results/experiments/toolchain-environment/20260729T171551Z-toolchain-formal01/boots/repetition-03/lower/python310/lib/python3.10/site-packages/pip/_vendor/resolvelib/__init__.py
f	644	1000	1000	537	64	35975493	1785345635.6396210840	results/experiments/toolchain-environment/20260729T171551Z-toolchain-formal01/boots/repetition-03/lower/python312/lib/python3.12/site-packages/pip/_vendor/resolvelib/__init__.py
f	644	1000	1000	5377	64	35972627	1785345608.4156823560	results/experiments/toolchain-environment/20260729T171551Z-toolchain-formal01/boots/repetition-03/lower/python310/lib/python3.10/site-packages/pip/_internal/utils/compatibility_tags.py
f	644	1000	1000	5377	64	35974989	1785345633.5362684490	results/experiments/toolchain-environment/20260729T171551Z-toolchain-formal01/boots/repetition-03/lower/python312/lib/python3.12/site-packages/pip/_internal/utils/compatibility_tags.py
f	644	1000	1000	538	64	35971775	1785345599.9612547030	results/experiments/toolchain-environment/20260729T171551Z-toolchain-formal01/boots/repetition-03/lower/python310/lib/python3.10/site-packages/setuptools/_vendor/autocommand/__pycache__/errors.cpython-310.pyc
f	644	1000	1000	5380	64	35972803	1785345609.2651153130	results/experiments/toolchain-environment/20260729T171551Z-toolchain-formal01/boots/repetition-03/lower/python310/lib/python3.10/site-packages/pip/_vendor/chardet/latin1prober.py
f	644	1000	1000	5380	64	35975161	1785345634.2030114880	results/experiments/toolchain-environment/20260729T171551Z-toolchain-formal01/boots/repetition-03/lower/python312/lib/python3.12/site-packages/pip/_vendor/chardet/latin1prober.py
f	644	1000	1000	53869	64	35976413	1785345645.1754368800	results/experiments/toolchain-environment/20260729T171551Z-toolchain-formal01/boots/repetition-03/lower/python312/lib/python3.12/site-packages/pip/_vendor/distro/__pycache__/distro.cpython-312.pyc
f	644	1000	1000	5403	64	35973453	1785345612.2390946290	results/experiments/toolchain-environment/20260729T171551Z-toolchain-formal01/boots/repetition-03/lower/python310/lib/python3.10/site-packages/pip/_vendor/urllib3/util/wait.py
f	644	1000	1000	5403	64	35975809	1785345637.2366202690	results/experiments/toolchain-environment/20260729T171551Z-toolchain-formal01/boots/repetition-03/lower/python312/lib/python3.12/site-packages/pip/_vendor/urllib3/util/wait.py
f	644	1000	1000	54139	64	35974429	1785345625.6500765750	results/experiments/toolchain-environment/20260729T171551Z-toolchain-formal01/boots/repetition-03/lower/python310/lib/python3.10/site-packages/pip/_vendor/rich/__pycache__/progress.cpython-310.pyc
f	644	1000	1000	5416	64	35971729	1785345599.5075944750	results/experiments/toolchain-environment/20260729T171551Z-toolchain-formal01/boots/repetition-03/lower/python310/lib/python3.10/site-packages/setuptools/_distutils/__pycache__/versionpredicate.cpython-310.pyc
f	644	1000	1000	5416	64	35973501	1785345612.5456397570	results/experiments/toolchain-environment/20260729T171551Z-toolchain-formal01/boots/repetition-03/lower/python310/lib/python3.10/site-packages/pip/_internal/cli/__pycache__/autocompletion.cpython-310.pyc
f	644	1000	1000	542	64	35972755	1785345608.9416883620	results/experiments/toolchain-environment/20260729T171551Z-toolchain-formal01/boots/repetition-03/lower/python310/lib/python3.10/site-packages/pip/_vendor/chardet/codingstatemachinedict.py
f	644	1000	1000	542	64	35975113	1785345633.9853268290	results/experiments/toolchain-environment/20260729T171551Z-toolchain-formal01/boots/repetition-03/lower/python312/lib/python3.12/site-packages/pip/_vendor/chardet/codingstatemachinedict.py
f	644	1000	1000	5420	64	35972751	1785345608.9232260350	results/experiments/toolchain-environment/20260729T171551Z-toolchain-formal01/boots/repetition-03/lower/python310/lib/python3.10/site-packages/pip/_vendor/chardet/charsetprober.py
f	644	1000	1000	5420	64	35975103	1785345633.9522798750	results/experiments/toolchain-environment/20260729T171551Z-toolchain-formal01/boots/repetition-03/lower/python312/lib/python3.12/site-packages/pip/_vendor/chardet/charsetprober.py
f	644	1000	1000	5424	64	35975353	1785345634.9941907370	results/experiments/toolchain-environment/20260729T171551Z-toolchain-formal01/boots/repetition-03/lower/python312/lib/python3.12/site-packages/pip/_vendor/pygments/formatters/__init__.py
f	644	1000	1000	543	64	35972317	1785345607.0186069490	results/experiments/toolchain-environment/20260729T171551Z-toolchain-formal01/boots/repetition-03/lower/python310/lib/python3.10/site-packages/setuptools/tests/__pycache__/text.cpython-310.pyc
f	644	1000	1000	5430	64	35976775	1785345650.5682492730	results/experiments/toolchain-environment/20260729T171551Z-toolchain-formal01/boots/repetition-03/lower/python312/lib/python3.12/site-packages/pip/_vendor/rich/__pycache__/palette.cpython-312.pyc
f	644	1000	1000	5432	64	35972073	1785345604.0486929890	results/experiments/toolchain-environment/20260729T171551Z-toolchain-formal01/boots/repetition-03/lower/python310/lib/python3.10/site-packages/setuptools/command/__pycache__/build.cpython-310.pyc
f	644	1000	1000	5455	64	35972613	1785345608.3585761230	results/experiments/toolchain-environment/20260729T171551Z-toolchain-formal01/boots/repetition-03/lower/python310/lib/python3.10/site-packages/pip/_internal/resolution/resolvelib/requirements.py
f	644	1000	1000	546	64	35973119	1785345610.7870455530	results/experiments/toolchain-environment/20260729T171551Z-toolchain-formal01/boots/repetition-03/lower/python310/lib/python3.10/site-packages/pip/_vendor/pyproject_hooks/_in_process/__init__.py
f	644	1000	1000	546	64	35975449	1785345635.3971762260	results/experiments/toolchain-environment/20260729T171551Z-toolchain-formal01/boots/repetition-03/lower/python312/lib/python3.12/site-packages/pip/_vendor/pyproject_hooks/_in_process/__init__.py
f	644	1000	1000	5472	64	35973207	1785345611.1403636200	results/experiments/toolchain-environment/20260729T171551Z-toolchain-formal01/boots/repetition-03/lower/python310/lib/python3.10/site-packages/pip/_vendor/rich/_ratio.py
f	644	1000	1000	5472	64	35975539	1785345635.8794390120	results/experiments/toolchain-environment/20260729T171551Z-toolchain-formal01/boots/repetition-03/lower/python312/lib/python3.12/site-packages/pip/_vendor/rich/_ratio.py
f	644	1000	1000	5473	64	35973553	1785345613.2531027040	results/experiments/toolchain-environment/20260729T171551Z-toolchain-formal01/boots/repetition-03/lower/python310/lib/python3.10/site-packages/pip/_internal/commands/__pycache__/search.cpython-310.pyc
f	644	1000	1000	54876	64	35970529	1785345592.3484654960	results/experiments/toolchain-environment/20260729T171551Z-toolchain-formal01/boots/repetition-03/lower/python310/lib/python3.10/site-packages/setuptools/_distutils/compilers/C/base.py
f	644	1000	1000	5497	64	35973245	1785345611.3100845100	results/experiments/toolchain-environment/20260729T171551Z-toolchain-formal01/boots/repetition-03/lower/python310/lib/python3.10/site-packages/pip/_vendor/rich/containers.py
f	644	1000	1000	5497	64	35975577	1785345636.1042694630	results/experiments/toolchain-environment/20260729T171551Z-toolchain-formal01/boots/repetition-03/lower/python312/lib/python3.12/site-packages/pip/_vendor/rich/containers.py
f	644	1000	1000	550	64	35976193	1785345642.3986193760	results/experiments/toolchain-environment/20260729T171551Z-toolchain-formal01/boots/repetition-03/lower/python312/lib/python3.12/site-packages/pip/_vendor/cachecontrol/caches/__pycache__/__init__.cpython-312.pyc
f	644	1000	1000	551	64	35973987	1785345619.0759180130	results/experiments/toolchain-environment/20260729T171551Z-toolchain-formal01/boots/repetition-03/lower/python310/lib/python3.10/site-packages/pip/_vendor/chardet/__pycache__/version.cpython-310.pyc
f	644	1000	1000	5516	64	35973559	1785345613.3349397990	results/experiments/toolchain-environment/20260729T171551Z-toolchain-formal01/boots/repetition-03/lower/python310/lib/python3.10/site-packages/pip/_internal/commands/__pycache__/wheel.cpython-310.pyc
f	644	1000	1000	554	64	35972051	1785345603.7792675360	results/experiments/toolchain-environment/20260729T171551Z-toolchain-formal01/boots/repetition-03/lower/python310/lib/python3.10/site-packages/setuptools/_vendor/zipp/compat/__pycache__/py310.cpython-310.pyc
f	644	1000	1000	5569	64	35976611	1785345648.3143452710	results/experiments/toolchain-environment/20260729T171551Z-toolchain-formal01/boots/repetition-03/lower/python312/lib/python3.12/site-packages/pip/_vendor/requests/__pycache__/__init__.cpython-312.pyc
f	644	1000	1000	557	64	35972177	1785345605.1965544780	results/experiments/toolchain-environment/20260729T171551Z-toolchain-formal01/boots/repetition-03/lower/python310/lib/python3.10/site-packages/setuptools/__pycache__/modified.cpython-310.pyc
f	644	1000	1000	557	64	35974087	1785345620.5885691350	results/experiments/toolchain-environment/20260729T171551Z-toolchain-formal01/boots/repetition-03/lower/python310/lib/python3.10/site-packages/pip/_vendor/packaging/__pycache__/__init__.cpython-310.pyc
f	644	1000	1000	5573	64	35972091	1785345604.2984397870	results/experiments/toolchain-environment/20260729T171551Z-toolchain-formal01/boots/repetition-03/lower/python310/lib/python3.10/site-packages/setuptools/command/__pycache__/install.cpython-310.pyc
f	644	1000	1000	55794	64	35970445	1785345592.0554571200	results/experiments/toolchain-environment/20260729T171551Z-toolchain-formal01/boots/repetition-03/lower/python310/lib/python3.10/site-packages/setuptools/_distutils/dist.py
f	644	1000	1000	5580	64	35970815	1785345593.4441756890	results/experiments/toolchain-environment/20260729T171551Z-toolchain-formal01/boots/repetition-03/lower/python310/lib/python3.10/site-packages/setuptools/_vendor/platformdirs/macos.py
f	644	1000	1000	5582	64	35976363	1785345644.4333011810	results/experiments/toolchain-environment/20260729T171551Z-toolchain-formal01/boots/repetition-03/lower/python312/lib/python3.12/site-packages/pip/_vendor/colorama/tests/__pycache__/ansi_test.cpython-312.pyc
f	644	1000	1000	559	64	35972061	1785345603.8886752410	results/experiments/toolchain-environment/20260729T171551Z-toolchain-formal01/boots/repetition-03/lower/python310/lib/python3.10/site-packages/setuptools/command/__pycache__/__init__.cpython-310.pyc
f	644	1000	1000	5590	64	35972159	1785345604.9916955770	results/experiments/toolchain-environment/20260729T171551Z-toolchain-formal01/boots/repetition-03/lower/python310/lib/python3.10/site-packages/setuptools/__pycache__/depends.cpython-310.pyc
f	644	1000	1000	562	64	35972983	1785345610.1679857610	results/experiments/toolchain-environment/20260729T171551Z-toolchain-formal01/boots/repetition-03/lower/python310/lib/python3.10/site-packages/pip/_vendor/pkg_resources/py31compat.py
f	644	1000	1000	5641	64	35973653	1785345614.5553827990	results/experiments/toolchain-environment/20260729T171551Z-toolchain-formal01/boots/repetition-03/lower/python310/lib/python3.10/site-packages/pip/_internal/network/__pycache__/download.cpython-310.pyc
f	644	1000	1000	565	64	35973883	1785345617.4583580070	results/experiments/toolchain-environment/20260729T171551Z-toolchain-formal01/boots/repetition-03/lower/python310/lib/python3.10/site-packages/pip/_vendor/certifi/__pycache__/__main__.cpython-310.pyc
f	644	1000	1000	5662	64	35972661	1785345608.5544077660	results/experiments/toolchain-environment/20260729T171551Z-toolchain-formal01/boots/repetition-03/lower/python310/lib/python3.10/site-packages/pip/_internal/utils/setuptools_build.py
f	644	1000	1000	5666	64	35971565	1785345597.0083215160	results/experiments/toolchain-environment/20260729T171551Z-toolchain-formal01/boots/repetition-03/lower/python310/lib/python3.10/site-packages/setuptools/_distutils/command/__pycache__/install_lib.cpython-310.pyc
f	644	1000	1000	5672	64	35976117	1785345641.3575492240	results/experiments/toolchain-environment/20260729T171551Z-toolchain-formal01/boots/repetition-03/lower/python312/lib/python3.12/site-packages/pip/_internal/utils/__pycache__/compatibility_tags.cpython-312.pyc
f	644	1000	1000	568	64	35970391	1785345591.8761626130	results/experiments/toolchain-environment/20260729T171551Z-toolchain-formal01/boots/repetition-03/lower/python310/lib/python3.10/site-packages/setuptools/modified.py
f	644	1000	1000	568	64	35970669	1785345592.8630907430	results/experiments/toolchain-environment/20260729T171551Z-toolchain-formal01/boots/repetition-03/lower/python310/lib/python3.10/site-packages/setuptools/_vendor/backports/tarfile/compat/py38.py
f	644	1000	1000	568	64	35971517	1785345596.3385360600	results/experiments/toolchain-environment/20260729T171551Z-toolchain-formal01/boots/repetition-03/lower/python310/lib/python3.10/site-packages/setuptools/_distutils/__pycache__/_macos_compat.cpython-310.pyc
f	644	1000	1000	5680	64	35970645	1785345592.7781066770	results/experiments/toolchain-environment/20260729T171551Z-toolchain-formal01/boots/repetition-03/lower/python310/lib/python3.10/site-packages/setuptools/_vendor/autocommand/autoasync.py
f	644	1000	1000	5684	64	35976845	1785345651.5965739750	results/experiments/toolchain-environment/20260729T171551Z-toolchain-formal01/boots/repetition-03/lower/python312/lib/python3.12/site-packages/pip/_vendor/tenacity/__pycache__/stop.cpython-312.pyc
f	644	1000	1000	5694	64	35971753	1785345599.6782631140	results/experiments/toolchain-environment/20260729T171551Z-toolchain-formal01/boots/repetition-03/lower/python310/lib/python3.10/site-packages/setuptools/__pycache__/_normalization.cpython-310.pyc
f	644	1000	1000	5696	64	35974971	1785345633.4709514430	results/experiments/toolchain-environment/20260729T171551Z-toolchain-formal01/boots/repetition-03/lower/python312/lib/python3.12/site-packages/pip/_internal/resolution/resolvelib/requirements.py
f	644	1000	1000	5697	64	35972421	1785345607.5909236480	results/experiments/toolchain-environment/20260729T171551Z-toolchain-formal01/boots/repetition-03/lower/python310/lib/python3.10/site-packages/pip/_internal/commands/search.py
f	644	1000	1000	5697	64	35974781	1785345632.7802081250	results/experiments/toolchain-environment/20260729T171551Z-toolchain-formal01/boots/repetition-03/lower/python312/lib/python3.12/site-packages/pip/_internal/commands/search.py
f	644	1000	1000	5705	64	35972607	1785345608.3265799470	results/experiments/toolchain-environment/20260729T171551Z-toolchain-formal01/boots/repetition-03/lower/python310/lib/python3.10/site-packages/pip/_internal/resolution/resolvelib/found_candidates.py
f	644	1000	1000	5705	64	35974965	1785345633.4429057980	results/experiments/toolchain-environment/20260729T171551Z-toolchain-formal01/boots/repetition-03/lower/python312/lib/python3.12/site-packages/pip/_internal/resolution/resolvelib/found_candidates.py
f	644	1000	1000	571	64	35971437	1785345595.7454199420	results/experiments/toolchain-environment/20260729T171551Z-toolchain-formal01/boots/repetition-03/lower/python310/lib/python3.10/site-packages/setuptools/_vendor/typing_extensions-4.12.2.dist-info/RECORD
f	644	1000	1000	5712	64	35974549	1785345627.3612033650	results/experiments/toolchain-environment/20260729T171551Z-toolchain-formal01/boots/repetition-03/lower/python310/lib/python3.10/site-packages/pip/_vendor/urllib3/contrib/__pycache__/socks.cpython-310.pyc
f	644	1000	1000	5715	64	35970801	1785345593.3894817050	results/experiments/toolchain-environment/20260729T171551Z-toolchain-formal01/boots/repetition-03/lower/python310/lib/python3.10/site-packages/setuptools/_vendor/packaging/licenses/__init__.py
f	644	1000	1000	5719	64	35971659	1785345598.5215762990	results/experiments/toolchain-environment/20260729T171551Z-toolchain-formal01/boots/repetition-03/lower/python310/lib/python3.10/site-packages/setuptools/_distutils/tests/__pycache__/test_build_py.cpython-310.pyc
f	644	1000	1000	573	64	35970533	1785345592.3665665690	results/experiments/toolchain-environment/20260729T171551Z-toolchain-formal01/boots/repetition-03/lower/python310/lib/python3.10/site-packages/setuptools/_distutils/compilers/C/errors.py
f	644	1000	1000	573	64	35972347	1785345607.2458686040	results/experiments/toolchain-environment/20260729T171551Z-toolchain-formal01/boots/repetition-03/lower/python310/lib/python3.10/site-packages/pip/_internal/__init__.py
f	644	1000	1000	5733	64	35976647	1785345648.7925036480	results/experiments/toolchain-environment/20260729T171551Z-toolchain-formal01/boots/repetition-03/lower/python312/lib/python3.12/site-packages/pip/_vendor/requests/__pycache__/structures.cpython-312.pyc
f	644	1000	1000	5734	64	35976725	1785345649.8405229950	results/experiments/toolchain-environment/20260729T171551Z-toolchain-formal01/boots/repetition-03/lower/python312/lib/python3.12/site-packages/pip/_vendor/rich/__pycache__/cells.cpython-312.pyc
f	644	1000	1000	5737	64	35974571	1785345627.6443922400	results/experiments/toolchain-environment/20260729T171551Z-toolchain-formal01/boots/repetition-03/lower/python310/lib/python3.10/site-packages/pip/_vendor/urllib3/__pycache__/request.cpython-310.pyc
f	644	1000	1000	575	64	35973137	1785345610.8589048070	results/experiments/toolchain-environment/20260729T171551Z-toolchain-formal01/boots/repetition-03/lower/python310/lib/python3.10/site-packages/pip/_vendor/requests/certs.py
f	644	1000	1000	575	64	35975467	1785345635.4762578740	results/experiments/toolchain-environment/20260729T171551Z-toolchain-formal01/boots/repetition-03/lower/python312/lib/python3.12/site-packages/pip/_vendor/requests/certs.py
f	644	1000	1000	5752	64	35976481	1785345646.2034558550	results/experiments/toolchain-environment/20260729T171551Z-toolchain-formal01/boots/repetition-03/lower/python312/lib/python3.12/site-packages/pip/_vendor/platformdirs/__pycache__/macos.cpython-312.pyc
f	644	1000	1000	5758	64	35973445	1785345612.1895322520	results/experiments/toolchain-environment/20260729T171551Z-toolchain-formal01/boots/repetition-03/lower/python310/lib/python3.10/site-packages/pip/_vendor/urllib3/util/ssl_match_hostname.py
f	644	1000	1000	5758	64	35975801	1785345637.1971784840	results/experiments/toolchain-environment/20260729T171551Z-toolchain-formal01/boots/repetition-03/lower/python312/lib/python3.12/site-packages/pip/_vendor/urllib3/util/ssl_match_hostname.py
f	644	1000	1000	5764	64	35972631	1785345608.4353645880	results/experiments/toolchain-environment/20260729T171551Z-toolchain-formal01/boots/repetition-03/lower/python310/lib/python3.10/site-packages/pip/_internal/utils/deprecation.py
f	644	1000	1000	5765	64	35972271	1785345606.3765883350	results/experiments/toolchain-environment/20260729T171551Z-toolchain-formal01/boots/repetition-03/lower/python310/lib/python3.10/site-packages/setuptools/tests/__pycache__/test_distutils_adoption.cpython-310.pyc
f	644	1000	1000	58	64	35970473	1785345592.1555607570	results/experiments/toolchain-environment/20260729T171551Z-toolchain-formal01/boots/repetition-03/lower/python310/lib/python3.10/site-packages/setuptools/_distutils/zosccompiler.py
f	644	1000	1000	581	64	35972873	1785345609.6728510460	results/experiments/toolchain-environment/20260729T171551Z-toolchain-formal01/boots/repetition-03/lower/python310/lib/python3.10/site-packages/pip/_vendor/distlib/__init__.py
f	644	1000	1000	581	64	35976447	1785345645.6684459800	results/experiments/toolchain-environment/20260729T171551Z-toolchain-formal01/boots/repetition-03/lower/python312/lib/python3.12/site-packages/pip/_vendor/packaging/__pycache__/__init__.cpython-312.pyc
f	644	1000	1000	5824	64	35970343	1785345591.7184509080	results/experiments/toolchain-environment/20260729T171551Z-toolchain-formal01/boots/repetition-03/lower/python310/lib/python3.10/site-packages/setuptools/_normalization.py
f	644	1000	1000	583	64	35972589	1785345608.2628639850	results/experiments/toolchain-environment/20260729T171551Z-toolchain-formal01/boots/repetition-03/lower/python310/lib/python3.10/site-packages/pip/_internal/resolution/base.py
f	644	1000	1000	583	64	35974947	1785345633.3773261310	results/experiments/toolchain-environment/20260729T171551Z-toolchain-formal01/boots/repetition-03/lower/python312/lib/python3.12/site-packages/pip/_internal/resolution/base.py
f	644	1000	1000	5835	64	35976905	1785345652.3776049390	results/experiments/toolchain-environment/20260729T171551Z-toolchain-formal01/boots/repetition-03/lower/python312/lib/python3.12/site-packages/pip/_vendor/urllib3/contrib/__pycache__/ntlmpool.cpython-312.pyc
f	644	1000	1000	5839	64	35972265	1785345606.2941611500	results/experiments/toolchain-environment/20260729T171551Z-toolchain-formal01/boots/repetition-03/lower/python310/lib/python3.10/site-packages/setuptools/tests/__pycache__/test_develop.cpython-310.pyc
f	644	1000	1000	5852	64	35974283	1785345623.3329442670	results/experiments/toolchain-environment/20260729T171551Z-toolchain-formal01/boots/repetition-03/lower/python310/lib/python3.10/site-packages/pip/_vendor/requests/__pycache__/exceptions.cpython-310.pyc
f	644	1000	1000	5854	64	35970481	1785345592.1785798100	results/experiments/toolchain-environment/20260729T171551Z-toolchain-formal01/boots/repetition-03/lower/python310/lib/python3.10/site-packages/setuptools/_distutils/command/bdist.py
f	644	1000	1000	5871	64	35973055	1785345610.4793142000	results/experiments/toolchain-environment/20260729T171551Z-toolchain-formal01/boots/repetition-03/lower/python310/lib/python3.10/site-packages/pip/_vendor/pygments/formatters/irc.py
f	644	1000	1000	5871	64	35975501	1785345635.6796381610	results/experiments/toolchain-environment/20260729T171551Z-toolchain-formal01/boots/repetition-03/lower/python312/lib/python3.12/site-packages/pip/_vendor/resolvelib/providers.py
f	644	1000	1000	5872	64	35973165	1785345610.9734256230	results/experiments/toolchain-environment/20260729T171551Z-toolchain-formal01/boots/repetition-03/lower/python310/lib/python3.10/site-packages/pip/_vendor/resolvelib/providers.py
f	644	1000	1000	5881	64	35973817	1785345616.5998134310	results/experiments/toolchain-environment/20260729T171551Z-toolchain-formal01/boots/repetition-03/lower/python310/lib/python3.10/site-packages/pip/_internal/utils/__pycache__/subprocess.cpython-310.pyc
f	644	1000	1000	589	64	35973991	1785345619.1081973780	results/experiments/toolchain-environment/20260729T171551Z-toolchain-formal01/boots/repetition-03/lower/python310/lib/python3.10/site-packages/pip/_vendor/colorama/__pycache__/__init__.cpython-310.pyc
f	644	1000	1000	5894	64	35975989	1785345639.7203361960	results/experiments/toolchain-environment/20260729T171551Z-toolchain-formal01/boots/repetition-03/lower/python312/lib/python3.12/site-packages/pip/_internal/models/__pycache__/wheel.cpython-312.pyc
f	644	1000	1000	58994	64	35974185	1785345622.1070112150	results/experiments/toolchain-environment/20260729T171551Z-toolchain-formal01/boots/repetition-03/lower/python310/lib/python3.10/site-packages/pip/_vendor/pygments/lexers/__pycache__/_mapping.cpython-310.pyc
f	644	1000	1000	59	64	35970663	1785345592.8424716240	results/experiments/toolchain-environment/20260729T171551Z-toolchain-formal01/boots/repetition-03/lower/python310/lib/python3.10/site-packages/setuptools/_vendor/backports/tarfile/__main__.py
f	644	1000	1000	59	64	35970875	1785345593.7254878980	results/experiments/toolchain-environment/20260729T171551Z-toolchain-formal01/boots/repetition-03/lower/python310/lib/python3.10/site-packages/setuptools/_vendor/wheel/__init__.py
f	644	1000	1000	59079	64	35976815	1785345651.1945479910	results/experiments/toolchain-environment/20260729T171551Z-toolchain-formal01/boots/repetition-03/lower/python312/lib/python3.12/site-packages/pip/_vendor/rich/__pycache__/text.cpython-312.pyc
f	644	1000	1000	5923	64	35970487	1785345592.2018253560	results/experiments/toolchain-environment/20260729T171551Z-toolchain-formal01/boots/repetition-03/lower/python310/lib/python3.10/site-packages/setuptools/_distutils/command/build.py
f	644	1000	1000	5937	64	35976281	1785345643.3864038580	results/experiments/toolchain-environment/20260729T171551Z-toolchain-formal01/boots/repetition-03/lower/python312/lib/python3.12/site-packages/pip/_vendor/chardet/__pycache__/hebrewprober.cpython-312.pyc
f	644	1000	1000	594	64	35970437	1785345592.0283572190	results/experiments/toolchain-environment/20260729T171551Z-toolchain-formal01/boots/repetition-03/lower/python310/lib/python3.10/site-packages/setuptools/_distutils/cygwinccompiler.py
f	644	1000	1000	5945	64	35976533	1785345647.1244728560	results/experiments/toolchain-environment/20260729T171551Z-toolchain-formal01/boots/repetition-03/lower/python312/lib/python3.12/site-packages/pip/_vendor/pygments/formatters/__pycache__/terminal.cpython-312.pyc
f	644	1000	1000	5958	64	35972027	1785345603.3806658750	results/experiments/toolchain-environment/20260729T171551Z-toolchain-formal01/boots/repetition-03/lower/python310/lib/python3.10/site-packages/setuptools/_vendor/wheel/vendored/packaging/__pycache__/_tokenizer.cpython-310.pyc
f	644	1000	1000	596	64	35972677	1785345608.6072922020	results/experiments/toolchain-environment/20260729T171551Z-toolchain-formal01/boots/repetition-03/lower/python310/lib/python3.10/site-packages/pip/_internal/vcs/__init__.py
f	644	1000	1000	596	64	35975035	1785345633.7121620890	results/experiments/toolchain-environment/20260729T171551Z-toolchain-formal01/boots/repetition-03/lower/python312/lib/python3.12/site-packages/pip/_internal/vcs/__init__.py
f	644	1000	1000	5965	64	35970365	1785345591.7874521800	results/experiments/toolchain-environment/20260729T171551Z-toolchain-formal01/boots/repetition-03/lower/python310/lib/python3.10/site-packages/setuptools/depends.py
f	644	1000	1000	59706	64	35975625	1785345636.3392738000	results/experiments/toolchain-environment/20260729T171551Z-toolchain-formal01/boots/repetition-03/lower/python312/lib/python3.12/site-packages/pip/_vendor/rich/progress.py
f	644	1000	1000	5983	64	35976463	1785345645.9384682940	results/experiments/toolchain-environment/20260729T171551Z-toolchain-formal01/boots/repetition-03/lower/python312/lib/python3.12/site-packages/pip/_vendor/packaging/__pycache__/utils.cpython-312.pyc
f	644	1000	1000	59836	64	35973289	1785345611.4978155460	results/experiments/toolchain-environment/20260729T171551Z-toolchain-formal01/boots/repetition-03/lower/python310/lib/python3.10/site-packages/pip/_vendor/rich/progress.py
f	644	1000	1000	5985	64	35973387	1785345611.9189977420	results/experiments/toolchain-environment/20260729T171551Z-toolchain-formal01/boots/repetition-03/lower/python310/lib/python3.10/site-packages/pip/_vendor/urllib3/request.py
f	644	1000	1000	5987	64	35971113	1785345594.6035040810	results/experiments/toolchain-environment/20260729T171551Z-toolchain-formal01/boots/repetition-03/lower/python310/lib/python3.10/site-packages/setuptools/tests/test_distutils_adoption.py
f	644	1000	1000	5996	64	35975947	1785345639.0085255920	results/experiments/toolchain-environment/20260729T171551Z-toolchain-formal01/boots/repetition-03/lower/python312/lib/python3.12/site-packages/pip/_internal/metadata/__pycache__/__init__.cpython-312.pyc
f	644	1000	1000	6009	64	35974819	1785345632.9121591940	results/experiments/toolchain-environment/20260729T171551Z-toolchain-formal01/boots/repetition-03/lower/python312/lib/python3.12/site-packages/pip/_internal/locations/_distutils.py
f	644	1000	1000	6014	64	35971919	1785345601.8626378890	results/experiments/toolchain-environment/20260729T171551Z-toolchain-formal01/boots/repetition-03/lower/python310/lib/python3.10/site-packages/setuptools/_vendor/platformdirs/__pycache__/macos.cpython-310.pyc
f	644	1000	1000	60273	64	35976389	1785345644.8334305670	results/experiments/toolchain-environment/20260729T171551Z-toolchain-formal01/boots/repetition-03/lower/python312/lib/python3.12/site-packages/pip/_vendor/distlib/__pycache__/locators.cpython-312.pyc
f	644	1000	1000	603	64	35976347	1785345644.2506292980	results/experiments/toolchain-environment/20260729T171551Z-toolchain-formal01/boots/repetition-03/lower/python312/lib/python3.12/site-packages/pip/_vendor/chardet/__pycache__/version.cpython-312.pyc
f	644	1000	1000	6035	64	35971883	1785345601.3756289110	results/experiments/toolchain-environment/20260729T171551Z-toolchain-formal01/boots/repetition-03/lower/python310/lib/python3.10/site-packages/setuptools/_vendor/packaging/__pycache__/_tokenizer.cpython-310.pyc
f	644	1000	1000	6037	64	35976159	1785345641.9916366270	results/experiments/toolchain-environment/20260729T171551Z-toolchain-formal01/boots/repetition-03/lower/python312/lib/python3.12/site-packages/pip/_internal/utils/__pycache__/wheel.cpython-312.pyc
f	644	1000	1000	6052	64	35970981	1785345594.1176298080	results/experiments/toolchain-environment/20260729T171551Z-toolchain-formal01/boots/repetition-03/lower/python310/lib/python3.10/site-packages/setuptools/command/build.py
f	644	1000	1000	6052	64	35974415	1785345625.3396093410	results/experiments/toolchain-environment/20260729T171551Z-toolchain-formal01/boots/repetition-03/lower/python310/lib/python3.10/site-packages/pip/_vendor/rich/__pycache__/markup.cpython-310.pyc
f	644	1000	1000	606	64	35972191	1785345605.3402991050	results/experiments/toolchain-environment/20260729T171551Z-toolchain-formal01/boots/repetition-03/lower/python310/lib/python3.10/site-packages/setuptools/tests/__pycache__/__init__.cpython-310.pyc
f	644	1000	1000	606	64	35974333	1785345624.0547494250	results/experiments/toolchain-environment/20260729T171551Z-toolchain-formal01/boots/repetition-03/lower/python310/lib/python3.10/site-packages/pip/_vendor/rich/__pycache__/_extension.cpython-310.pyc
f	644	1000	1000	6062	64	35970375	1785345591.8244528620	results/experiments/toolchain-environment/20260729T171551Z-toolchain-formal01/boots/repetition-03/lower/python310/lib/python3.10/site-packages/setuptools/glob.py
f	644	1000	1000	6064	64	35974367	1785345624.5500850030	results/experiments/toolchain-environment/20260729T171551Z-toolchain-formal01/boots/repetition-03/lower/python310/lib/python3.10/site-packages/pip/_vendor/rich/__pycache__/ansi.cpython-310.pyc
f	644	1000	1000	607	64	35976351	1785345644.2764202860	results/experiments/toolchain-environment/20260729T171551Z-toolchain-formal01/boots/repetition-03/lower/python312/lib/python3.12/site-packages/pip/_vendor/colorama/__pycache__/__init__.cpython-312.pyc
f	644	1000	1000	6075	64	35976645	1785345648.7645031310	results/experiments/toolchain-environment/20260729T171551Z-toolchain-formal01/boots/repetition-03/lower/python312/lib/python3.12/site-packages/pip/_vendor/requests/__pycache__/status_codes.cpython-312.pyc
f	644	1000	1000	6077	64	35972805	1785345609.2778940040	results/experiments/toolchain-environment/20260729T171551Z-toolchain-formal01/boots/repetition-03/lower/python310/lib/python3.10/site-packages/pip/_vendor/chardet/macromanprober.py
f	644	1000	1000	6077	64	35975163	1785345634.2112345310	results/experiments/toolchain-environment/20260729T171551Z-toolchain-formal01/boots/repetition-03/lower/python312/lib/python3.12/site-packages/pip/_vendor/chardet/macromanprober.py
f	644	1000	1000	6079	64	35975283	1785345634.7151403220	results/experiments/toolchain-environment/20260729T171551Z-toolchain-formal01/boots/repetition-03/lower/python312/lib/python3.12/site-packages/pip/_vendor/msgpack/ext.py
f	644	1000	1000	608	64	35970697	1785345592.9663281960	results/experiments/toolchain-environment/20260729T171551Z-toolchain-formal01/boots/repetition-03/lower/python310/lib/python3.10/site-packages/setuptools/_vendor/importlib_metadata/compat/py311.py
f	644	1000	1000	6080	64	35972951	1785345610.0359576100	results/experiments/toolchain-environment/20260729T171551Z-toolchain-formal01/boots/repetition-03/lower/python310/lib/python3.10/site-packages/pip/_vendor/msgpack/ext.py
f	644	1000	1000	6086	64	35974881	1785345633.1374818270	results/experiments/toolchain-environment/20260729T171551Z-toolchain-formal01/boots/repetition-03/lower/python312/lib/python3.12/site-packages/pip/_internal/network/download.py
f	644	1000	1000	6090	64	35973181	1785345611.0267235380	results/experiments/toolchain-environment/20260729T171551Z-toolchain-formal01/boots/repetition-03/lower/python310/lib/python3.10/site-packages/pip/_vendor/rich/__init__.py
f	644	1000	1000	6090	64	35975511	1785345635.7212623950	results/experiments/toolchain-environment/20260729T171551Z-toolchain-formal01/boots/repetition-03/lower/python312/lib/python3.12/site-packages/pip/_vendor/rich/__init__.py
f	644	1000	1000	6096	64	35972515	1785345607.9834370010	results/experiments/toolchain-environment/20260729T171551Z-toolchain-formal01/boots/repetition-03/lower/python310/lib/python3.10/site-packages/pip/_internal/network/download.py
f	644	1000	1000	6100	64	35972455	1785345607.7285341470	results/experiments/toolchain-environment/20260729T171551Z-toolchain-formal01/boots/repetition-03/lower/python310/lib/python3.10/site-packages/pip/_internal/locations/_distutils.py
f	644	1000	1000	6103	64	35973593	1785345613.7474377690	results/experiments/toolchain-environment/20260729T171551Z-toolchain-formal01/boots/repetition-03/lower/python310/lib/python3.10/site-packages/pip/_internal/locations/__pycache__/_sysconfig.cpython-310.pyc
f	644	1000	1000	61138	64	35973951	1785345618.4929445520	results/experiments/toolchain-environment/20260729T171551Z-toolchain-formal01/boots/repetition-03/lower/python310/lib/python3.10/site-packages/pip/_vendor/chardet/__pycache__/langrussianmodel.cpython-310.pyc
f	644	1000	1000	613	64	35971531	1785345596.4925388990	results/experiments/toolchain-environment/20260729T171551Z-toolchain-formal01/boots/repetition-03/lower/python310/lib/python3.10/site-packages/setuptools/_distutils/command/__pycache__/__init__.cpython-310.pyc
f	644	1000	1000	6151	64	35976755	1785345650.2804682520	results/experiments/toolchain-environment/20260729T171551Z-toolchain-formal01/boots/repetition-03/lower/python312/lib/python3.12/site-packages/pip/_vendor/rich/__pycache__/json.cpython-312.pyc
f	644	1000	1000	6157	64	35971623	1785345597.9045649260	results/experiments/toolchain-environment/20260729T171551Z-toolchain-formal01/boots/repetition-03/lower/python310/lib/python3.10/site-packages/setuptools/_distutils/__pycache__/file_util.cpython-310.pyc
f	644	1000	1000	6171	64	35970887	1785345593.7734887830	results/experiments/toolchain-environment/20260729T171551Z-toolchain-formal01/boots/repetition-03/lower/python310/lib/python3.10/site-packages/setuptools/_vendor/wheel/metadata.py
f	644	1000	1000	6180	64	35976801	1785345650.9695438370	results/experiments/toolchain-environment/20260729T171551Z-toolchain-formal01/boots/repetition-03/lower/python312/lib/python3.12/site-packages/pip/_vendor/rich/__pycache__/spinner.cpython-312.pyc
f	644	1000	1000	6181	64	35972851	1785345609.5469469920	results/experiments/toolchain-environment/20260729T171551Z-toolchain-formal01/boots/repetition-03/lower/python310/lib/python3.10/site-packages/pip/_vendor/colorama/win32.py
f	644	1000	1000	6181	64	35975219	1785345634.4436949270	results/experiments/toolchain-environment/20260729T171551Z-toolchain-formal01/boots/repetition-03/lower/python312/lib/python3.12/site-packages/pip/_vendor/colorama/win32.py
f	644	1000	1000	6181	64	35976521	1785345646.9050069500	results/experiments/toolchain-environment/20260729T171551Z-toolchain-formal01/boots/repetition-03/lower/python312/lib/python3.12/site-packages/pip/_vendor/pygments/formatters/__pycache__/irc.cpython-312.pyc
f	644	1000	1000	6184	64	35973031	1785345610.3730549320	results/experiments/toolchain-environment/20260729T171551Z-toolchain-formal01/boots/repetition-03/lower/python310/lib/python3.10/site-packages/pip/_vendor/pygments/token.py
f	644	1000	1000	6184	64	35975407	1785345635.2341335420	results/experiments/toolchain-environment/20260729T171551Z-toolchain-formal01/boots/repetition-03/lower/python312/lib/python3.12/site-packages/pip/_vendor/pygments/token.py
f	644	1000	1000	6184	64	35976803	1785345650.9975443540	results/experiments/toolchain-environment/20260729T171551Z-toolchain-formal01/boots/repetition-03/lower/python312/lib/python3.12/site-packages/pip/_vendor/rich/__pycache__/status.cpython-312.pyc
f	644	1000	1000	619	64	35974291	1785345623.4668747930	results/experiments/toolchain-environment/20260729T171551Z-toolchain-formal01/boots/repetition-03/lower/python310/lib/python3.10/site-packages/pip/_vendor/requests/__pycache__/packages.cpython-310.pyc
f	644	1000	1000	6209	64	35973983	1785345619.0111088250	results/experiments/toolchain-environment/20260729T171551Z-toolchain-formal01/boots/repetition-03/lower/python310/lib/python3.10/site-packages/pip/_vendor/chardet/__pycache__/utf1632prober.cpython-310.pyc
f	644	1000	1000	6224	64	35974321	1785345623.8379200720	results/experiments/toolchain-environment/20260729T171551Z-toolchain-formal01/boots/repetition-03/lower/python310/lib/python3.10/site-packages/pip/_vendor/rich/__pycache__/__init__.cpython-310.pyc
f	644	1000	1000	6226	64	35970577	1785345592.5375878860	results/experiments/toolchain-environment/20260729T171551Z-toolchain-formal01/boots/repetition-03/lower/python310/lib/python3.10/site-packages/setuptools/_distutils/tests/test_check.py
f	644	1000	1000	6231	64	35972231	1785345605.8267864930	results/experiments/toolchain-environment/20260729T171551Z-toolchain-formal01/boots/repetition-03/lower/python310/lib/python3.10/site-packages/setuptools/tests/integration/__pycache__/test_pip_install_sdist.cpython-310.pyc
f	644	1000	1000	6241	64	35973503	1785345612.5733264250	results/experiments/toolchain-environment/20260729T171551Z-toolchain-formal01/boots/repetition-03/lower/python310/lib/python3.10/site-packages/pip/_internal/cli/__pycache__/base_command.cpython-310.pyc
f	644	1000	1000	6242	64	35976529	1785345647.0534715460	results/experiments/toolchain-environment/20260729T171551Z-toolchain-formal01/boots/repetition-03/lower/python312/lib/python3.12/site-packages/pip/_vendor/pygments/formatters/__pycache__/rtf.cpython-312.pyc
f	644	1000	1000	6244	64	35972081	1785345604.1585757520	results/experiments/toolchain-environment/20260729T171551Z-toolchain-formal01/boots/repetition-03/lower/python310/lib/python3.10/site-packages/setuptools/command/__pycache__/develop.cpython-310.pyc
f	644	1000	1000	625	64	35973775	1785345616.1098996050	results/experiments/toolchain-environment/20260729T171551Z-toolchain-formal01/boots/repetition-03/lower/python310/lib/python3.10/site-packages/pip/_internal/utils/__pycache__/datetime.cpython-310.pyc
f	644	1000	1000	625	64	35973831	1785345616.7733034830	results/experiments/toolchain-environment/20260729T171551Z-toolchain-formal01/boots/repetition-03/lower/python310/lib/python3.10/site-packages/pip/_internal/vcs/__pycache__/__init__.cpython-310.pyc
f	644	1000	1000	625	64	35975225	1785345634.4621634610	results/experiments/toolchain-environment/20260729T171551Z-toolchain-formal01/boots/repetition-03/lower/python312/lib/python3.12/site-packages/pip/_vendor/distlib/__init__.py
f	644	1000	1000	6257	64	35973029	1785345610.3640556260	results/experiments/toolchain-environment/20260729T171551Z-toolchain-formal01/boots/repetition-03/lower/python310/lib/python3.10/site-packages/pip/_vendor/pygments/style.py
f	644	1000	1000	6257	64	35975401	1785345635.2161343370	results/experiments/toolchain-environment/20260729T171551Z-toolchain-formal01/boots/repetition-03/lower/python312/lib/python3.12/site-packages/pip/_vendor/pygments/style.py
f	644	1000	1000	628	64	35971007	1785345594.2074967820	results/experiments/toolchain-environment/20260729T171551Z-toolchain-formal01/boots/repetition-03/lower/python310/lib/python3.10/site-packages/setuptools/command/launcher manifest.xml
f	644	1000	1000	63	64	35972483	1785345607.8447333420	results/experiments/toolchain-environment/20260729T171551Z-toolchain-formal01/boots/repetition-03/lower/python310/lib/python3.10/site-packages/pip/_internal/models/__init__.py
f	644	1000	1000	63	64	35974849	1785345633.0169412600	results/experiments/toolchain-environment/20260729T171551Z-toolchain-formal01/boots/repetition-03/lower/python312/lib/python3.12/site-packages/pip/_internal/models/__init__.py
f	644	1000	1000	6308	64	35974379	1785345624.7517318190	results/experiments/toolchain-environment/20260729T171551Z-toolchain-formal01/boots/repetition-03/lower/python310/lib/python3.10/site-packages/pip/_vendor/rich/__pycache__/columns.cpython-310.pyc
f	644	1000	1000	6309	64	35974389	1785345624.9210631260	results/experiments/toolchain-environment/20260729T171551Z-toolchain-formal01/boots/repetition-03/lower/python310/lib/python3.10/site-packages/pip/_vendor/rich/__pycache__/default_styles.cpython-310.pyc
f	644	1000	1000	6312	64	35973687	1785345615.0549585720	results/experiments/toolchain-environment/20260729T171551Z-toolchain-formal01/boots/repetition-03/lower/python310/lib/python3.10/site-packages/pip/_internal/operations/__pycache__/freeze.cpython-310.pyc
f	644	1000	1000	63187	64	35973033	1785345610.3820162500	results/experiments/toolchain-environment/20260729T171551Z-toolchain-formal01/boots/repetition-03/lower/python310/lib/python3.10/site-packages/pip/_vendor/pygments/unistring.py
f	644	1000	1000	6322	64	35976093	1785345641.0263959980	results/experiments/toolchain-environment/20260729T171551Z-toolchain-formal01/boots/repetition-03/lower/python312/lib/python3.12/site-packages/pip/_internal/resolution/resolvelib/__pycache__/found_candidates.cpython-312.pyc
f	644	1000	1000	63223	64	35975409	1785345635.2422535560	results/experiments/toolchain-environment/20260729T171551Z-toolchain-formal01/boots/repetition-03/lower/python312/lib/python3.12/site-packages/pip/_vendor/pygments/unistring.py
f	644	1000	1000	6330	64	35972055	1785345603.8326742080	results/experiments/toolchain-environment/20260729T171551Z-toolchain-formal01/boots/repetition-03/lower/python310/lib/python3.10/site-packages/setuptools/__pycache__/archive_util.cpython-310.pyc
f	644	1000	1000	6337	64	35972005	1785345603.0386595700	results/experiments/toolchain-environment/20260729T171551Z-toolchain-formal01/boots/repetition-03/lower/python310/lib/python3.10/site-packages/setuptools/_vendor/wheel/__pycache__/metadata.cpython-310.pyc
f	644	1000	1000	6345	64	35973527	1785345612.8879709940	results/experiments/toolchain-environment/20260729T171551Z-toolchain-formal01/boots/repetition-03/lower/python310/lib/python3.10/site-packages/pip/_internal/commands/__pycache__/cache.cpython-310.pyc
f	644	1000	1000	636	64	35971923	1785345601.9212834420	results/experiments/toolchain-environment/20260729T171551Z-toolchain-formal01/boots/repetition-03/lower/python310/lib/python3.10/site-packages/setuptools/_vendor/platformdirs/__pycache__/version.cpython-310.pyc
f	644	1000	1000	6377	64	35973133	1785345610.8397353010	results/experiments/toolchain-environment/20260729T171551Z-toolchain-formal01/boots/repetition-03/lower/python310/lib/python3.10/site-packages/pip/_vendor/requests/api.py
f	644	1000	1000	638	64	35974437	1785345625.8065796400	results/experiments/toolchain-environment/20260729T171551Z-toolchain-formal01/boots/repetition-03/lower/python310/lib/python3.10/site-packages/pip/_vendor/rich/__pycache__/region.cpython-310.pyc
f	644	1000	1000	6389	64	35970857	1785345593.6555320010	results/experiments/toolchain-environment/20260729T171551Z-toolchain-formal01/boots/repetition-03/lower/python310/lib/python3.10/site-packages/setuptools/_vendor/typeguard/_importhook.py
f	644	1000	1000	6392	64	35975059	1785345633.7896650900	results/experiments/toolchain-environment/20260729T171551Z-toolchain-formal01/boots/repetition-03/lower/python312/lib/python3.12/site-packages/pip/_vendor/cachecontrol/adapter.py
f	644	1000	1000	6398	64	35972297	1785345606.7634677340	results/experiments/toolchain-environment/20260729T171551Z-toolchain-formal01/boots/repetition-03/lower/python310/lib/python3.10/site-packages/setuptools/tests/__pycache__/test_sandbox.cpython-310.pyc
f	644	1000	1000	64	64	35972919	1785345609.9131378030	results/experiments/toolchain-environment/20260729T171551Z-toolchain-formal01/boots/repetition-03/lower/python310/lib/python3.10/site-packages/pip/_vendor/distro/__main__.py
f	644	1000	1000	64	64	35973373	1785345611.8433723200	results/experiments/toolchain-environment/20260729T171551Z-toolchain-formal01/boots/repetition-03/lower/python310/lib/python3.10/site-packages/pip/_vendor/urllib3/_version.py
f	644	1000	1000	64	64	35975255	1785345634.6032720410	results/experiments/toolchain-environment/20260729T171551Z-toolchain-formal01/boots/repetition-03/lower/python312/lib/python3.12/site-packages/pip/_vendor/distro/__main__.py
f	644	1000	1000	64	64	35975727	1785345636.8582833770	results/experiments/toolchain-environment/20260729T171551Z-toolchain-formal01/boots/repetition-03/lower/python312/lib/python3.12/site-packages/pip/_vendor/urllib3/_version.py
f	644	1000	1000	6400	64	35972815	1785345609.3451324070	results/experiments/toolchain-environment/20260729T171551Z-toolchain-formal01/boots/repetition-03/lower/python310/lib/python3.10/site-packages/pip/_vendor/chardet/sbcharsetprober.py
f	644	1000	1000	6400	64	35975179	1785345634.2850386240	results/experiments/toolchain-environment/20260729T171551Z-toolchain-formal01/boots/repetition-03/lower/python312/lib/python3.12/site-packages/pip/_vendor/chardet/sbcharsetprober.py
f	644	1000	1000	641	64	35971147	1785345594.7426754580	results/experiments/toolchain-environment/20260729T171551Z-toolchain-formal01/boots/repetition-03/lower/python310/lib/python3.10/site-packages/setuptools/tests/test_shutil_wrapper.py
f	644	1000	1000	641	64	35971321	1785345595.3273570250	results/experiments/toolchain-environment/20260729T171551Z-toolchain-formal01/boots/repetition-03/lower/python310/lib/python3.10/site-packages/setuptools/_vendor/jaraco.context-5.3.0.dist-info/RECORD
f	644	1000	1000	641	64	35971867	1785345601.1966523930	results/experiments/toolchain-environment/20260729T171551Z-toolchain-formal01/boots/repetition-03/lower/python310/lib/python3.10/site-packages/setuptools/_vendor/packaging/__pycache__/__init__.cpython-310.pyc
f	644	1000	1000	6419	64	35972423	1785345607.6008389540	results/experiments/toolchain-environment/20260729T171551Z-toolchain-formal01/boots/repetition-03/lower/python310/lib/python3.10/site-packages/pip/_internal/commands/show.py
f	644	1000	1000	6419	64	35974783	1785345632.7888591410	results/experiments/toolchain-environment/20260729T171551Z-toolchain-formal01/boots/repetition-03/lower/python312/lib/python3.12/site-packages/pip/_internal/commands/show.py
f	644	1000	1000	642	64	35971497	1785345596.1301268370	results/experiments/toolchain-environment/20260729T171551Z-toolchain-formal01/boots/repetition-03/lower/python310/lib/python3.10/site-packages/pkg_resources/tests/__pycache__/test_markers.cpython-310.pyc
f	644	1000	1000	642	64	35973255	1785345611.3543804580	results/experiments/toolchain-environment/20260729T171551Z-toolchain-formal01/boots/repetition-03/lower/python310/lib/python3.10/site-packages/pip/_vendor/rich/errors.py
f	644	1000	1000	642	64	35975587	1785345636.1563304510	results/experiments/toolchain-environment/20260729T171551Z-toolchain-formal01/boots/repetition-03/lower/python312/lib/python3.12/site-packages/pip/_vendor/rich/errors.py
f	644	1000	1000	6426	64	35973087	1785345610.6461667840	results/experiments/toolchain-environment/20260729T171551Z-toolchain-formal01/boots/repetition-03/lower/python310/lib/python3.10/site-packages/pip/_vendor/pyparsing/actions.py
f	644	1000	1000	6427	64	35974079	1785345620.4925911490	results/experiments/toolchain-environment/20260729T171551Z-toolchain-formal01/boots/repetition-03/lower/python310/lib/python3.10/site-packages/pip/_vendor/msgpack/__pycache__/ext.cpython-310.pyc
f	644	1000	1000	6428	64	35972167	1785345605.0858304210	results/experiments/toolchain-environment/20260729T171551Z-toolchain-formal01/boots/repetition-03/lower/python310/lib/python3.10/site-packages/setuptools/__pycache__/extension.cpython-310.pyc
f	644	1000	1000	643	64	35970741	1785345593.1304769320	results/experiments/toolchain-environment/20260729T171551Z-toolchain-formal01/boots/repetition-03/lower/python310/lib/python3.10/site-packages/setuptools/_vendor/jaraco/text/layouts.py
f	644	1000	1000	6443	64	35974173	1785345621.8901973310	results/experiments/toolchain-environment/20260729T171551Z-toolchain-formal01/boots/repetition-03/lower/python310/lib/python3.10/site-packages/pip/_vendor/pygments/formatters/__pycache__/svg.cpython-310.pyc
f	644	1000	1000	6449	64	35975463	1785345635.4542574680	results/experiments/toolchain-environment/20260729T171551Z-toolchain-formal01/boots/repetition-03/lower/python312/lib/python3.12/site-packages/pip/_vendor/requests/api.py
f	644	1000	1000	645	64	35976163	1785345642.0205993980	results/experiments/toolchain-environment/20260729T171551Z-toolchain-formal01/boots/repetition-03/lower/python312/lib/python3.12/site-packages/pip/_internal/vcs/__pycache__/__init__.cpython-312.pyc
f	644	1000	1000	64520	64	35976543	1785345647.2954760130	results/experiments/toolchain-environment/20260729T171551Z-toolchain-formal01/boots/repetition-03/lower/python312/lib/python3.12/site-packages/pip/_vendor/pygments/lexers/__pycache__/_mapping.cpython-312.pyc
f	644	1000	1000	6456	64	35976817	1785345651.2234490400	results/experiments/toolchain-environment/20260729T171551Z-toolchain-formal01/boots/repetition-03/lower/python312/lib/python3.12/site-packages/pip/_vendor/rich/__pycache__/theme.cpython-312.pyc
f	644	1000	1000	6476	64	35974787	1785345632.8059116710	results/experiments/toolchain-environment/20260729T171551Z-toolchain-formal01/boots/repetition-03/lower/python312/lib/python3.12/site-packages/pip/_internal/commands/wheel.py
f	644	1000	1000	6492	64	35976769	1785345650.4836474410	results/experiments/toolchain-environment/20260729T171551Z-toolchain-formal01/boots/repetition-03/lower/python312/lib/python3.12/site-packages/pip/_vendor/rich/__pycache__/measure.cpython-312.pyc
f	644	1000	1000	6494	64	35972437	1785345607.6600201590	results/experiments/toolchain-environment/20260729T171551Z-toolchain-formal01/boots/repetition-03/lower/python310/lib/python3.10/site-packages/pip/_internal/distributions/sdist.py
f	644	1000	1000	6502	64	35976335	1785345644.0722233970	results/experiments/toolchain-environment/20260729T171551Z-toolchain-formal01/boots/repetition-03/lower/python312/lib/python3.12/site-packages/pip/_vendor/chardet/__pycache__/sbcharsetprober.cpython-312.pyc
f	644	1000	1000	65146	64	35974513	1785345626.8770992110	results/experiments/toolchain-environment/20260729T171551Z-toolchain-formal01/boots/repetition-03/lower/python310/lib/python3.10/site-packages/pip/_vendor/__pycache__/typing_extensions.cpython-310.pyc
f	644	1000	1000	6520	64	35976213	1785345642.6046753340	results/experiments/toolchain-environment/20260729T171551Z-toolchain-formal01/boots/repetition-03/lower/python312/lib/python3.12/site-packages/pip/_vendor/cachecontrol/__pycache__/serialize.cpython-312.pyc
f	644	1000	1000	653	64	35976683	1785345649.2460308560	results/experiments/toolchain-environment/20260729T171551Z-toolchain-formal01/boots/repetition-03/lower/python312/lib/python3.12/site-packages/pip/_vendor/rich/__pycache__/_extension.cpython-312.pyc
f	644	1000	1000	65341	64	35972085	1785345604.2176813060	results/experiments/toolchain-environment/20260729T171551Z-toolchain-formal01/boots/repetition-03/lower/python310/lib/python3.10/site-packages/setuptools/command/__pycache__/easy_install.cpython-310.pyc
f	644	1000	1000	6548	64	35971229	1785345594.9665107710	results/experiments/toolchain-environment/20260729T171551Z-toolchain-formal01/boots/repetition-03/lower/python310/lib/python3.10/site-packages/setuptools-79.0.1.dist-info/METADATA
f	644	1000	1000	6557	64	35972019	1785345603.2305073940	results/experiments/toolchain-environment/20260729T171551Z-toolchain-formal01/boots/repetition-03/lower/python310/lib/python3.10/site-packages/setuptools/_vendor/wheel/vendored/packaging/__pycache__/_manylinux.cpython-310.pyc
f	644	1000	1000	6557	64	35972449	1785345607.7093412060	results/experiments/toolchain-environment/20260729T171551Z-toolchain-formal01/boots/repetition-03/lower/python310/lib/python3.10/site-packages/pip/_internal/index/sources.py
f	644	1000	1000	6561	64	35973733	1785345615.6472243510	results/experiments/toolchain-environment/20260729T171551Z-toolchain-formal01/boots/repetition-03/lower/python310/lib/python3.10/site-packages/pip/_internal/resolution/resolvelib/__pycache__/base.cpython-310.pyc
f	644	1000	1000	6563	64	35973463	1785345612.2796522980	results/experiments/toolchain-environment/20260729T171551Z-toolchain-formal01/boots/repetition-03/lower/python310/lib/python3.10/site-packages/pip/_vendor/webencodings/tests.py
f	644	1000	1000	6563	64	35975821	1785345637.2772943420	results/experiments/toolchain-environment/20260729T171551Z-toolchain-formal01/boots/repetition-03/lower/python312/lib/python3.12/site-packages/pip/_vendor/webencodings/tests.py
f	644	1000	1000	6567	64	35975417	1785345635.2682540360	results/experiments/toolchain-environment/20260729T171551Z-toolchain-formal01/boots/repetition-03/lower/python312/lib/python3.12/site-packages/pip/_vendor/pyparsing/actions.py
f	644	1000	1000	657	64	35970341	1785345591.7125433000	results/experiments/toolchain-environment/20260729T171551Z-toolchain-formal01/boots/repetition-03/lower/python310/lib/python3.10/site-packages/setuptools/_itertools.py
f	644	1000	1000	6579	64	35976187	1785345642.3313843860	results/experiments/toolchain-environment/20260729T171551Z-toolchain-formal01/boots/repetition-03/lower/python312/lib/python3.12/site-packages/pip/_vendor/cachecontrol/__pycache__/adapter.cpython-312.pyc
f	644	1000	1000	6586	64	35970539	1785345592.3953534720	results/experiments/toolchain-environment/20260729T171551Z-toolchain-formal01/boots/repetition-03/lower/python310/lib/python3.10/site-packages/setuptools/_distutils/compilers/C/zos.py
f	644	1000	1000	659	64	35971711	1785345599.3545916550	results/experiments/toolchain-environment/20260729T171551Z-toolchain-formal01/boots/repetition-03/lower/python310/lib/python3.10/site-packages/setuptools/_distutils/tests/__pycache__/unix_compat.cpython-310.pyc
f	644	1000	1000	6591	64	35972403	1785345607.5018507210	results/experiments/toolchain-environment/20260729T171551Z-toolchain-formal01/boots/repetition-03/lower/python310/lib/python3.10/site-packages/pip/_internal/commands/debug.py
f	644	1000	1000	6596	64	35973001	1785345610.2434997570	results/experiments/toolchain-environment/20260729T171551Z-toolchain-formal01/boots/repetition-03/lower/python310/lib/python3.10/site-packages/pip/_vendor/platformdirs/windows.py
f	644	1000	1000	6597	64	35974385	1785345624.8541906200	results/experiments/toolchain-environment/20260729T171551Z-toolchain-formal01/boots/repetition-03/lower/python310/lib/python3.10/site-packages/pip/_vendor/rich/__pycache__/containers.cpython-310.pyc
f	644	1000	1000	661	64	35972957	1785345610.0569669910	results/experiments/toolchain-environment/20260729T171551Z-toolchain-formal01/boots/repetition-03/lower/python310/lib/python3.10/site-packages/pip/_vendor/packaging/__about__.py
f	644	1000	1000	661	64	35974267	1785345623.0829801620	results/experiments/toolchain-environment/20260729T171551Z-toolchain-formal01/boots/repetition-03/lower/python310/lib/python3.10/site-packages/pip/_vendor/requests/__pycache__/__version__.cpython-310.pyc
f	644	1000	1000	661	64	35975289	1785345634.7472444220	results/experiments/toolchain-environment/20260729T171551Z-toolchain-formal01/boots/repetition-03/lower/python312/lib/python3.12/site-packages/pip/_vendor/packaging/__about__.py
f	644	1000	1000	66142	64	35976385	1785345644.7694293850	results/experiments/toolchain-environment/20260729T171551Z-toolchain-formal01/boots/repetition-03/lower/python312/lib/python3.12/site-packages/pip/_vendor/distlib/__pycache__/database.cpython-312.pyc
f	644	1000	1000	6621	64	35974129	1785345621.1632748340	results/experiments/toolchain-environment/20260729T171551Z-toolchain-formal01/boots/repetition-03/lower/python310/lib/python3.10/site-packages/pip/_vendor/platformdirs/__pycache__/windows.cpython-310.pyc
f	644	1000	1000	6626	64	35972487	1785345607.8639503090	results/experiments/toolchain-environment/20260729T171551Z-toolchain-formal01/boots/repetition-03/lower/python310/lib/python3.10/site-packages/pip/_internal/models/direct_url.py
f	644	1000	1000	66262	64	35972899	1785345609.8451713580	results/experiments/toolchain-environment/20260729T171551Z-toolchain-formal01/boots/repetition-03/lower/python310/lib/python3.10/site-packages/pip/_vendor/distlib/util.py
f	644	1000	1000	6630	64	35973247	1785345611.3188353300	results/experiments/toolchain-environment/20260729T171551Z-toolchain-formal01/boots/repetition-03/lower/python310/lib/python3.10/site-packages/pip/_vendor/rich/control.py
f	644	1000	1000	6630	64	35975579	1785345636.1165584550	results/experiments/toolchain-environment/20260729T171551Z-toolchain-formal01/boots/repetition-03/lower/python312/lib/python3.12/site-packages/pip/_vendor/rich/control.py
f	644	1000	1000	6632	64	35975997	1785345639.8272211940	results/experiments/toolchain-environment/20260729T171551Z-toolchain-formal01/boots/repetition-03/lower/python312/lib/python3.12/site-packages/pip/_internal/network/__pycache__/cache.cpython-312.pyc
f	644	1000	1000	6634	64	35973555	1785345613.2808546750	results/experiments/toolchain-environment/20260729T171551Z-toolchain-formal01/boots/repetition-03/lower/python310/lib/python3.10/site-packages/pip/_internal/commands/__pycache__/show.cpython-310.pyc
f	644	1000	1000	6652	64	35972041	1785345603.6736712770	results/experiments/toolchain-environment/20260729T171551Z-toolchain-formal01/boots/repetition-03/lower/python310/lib/python3.10/site-packages/setuptools/_vendor/wheel/__pycache__/wheelfile.cpython-310.pyc
f	644	1000	1000	6676	64	35972369	1785345607.3337192230	results/experiments/toolchain-environment/20260729T171551Z-toolchain-formal01/boots/repetition-03/lower/python310/lib/python3.10/site-packages/pip/_internal/cli/autocompletion.py
f	644	1000	1000	6683	64	35970373	1785345591.8174527330	results/experiments/toolchain-environment/20260729T171551Z-toolchain-formal01/boots/repetition-03/lower/python310/lib/python3.10/site-packages/setuptools/extension.py
f	644	1000	1000	6684	64	35973895	1785345617.6138236570	results/experiments/toolchain-environment/20260729T171551Z-toolchain-formal01/boots/repetition-03/lower/python310/lib/python3.10/site-packages/pip/_vendor/chardet/__pycache__/chardistribution.cpython-310.pyc
f	644	1000	1000	6684	64	35976793	1785345650.8532319610	results/experiments/toolchain-environment/20260729T171551Z-toolchain-formal01/boots/repetition-03/lower/python312/lib/python3.12/site-packages/pip/_vendor/rich/__pycache__/rule.cpython-312.pyc
f	644	1000	1000	6690	64	35974729	1785345632.5736740720	results/experiments/toolchain-environment/20260729T171551Z-toolchain-formal01/boots/repetition-03/lower/python312/lib/python3.12/site-packages/pip/_internal/cli/autocompletion.py
f	644	1000	1000	6691	64	35975779	1785345637.0942877320	results/experiments/toolchain-environment/20260729T171551Z-toolchain-formal01/boots/repetition-03/lower/python312/lib/python3.12/site-packages/pip/_vendor/urllib3/request.py
f	644	1000	1000	6695	64	35976699	1785345649.4714703100	results/experiments/toolchain-environment/20260729T171551Z-toolchain-formal01/boots/repetition-03/lower/python312/lib/python3.12/site-packages/pip/_vendor/rich/__pycache__/_ratio.cpython-312.pyc
f	644	1000	1000	6706	64	35971871	1785345601.2526266440	results/experiments/toolchain-environment/20260729T171551Z-toolchain-formal01/boots/repetition-03/lower/python310/lib/python3.10/site-packages/setuptools/_vendor/packaging/__pycache__/_manylinux.cpython-310.pyc
f	644	1000	1000	6709	64	35974799	1785345632.8456700060	results/experiments/toolchain-environment/20260729T171551Z-toolchain-formal01/boots/repetition-03/lower/python312/lib/python3.12/site-packages/pip/_internal/distributions/sdist.py
f	644	1000	1000	6727	64	35976373	1785345644.6134844170	results/experiments/toolchain-environment/20260729T171551Z-toolchain-formal01/boots/repetition-03/lower/python312/lib/python3.12/site-packages/pip/_vendor/colorama/tests/__pycache__/winterm_test.cpython-312.pyc
f	644	1000	1000	6741	64	35972863	1785345609.6196048170	results/experiments/toolchain-environment/20260729T171551Z-toolchain-formal01/boots/repetition-03/lower/python310/lib/python3.10/site-packages/pip/_vendor/colorama/tests/initialise_test.py
f	644	1000	1000	6741	64	35975211	1785345634.4083212590	results/experiments/toolchain-environment/20260729T171551Z-toolchain-formal01/boots/repetition-03/lower/python312/lib/python3.12/site-packages/pip/_vendor/colorama/tests/initialise_test.py
f	644	1000	1000	6742	64	35976791	1785345650.8235411420	results/experiments/toolchain-environment/20260729T171551Z-toolchain-formal01/boots/repetition-03/lower/python312/lib/python3.12/site-packages/pip/_vendor/rich/__pycache__/repr.cpython-312.pyc
f	644	1000	1000	6752	64	35973749	1785345615.9269497450	results/experiments/toolchain-environment/20260729T171551Z-toolchain-formal01/boots/repetition-03/lower/python310/lib/python3.10/site-packages/pip/_internal/__pycache__/self_outdated_check.cpython-310.pyc
f	644	1000	1000	67530	64	35975245	1785345634.5682411190	results/experiments/toolchain-environment/20260729T171551Z-toolchain-formal01/boots/repetition-03/lower/python312/lib/python3.12/site-packages/pip/_vendor/distlib/util.py
f	644	1000	1000	6755	64	35970269	1785345591.4494459510	results/experiments/toolchain-environment/20260729T171551Z-toolchain-formal01/boots/repetition-03/lower/python310/lib/python3.10/site-packages/_distutils_hack/__init__.py
f	644	1000	1000	676	64	35975055	1785345633.7743620220	results/experiments/toolchain-environment/20260729T171551Z-toolchain-formal01/boots/repetition-03/lower/python312/lib/python3.12/site-packages/pip/_vendor/cachecontrol/__init__.py
f	644	1000	1000	6762	64	35973821	1785345616.6588132680	results/experiments/toolchain-environment/20260729T171551Z-toolchain-formal01/boots/repetition-03/lower/python310/lib/python3.10/site-packages/pip/_internal/utils/__pycache__/unpacking.cpython-310.pyc
f	644	1000	1000	6765	64	35974273	1785345623.1693586410	results/experiments/toolchain-environment/20260729T171551Z-toolchain-formal01/boots/repetition-03/lower/python310/lib/python3.10/site-packages/pip/_vendor/requests/__pycache__/api.cpython-310.pyc
f	644	1000	1000	6768	64	35974311	1785345623.7231478330	results/experiments/toolchain-environment/20260729T171551Z-toolchain-formal01/boots/repetition-03/lower/python310/lib/python3.10/site-packages/pip/_vendor/resolvelib/__pycache__/providers.cpython-310.pyc
f	644	1000	1000	6777	64	35974763	1785345632.7086209160	results/experiments/toolchain-environment/20260729T171551Z-toolchain-formal01/boots/repetition-03/lower/python312/lib/python3.12/site-packages/pip/_internal/commands/debug.py
f	644	1000	1000	6790	64	35973535	1785345613.0020819840	results/experiments/toolchain-environment/20260729T171551Z-toolchain-formal01/boots/repetition-03/lower/python310/lib/python3.10/site-packages/pip/_internal/commands/__pycache__/debug.cpython-310.pyc
f	644	1000	1000	6790	64	35976557	1785345647.5562767280	results/experiments/toolchain-environment/20260729T171551Z-toolchain-formal01/boots/repetition-03/lower/python312/lib/python3.12/site-packages/pip/_vendor/pygments/__pycache__/style.cpython-312.pyc
f	644	1000	1000	6805	64	35973103	1785345610.7358242750	results/experiments/toolchain-environment/20260729T171551Z-toolchain-formal01/boots/repetition-03/lower/python310/lib/python3.10/site-packages/pip/_vendor/pyparsing/util.py
f	644	1000	1000	6806	64	35974913	1785345633.2581562740	results/experiments/toolchain-environment/20260729T171551Z-toolchain-formal01/boots/repetition-03/lower/python312/lib/python3.12/site-packages/pip/_internal/operations/check.py
f	644	1000	1000	6809	64	35976211	1785345642.5754192240	results/experiments/toolchain-environment/20260729T171551Z-toolchain-formal01/boots/repetition-03/lower/python312/lib/python3.12/site-packages/pip/_vendor/cachecontrol/__pycache__/heuristics.cpython-312.pyc
f	644	1000	1000	6819	64	35973227	1785345611.2293040360	results/experiments/toolchain-environment/20260729T171551Z-toolchain-formal01/boots/repetition-03/lower/python310/lib/python3.10/site-packages/pip/_vendor/rich/ansi.py
f	644	1000	1000	683	64	35976789	1785345650.7945406070	results/experiments/toolchain-environment/20260729T171551Z-toolchain-formal01/boots/repetition-03/lower/python312/lib/python3.12/site-packages/pip/_vendor/rich/__pycache__/region.cpython-312.pyc
f	644	1000	1000	6834	64	35975891	1785345638.1812029520	results/experiments/toolchain-environment/20260729T171551Z-toolchain-formal01/boots/repetition-03/lower/python312/lib/python3.12/site-packages/pip/_internal/commands/__pycache__/index.cpython-312.pyc
f	644	1000	1000	686	64	35973973	1785345618.8406462920	results/experiments/toolchain-environment/20260729T171551Z-toolchain-formal01/boots/repetition-03/lower/python310/lib/python3.10/site-packages/pip/_vendor/chardet/__pycache__/resultdict.cpython-310.pyc
f	644	1000	1000	688	64	35971521	1785345596.3925329340	results/experiments/toolchain-environment/20260729T171551Z-toolchain-formal01/boots/repetition-03/lower/python310/lib/python3.10/site-packages/setuptools/_distutils/__pycache__/_msvccompiler.cpython-310.pyc
f	644	1000	1000	6882	64	35970573	1785345592.5223596540	results/experiments/toolchain-environment/20260729T171551Z-toolchain-formal01/boots/repetition-03/lower/python310/lib/python3.10/site-packages/setuptools/_distutils/tests/test_build_py.py
f	644	1000	1000	6882	64	35975399	1785345635.2082275030	results/experiments/toolchain-environment/20260729T171551Z-toolchain-formal01/boots/repetition-03/lower/python312/lib/python3.12/site-packages/pip/_vendor/pygments/sphinxext.py
f	644	1000	1000	6886	64	35970989	1785345594.1454956390	results/experiments/toolchain-environment/20260729T171551Z-toolchain-formal01/boots/repetition-03/lower/python310/lib/python3.10/site-packages/setuptools/command/develop.py
f	644	1000	1000	6889	64	35974853	1785345633.0326121460	results/experiments/toolchain-environment/20260729T171551Z-toolchain-formal01/boots/repetition-03/lower/python312/lib/python3.12/site-packages/pip/_internal/models/direct_url.py
f	644	1000	1000	689	64	35971607	1785345597.6125595440	results/experiments/toolchain-environment/20260729T171551Z-toolchain-formal01/boots/repetition-03/lower/python310/lib/python3.10/site-packages/setuptools/_distutils/__pycache__/cygwinccompiler.cpython-310.pyc
f	644	1000	1000	6895	64	35973447	1785345612.2010020440	results/experiments/toolchain-environment/20260729T171551Z-toolchain-formal01/boots/repetition-03/lower/python310/lib/python3.10/site-packages/pip/_vendor/urllib3/util/ssltransport.py
f	644	1000	1000	6895	64	35975803	1785345637.2074648980	results/experiments/toolchain-environment/20260729T171551Z-toolchain-formal01/boots/repetition-03/lower/python312/lib/python3.12/site-packages/pip/_vendor/urllib3/util/ssltransport.py
f	644	1000	1000	6906	64	35975559	1785345635.9982675070	results/experiments/toolchain-environment/20260729T171551Z-toolchain-formal01/boots/repetition-03/lower/python312/lib/python3.12/site-packages/pip/_vendor/rich/ansi.py
f	644	1000	1000	6911	64	35972997	1785345610.2241670490	results/experiments/toolchain-environment/20260729T171551Z-toolchain-formal01/boots/repetition-03/lower/python310/lib/python3.10/site-packages/pip/_vendor/platformdirs/unix.py
f	644	1000	1000	692	64	35971011	1785345594.2214970400	results/experiments/toolchain-environment/20260729T171551Z-toolchain-formal01/boots/repetition-03/lower/python310/lib/python3.10/site-packages/setuptools/command/saveopts.py
f	644	1000	1000	695	64	35973151	1785345610.9208049050	results/experiments/toolchain-environment/20260729T171551Z-toolchain-formal01/boots/repetition-03/lower/python310/lib/python3.10/site-packages/pip/_vendor/requests/packages.py
f	644	1000	1000	695	64	35975481	1785345635.5692595900	results/experiments/toolchain-environment/20260729T171551Z-toolchain-formal01/boots/repetition-03/lower/python312/lib/python3.12/site-packages/pip/_vendor/requests/packages.py
f	644	1000	1000	6967	64	35976661	1785345648.9422024340	results/experiments/toolchain-environment/20260729T171551Z-toolchain-formal01/boots/repetition-03/lower/python312/lib/python3.12/site-packages/pip/_vendor/resolvelib/__pycache__/providers.cpython-312.pyc
f	644	1000	1000	697	64	35974251	1785345622.8685438890	results/experiments/toolchain-environment/20260729T171551Z-toolchain-formal01/boots/repetition-03/lower/python310/lib/python3.10/site-packages/pip/_vendor/pyproject_hooks/__pycache__/__init__.cpython-310.pyc
f	644	1000	1000	6970	64	35975937	1785345638.8701373860	results/experiments/toolchain-environment/20260729T171551Z-toolchain-formal01/boots/repetition-03/lower/python312/lib/python3.12/site-packages/pip/_internal/locations/__pycache__/_distutils.cpython-312.pyc
f	644	1000	1000	6987	64	35972359	1785345607.2944387140	results/experiments/toolchain-environment/20260729T171551Z-toolchain-formal01/boots/repetition-03/lower/python310/lib/python3.10/site-packages/pip/_internal/pyproject.py
f	644	1000	1000	699	64	35974135	1785345621.2316823390	results/experiments/toolchain-environment/20260729T171551Z-toolchain-formal01/boots/repetition-03/lower/python310/lib/python3.10/site-packages/pip/_vendor/pygments/__pycache__/__main__.cpython-310.pyc
f	644	1000	1000	7	64	35971311	1785345595.2905167430	results/experiments/toolchain-environment/20260729T171551Z-toolchain-formal01/boots/repetition-03/lower/python310/lib/python3.10/site-packages/setuptools/_vendor/jaraco.collections-5.1.0.dist-info/top_level.txt
f	644	1000	1000	7	64	35971325	1785345595.3464751730	results/experiments/toolchain-environment/20260729T171551Z-toolchain-formal01/boots/repetition-03/lower/python310/lib/python3.10/site-packages/setuptools/_vendor/jaraco.context-5.3.0.dist-info/top_level.txt
f	644	1000	1000	7	64	35971339	1785345595.3945186600	results/experiments/toolchain-environment/20260729T171551Z-toolchain-formal01/boots/repetition-03/lower/python310/lib/python3.10/site-packages/setuptools/_vendor/jaraco.functools-4.0.1.dist-info/top_level.txt
f	644	1000	1000	7	64	35971355	1785345595.4503995410	results/experiments/toolchain-environment/20260729T171551Z-toolchain-formal01/boots/repetition-03/lower/python310/lib/python3.10/site-packages/setuptools/_vendor/jaraco.text-3.12.1.dist-info/top_level.txt
f	644	1000	1000	700	64	35976613	1785345648.3476204750	results/experiments/toolchain-environment/20260729T171551Z-toolchain-formal01/boots/repetition-03/lower/python312/lib/python3.12/site-packages/pip/_vendor/requests/__pycache__/__version__.cpython-312.pyc
f	644	1000	1000	7000	64	35976525	1785345646.9824872050	results/experiments/toolchain-environment/20260729T171551Z-toolchain-formal01/boots/repetition-03/lower/python312/lib/python3.12/site-packages/pip/_vendor/pygments/formatters/__pycache__/other.cpython-312.pyc
f	644	1000	1000	7003	64	35974125	1785345621.0996939530	results/experiments/toolchain-environment/20260729T171551Z-toolchain-formal01/boots/repetition-03/lower/python310/lib/python3.10/site-packages/pip/_vendor/platformdirs/__pycache__/unix.cpython-310.pyc
f	644	1000	1000	7009	64	35974007	1785345619.3468729640	results/experiments/toolchain-environment/20260729T171551Z-toolchain-formal01/boots/repetition-03/lower/python310/lib/python3.10/site-packages/pip/_vendor/colorama/tests/__pycache__/initialise_test.cpython-310.pyc
f	644	1000	1000	701	64	35974085	1785345620.5523859670	results/experiments/toolchain-environment/20260729T171551Z-toolchain-formal01/boots/repetition-03/lower/python310/lib/python3.10/site-packages/pip/_vendor/packaging/__pycache__/__about__.cpython-310.pyc
f	644	1000	1000	7022	64	35974431	1785345625.6942991790	results/experiments/toolchain-environment/20260729T171551Z-toolchain-formal01/boots/repetition-03/lower/python310/lib/python3.10/site-packages/pip/_vendor/rich/__pycache__/progress_bar.cpython-310.pyc
f	644	1000	1000	70232	64	35973075	1785345610.6057990970	results/experiments/toolchain-environment/20260729T171551Z-toolchain-formal01/boots/repetition-03/lower/python310/lib/python3.10/site-packages/pip/_vendor/pygments/lexers/_mapping.py
f	644	1000	1000	7025	64	35976451	1785345645.7404473090	results/experiments/toolchain-environment/20260729T171551Z-toolchain-formal01/boots/repetition-03/lower/python312/lib/python3.12/site-packages/pip/_vendor/packaging/__pycache__/_musllinux.cpython-312.pyc
f	644	1000	1000	703	64	35971611	1785345597.6645605020	results/experiments/toolchain-environment/20260729T171551Z-toolchain-formal01/boots/repetition-03/lower/python310/lib/python3.10/site-packages/setuptools/_distutils/__pycache__/dep_util.cpython-310.pyc
f	644	1000	1000	704	64	35973485	1785345612.3912347330	results/experiments/toolchain-environment/20260729T171551Z-toolchain-formal01/boots/repetition-03/lower/python310/lib/python3.10/site-packages/pip/__pycache__/__main__.cpython-310.pyc
f	644	1000	1000	7042	64	35976509	1785345646.6262778170	results/experiments/toolchain-environment/20260729T171551Z-toolchain-formal01/boots/repetition-03/lower/python312/lib/python3.12/site-packages/pip/_vendor/pygments/formatters/__pycache__/__init__.cpython-312.pyc
f	644	1000	1000	7044	64	35972029	1785345603.4206666120	results/experiments/toolchain-environment/20260729T171551Z-toolchain-formal01/boots/repetition-03/lower/python310/lib/python3.10/site-packages/setuptools/_vendor/wheel/vendored/packaging/__pycache__/markers.cpython-310.pyc
f	644	1000	1000	7046	64	35970999	1785345594.1784962480	results/experiments/toolchain-environment/20260729T171551Z-toolchain-formal01/boots/repetition-03/lower/python310/lib/python3.10/site-packages/setuptools/command/install.py
f	644	1000	1000	7061	64	35976457	1785345645.8351120210	results/experiments/toolchain-environment/20260729T171551Z-toolchain-formal01/boots/repetition-03/lower/python312/lib/python3.12/site-packages/pip/_vendor/packaging/__pycache__/requirements.cpython-312.pyc
f	644	1000	1000	7063	64	35973203	1785345611.1234836020	results/experiments/toolchain-environment/20260729T171551Z-toolchain-formal01/boots/repetition-03/lower/python310/lib/python3.10/site-packages/pip/_vendor/rich/_palettes.py
f	644	1000	1000	7063	64	35975535	1785345635.8582026820	results/experiments/toolchain-environment/20260729T171551Z-toolchain-formal01/boots/repetition-03/lower/python312/lib/python3.12/site-packages/pip/_vendor/rich/_palettes.py
f	644	1000	1000	7077	64	35971111	1785345594.5955039330	results/experiments/toolchain-environment/20260729T171551Z-toolchain-formal01/boots/repetition-03/lower/python310/lib/python3.10/site-packages/setuptools/tests/test_dist_info.py
f	644	1000	1000	7079	64	35972267	1785345606.3221692020	results/experiments/toolchain-environment/20260729T171551Z-toolchain-formal01/boots/repetition-03/lower/python310/lib/python3.10/site-packages/setuptools/tests/__pycache__/test_dist.cpython-310.pyc
f	644	1000	1000	7097	64	35973405	1785345611.9951753220	results/experiments/toolchain-environment/20260729T171551Z-toolchain-formal01/boots/repetition-03/lower/python310/lib/python3.10/site-packages/pip/_vendor/urllib3/contrib/socks.py
f	644	1000	1000	7097	64	35975755	1785345636.9873460690	results/experiments/toolchain-environment/20260729T171551Z-toolchain-formal01/boots/repetition-03/lower/python312/lib/python3.12/site-packages/pip/_vendor/urllib3/contrib/socks.py
f	644	1000	1000	71	64	35970249	1785345587.7946895350	results/experiments/toolchain-environment/20260729T171551Z-toolchain-formal01/boots/repetition-03/lower/python310/pyvenv.cfg
f	644	1000	1000	7105	64	35972717	1785345608.7589254780	results/experiments/toolchain-environment/20260729T171551Z-toolchain-formal01/boots/repetition-03/lower/python310/lib/python3.10/site-packages/pip/_vendor/cachecontrol/serialize.py
f	644	1000	1000	7117	64	35976317	1785345643.8396542590	results/experiments/toolchain-environment/20260729T171551Z-toolchain-formal01/boots/repetition-03/lower/python312/lib/python3.12/site-packages/pip/_vendor/chardet/__pycache__/latin1prober.cpython-312.pyc
f	644	1000	1000	7131	64	35973239	1785345611.2820097900	results/experiments/toolchain-environment/20260729T171551Z-toolchain-formal01/boots/repetition-03/lower/python310/lib/python3.10/site-packages/pip/_vendor/rich/columns.py
f	644	1000	1000	7131	64	35975571	1785345636.0715898400	results/experiments/toolchain-environment/20260729T171551Z-toolchain-formal01/boots/repetition-03/lower/python312/lib/python3.12/site-packages/pip/_vendor/rich/columns.py
f	644	1000	1000	7131	64	35976671	1785345649.0596622080	results/experiments/toolchain-environment/20260729T171551Z-toolchain-formal01/boots/repetition-03/lower/python312/lib/python3.12/site-packages/pip/_vendor/rich/__pycache__/__init__.cpython-312.pyc
f	644	1000	1000	7132	64	35975323	1785345634.8743434170	results/experiments/toolchain-environment/20260729T171551Z-toolchain-formal01/boots/repetition-03/lower/python312/lib/python3.12/site-packages/pip/_vendor/platformdirs/api.py
f	644	1000	1000	7134	64	35972853	1785345609.5614570390	results/experiments/toolchain-environment/20260729T171551Z-toolchain-formal01/boots/repetition-03/lower/python310/lib/python3.10/site-packages/pip/_vendor/colorama/winterm.py
f	644	1000	1000	7134	64	35975221	1785345634.4531591610	results/experiments/toolchain-environment/20260729T171551Z-toolchain-formal01/boots/repetition-03/lower/python312/lib/python3.12/site-packages/pip/_vendor/colorama/winterm.py
f	644	1000	1000	7135	64	35971951	1785345602.3586470330	results/experiments/toolchain-environment/20260729T171551Z-toolchain-formal01/boots/repetition-03/lower/python310/lib/python3.10/site-packages/setuptools/_vendor/typeguard/__pycache__/_importhook.cpython-310.pyc
f	644	1000	1000	7152	64	35974927	1785345633.3104207980	results/experiments/toolchain-environment/20260729T171551Z-toolchain-formal01/boots/repetition-03/lower/python312/lib/python3.12/site-packages/pip/_internal/pyproject.py
f	644	1000	1000	716	64	35972645	1785345608.4933199250	results/experiments/toolchain-environment/20260729T171551Z-toolchain-formal01/boots/repetition-03/lower/python310/lib/python3.10/site-packages/pip/_internal/utils/filetypes.py
f	644	1000	1000	716	64	35975005	1785345633.6000583850	results/experiments/toolchain-environment/20260729T171551Z-toolchain-formal01/boots/repetition-03/lower/python312/lib/python3.12/site-packages/pip/_internal/utils/filetypes.py
f	644	1000	1000	7163	64	35976633	1785345648.5880565880	results/experiments/toolchain-environment/20260729T171551Z-toolchain-formal01/boots/repetition-03/lower/python312/lib/python3.12/site-packages/pip/_vendor/requests/__pycache__/exceptions.cpython-312.pyc
f	644	1000	1000	7168	64	35972269	1785345606.3501091560	results/experiments/toolchain-environment/20260729T171551Z-toolchain-formal01/boots/repetition-03/lower/python310/lib/python3.10/site-packages/setuptools/tests/__pycache__/test_dist_info.cpython-310.pyc
f	644	1000	1000	717	64	35974303	1785345623.6294940010	results/experiments/toolchain-environment/20260729T171551Z-toolchain-formal01/boots/repetition-03/lower/python310/lib/python3.10/site-packages/pip/_vendor/resolvelib/__pycache__/__init__.cpython-310.pyc
f	644	1000	1000	7173	64	35975077	1785345633.8575143900	results/experiments/toolchain-environment/20260729T171551Z-toolchain-formal01/boots/repetition-03/lower/python312/lib/python3.12/site-packages/pip/_vendor/cachecontrol/serialize.py
f	644	1000	1000	72050	64	35971783	1785345600.0536045400	results/experiments/toolchain-environment/20260729T171551Z-toolchain-formal01/boots/repetition-03/lower/python310/lib/python3.10/site-packages/setuptools/_vendor/backports/tarfile/__pycache__/__init__.cpython-310.pyc
f	644	1000	1000	7211	64	35975321	1785345634.8663818400	results/experiments/toolchain-environment/20260729T171551Z-toolchain-formal01/boots/repetition-03/lower/python312/lib/python3.12/site-packages/pip/_vendor/platformdirs/android.py
f	644	1000	1000	72281	64	35975387	1785345635.1572519870	results/experiments/toolchain-environment/20260729T171551Z-toolchain-formal01/boots/repetition-03/lower/python312/lib/python3.12/site-packages/pip/_vendor/pygments/lexers/_mapping.py
f	644	1000	1000	7230	64	35973585	1785345613.6508044630	results/experiments/toolchain-environment/20260729T171551Z-toolchain-formal01/boots/repetition-03/lower/python310/lib/python3.10/site-packages/pip/_internal/index/__pycache__/sources.cpython-310.pyc
f	644	1000	1000	7236	64	35970443	1785345592.0483959690	results/experiments/toolchain-environment/20260729T171551Z-toolchain-formal01/boots/repetition-03/lower/python310/lib/python3.10/site-packages/setuptools/_distutils/dir_util.py
f	644	1000	1000	7237	64	35973981	1785345618.9739534250	results/experiments/toolchain-environment/20260729T171551Z-toolchain-formal01/boots/repetition-03/lower/python310/lib/python3.10/site-packages/pip/_vendor/chardet/__pycache__/universaldetector.cpython-310.pyc
f	644	1000	1000	7240	64	35974225	1785345622.4857400030	results/experiments/toolchain-environment/20260729T171551Z-toolchain-formal01/boots/repetition-03/lower/python310/lib/python3.10/site-packages/pip/_vendor/pyparsing/__pycache__/__init__.cpython-310.pyc
f	644	1000	1000	7248	64	35976975	1785345653.4175890330	results/experiments/toolchain-environment/20260729T171551Z-toolchain-formal01/boots/repetition-03/lower/python312/lib/python3.12/site-packages/pip/_vendor/webencodings/__pycache__/labels.cpython-312.pyc
f	644	1000	1000	7250	64	35976771	1785345650.5115353820	results/experiments/toolchain-environment/20260729T171551Z-toolchain-formal01/boots/repetition-03/lower/python312/lib/python3.12/site-packages/pip/_vendor/rich/__pycache__/padding.cpython-312.pyc
f	644	1000	1000	726	64	35970415	1785345591.9533806750	results/experiments/toolchain-environment/20260729T171551Z-toolchain-formal01/boots/repetition-03/lower/python310/lib/python3.10/site-packages/setuptools/windows_support.py
f	644	1000	1000	7272	64	35971945	1785345602.2696453930	results/experiments/toolchain-environment/20260729T171551Z-toolchain-formal01/boots/repetition-03/lower/python310/lib/python3.10/site-packages/setuptools/_vendor/typeguard/__pycache__/_decorators.cpython-310.pyc
f	644	1000	1000	7274	64	35974317	1785345623.8081973090	results/experiments/toolchain-environment/20260729T171551Z-toolchain-formal01/boots/repetition-03/lower/python310/lib/python3.10/site-packages/pip/_vendor/resolvelib/__pycache__/structs.cpython-310.pyc
f	644	1000	1000	728	64	35973597	1785345613.8027836950	results/experiments/toolchain-environment/20260729T171551Z-toolchain-formal01/boots/repetition-03/lower/python310/lib/python3.10/site-packages/pip/_internal/__pycache__/main.cpython-310.pyc
f	644	1000	1000	729	64	35972435	1785345607.6499832350	results/experiments/toolchain-environment/20260729T171551Z-toolchain-formal01/boots/repetition-03/lower/python310/lib/python3.10/site-packages/pip/_internal/distributions/installed.py
f	644	1000	1000	729	64	35976597	1785345648.1314207240	results/experiments/toolchain-environment/20260729T171551Z-toolchain-formal01/boots/repetition-03/lower/python312/lib/python3.12/site-packages/pip/_vendor/pyproject_hooks/__pycache__/__init__.cpython-312.pyc
f	644	1000	1000	7290	64	35974227	1785345622.5127140190	results/experiments/toolchain-environment/20260729T171551Z-toolchain-formal01/boots/repetition-03/lower/python310/lib/python3.10/site-packages/pip/_vendor/pyparsing/__pycache__/actions.cpython-310.pyc
f	644	1000	1000	7294	64	35974323	1785345623.8710427120	results/experiments/toolchain-environment/20260729T171551Z-toolchain-formal01/boots/repetition-03/lower/python310/lib/python3.10/site-packages/pip/_vendor/rich/__pycache__/__main__.cpython-310.pyc
f	644	1000	1000	7297	64	35976319	1785345643.8673203080	results/experiments/toolchain-environment/20260729T171551Z-toolchain-formal01/boots/repetition-03/lower/python312/lib/python3.12/site-packages/pip/_vendor/chardet/__pycache__/macromanprober.cpython-312.pyc
f	644	1000	1000	732	64	35971641	1785345598.1715698480	results/experiments/toolchain-environment/20260729T171551Z-toolchain-formal01/boots/repetition-03/lower/python310/lib/python3.10/site-packages/setuptools/_distutils/tests/compat/__pycache__/py39.cpython-310.pyc
f	644	1000	1000	7320	64	35971523	1785345596.4165374980	results/experiments/toolchain-environment/20260729T171551Z-toolchain-formal01/boots/repetition-03/lower/python310/lib/python3.10/site-packages/setuptools/_distutils/__pycache__/archive_util.cpython-310.pyc
f	644	1000	1000	7320	64	35976619	1785345648.4440459950	results/experiments/toolchain-environment/20260729T171551Z-toolchain-formal01/boots/repetition-03/lower/python312/lib/python3.12/site-packages/pip/_vendor/requests/__pycache__/api.cpython-312.pyc
f	644	1000	1000	733	64	35973147	1785345610.9045472600	results/experiments/toolchain-environment/20260729T171551Z-toolchain-formal01/boots/repetition-03/lower/python310/lib/python3.10/site-packages/pip/_vendor/requests/hooks.py
f	644	1000	1000	733	64	35975477	1785345635.5392590370	results/experiments/toolchain-environment/20260729T171551Z-toolchain-formal01/boots/repetition-03/lower/python312/lib/python3.12/site-packages/pip/_vendor/requests/hooks.py
f	644	1000	1000	7332	64	35976057	1785345640.6802694870	results/experiments/toolchain-environment/20260729T171551Z-toolchain-formal01/boots/repetition-03/lower/python312/lib/python3.12/site-packages/pip/_internal/req/__pycache__/req_set.cpython-312.pyc
f	644	1000	1000	7333	64	35971605	1785345597.5855590460	results/experiments/toolchain-environment/20260729T171551Z-toolchain-formal01/boots/repetition-03/lower/python310/lib/python3.10/site-packages/setuptools/_distutils/__pycache__/core.cpython-310.pyc
f	644	1000	1000	7335	64	35973065	1785345610.5290596830	results/experiments/toolchain-environment/20260729T171551Z-toolchain-formal01/boots/repetition-03/lower/python310/lib/python3.10/site-packages/pip/_vendor/pygments/formatters/svg.py
f	644	1000	1000	7335	64	35975375	1785345635.1035240410	results/experiments/toolchain-environment/20260729T171551Z-toolchain-formal01/boots/repetition-03/lower/python312/lib/python3.12/site-packages/pip/_vendor/pygments/formatters/svg.py
f	644	1000	1000	734	64	35976863	1785345651.8021721410	results/experiments/toolchain-environment/20260729T171551Z-toolchain-formal01/boots/repetition-03/lower/python312/lib/python3.12/site-packages/pip/_vendor/truststore/__pycache__/__init__.cpython-312.pyc
f	644	1000	1000	7356	64	35970353	1785345591.7496783530	results/experiments/toolchain-environment/20260729T171551Z-toolchain-formal01/boots/repetition-03/lower/python310/lib/python3.10/site-packages/setuptools/archive_util.py
f	644	1000	1000	7374	64	35971013	1785345594.2295755110	results/experiments/toolchain-environment/20260729T171551Z-toolchain-formal01/boots/repetition-03/lower/python310/lib/python3.10/site-packages/setuptools/command/sdist.py
f	644	1000	1000	7374	64	35971613	1785345597.6922465660	results/experiments/toolchain-environment/20260729T171551Z-toolchain-formal01/boots/repetition-03/lower/python310/lib/python3.10/site-packages/setuptools/_distutils/__pycache__/dir_util.cpython-310.pyc
f	644	1000	1000	738	64	35972497	1785345607.9096047930	results/experiments/toolchain-environment/20260729T171551Z-toolchain-formal01/boots/repetition-03/lower/python310/lib/python3.10/site-packages/pip/_internal/models/scheme.py
f	644	1000	1000	738	64	35974863	1785345633.0732135320	results/experiments/toolchain-environment/20260729T171551Z-toolchain-formal01/boots/repetition-03/lower/python312/lib/python3.12/site-packages/pip/_internal/models/scheme.py
f	644	1000	1000	7380	64	35976515	1785345646.7516007670	results/experiments/toolchain-environment/20260729T171551Z-toolchain-formal01/boots/repetition-03/lower/python312/lib/python3.12/site-packages/pip/_vendor/pygments/formatters/__pycache__/groff.cpython-312.pyc
f	644	1000	1000	7396	64	35972427	1785345607.6209422850	results/experiments/toolchain-environment/20260729T171551Z-toolchain-formal01/boots/repetition-03/lower/python310/lib/python3.10/site-packages/pip/_internal/commands/wheel.py
f	644	1000	1000	7410	64	35976935	1785345652.8185779740	results/experiments/toolchain-environment/20260729T171551Z-toolchain-formal01/boots/repetition-03/lower/python312/lib/python3.12/site-packages/pip/_vendor/urllib3/__pycache__/request.cpython-312.pyc
f	644	1000	1000	7411	64	35974089	1785345620.6255417110	results/experiments/toolchain-environment/20260729T171551Z-toolchain-formal01/boots/repetition-03/lower/python310/lib/python3.10/site-packages/pip/_vendor/packaging/__pycache__/_manylinux.cpython-310.pyc
f	644	1000	1000	74198	64	35971823	1785345600.6006146240	results/experiments/toolchain-environment/20260729T171551Z-toolchain-formal01/boots/repetition-03/lower/python310/lib/python3.10/site-packages/setuptools/_vendor/inflect/__pycache__/__init__.cpython-310.pyc
f	644	1000	1000	742	64	35973483	1785345612.3689986500	results/experiments/toolchain-environment/20260729T171551Z-toolchain-formal01/boots/repetition-03/lower/python310/lib/python3.10/site-packages/pip/__pycache__/__init__.cpython-310.pyc
f	644	1000	1000	7425	64	35973819	1785345616.6298045210	results/experiments/toolchain-environment/20260729T171551Z-toolchain-formal01/boots/repetition-03/lower/python310/lib/python3.10/site-packages/pip/_internal/utils/__pycache__/temp_dir.cpython-310.pyc
f	644	1000	1000	743	64	35970677	1785345592.8882072530	results/experiments/toolchain-environment/20260729T171551Z-toolchain-formal01/boots/repetition-03/lower/python310/lib/python3.10/site-packages/setuptools/_vendor/importlib_metadata/_collections.py
f	644	1000	1000	7445	64	35974475	1785345626.3905076340	results/experiments/toolchain-environment/20260729T171551Z-toolchain-formal01/boots/repetition-03/lower/python310/lib/python3.10/site-packages/pip/_vendor/rich/__pycache__/tree.cpython-310.pyc
f	644	1000	1000	7447	64	35976929	1785345652.7185181340	results/experiments/toolchain-environment/20260729T171551Z-toolchain-formal01/boots/repetition-03/lower/python312/lib/python3.12/site-packages/pip/_vendor/urllib3/packages/backports/__pycache__/weakref_finalize.cpython-312.pyc
f	644	1000	1000	745	64	35976445	1785345645.6293535920	results/experiments/toolchain-environment/20260729T171551Z-toolchain-formal01/boots/repetition-03/lower/python312/lib/python3.12/site-packages/pip/_vendor/packaging/__pycache__/__about__.cpython-312.pyc
f	644	1000	1000	7456	64	35974843	1785345632.9982121480	results/experiments/toolchain-environment/20260729T171551Z-toolchain-formal01/boots/repetition-03/lower/python312/lib/python3.12/site-packages/pip/_internal/metadata/importlib/_envs.py
f	644	1000	1000	7457	64	35972479	1785345607.8344965340	results/experiments/toolchain-environment/20260729T171551Z-toolchain-formal01/boots/repetition-03/lower/python310/lib/python3.10/site-packages/pip/_internal/metadata/importlib/_envs.py
f	644	1000	1000	747	64	35976333	1785345644.0440767190	results/experiments/toolchain-environment/20260729T171551Z-toolchain-formal01/boots/repetition-03/lower/python312/lib/python3.12/site-packages/pip/_vendor/chardet/__pycache__/resultdict.cpython-312.pyc
f	644	1000	1000	75	64	35972857	1785345609.5754916110	results/experiments/toolchain-environment/20260729T171551Z-toolchain-formal01/boots/repetition-03/lower/python310/lib/python3.10/site-packages/pip/_vendor/colorama/tests/__init__.py
f	644	1000	1000	75	64	35975205	1785345634.3744013800	results/experiments/toolchain-environment/20260729T171551Z-toolchain-formal01/boots/repetition-03/lower/python312/lib/python3.12/site-packages/pip/_vendor/colorama/tests/__init__.py
f	644	1000	1000	750	64	35976653	1785345648.8524063060	results/experiments/toolchain-environment/20260729T171551Z-toolchain-formal01/boots/repetition-03/lower/python312/lib/python3.12/site-packages/pip/_vendor/resolvelib/__pycache__/__init__.cpython-312.pyc
f	644	1000	1000	751	64	35974345	1785345624.2211702750	results/experiments/toolchain-environment/20260729T171551Z-toolchain-formal01/boots/repetition-03/lower/python310/lib/python3.10/site-packages/pip/_vendor/rich/__pycache__/_pick.cpython-310.pyc
f	644	1000	1000	7510	64	35974595	1785345627.9920535790	results/experiments/toolchain-environment/20260729T171551Z-toolchain-formal01/boots/repetition-03/lower/python310/lib/python3.10/site-packages/pip/_vendor/urllib3/util/__pycache__/ssltransport.cpython-310.pyc
f	644	1000	1000	75194	64	35976781	1785345650.6665382430	results/experiments/toolchain-environment/20260729T171551Z-toolchain-formal01/boots/repetition-03/lower/python312/lib/python3.12/site-packages/pip/_vendor/rich/__pycache__/progress.cpython-312.pyc
f	644	1000	1000	7527	64	35973625	1785345614.1521661320	results/experiments/toolchain-environment/20260729T171551Z-toolchain-formal01/boots/repetition-03/lower/python310/lib/python3.10/site-packages/pip/_internal/models/__pycache__/direct_url.cpython-310.pyc
f	644	1000	1000	7529	64	35971915	1785345601.8056368380	results/experiments/toolchain-environment/20260729T171551Z-toolchain-formal01/boots/repetition-03/lower/python310/lib/python3.10/site-packages/setuptools/_vendor/platformdirs/__pycache__/android.cpython-310.pyc
f	644	1000	1000	753	64	35971525	1785345596.4406318370	results/experiments/toolchain-environment/20260729T171551Z-toolchain-formal01/boots/repetition-03/lower/python310/lib/python3.10/site-packages/setuptools/_distutils/__pycache__/ccompiler.cpython-310.pyc
f	644	1000	1000	753	64	35973851	1785345616.9989113530	results/experiments/toolchain-environment/20260729T171551Z-toolchain-formal01/boots/repetition-03/lower/python310/lib/python3.10/site-packages/pip/_vendor/cachecontrol/__pycache__/__init__.cpython-310.pyc
f	644	1000	1000	7539	64	35974425	1785345625.5521161990	results/experiments/toolchain-environment/20260729T171551Z-toolchain-formal01/boots/repetition-03/lower/python310/lib/python3.10/site-packages/pip/_vendor/rich/__pycache__/panel.cpython-310.pyc
f	644	1000	1000	754	64	35972279	1785345606.5034637940	results/experiments/toolchain-environment/20260729T171551Z-toolchain-formal01/boots/repetition-03/lower/python310/lib/python3.10/site-packages/setuptools/tests/__pycache__/test_extern.cpython-310.pyc
f	644	1000	1000	7543	64	35971683	1785345598.8834895450	results/experiments/toolchain-environment/20260729T171551Z-toolchain-formal01/boots/repetition-03/lower/python310/lib/python3.10/site-packages/setuptools/_distutils/tests/__pycache__/test_install.cpython-310.pyc
f	644	1000	1000	7550	64	35973349	1785345611.7552927860	results/experiments/toolchain-environment/20260729T171551Z-toolchain-formal01/boots/repetition-03/lower/python310/lib/python3.10/site-packages/pip/_vendor/tenacity/retry.py
f	644	1000	1000	7563	64	35972315	1785345606.9930631460	results/experiments/toolchain-environment/20260729T171551Z-toolchain-formal01/boots/repetition-03/lower/python310/lib/python3.10/site-packages/setuptools/tests/__pycache__/test_windows_wrappers.cpython-310.pyc
f	644	1000	1000	7569	64	35976131	1785345641.5724612700	results/experiments/toolchain-environment/20260729T171551Z-toolchain-formal01/boots/repetition-03/lower/python312/lib/python3.12/site-packages/pip/_internal/utils/__pycache__/filesystem.cpython-312.pyc
f	644	1000	1000	75738	64	35972335	1785345607.1957362130	results/experiments/toolchain-environment/20260729T171551Z-toolchain-formal01/boots/repetition-03/lower/python310/lib/python3.10/site-packages/setuptools-79.0.1.dist-info/RECORD
f	644	1000	1000	7576	64	35973745	1785345615.8620186770	results/experiments/toolchain-environment/20260729T171551Z-toolchain-formal01/boots/repetition-03/lower/python310/lib/python3.10/site-packages/pip/_internal/resolution/resolvelib/__pycache__/requirements.cpython-310.pyc
f	644	1000	1000	7582	64	35972395	1785345607.4577470250	results/experiments/toolchain-environment/20260729T171551Z-toolchain-formal01/boots/repetition-03/lower/python310/lib/python3.10/site-packages/pip/_internal/commands/cache.py
f	644	1000	1000	760	64	35976221	1785345642.6933910670	results/experiments/toolchain-environment/20260729T171551Z-toolchain-formal01/boots/repetition-03/lower/python312/lib/python3.12/site-packages/pip/_vendor/certifi/__pycache__/__main__.cpython-312.pyc
f	644	1000	1000	7627	64	35976911	1785345652.4823974700	results/experiments/toolchain-environment/20260729T171551Z-toolchain-formal01/boots/repetition-03/lower/python312/lib/python3.12/site-packages/pip/_vendor/urllib3/contrib/__pycache__/socks.cpython-312.pyc
f	644	1000	1000	7634	64	35971241	1785345595.0065217810	results/experiments/toolchain-environment/20260729T171551Z-toolchain-formal01/boots/repetition-03/lower/python310/lib/python3.10/site-packages/setuptools/_vendor/autocommand-2.2.2.dist-info/LICENSE
f	644	1000	1000	7638	64	35972517	1785345607.9932174670	results/experiments/toolchain-environment/20260729T171551Z-toolchain-formal01/boots/repetition-03/lower/python310/lib/python3.10/site-packages/pip/_internal/network/lazy_wheel.py
f	644	1000	1000	7638	64	35974883	1785345633.1453623220	results/experiments/toolchain-environment/20260729T171551Z-toolchain-formal01/boots/repetition-03/lower/python312/lib/python3.12/site-packages/pip/_internal/network/lazy_wheel.py
f	644	1000	1000	7665	64	35976137	1785345641.6593915550	results/experiments/toolchain-environment/20260729T171551Z-toolchain-formal01/boots/repetition-03/lower/python312/lib/python3.12/site-packages/pip/_internal/utils/__pycache__/hashes.cpython-312.pyc
f	644	1000	1000	7680	64	35972457	1785345607.7377004710	results/experiments/toolchain-environment/20260729T171551Z-toolchain-formal01/boots/repetition-03/lower/python310/lib/python3.10/site-packages/pip/_internal/locations/_sysconfig.py
f	644	1000	1000	7680	64	35974821	1785345632.9206733290	results/experiments/toolchain-environment/20260729T171551Z-toolchain-formal01/boots/repetition-03/lower/python312/lib/python3.12/site-packages/pip/_internal/locations/_sysconfig.py
f	644	1000	1000	7693	64	35976031	1785345640.3142520410	results/experiments/toolchain-environment/20260729T171551Z-toolchain-formal01/boots/repetition-03/lower/python312/lib/python3.12/site-packages/pip/_internal/operations/__pycache__/check.cpython-312.pyc
f	644	1000	1000	7702	64	35972665	1785345608.5695858090	results/experiments/toolchain-environment/20260729T171551Z-toolchain-formal01/boots/repetition-03/lower/python310/lib/python3.10/site-packages/pip/_internal/utils/temp_dir.py
f	644	1000	1000	7703	64	35975883	1785345638.0450230700	results/experiments/toolchain-environment/20260729T171551Z-toolchain-formal01/boots/repetition-03/lower/python312/lib/python3.12/site-packages/pip/_internal/commands/__pycache__/download.cpython-312.pyc
f	644	1000	1000	771	64	35974111	1785345620.9242089400	results/experiments/toolchain-environment/20260729T171551Z-toolchain-formal01/boots/repetition-03/lower/python310/lib/python3.10/site-packages/pip/_vendor/pkg_resources/__pycache__/py31compat.cpython-310.pyc
f	644	1000	1000	77103	64	35976293	1785345643.6004078080	results/experiments/toolchain-environment/20260729T171551Z-toolchain-formal01/boots/repetition-03/lower/python312/lib/python3.12/site-packages/pip/_vendor/chardet/__pycache__/langgreekmodel.cpython-312.pyc
f	644	1000	1000	77163	64	35973759	1785345628.2841251700	results/experiments/toolchain-environment/20260729T171551Z-toolchain-formal01/boots/repetition-03/lower/python310/lib/python3.10/site-packages/pip-23.0.1.dist-info/RECORD
f	644	1000	1000	7726	64	35976169	1785345642.1115855830	results/experiments/toolchain-environment/20260729T171551Z-toolchain-formal01/boots/repetition-03/lower/python312/lib/python3.12/site-packages/pip/_internal/vcs/__pycache__/mercurial.cpython-312.pyc
f	644	1000	1000	77316	64	35976993	1785345653.5665917840	results/experiments/toolchain-environment/20260729T171551Z-toolchain-formal01/boots/repetition-03/lower/python312/lib/python3.12/site-packages/pip-24.0.dist-info/RECORD
f	644	1000	1000	7735	64	35975899	1785345638.3210745280	results/experiments/toolchain-environment/20260729T171551Z-toolchain-formal01/boots/repetition-03/lower/python312/lib/python3.12/site-packages/pip/_internal/commands/__pycache__/search.cpython-312.pyc
f	644	1000	1000	774	64	35972375	1785345607.3632882120	results/experiments/toolchain-environment/20260729T171551Z-toolchain-formal01/boots/repetition-03/lower/python310/lib/python3.10/site-packages/pip/_internal/cli/command_context.py
f	644	1000	1000	774	64	35972719	1785345608.7695529850	results/experiments/toolchain-environment/20260729T171551Z-toolchain-formal01/boots/repetition-03/lower/python310/lib/python3.10/site-packages/pip/_vendor/cachecontrol/wrapper.py
f	644	1000	1000	774	64	35974735	1785345632.5991675270	results/experiments/toolchain-environment/20260729T171551Z-toolchain-formal01/boots/repetition-03/lower/python312/lib/python3.12/site-packages/pip/_internal/cli/command_context.py
f	644	1000	1000	775	64	35971085	1785345594.4982905850	results/experiments/toolchain-environment/20260729T171551Z-toolchain-formal01/boots/repetition-03/lower/python310/lib/python3.10/site-packages/setuptools/tests/test_bdist_deprecations.py
f	644	1000	1000	77614	64	35976295	1785345643.6404085460	results/experiments/toolchain-environment/20260729T171551Z-toolchain-formal01/boots/repetition-03/lower/python312/lib/python3.12/site-packages/pip/_vendor/chardet/__pycache__/langhebrewmodel.cpython-312.pyc
f	644	1000	1000	77631	64	35976303	1785345643.8114117020	results/experiments/toolchain-environment/20260729T171551Z-toolchain-formal01/boots/repetition-03/lower/python312/lib/python3.12/site-packages/pip/_vendor/chardet/__pycache__/langturkishmodel.cpython-312.pyc
f	644	1000	1000	7777	64	35970489	1785345592.2094651980	results/experiments/toolchain-environment/20260729T171551Z-toolchain-formal01/boots/repetition-03/lower/python310/lib/python3.10/site-packages/setuptools/_distutils/command/build_clib.py
f	644	1000	1000	77792	64	35976301	1785345643.7704109460	results/experiments/toolchain-environment/20260729T171551Z-toolchain-formal01/boots/repetition-03/lower/python312/lib/python3.12/site-packages/pip/_vendor/chardet/__pycache__/langthaimodel.cpython-312.pyc
f	644	1000	1000	778	64	35971973	1785345602.6856530620	results/experiments/toolchain-environment/20260729T171551Z-toolchain-formal01/boots/repetition-03/lower/python310/lib/python3.10/site-packages/setuptools/_vendor/wheel/__pycache__/__main__.cpython-310.pyc
f	644	1000	1000	778	64	35972709	1785345608.7140705890	results/experiments/toolchain-environment/20260729T171551Z-toolchain-formal01/boots/repetition-03/lower/python310/lib/python3.10/site-packages/pip/_vendor/cachecontrol/compat.py
f	644	1000	1000	7792	64	35971619	1785345597.8195633590	results/experiments/toolchain-environment/20260729T171551Z-toolchain-formal01/boots/repetition-03/lower/python310/lib/python3.10/site-packages/setuptools/_distutils/__pycache__/extension.cpython-310.pyc
f	644	1000	1000	7797	64	35976393	1785345644.8914316380	results/experiments/toolchain-environment/20260729T171551Z-toolchain-formal01/boots/repetition-03/lower/python312/lib/python3.12/site-packages/pip/_vendor/distlib/__pycache__/markers.cpython-312.pyc
f	644	1000	1000	781	64	35970881	1785345593.7494883410	results/experiments/toolchain-environment/20260729T171551Z-toolchain-formal01/boots/repetition-03/lower/python310/lib/python3.10/site-packages/setuptools/_vendor/wheel/_setuptools_logging.py
f	644	1000	1000	7814	64	35973615	1785345614.0317491240	results/experiments/toolchain-environment/20260729T171551Z-toolchain-formal01/boots/repetition-03/lower/python310/lib/python3.10/site-packages/pip/_internal/metadata/importlib/__pycache__/_envs.cpython-310.pyc
f	644	1000	1000	7819	64	35971123	1785345594.6454910150	results/experiments/toolchain-environment/20260729T171551Z-toolchain-formal01/boots/repetition-03/lower/python310/lib/python3.10/site-packages/setuptools/tests/test_find_packages.py
f	644	1000	1000	7819	64	35973741	1785345615.7898812370	results/experiments/toolchain-environment/20260729T171551Z-toolchain-formal01/boots/repetition-03/lower/python310/lib/python3.10/site-packages/pip/_internal/resolution/resolvelib/__pycache__/provider.cpython-310.pyc
f	644	1000	1000	7825	64	35976195	1785345642.4343862870	results/experiments/toolchain-environment/20260729T171551Z-toolchain-formal01/boots/repetition-03/lower/python312/lib/python3.12/site-packages/pip/_vendor/cachecontrol/caches/__pycache__/file_cache.cpython-312.pyc
f	644	1000	1000	7833	64	35971949	1785345602.3286464800	results/experiments/toolchain-environment/20260729T171551Z-toolchain-formal01/boots/repetition-03/lower/python310/lib/python3.10/site-packages/setuptools/_vendor/typeguard/__pycache__/_functions.cpython-310.pyc
f	644	1000	1000	78344	64	35975269	1785345634.6592427970	results/experiments/toolchain-environment/20260729T171551Z-toolchain-formal01/boots/repetition-03/lower/python312/lib/python3.12/site-packages/pip/_vendor/idna/idnadata.py
f	644	1000	1000	784	64	35975943	1785345638.9746534620	results/experiments/toolchain-environment/20260729T171551Z-toolchain-formal01/boots/repetition-03/lower/python312/lib/python3.12/site-packages/pip/_internal/__pycache__/main.cpython-312.pyc
f	644	1000	1000	7842	64	35972371	1785345607.3434957160	results/experiments/toolchain-environment/20260729T171551Z-toolchain-formal01/boots/repetition-03/lower/python310/lib/python3.10/site-packages/pip/_internal/cli/base_command.py
f	644	1000	1000	7881	64	35971169	1785345594.7785073060	results/experiments/toolchain-environment/20260729T171551Z-toolchain-formal01/boots/repetition-03/lower/python310/lib/python3.10/site-packages/setuptools/tests/test_windows_wrappers.py
f	644	1000	1000	790	64	35971025	1785345594.2694979250	results/experiments/toolchain-environment/20260729T171551Z-toolchain-formal01/boots/repetition-03/lower/python310/lib/python3.10/site-packages/setuptools/compat/py311.py
f	644	1000	1000	7914	64	35972327	1785345607.1389728860	results/experiments/toolchain-environment/20260729T171551Z-toolchain-formal01/boots/repetition-03/lower/python310/lib/python3.10/site-packages/setuptools/__pycache__/wheel.cpython-310.pyc
f	644	1000	1000	7925	64	35974325	1785345623.9028013530	results/experiments/toolchain-environment/20260729T171551Z-toolchain-formal01/boots/repetition-03/lower/python310/lib/python3.10/site-packages/pip/_vendor/rich/__pycache__/_cell_widths.cpython-310.pyc
f	644	1000	1000	7934	64	35972211	1785345605.5559619310	results/experiments/toolchain-environment/20260729T171551Z-toolchain-formal01/boots/repetition-03/lower/python310/lib/python3.10/site-packages/setuptools/tests/config/__pycache__/test_expand.cpython-310.pyc
f	644	1000	1000	7937	64	35976017	1785345640.0812972900	results/experiments/toolchain-environment/20260729T171551Z-toolchain-formal01/boots/repetition-03/lower/python312/lib/python3.12/site-packages/pip/_internal/operations/build/__pycache__/build_tracker.cpython-312.pyc
f	644	1000	1000	7937	64	35976675	1785345649.1175096470	results/experiments/toolchain-environment/20260729T171551Z-toolchain-formal01/boots/repetition-03/lower/python312/lib/python3.12/site-packages/pip/_vendor/rich/__pycache__/_cell_widths.cpython-312.pyc
f	644	1000	1000	7944	64	35974755	1785345632.6756228000	results/experiments/toolchain-environment/20260729T171551Z-toolchain-formal01/boots/repetition-03/lower/python312/lib/python3.12/site-packages/pip/_internal/commands/cache.py
f	644	1000	1000	795	64	35972651	1785345608.5154638740	results/experiments/toolchain-environment/20260729T171551Z-toolchain-formal01/boots/repetition-03/lower/python310/lib/python3.10/site-packages/pip/_internal/utils/inject_securetransport.py
f	644	1000	1000	795	64	35976119	1785345641.3883514640	results/experiments/toolchain-environment/20260729T171551Z-toolchain-formal01/boots/repetition-03/lower/python312/lib/python3.12/site-packages/pip/_internal/utils/__pycache__/datetime.cpython-312.pyc
f	644	1000	1000	7954	64	35973249	1785345611.3281170880	results/experiments/toolchain-environment/20260729T171551Z-toolchain-formal01/boots/repetition-03/lower/python310/lib/python3.10/site-packages/pip/_vendor/rich/default_styles.py
f	644	1000	1000	7954	64	35975865	1785345637.7959408990	results/experiments/toolchain-environment/20260729T171551Z-toolchain-formal01/boots/repetition-03/lower/python312/lib/python3.12/site-packages/pip/_internal/cli/__pycache__/spinners.cpython-312.pyc
f	644	1000	1000	7978	64	35970453	1785345592.0854576720	results/experiments/toolchain-environment/20260729T171551Z-toolchain-formal01/boots/repetition-03/lower/python310/lib/python3.10/site-packages/setuptools/_distutils/file_util.py
f	644	1000	1000	798	64	35971091	1785345594.5205025510	results/experiments/toolchain-environment/20260729T171551Z-toolchain-formal01/boots/repetition-03/lower/python310/lib/python3.10/site-packages/setuptools/tests/test_build.py
f	644	1000	1000	798	64	35973877	1785345617.3947362580	results/experiments/toolchain-environment/20260729T171551Z-toolchain-formal01/boots/repetition-03/lower/python310/lib/python3.10/site-packages/pip/_vendor/cachecontrol/__pycache__/wrapper.cpython-310.pyc
f	644	1000	1000	798	64	35974353	1785345624.3370136580	results/experiments/toolchain-environment/20260729T171551Z-toolchain-formal01/boots/repetition-03/lower/python310/lib/python3.10/site-packages/pip/_vendor/rich/__pycache__/_timer.cpython-310.pyc
f	644	1000	1000	7988	64	35970623	1785345592.7064691170	results/experiments/toolchain-environment/20260729T171551Z-toolchain-formal01/boots/repetition-03/lower/python310/lib/python3.10/site-packages/setuptools/_distutils/tests/test_util.py
f	644	1000	1000	799	64	35971851	1785345600.9696214260	results/experiments/toolchain-environment/20260729T171551Z-toolchain-formal01/boots/repetition-03/lower/python310/lib/python3.10/site-packages/setuptools/_vendor/jaraco/text/__pycache__/strip-prefix.cpython-310.pyc
f	644	1000	1000	799	64	35972207	1785345605.4877764330	results/experiments/toolchain-environment/20260729T171551Z-toolchain-formal01/boots/repetition-03/lower/python310/lib/python3.10/site-packages/setuptools/tests/config/downloads/__pycache__/preload.cpython-310.pyc
f	644	1000	1000	799	64	35975525	1785345635.8032639090	results/experiments/toolchain-environment/20260729T171551Z-toolchain-formal01/boots/repetition-03/lower/python312/lib/python3.12/site-packages/pip/_vendor/rich/_fileno.py
f	644	1000	1000	799	64	35975829	1785345637.3206691090	results/experiments/toolchain-environment/20260729T171551Z-toolchain-formal01/boots/repetition-03/lower/python312/lib/python3.12/site-packages/pip/__pycache__/__init__.cpython-312.pyc
f	644	1000	1000	8	64	35971295	1785345595.2266349940	results/experiments/toolchain-environment/20260729T171551Z-toolchain-formal01/boots/repetition-03/lower/python310/lib/python3.10/site-packages/setuptools/_vendor/inflect-7.3.1.dist-info/top_level.txt
f	644	1000	1000	8002	64	35971895	1785345601.5016312340	results/experiments/toolchain-environment/20260729T171551Z-toolchain-formal01/boots/repetition-03/lower/python310/lib/python3.10/site-packages/setuptools/_vendor/packaging/__pycache__/markers.cpython-310.pyc
f	644	1000	1000	8011	64	35973355	1785345611.7809996400	results/experiments/toolchain-environment/20260729T171551Z-toolchain-formal01/boots/repetition-03/lower/python310/lib/python3.10/site-packages/pip/_vendor/tenacity/wait.py
f	644	1000	1000	80114	64	35972695	1785345608.6667633390	results/experiments/toolchain-environment/20260729T171551Z-toolchain-formal01/boots/repetition-03/lower/python310/lib/python3.10/site-packages/pip/_vendor/typing_extensions.py
f	644	1000	1000	8024	64	35975693	1785345636.6982737770	results/experiments/toolchain-environment/20260729T171551Z-toolchain-formal01/boots/repetition-03/lower/python312/lib/python3.12/site-packages/pip/_vendor/tenacity/wait.py
f	644	1000	1000	8027	64	35976571	1785345647.7254839510	results/experiments/toolchain-environment/20260729T171551Z-toolchain-formal01/boots/repetition-03/lower/python312/lib/python3.12/site-packages/pip/_vendor/pyparsing/__pycache__/__init__.cpython-312.pyc
f	644	1000	1000	803	64	35970969	1785345594.0694942380	results/experiments/toolchain-environment/20260729T171551Z-toolchain-formal01/boots/repetition-03/lower/python310/lib/python3.10/site-packages/setuptools/command/__init__.py
f	644	1000	1000	8033	64	35971705	1785345599.2595899030	results/experiments/toolchain-environment/20260729T171551Z-toolchain-formal01/boots/repetition-03/lower/python310/lib/python3.10/site-packages/setuptools/_distutils/tests/__pycache__/test_util.cpython-310.pyc
f	644	1000	1000	806	64	35973909	1785345617.7873818700	results/experiments/toolchain-environment/20260729T171551Z-toolchain-formal01/boots/repetition-03/lower/python310/lib/python3.10/site-packages/pip/_vendor/chardet/__pycache__/codingstatemachinedict.cpython-310.pyc
f	644	1000	1000	8060	64	35974365	1785345624.5201492410	results/experiments/toolchain-environment/20260729T171551Z-toolchain-formal01/boots/repetition-03/lower/python310/lib/python3.10/site-packages/pip/_vendor/rich/__pycache__/align.cpython-310.pyc
f	644	1000	1000	8082	64	35975581	1785345636.1282699060	results/experiments/toolchain-environment/20260729T171551Z-toolchain-formal01/boots/repetition-03/lower/python312/lib/python3.12/site-packages/pip/_vendor/rich/default_styles.py
f	644	1000	1000	81	64	35970657	1785345592.8186775420	results/experiments/toolchain-environment/20260729T171551Z-toolchain-formal01/boots/repetition-03/lower/python310/lib/python3.10/site-packages/setuptools/_vendor/backports/__init__.py
f	644	1000	1000	81	64	35971369	1785345595.4975205590	results/experiments/toolchain-environment/20260729T171551Z-toolchain-formal01/boots/repetition-03/lower/python310/lib/python3.10/site-packages/setuptools/_vendor/more_itertools-10.3.0.dist-info/WHEEL
f	644	1000	1000	81	64	35971411	1785345595.6474432650	results/experiments/toolchain-environment/20260729T171551Z-toolchain-formal01/boots/repetition-03/lower/python310/lib/python3.10/site-packages/setuptools/_vendor/tomli-2.0.1.dist-info/WHEEL
f	644	1000	1000	81	64	35971439	1785345595.7535252770	results/experiments/toolchain-environment/20260729T171551Z-toolchain-formal01/boots/repetition-03/lower/python310/lib/python3.10/site-packages/setuptools/_vendor/typing_extensions-4.12.2.dist-info/WHEEL
f	644	1000	1000	8125	64	35975939	1785345638.9073794440	results/experiments/toolchain-environment/20260729T171551Z-toolchain-formal01/boots/repetition-03/lower/python312/lib/python3.12/site-packages/pip/_internal/locations/__pycache__/_sysconfig.cpython-312.pyc
f	644	1000	1000	8131	64	35972103	1785345604.4506856020	results/experiments/toolchain-environment/20260729T171551Z-toolchain-formal01/boots/repetition-03/lower/python310/lib/python3.10/site-packages/setuptools/command/__pycache__/sdist.cpython-310.pyc
f	644	1000	1000	8165	64	35973291	1785345611.5093336400	results/experiments/toolchain-environment/20260729T171551Z-toolchain-formal01/boots/repetition-03/lower/python310/lib/python3.10/site-packages/pip/_vendor/rich/progress_bar.py
f	644	1000	1000	8165	64	35975627	1785345636.3491887470	results/experiments/toolchain-environment/20260729T171551Z-toolchain-formal01/boots/repetition-03/lower/python312/lib/python3.12/site-packages/pip/_vendor/rich/progress_bar.py
f	644	1000	1000	8167	64	35972361	1785345607.3036159430	results/experiments/toolchain-environment/20260729T171551Z-toolchain-formal01/boots/repetition-03/lower/python310/lib/python3.10/site-packages/pip/_internal/self_outdated_check.py
f	644	1000	1000	8171	64	35974401	1785345625.1108719300	results/experiments/toolchain-environment/20260729T171551Z-toolchain-formal01/boots/repetition-03/lower/python310/lib/python3.10/site-packages/pip/_vendor/rich/__pycache__/highlighter.cpython-310.pyc
f	644	1000	1000	8181	64	35972477	1785345607.8218857340	results/experiments/toolchain-environment/20260729T171551Z-toolchain-formal01/boots/repetition-03/lower/python310/lib/python3.10/site-packages/pip/_internal/metadata/importlib/_dists.py
f	644	1000	1000	8198	64	35973275	1785345611.4402266340	results/experiments/toolchain-environment/20260729T171551Z-toolchain-formal01/boots/repetition-03/lower/python310/lib/python3.10/site-packages/pip/_vendor/rich/markup.py
f	644	1000	1000	8198	64	35975611	1785345636.2682724900	results/experiments/toolchain-environment/20260729T171551Z-toolchain-formal01/boots/repetition-03/lower/python312/lib/python3.12/site-packages/pip/_vendor/rich/markup.py
f	644	1000	1000	82	64	35971387	1785345595.5615430270	results/experiments/toolchain-environment/20260729T171551Z-toolchain-formal01/boots/repetition-03/lower/python310/lib/python3.10/site-packages/setuptools/_vendor/packaging-24.2.dist-info/WHEEL
f	644	1000	1000	82	64	35971453	1785345595.8055262360	results/experiments/toolchain-environment/20260729T171551Z-toolchain-formal01/boots/repetition-03/lower/python310/lib/python3.10/site-packages/setuptools/_vendor/wheel-0.45.1.dist-info/WHEEL
f	644	1000	1000	820	64	35970387	1785345591.8642029660	results/experiments/toolchain-environment/20260729T171551Z-toolchain-formal01/boots/repetition-03/lower/python310/lib/python3.10/site-packages/setuptools/launch.py
f	644	1000	1000	8202	64	35971583	1785345597.2315525210	results/experiments/toolchain-environment/20260729T171551Z-toolchain-formal01/boots/repetition-03/lower/python310/lib/python3.10/site-packages/setuptools/_distutils/compilers/C/__pycache__/cygwin.cpython-310.pyc
f	644	1000	1000	8217	64	35973379	1785345611.8720723010	results/experiments/toolchain-environment/20260729T171551Z-toolchain-formal01/boots/repetition-03/lower/python310/lib/python3.10/site-packages/pip/_vendor/urllib3/exceptions.py
f	644	1000	1000	8217	64	35975757	1785345636.9952177660	results/experiments/toolchain-environment/20260729T171551Z-toolchain-formal01/boots/repetition-03/lower/python312/lib/python3.12/site-packages/pip/_vendor/urllib3/exceptions.py
f	644	1000	1000	8232	64	35970943	1785345593.9651210180	results/experiments/toolchain-environment/20260729T171551Z-toolchain-formal01/boots/repetition-03/lower/python310/lib/python3.10/site-packages/setuptools/_vendor/wheel/vendored/packaging/markers.py
f	644	1000	1000	8233	64	35974275	1785345623.1990420550	results/experiments/toolchain-environment/20260729T171551Z-toolchain-formal01/boots/repetition-03/lower/python310/lib/python3.10/site-packages/pip/_vendor/requests/__pycache__/auth.cpython-310.pyc
f	644	1000	1000	8241	64	35976375	1785345644.6435095560	results/experiments/toolchain-environment/20260729T171551Z-toolchain-formal01/boots/repetition-03/lower/python312/lib/python3.12/site-packages/pip/_vendor/colorama/__pycache__/win32.cpython-312.pyc
f	644	1000	1000	8243	64	35971727	1785345599.4736938430	results/experiments/toolchain-environment/20260729T171551Z-toolchain-formal01/boots/repetition-03/lower/python310/lib/python3.10/site-packages/setuptools/_distutils/__pycache__/version.cpython-310.pyc
f	644	1000	1000	8256	64	35971221	1785345594.9515104950	results/experiments/toolchain-environment/20260729T171551Z-toolchain-formal01/boots/repetition-03/lower/python310/lib/python3.10/site-packages/setuptools/tests/integration/test_pip_install_sdist.py
f	644	1000	1000	8258	64	35976563	1785345647.6292515960	results/experiments/toolchain-environment/20260729T171551Z-toolchain-formal01/boots/repetition-03/lower/python312/lib/python3.12/site-packages/pip/_vendor/pygments/__pycache__/token.cpython-312.pyc
f	644	1000	1000	82682	64	35974381	1785345624.7920607460	results/experiments/toolchain-environment/20260729T171551Z-toolchain-formal01/boots/repetition-03/lower/python310/lib/python3.10/site-packages/pip/_vendor/rich/__pycache__/console.cpython-310.pyc
f	644	1000	1000	8270	64	35974387	1785345624.8877410320	results/experiments/toolchain-environment/20260729T171551Z-toolchain-formal01/boots/repetition-03/lower/python310/lib/python3.10/site-packages/pip/_vendor/rich/__pycache__/control.cpython-310.pyc
f	644	1000	1000	828	64	35973281	1785345611.4650956130	results/experiments/toolchain-environment/20260729T171551Z-toolchain-formal01/boots/repetition-03/lower/python310/lib/python3.10/site-packages/pip/_vendor/rich/pager.py
f	644	1000	1000	828	64	35975617	1785345636.2994791020	results/experiments/toolchain-environment/20260729T171551Z-toolchain-formal01/boots/repetition-03/lower/python312/lib/python3.12/site-packages/pip/_vendor/rich/pager.py
f	644	1000	1000	8286	64	35972281	1785345606.5321085720	results/experiments/toolchain-environment/20260729T171551Z-toolchain-formal01/boots/repetition-03/lower/python310/lib/python3.10/site-packages/setuptools/tests/__pycache__/test_find_packages.cpython-310.pyc
f	644	1000	1000	8291	64	35973747	1785345615.8990553030	results/experiments/toolchain-environment/20260729T171551Z-toolchain-formal01/boots/repetition-03/lower/python310/lib/python3.10/site-packages/pip/_internal/resolution/resolvelib/__pycache__/resolver.cpython-310.pyc
f	644	1000	1000	8294	64	35973971	1785345618.8051052040	results/experiments/toolchain-environment/20260729T171551Z-toolchain-formal01/boots/repetition-03/lower/python310/lib/python3.10/site-packages/pip/_vendor/chardet/metadata/__pycache__/languages.cpython-310.pyc
f	644	1000	1000	8294	64	35974553	1785345627.4209082650	results/experiments/toolchain-environment/20260729T171551Z-toolchain-formal01/boots/repetition-03/lower/python310/lib/python3.10/site-packages/pip/_vendor/urllib3/__pycache__/fields.cpython-310.pyc
f	644	1000	1000	8297	64	35974841	1785345632.9892119820	results/experiments/toolchain-environment/20260729T171551Z-toolchain-formal01/boots/repetition-03/lower/python312/lib/python3.12/site-packages/pip/_internal/metadata/importlib/_dists.py
f	644	1000	1000	8307	64	35974541	1785345627.2270953640	results/experiments/toolchain-environment/20260729T171551Z-toolchain-formal01/boots/repetition-03/lower/python310/lib/python3.10/site-packages/pip/_vendor/urllib3/contrib/__pycache__/appengine.cpython-310.pyc
f	644	1000	1000	83118	64	35976285	1785345643.4524050770	results/experiments/toolchain-environment/20260729T171551Z-toolchain-formal01/boots/repetition-03/lower/python312/lib/python3.12/site-packages/pip/_vendor/chardet/__pycache__/johabfreq.cpython-312.pyc
f	644	1000	1000	83191	64	35976297	1785345643.6834093400	results/experiments/toolchain-environment/20260729T171551Z-toolchain-formal01/boots/repetition-03/lower/python312/lib/python3.12/site-packages/pip/_vendor/chardet/__pycache__/langhungarianmodel.cpython-312.pyc
f	644	1000	1000	83237	64	35976291	1785345643.5574070140	results/experiments/toolchain-environment/20260729T171551Z-toolchain-formal01/boots/repetition-03/lower/python312/lib/python3.12/site-packages/pip/_vendor/chardet/__pycache__/langbulgarianmodel.cpython-312.pyc
f	644	1000	1000	835	64	35972307	1785345606.8994079850	results/experiments/toolchain-environment/20260729T171551Z-toolchain-formal01/boots/repetition-03/lower/python310/lib/python3.10/site-packages/setuptools/tests/__pycache__/test_unicode_utils.cpython-310.pyc
f	644	1000	1000	8355	64	35971477	1785345595.9035917970	results/experiments/toolchain-environment/20260729T171551Z-toolchain-formal01/boots/repetition-03/lower/python310/lib/python3.10/site-packages/_distutils_hack/__pycache__/__init__.cpython-310.pyc
f	644	1000	1000	8378	64	35974975	1785345633.4873067760	results/experiments/toolchain-environment/20260729T171551Z-toolchain-formal01/boots/repetition-03/lower/python312/lib/python3.12/site-packages/pip/_internal/self_outdated_check.py
f	644	1000	1000	8392	64	35971713	1785345599.3895923000	results/experiments/toolchain-environment/20260729T171551Z-toolchain-formal01/boots/repetition-03/lower/python310/lib/python3.10/site-packages/setuptools/_distutils/__pycache__/text_file.cpython-310.pyc
f	644	1000	1000	840	64	35971979	1785345602.7836548690	results/experiments/toolchain-environment/20260729T171551Z-toolchain-formal01/boots/repetition-03/lower/python310/lib/python3.10/site-packages/setuptools/_vendor/wheel/__pycache__/bdist_wheel.cpython-310.pyc
f	644	1000	1000	8411	64	35970891	1785345593.7884890590	results/experiments/toolchain-environment/20260729T171551Z-toolchain-formal01/boots/repetition-03/lower/python310/lib/python3.10/site-packages/setuptools/_vendor/wheel/wheelfile.py
f	644	1000	1000	842	64	35974797	1785345632.8369935690	results/experiments/toolchain-environment/20260729T171551Z-toolchain-formal01/boots/repetition-03/lower/python312/lib/python3.12/site-packages/pip/_internal/distributions/installed.py
f	644	1000	1000	842	64	35976697	1785345649.4432997040	results/experiments/toolchain-environment/20260729T171551Z-toolchain-formal01/boots/repetition-03/lower/python312/lib/python3.12/site-packages/pip/_vendor/rich/__pycache__/_pick.cpython-312.pyc
f	644	1000	1000	843	64	35970327	1785345591.6705703490	results/experiments/toolchain-environment/20260729T171551Z-toolchain-formal01/boots/repetition-03/lower/python310/lib/python3.10/site-packages/pkg_resources/tests/data/my-test-package_zipped-egg/my_test_package-1.0-py3.7.egg
f	644	1000	1000	843	64	35971335	1785345595.3796771350	results/experiments/toolchain-environment/20260729T171551Z-toolchain-formal01/boots/repetition-03/lower/python310/lib/python3.10/site-packages/setuptools/_vendor/jaraco.functools-4.0.1.dist-info/RECORD
f	644	1000	1000	8446	64	35971681	1785345598.8515823820	results/experiments/toolchain-environment/20260729T171551Z-toolchain-formal01/boots/repetition-03/lower/python310/lib/python3.10/site-packages/setuptools/_distutils/tests/__pycache__/test_filelist.cpython-310.pyc
f	644	1000	1000	845	64	35971083	1785345594.4911199910	results/experiments/toolchain-environment/20260729T171551Z-toolchain-formal01/boots/repetition-03/lower/python310/lib/python3.10/site-packages/setuptools/tests/test_archive_util.py
f	644	1000	1000	8451	64	35976087	1785345640.9231998020	results/experiments/toolchain-environment/20260729T171551Z-toolchain-formal01/boots/repetition-03/lower/python312/lib/python3.12/site-packages/pip/_internal/resolution/resolvelib/__pycache__/base.cpython-312.pyc
f	644	1000	1000	8478	64	35973183	1785345611.0368166440	results/experiments/toolchain-environment/20260729T171551Z-toolchain-formal01/boots/repetition-03/lower/python310/lib/python3.10/site-packages/pip/_vendor/rich/__main__.py
f	644	1000	1000	8478	64	35975513	1785345635.7332626160	results/experiments/toolchain-environment/20260729T171551Z-toolchain-formal01/boots/repetition-03/lower/python312/lib/python3.12/site-packages/pip/_vendor/rich/__main__.py
f	644	1000	1000	8487	64	35972967	1785345610.1057898770	results/experiments/toolchain-environment/20260729T171551Z-toolchain-formal01/boots/repetition-03/lower/python310/lib/python3.10/site-packages/pip/_vendor/packaging/markers.py
f	644	1000	1000	8487	64	35975299	1785345634.7896301910	results/experiments/toolchain-environment/20260729T171551Z-toolchain-formal01/boots/repetition-03/lower/python312/lib/python3.12/site-packages/pip/_vendor/packaging/markers.py
f	644	1000	1000	849	64	35971693	1785345599.0435248920	results/experiments/toolchain-environment/20260729T171551Z-toolchain-formal01/boots/repetition-03/lower/python310/lib/python3.10/site-packages/setuptools/_distutils/tests/__pycache__/test_log.cpython-310.pyc
f	644	1000	1000	849	64	35972925	1785345609.9304701070	results/experiments/toolchain-environment/20260729T171551Z-toolchain-formal01/boots/repetition-03/lower/python310/lib/python3.10/site-packages/pip/_vendor/idna/__init__.py
f	644	1000	1000	849	64	35975261	1785345634.6205791100	results/experiments/toolchain-environment/20260729T171551Z-toolchain-formal01/boots/repetition-03/lower/python312/lib/python3.12/site-packages/pip/_vendor/idna/__init__.py
f	644	1000	1000	8490	64	35971503	1785345596.2112530160	results/experiments/toolchain-environment/20260729T171551Z-toolchain-formal01/boots/repetition-03/lower/python310/lib/python3.10/site-packages/pkg_resources/tests/__pycache__/test_working_set.cpython-310.pyc
f	644	1000	1000	850	64	35976493	1785345646.3823886420	results/experiments/toolchain-environment/20260729T171551Z-toolchain-formal01/boots/repetition-03/lower/python312/lib/python3.12/site-packages/pip/_vendor/pygments/__pycache__/__main__.cpython-312.pyc
f	644	1000	1000	8505	64	35972823	1785345609.3977879800	results/experiments/toolchain-environment/20260729T171551Z-toolchain-formal01/boots/repetition-03/lower/python310/lib/python3.10/site-packages/pip/_vendor/chardet/utf1632prober.py
f	644	1000	1000	8505	64	35975187	1785345634.3162969160	results/experiments/toolchain-environment/20260729T171551Z-toolchain-formal01/boots/repetition-03/lower/python312/lib/python3.12/site-packages/pip/_vendor/chardet/utf1632prober.py
f	644	1000	1000	8508	64	35971773	1785345599.9276022180	results/experiments/toolchain-environment/20260729T171551Z-toolchain-formal01/boots/repetition-03/lower/python310/lib/python3.10/site-packages/setuptools/_vendor/autocommand/__pycache__/autoparse.cpython-310.pyc
f	644	1000	1000	8511	64	35976573	1785345647.7565981800	results/experiments/toolchain-environment/20260729T171551Z-toolchain-formal01/boots/repetition-03/lower/python312/lib/python3.12/site-packages/pip/_vendor/pyparsing/__pycache__/actions.cpython-312.pyc
f	644	1000	1000	8514	64	35974371	1785345624.6217561650	results/experiments/toolchain-environment/20260729T171551Z-toolchain-formal01/boots/repetition-03/lower/python310/lib/python3.10/site-packages/pip/_vendor/rich/__pycache__/box.cpython-310.pyc
f	644	1000	1000	8527	64	35973655	1785345614.5901005250	results/experiments/toolchain-environment/20260729T171551Z-toolchain-formal01/boots/repetition-03/lower/python310/lib/python3.10/site-packages/pip/_internal/network/__pycache__/lazy_wheel.cpython-310.pyc
f	644	1000	1000	854	64	35974713	1785345632.5305981020	results/experiments/toolchain-environment/20260729T171551Z-toolchain-formal01/boots/repetition-03/lower/python312/lib/python3.12/site-packages/pip/__main__.py
f	644	1000	1000	8563	64	35973839	1785345616.8913269190	results/experiments/toolchain-environment/20260729T171551Z-toolchain-formal01/boots/repetition-03/lower/python310/lib/python3.10/site-packages/pip/_internal/vcs/__pycache__/subversion.cpython-310.pyc
f	644	1000	1000	8579	64	35973381	1785345611.8848226820	results/experiments/toolchain-environment/20260729T171551Z-toolchain-formal01/boots/repetition-03/lower/python310/lib/python3.10/site-packages/pip/_vendor/urllib3/fields.py
f	644	1000	1000	8579	64	35975759	1785345637.0032697060	results/experiments/toolchain-environment/20260729T171551Z-toolchain-formal01/boots/repetition-03/lower/python312/lib/python3.12/site-packages/pip/_vendor/urllib3/fields.py
f	644	1000	1000	8579	64	35975847	1785345637.5094031820	results/experiments/toolchain-environment/20260729T171551Z-toolchain-formal01/boots/repetition-03/lower/python312/lib/python3.12/site-packages/pip/_internal/cli/__pycache__/autocompletion.cpython-312.pyc
f	644	1000	1000	858	64	35972431	1785345607.6314446220	results/experiments/toolchain-environment/20260729T171551Z-toolchain-formal01/boots/repetition-03/lower/python310/lib/python3.10/site-packages/pip/_internal/distributions/__init__.py
f	644	1000	1000	858	64	35974061	1785345620.1863420750	results/experiments/toolchain-environment/20260729T171551Z-toolchain-formal01/boots/repetition-03/lower/python310/lib/python3.10/site-packages/pip/_vendor/idna/__pycache__/compat.cpython-310.pyc
f	644	1000	1000	858	64	35974793	1785345632.8216698870	results/experiments/toolchain-environment/20260729T171551Z-toolchain-formal01/boots/repetition-03/lower/python312/lib/python3.12/site-packages/pip/_internal/distributions/__init__.py
f	644	1000	1000	8588	64	35970511	1785345592.2960472360	results/experiments/toolchain-environment/20260729T171551Z-toolchain-formal01/boots/repetition-03/lower/python310/lib/python3.10/site-packages/setuptools/_distutils/command/install_lib.py
f	644	1000	1000	8602	64	35970295	1785345591.5392719900	results/experiments/toolchain-environment/20260729T171551Z-toolchain-formal01/boots/repetition-03/lower/python310/lib/python3.10/site-packages/pkg_resources/tests/test_working_set.py
f	644	1000	1000	8602	64	35975917	1785345638.5853606250	results/experiments/toolchain-environment/20260729T171551Z-toolchain-formal01/boots/repetition-03/lower/python312/lib/python3.12/site-packages/pip/_internal/distributions/__pycache__/sdist.cpython-312.pyc
f	644	1000	1000	861	64	35972007	1785345603.0704382930	results/experiments/toolchain-environment/20260729T171551Z-toolchain-formal01/boots/repetition-03/lower/python310/lib/python3.10/site-packages/setuptools/_vendor/wheel/__pycache__/util.cpython-310.pyc
f	644	1000	1000	8618	64	35970597	1785345592.6192095550	results/experiments/toolchain-environment/20260729T171551Z-toolchain-formal01/boots/repetition-03/lower/python310/lib/python3.10/site-packages/setuptools/_distutils/tests/test_install.py
f	644	1000	1000	8624	64	35970413	1785345591.9466787140	results/experiments/toolchain-environment/20260729T171551Z-toolchain-formal01/boots/repetition-03/lower/python310/lib/python3.10/site-packages/setuptools/wheel.py
f	644	1000	1000	8627	64	35973995	1785345619.1727328860	results/experiments/toolchain-environment/20260729T171551Z-toolchain-formal01/boots/repetition-03/lower/python310/lib/python3.10/site-packages/pip/_vendor/colorama/__pycache__/ansitowin32.cpython-310.pyc
f	644	1000	1000	8628	64	35973917	1785345617.8975394860	results/experiments/toolchain-environment/20260729T171551Z-toolchain-formal01/boots/repetition-03/lower/python310/lib/python3.10/site-packages/pip/_vendor/chardet/__pycache__/escsm.cpython-310.pyc
f	644	1000	1000	863	64	35973491	1785345612.4413837770	results/experiments/toolchain-environment/20260729T171551Z-toolchain-formal01/boots/repetition-03/lower/python310/lib/python3.10/site-packages/pip/_internal/__pycache__/__init__.cpython-310.pyc
f	644	1000	1000	8667	64	35975999	1785345639.8579192050	results/experiments/toolchain-environment/20260729T171551Z-toolchain-formal01/boots/repetition-03/lower/python312/lib/python3.12/site-packages/pip/_internal/network/__pycache__/download.cpython-312.pyc
f	644	1000	1000	867	64	35973867	1785345617.2272351260	results/experiments/toolchain-environment/20260729T171551Z-toolchain-formal01/boots/repetition-03/lower/python310/lib/python3.10/site-packages/pip/_vendor/cachecontrol/__pycache__/compat.cpython-310.pyc
f	644	1000	1000	8670	64	35975437	1785345635.3630351650	results/experiments/toolchain-environment/20260729T171551Z-toolchain-formal01/boots/repetition-03/lower/python312/lib/python3.12/site-packages/pip/_vendor/pyparsing/util.py
f	644	1000	1000	8688	64	35974813	1785345632.8943758030	results/experiments/toolchain-environment/20260729T171551Z-toolchain-formal01/boots/repetition-03/lower/python312/lib/python3.12/site-packages/pip/_internal/index/sources.py
f	644	1000	1000	87	64	35971397	1785345595.6014685720	results/experiments/toolchain-environment/20260729T171551Z-toolchain-formal01/boots/repetition-03/lower/python310/lib/python3.10/site-packages/setuptools/_vendor/platformdirs-4.2.2.dist-info/WHEEL
f	644	1000	1000	8701	64	35973869	1785345617.2631147000	results/experiments/toolchain-environment/20260729T171551Z-toolchain-formal01/boots/repetition-03/lower/python310/lib/python3.10/site-packages/pip/_vendor/cachecontrol/__pycache__/controller.cpython-310.pyc
f	644	1000	1000	8703	64	35976731	1785345649.9281006130	results/experiments/toolchain-environment/20260729T171551Z-toolchain-formal01/boots/repetition-03/lower/python312/lib/python3.12/site-packages/pip/_vendor/rich/__pycache__/columns.cpython-312.pyc
f	644	1000	1000	8716	64	35974247	1785345622.8364106790	results/experiments/toolchain-environment/20260729T171551Z-toolchain-formal01/boots/repetition-03/lower/python310/lib/python3.10/site-packages/pip/_vendor/pyparsing/__pycache__/util.cpython-310.pyc
f	644	1000	1000	873	64	35971305	1785345595.2635162460	results/experiments/toolchain-environment/20260729T171551Z-toolchain-formal01/boots/repetition-03/lower/python310/lib/python3.10/site-packages/setuptools/_vendor/jaraco.collections-5.1.0.dist-info/RECORD
f	644	1000	1000	8733	64	35974731	1785345632.5816661500	results/experiments/toolchain-environment/20260729T171551Z-toolchain-formal01/boots/repetition-03/lower/python312/lib/python3.12/site-packages/pip/_internal/cli/base_command.py
f	644	1000	1000	8746	64	35975687	1785345636.6643641200	results/experiments/toolchain-environment/20260729T171551Z-toolchain-formal01/boots/repetition-03/lower/python312/lib/python3.12/site-packages/pip/_vendor/tenacity/retry.py
f	644	1000	1000	8775	64	35971137	1785345594.7015390700	results/experiments/toolchain-environment/20260729T171551Z-toolchain-formal01/boots/repetition-03/lower/python310/lib/python3.10/site-packages/setuptools/tests/test_packageindex.py
f	644	1000	1000	8783	64	35974335	1785345624.0825574320	results/experiments/toolchain-environment/20260729T171551Z-toolchain-formal01/boots/repetition-03/lower/python310/lib/python3.10/site-packages/pip/_vendor/rich/__pycache__/_inspect.cpython-310.pyc
f	644	1000	1000	8783	64	35976439	1785345645.5604439860	results/experiments/toolchain-environment/20260729T171551Z-toolchain-formal01/boots/repetition-03/lower/python312/lib/python3.12/site-packages/pip/_vendor/msgpack/__pycache__/ext.cpython-312.pyc
f	644	1000	1000	87870	64	35970993	1785345594.1604959160	results/experiments/toolchain-environment/20260729T171551Z-toolchain-formal01/boots/repetition-03/lower/python310/lib/python3.10/site-packages/setuptools/command/easy_install.py
f	644	1000	1000	8809	64	35975327	1785345634.8993795470	results/experiments/toolchain-environment/20260729T171551Z-toolchain-formal01/boots/repetition-03/lower/python312/lib/python3.12/site-packages/pip/_vendor/platformdirs/unix.py
f	644	1000	1000	8821	64	35972667	1785345608.5770551520	results/experiments/toolchain-environment/20260729T171551Z-toolchain-formal01/boots/repetition-03/lower/python310/lib/python3.10/site-packages/pip/_internal/utils/unpacking.py
f	644	1000	1000	8821	64	35975025	1785345633.6792247140	results/experiments/toolchain-environment/20260729T171551Z-toolchain-formal01/boots/repetition-03/lower/python312/lib/python3.12/site-packages/pip/_internal/utils/unpacking.py
f	644	1000	1000	8829	64	35976149	1785345641.8432584380	results/experiments/toolchain-environment/20260729T171551Z-toolchain-formal01/boots/repetition-03/lower/python312/lib/python3.12/site-packages/pip/_internal/utils/__pycache__/subprocess.cpython-312.pyc
f	644	1000	1000	88371	64	35976401	1785345645.0244340920	results/experiments/toolchain-environment/20260729T171551Z-toolchain-formal01/boots/repetition-03/lower/python312/lib/python3.12/site-packages/pip/_vendor/distlib/__pycache__/util.cpython-312.pyc
f	644	1000	1000	886	64	35970653	1785345592.8104933010	results/experiments/toolchain-environment/20260729T171551Z-toolchain-formal01/boots/repetition-03/lower/python310/lib/python3.10/site-packages/setuptools/_vendor/autocommand/errors.py
f	644	1000	1000	887	64	35971127	1785345594.6615051500	results/experiments/toolchain-environment/20260729T171551Z-toolchain-formal01/boots/repetition-03/lower/python310/lib/python3.10/site-packages/setuptools/tests/test_glob.py
f	644	1000	1000	8875	64	35971405	1785345595.6245229000	results/experiments/toolchain-environment/20260729T171551Z-toolchain-formal01/boots/repetition-03/lower/python310/lib/python3.10/site-packages/setuptools/_vendor/tomli-2.0.1.dist-info/METADATA
f	644	1000	1000	888	64	35976641	1785345648.7046046420	results/experiments/toolchain-environment/20260729T171551Z-toolchain-formal01/boots/repetition-03/lower/python312/lib/python3.12/site-packages/pip/_vendor/requests/__pycache__/packages.cpython-312.pyc
f	644	1000	1000	8884	64	35970429	1785345591.9984560690	results/experiments/toolchain-environment/20260729T171551Z-toolchain-formal01/boots/repetition-03/lower/python310/lib/python3.10/site-packages/setuptools/_distutils/archive_util.py
f	644	1000	1000	890	64	35973223	1785345611.2129872490	results/experiments/toolchain-environment/20260729T171551Z-toolchain-formal01/boots/repetition-03/lower/python310/lib/python3.10/site-packages/pip/_vendor/rich/abc.py
f	644	1000	1000	890	64	35975555	1785345635.9736654520	results/experiments/toolchain-environment/20260729T171551Z-toolchain-formal01/boots/repetition-03/lower/python312/lib/python3.12/site-packages/pip/_vendor/rich/abc.py
f	644	1000	1000	8901	64	35971109	1785345594.5875037860	results/experiments/toolchain-environment/20260729T171551Z-toolchain-formal01/boots/repetition-03/lower/python310/lib/python3.10/site-packages/setuptools/tests/test_dist.py
f	644	1000	1000	8933	64	35971189	1785345594.8465085600	results/experiments/toolchain-environment/20260729T171551Z-toolchain-formal01/boots/repetition-03/lower/python310/lib/python3.10/site-packages/setuptools/tests/config/test_expand.py
f	644	1000	1000	8979	64	35973459	1785345612.2588846450	results/experiments/toolchain-environment/20260729T171551Z-toolchain-formal01/boots/repetition-03/lower/python310/lib/python3.10/site-packages/pip/_vendor/webencodings/labels.py
f	644	1000	1000	8979	64	35975817	1785345637.2602373000	results/experiments/toolchain-environment/20260729T171551Z-toolchain-formal01/boots/repetition-03/lower/python312/lib/python3.12/site-packages/pip/_vendor/webencodings/labels.py
f	644	1000	1000	8996	64	35970813	1785345593.4354848260	results/experiments/toolchain-environment/20260729T171551Z-toolchain-formal01/boots/repetition-03/lower/python310/lib/python3.10/site-packages/setuptools/_vendor/platformdirs/api.py
f	644	1000	1000	9008	64	35971145	1785345594.7345064950	results/experiments/toolchain-environment/20260729T171551Z-toolchain-formal01/boots/repetition-03/lower/python310/lib/python3.10/site-packages/setuptools/tests/test_setuptools.py
f	644	1000	1000	901	64	35975837	1785345637.3945402680	results/experiments/toolchain-environment/20260729T171551Z-toolchain-formal01/boots/repetition-03/lower/python312/lib/python3.12/site-packages/pip/_internal/__pycache__/__init__.cpython-312.pyc
f	644	1000	1000	9016	64	35970811	1785345593.4271482450	results/experiments/toolchain-environment/20260729T171551Z-toolchain-formal01/boots/repetition-03/lower/python310/lib/python3.10/site-packages/setuptools/_vendor/platformdirs/android.py
f	644	1000	1000	9018	64	35973613	1785345613.9982030550	results/experiments/toolchain-environment/20260729T171551Z-toolchain-formal01/boots/repetition-03/lower/python310/lib/python3.10/site-packages/pip/_internal/metadata/importlib/__pycache__/_dists.cpython-310.pyc
f	644	1000	1000	9023	64	35973093	1785345610.6811019060	results/experiments/toolchain-environment/20260729T171551Z-toolchain-formal01/boots/repetition-03/lower/python310/lib/python3.10/site-packages/pip/_vendor/pyparsing/exceptions.py
f	644	1000	1000	9033	64	35970851	1785345593.5964855210	results/experiments/toolchain-environment/20260729T171551Z-toolchain-formal01/boots/repetition-03/lower/python310/lib/python3.10/site-packages/setuptools/_vendor/typeguard/_decorators.py
f	644	1000	1000	9033	64	35974651	1785345628.3897833000	results/experiments/toolchain-environment/20260729T171551Z-toolchain-formal01/boots/repetition-03/lower/python310/bin/Activate.ps1
f	644	1000	1000	9033	64	35976997	1785345653.6805938880	results/experiments/toolchain-environment/20260729T171551Z-toolchain-formal01/boots/repetition-03/lower/python312/bin/Activate.ps1
f	644	1000	1000	904	64	35970743	1785345593.1424771530	results/experiments/toolchain-environment/20260729T171551Z-toolchain-formal01/boots/repetition-03/lower/python310/lib/python3.10/site-packages/setuptools/_vendor/jaraco/text/show-newlines.py
f	644	1000	1000	904	64	35976257	1785345643.0295689740	results/experiments/toolchain-environment/20260729T171551Z-toolchain-formal01/boots/repetition-03/lower/python312/lib/python3.12/site-packages/pip/_vendor/chardet/__pycache__/codingstatemachinedict.cpython-312.pyc
f	644	1000	1000	9044	64	35974597	1785345628.0247893280	results/experiments/toolchain-environment/20260729T171551Z-toolchain-formal01/boots/repetition-03/lower/python310/lib/python3.10/site-packages/pip/_vendor/urllib3/util/__pycache__/timeout.cpython-310.pyc
f	644	1000	1000	9049	64	35973533	1785345612.9740351170	results/experiments/toolchain-environment/20260729T171551Z-toolchain-formal01/boots/repetition-03/lower/python310/lib/python3.10/site-packages/pip/_internal/commands/__pycache__/configuration.cpython-310.pyc
f	644	1000	1000	9070	64	35975905	1785345638.4156911560	results/experiments/toolchain-environment/20260729T171551Z-toolchain-formal01/boots/repetition-03/lower/python312/lib/python3.12/site-packages/pip/_internal/commands/__pycache__/wheel.cpython-312.pyc
f	644	1000	1000	908	64	35971791	1785345600.1696066790	results/experiments/toolchain-environment/20260729T171551Z-toolchain-formal01/boots/repetition-03/lower/python310/lib/python3.10/site-packages/setuptools/_vendor/backports/tarfile/compat/__pycache__/py38.cpython-310.pyc
f	644	1000	1000	908	64	35972263	1785345606.2667959980	results/experiments/toolchain-environment/20260729T171551Z-toolchain-formal01/boots/repetition-03/lower/python310/lib/python3.10/site-packages/setuptools/tests/__pycache__/test_depends.cpython-310.pyc
f	644	1000	1000	90898	64	35972137	1785345604.8566930880	results/experiments/toolchain-environment/20260729T171551Z-toolchain-formal01/boots/repetition-03/lower/python310/lib/python3.10/site-packages/setuptools/config/_validate_pyproject/__pycache__/fastjsonschema_validations.cpython-310.pyc
f	644	1000	1000	91	64	35971231	1785345594.9746889800	results/experiments/toolchain-environment/20260729T171551Z-toolchain-formal01/boots/repetition-03/lower/python310/lib/python3.10/site-packages/setuptools-79.0.1.dist-info/WHEEL
f	644	1000	1000	91	64	35971279	1785345595.1625143840	results/experiments/toolchain-environment/20260729T171551Z-toolchain-formal01/boots/repetition-03/lower/python310/lib/python3.10/site-packages/setuptools/_vendor/importlib_metadata-8.0.0.dist-info/WHEEL
f	644	1000	1000	91	64	35971293	1785345595.2165153790	results/experiments/toolchain-environment/20260729T171551Z-toolchain-formal01/boots/repetition-03/lower/python310/lib/python3.10/site-packages/setuptools/_vendor/inflect-7.3.1.dist-info/WHEEL
f	644	1000	1000	91	64	35971309	1785345595.2825165960	results/experiments/toolchain-environment/20260729T171551Z-toolchain-formal01/boots/repetition-03/lower/python310/lib/python3.10/site-packages/setuptools/_vendor/jaraco.collections-5.1.0.dist-info/WHEEL
f	644	1000	1000	910	64	35973565	1785345613.3810673570	results/experiments/toolchain-environment/20260729T171551Z-toolchain-formal01/boots/repetition-03/lower/python310/lib/python3.10/site-packages/pip/_internal/distributions/__pycache__/__init__.cpython-310.pyc
f	644	1000	1000	9100	64	35972023	1785345603.3036644550	results/experiments/toolchain-environment/20260729T171551Z-toolchain-formal01/boots/repetition-03/lower/python310/lib/python3.10/site-packages/setuptools/_vendor/wheel/vendored/packaging/__pycache__/_parser.cpython-310.pyc
f	644	1000	1000	9110	64	35973035	1785345610.3918643150	results/experiments/toolchain-environment/20260729T171551Z-toolchain-formal01/boots/repetition-03/lower/python310/lib/python3.10/site-packages/pip/_vendor/pygments/util.py
f	644	1000	1000	9116	64	35975415	1785345635.2592538700	results/experiments/toolchain-environment/20260729T171551Z-toolchain-formal01/boots/repetition-03/lower/python312/lib/python3.12/site-packages/pip/_vendor/pyparsing/__init__.py
f	644	1000	1000	91648	64	35972907	1785345609.8637854130	results/experiments/toolchain-environment/20260729T171551Z-toolchain-formal01/boots/repetition-03/lower/python310/lib/python3.10/site-packages/pip/_vendor/distlib/w32.exe
f	644	1000	1000	9167	64	35974183	1785345622.0600802230	results/experiments/toolchain-environment/20260729T171551Z-toolchain-formal01/boots/repetition-03/lower/python310/lib/python3.10/site-packages/pip/_vendor/pygments/lexers/__pycache__/__init__.cpython-310.pyc
f	644	1000	1000	9169	64	35973331	1785345611.6859568360	results/experiments/toolchain-environment/20260729T171551Z-toolchain-formal01/boots/repetition-03/lower/python310/lib/python3.10/site-packages/pip/_vendor/rich/tree.py
f	644	1000	1000	9169	64	35975667	1785345636.5632710310	results/experiments/toolchain-environment/20260729T171551Z-toolchain-formal01/boots/repetition-03/lower/python312/lib/python3.12/site-packages/pip/_vendor/rich/tree.py
f	644	1000	1000	9171	64	35973085	1785345610.6370168380	results/experiments/toolchain-environment/20260729T171551Z-toolchain-formal01/boots/repetition-03/lower/python310/lib/python3.10/site-packages/pip/_vendor/pyparsing/__init__.py
f	644	1000	1000	9174	64	35974237	1785345622.6664645120	results/experiments/toolchain-environment/20260729T171551Z-toolchain-formal01/boots/repetition-03/lower/python310/lib/python3.10/site-packages/pip/_vendor/pyparsing/__pycache__/exceptions.cpython-310.pyc
f	644	1000	1000	9182	64	35976531	1785345647.0894282500	results/experiments/toolchain-environment/20260729T171551Z-toolchain-formal01/boots/repetition-03/lower/python312/lib/python3.12/site-packages/pip/_vendor/pygments/formatters/__pycache__/svg.cpython-312.pyc
f	644	1000	1000	92	64	35971207	1785345594.9092935780	results/experiments/toolchain-environment/20260729T171551Z-toolchain-formal01/boots/repetition-03/lower/python310/lib/python3.10/site-packages/setuptools/tests/indexes/test_links_priority/external.html
f	644	1000	1000	92	64	35971247	1785345595.0366819260	results/experiments/toolchain-environment/20260729T171551Z-toolchain-formal01/boots/repetition-03/lower/python310/lib/python3.10/site-packages/setuptools/_vendor/autocommand-2.2.2.dist-info/WHEEL
f	644	1000	1000	92	64	35971263	1785345595.1005365890	results/experiments/toolchain-environment/20260729T171551Z-toolchain-formal01/boots/repetition-03/lower/python310/lib/python3.10/site-packages/setuptools/_vendor/backports.tarfile-1.2.0.dist-info/WHEEL
f	644	1000	1000	92	64	35971323	1785345595.3365175910	results/experiments/toolchain-environment/20260729T171551Z-toolchain-formal01/boots/repetition-03/lower/python310/lib/python3.10/site-packages/setuptools/_vendor/jaraco.context-5.3.0.dist-info/WHEEL
f	644	1000	1000	92	64	35971337	1785345595.3875311430	results/experiments/toolchain-environment/20260729T171551Z-toolchain-formal01/boots/repetition-03/lower/python310/lib/python3.10/site-packages/setuptools/_vendor/jaraco.functools-4.0.1.dist-info/WHEEL
f	644	1000	1000	92	64	35971353	1785345595.4422252260	results/experiments/toolchain-environment/20260729T171551Z-toolchain-formal01/boots/repetition-03/lower/python310/lib/python3.10/site-packages/setuptools/_vendor/jaraco.text-3.12.1.dist-info/WHEEL
f	644	1000	1000	92	64	35971423	1785345595.6905241160	results/experiments/toolchain-environment/20260729T171551Z-toolchain-formal01/boots/repetition-03/lower/python310/lib/python3.10/site-packages/setuptools/_vendor/typeguard-4.3.0.dist-info/WHEEL
f	644	1000	1000	92	64	35971469	1785345595.8662523340	results/experiments/toolchain-environment/20260729T171551Z-toolchain-formal01/boots/repetition-03/lower/python310/lib/python3.10/site-packages/setuptools/_vendor/zipp-3.19.2.dist-info/WHEEL
f	644	1000	1000	92	64	35973473	1785345612.3114444580	results/experiments/toolchain-environment/20260729T171551Z-toolchain-formal01/boots/repetition-03/lower/python310/lib/python3.10/site-packages/pip-23.0.1.dist-info/WHEEL
f	644	1000	1000	92	64	35974703	1785345632.5075446710	results/experiments/toolchain-environment/20260729T171551Z-toolchain-formal01/boots/repetition-03/lower/python312/lib/python3.12/site-packages/pip-24.0.dist-info/WHEEL
f	644	1000	1000	920	64	35974277	1785345623.2302036150	results/experiments/toolchain-environment/20260729T171551Z-toolchain-formal01/boots/repetition-03/lower/python310/lib/python3.10/site-packages/pip/_vendor/requests/__pycache__/certs.cpython-310.pyc
f	644	1000	1000	9200	64	35972663	1785345608.5620006420	results/experiments/toolchain-environment/20260729T171551Z-toolchain-formal01/boots/repetition-03/lower/python310/lib/python3.10/site-packages/pip/_internal/utils/subprocess.py
f	644	1000	1000	9203	64	35976377	1785345644.6733240700	results/experiments/toolchain-environment/20260729T171551Z-toolchain-formal01/boots/repetition-03/lower/python312/lib/python3.12/site-packages/pip/_vendor/colorama/__pycache__/winterm.cpython-312.pyc
f	644	1000	1000	9207	64	35975021	1785345633.6641039650	results/experiments/toolchain-environment/20260729T171551Z-toolchain-formal01/boots/repetition-03/lower/python312/lib/python3.12/site-packages/pip/_internal/utils/subprocess.py
f	644	1000	1000	9209	64	35971925	1785345601.9506766630	results/experiments/toolchain-environment/20260729T171551Z-toolchain-formal01/boots/repetition-03/lower/python310/lib/python3.10/site-packages/setuptools/_vendor/platformdirs/__pycache__/windows.cpython-310.pyc
f	644	1000	1000	9210	64	35974539	1785345627.1930649790	results/experiments/toolchain-environment/20260729T171551Z-toolchain-formal01/boots/repetition-03/lower/python310/lib/python3.10/site-packages/pip/_vendor/urllib3/contrib/_securetransport/__pycache__/low_level.cpython-310.pyc
f	644	1000	1000	9222	64	35976719	1785345649.7554898410	results/experiments/toolchain-environment/20260729T171551Z-toolchain-formal01/boots/repetition-03/lower/python312/lib/python3.12/site-packages/pip/_vendor/rich/__pycache__/ansi.cpython-312.pyc
f	644	1000	1000	9240	64	35973843	1785345616.9485309610	results/experiments/toolchain-environment/20260729T171551Z-toolchain-formal01/boots/repetition-03/lower/python310/lib/python3.10/site-packages/pip/_internal/__pycache__/wheel_builder.cpython-310.pyc
f	644	1000	1000	9258	64	35974221	1785345622.4571112060	results/experiments/toolchain-environment/20260729T171551Z-toolchain-formal01/boots/repetition-03/lower/python310/lib/python3.10/site-packages/pip/_vendor/pygments/__pycache__/util.cpython-310.pyc
f	644	1000	1000	931	64	35974851	1785345633.0247903210	results/experiments/toolchain-environment/20260729T171551Z-toolchain-formal01/boots/repetition-03/lower/python312/lib/python3.12/site-packages/pip/_internal/models/candidate.py
f	644	1000	1000	9312	64	35975023	1785345633.6720489210	results/experiments/toolchain-environment/20260729T171551Z-toolchain-formal01/boots/repetition-03/lower/python312/lib/python3.12/site-packages/pip/_internal/utils/temp_dir.py
f	644	1000	1000	9342	64	35976737	1785345650.0262094880	results/experiments/toolchain-environment/20260729T171551Z-toolchain-formal01/boots/repetition-03/lower/python312/lib/python3.12/site-packages/pip/_vendor/rich/__pycache__/containers.cpython-312.pyc
f	644	1000	1000	935	64	35974259	1785345622.9712438990	results/experiments/toolchain-environment/20260729T171551Z-toolchain-formal01/boots/repetition-03/lower/python310/lib/python3.10/site-packages/pip/_vendor/pyproject_hooks/_in_process/__pycache__/__init__.cpython-310.pyc
f	644	1000	1000	936	64	35970605	1785345592.6352001340	results/experiments/toolchain-environment/20260729T171551Z-toolchain-formal01/boots/repetition-03/lower/python310/lib/python3.10/site-packages/setuptools/_distutils/tests/test_install_headers.py
f	644	1000	1000	9360	64	35974177	1785345621.9780088350	results/experiments/toolchain-environment/20260729T171551Z-toolchain-formal01/boots/repetition-03/lower/python310/lib/python3.10/site-packages/pip/_vendor/pygments/formatters/__pycache__/terminal256.cpython-310.pyc
f	644	1000	1000	9364	64	35970435	1785345592.0193577910	results/experiments/toolchain-environment/20260729T171551Z-toolchain-formal01/boots/repetition-03/lower/python310/lib/python3.10/site-packages/setuptools/_distutils/core.py
f	644	1000	1000	9367	64	35976979	1785345653.4845902700	results/experiments/toolchain-environment/20260729T171551Z-toolchain-formal01/boots/repetition-03/lower/python312/lib/python3.12/site-packages/pip/_vendor/webencodings/__pycache__/tests.cpython-312.pyc
f	644	1000	1000	9375	64	35973495	1785345612.4908686430	results/experiments/toolchain-environment/20260729T171551Z-toolchain-formal01/boots/repetition-03/lower/python310/lib/python3.10/site-packages/pip/_internal/__pycache__/cache.cpython-310.pyc
f	644	1000	1000	9381	64	35971875	1785345601.3106277130	results/experiments/toolchain-environment/20260729T171551Z-toolchain-formal01/boots/repetition-03/lower/python310/lib/python3.10/site-packages/setuptools/_vendor/packaging/__pycache__/_parser.cpython-310.pyc
f	644	1000	1000	9398	64	35974095	1785345620.7127441600	results/experiments/toolchain-environment/20260729T171551Z-toolchain-formal01/boots/repetition-03/lower/python310/lib/python3.10/site-packages/pip/_vendor/packaging/__pycache__/markers.cpython-310.pyc
f	644	1000	1000	94	64	35972731	1785345608.8161771970	results/experiments/toolchain-environment/20260729T171551Z-toolchain-formal01/boots/repetition-03/lower/python310/lib/python3.10/site-packages/pip/_vendor/certifi/__init__.py
f	644	1000	1000	94	64	35975083	1785345633.8730925660	results/experiments/toolchain-environment/20260729T171551Z-toolchain-formal01/boots/repetition-03/lower/python312/lib/python3.12/site-packages/pip/_vendor/certifi/__init__.py
f	644	1000	1000	9414	64	35976767	1785345650.4555343480	results/experiments/toolchain-environment/20260729T171551Z-toolchain-formal01/boots/repetition-03/lower/python312/lib/python3.12/site-packages/pip/_vendor/rich/__pycache__/markup.cpython-312.pyc
f	644	1000	1000	943	64	35971291	1785345595.2092328240	results/experiments/toolchain-environment/20260729T171551Z-toolchain-formal01/boots/repetition-03/lower/python310/lib/python3.10/site-packages/setuptools/_vendor/inflect-7.3.1.dist-info/RECORD
f	644	1000	1000	9471	64	35974501	1785345626.7301183660	results/experiments/toolchain-environment/20260729T171551Z-toolchain-formal01/boots/repetition-03/lower/python310/lib/python3.10/site-packages/pip/_vendor/tenacity/__pycache__/wait.cpython-310.pyc
f	644	1000	1000	9472	64	35974495	1785345626.6456402610	results/experiments/toolchain-environment/20260729T171551Z-toolchain-formal01/boots/repetition-03/lower/python310/lib/python3.10/site-packages/pip/_vendor/tenacity/__pycache__/retry.cpython-310.pyc
f	644	1000	1000	949	64	35974351	1785345624.3065311080	results/experiments/toolchain-environment/20260729T171551Z-toolchain-formal01/boots/repetition-03/lower/python310/lib/python3.10/site-packages/pip/_vendor/rich/__pycache__/_stack.cpython-310.pyc
f	644	1000	1000	9516	64	35972253	1785345606.1237173780	results/experiments/toolchain-environment/20260729T171551Z-toolchain-formal01/boots/repetition-03/lower/python310/lib/python3.10/site-packages/setuptools/tests/__pycache__/test_build_ext.cpython-310.pyc
f	644	1000	1000	9523	64	35975427	1785345635.3203683920	results/experiments/toolchain-environment/20260729T171551Z-toolchain-formal01/boots/repetition-03/lower/python312/lib/python3.12/site-packages/pip/_vendor/pyparsing/exceptions.py
f	644	1000	1000	95372	64	35972801	1785345609.2517741270	results/experiments/toolchain-environment/20260729T171551Z-toolchain-formal01/boots/repetition-03/lower/python310/lib/python3.10/site-packages/pip/_vendor/chardet/langturkishmodel.py
f	644	1000	1000	95372	64	35975159	1785345634.1942342170	results/experiments/toolchain-environment/20260729T171551Z-toolchain-formal01/boots/repetition-03/lower/python312/lib/python3.12/site-packages/pip/_vendor/chardet/langturkishmodel.py
f	644	1000	1000	9549	64	35971509	1785345596.2672227380	results/experiments/toolchain-environment/20260729T171551Z-toolchain-formal01/boots/repetition-03/lower/python310/lib/python3.10/site-packages/setuptools/__pycache__/_core_metadata.cpython-310.pyc
f	644	1000	1000	955	64	35975831	1785345637.3466924760	results/experiments/toolchain-environment/20260729T171551Z-toolchain-formal01/boots/repetition-03/lower/python312/lib/python3.12/site-packages/pip/__pycache__/__main__.cpython-312.pyc
f	644	1000	1000	9552	64	35970715	1785345593.0213536410	results/experiments/toolchain-environment/20260729T171551Z-toolchain-formal01/boots/repetition-03/lower/python310/lib/python3.10/site-packages/setuptools/_vendor/jaraco/context.py
f	644	1000	1000	9559	64	35976477	1785345646.1274544520	results/experiments/toolchain-environment/20260729T171551Z-toolchain-formal01/boots/repetition-03/lower/python312/lib/python3.12/site-packages/pip/_vendor/platformdirs/__pycache__/android.cpython-312.pyc
f	644	1000	1000	957	64	35973395	1785345611.9444539340	results/experiments/toolchain-environment/20260729T171551Z-toolchain-formal01/boots/repetition-03/lower/python310/lib/python3.10/site-packages/pip/_vendor/urllib3/contrib/_appengine_environ.py
f	644	1000	1000	957	64	35975737	1785345636.8992841340	results/experiments/toolchain-environment/20260729T171551Z-toolchain-formal01/boots/repetition-03/lower/python312/lib/python3.12/site-packages/pip/_vendor/urllib3/contrib/_appengine_environ.py
f	644	1000	1000	9573	64	35975331	1785345634.9151904350	results/experiments/toolchain-environment/20260729T171551Z-toolchain-formal01/boots/repetition-03/lower/python312/lib/python3.12/site-packages/pip/_vendor/platformdirs/windows.py
f	644	1000	1000	958	64	35974057	1785345620.1259723690	results/experiments/toolchain-environment/20260729T171551Z-toolchain-formal01/boots/repetition-03/lower/python310/lib/python3.10/site-packages/pip/_vendor/idna/__pycache__/__init__.cpython-310.pyc
f	644	1000	1000	9584	64	35975597	1785345636.1854942690	results/experiments/toolchain-environment/20260729T171551Z-toolchain-formal01/boots/repetition-03/lower/python312/lib/python3.12/site-packages/pip/_vendor/rich/highlighter.py
f	644	1000	1000	9585	64	35973261	1785345611.3798391510	results/experiments/toolchain-environment/20260729T171551Z-toolchain-formal01/boots/repetition-03/lower/python310/lib/python3.10/site-packages/pip/_vendor/rich/highlighter.py
f	644	1000	1000	9588	64	35970933	1785345593.9144913820	results/experiments/toolchain-environment/20260729T171551Z-toolchain-formal01/boots/repetition-03/lower/python310/lib/python3.10/site-packages/setuptools/_vendor/wheel/vendored/packaging/_manylinux.py
f	644	1000	1000	9612	64	35970773	1785345593.2744795860	results/experiments/toolchain-environment/20260729T171551Z-toolchain-formal01/boots/repetition-03/lower/python310/lib/python3.10/site-packages/setuptools/_vendor/packaging/_manylinux.py
f	644	1000	1000	9695	64	35973195	1785345611.0903849960	results/experiments/toolchain-environment/20260729T171551Z-toolchain-formal01/boots/repetition-03/lower/python310/lib/python3.10/site-packages/pip/_vendor/rich/_inspect.py
f	644	1000	1000	9695	64	35975527	1785345635.8156316050	results/experiments/toolchain-environment/20260729T171551Z-toolchain-formal01/boots/repetition-03/lower/python312/lib/python3.12/site-packages/pip/_vendor/rich/_inspect.py
f	644	1000	1000	971	64	35976685	1785345649.2734740630	results/experiments/toolchain-environment/20260729T171551Z-toolchain-formal01/boots/repetition-03/lower/python312/lib/python3.12/site-packages/pip/_vendor/rich/__pycache__/_fileno.cpython-312.pyc
f	644	1000	1000	972	64	35971039	1785345594.3151476100	results/experiments/toolchain-environment/20260729T171551Z-toolchain-formal01/boots/repetition-03/lower/python310/lib/python3.10/site-packages/setuptools/config/distutils.schema.json
f	644	1000	1000	972	64	35973251	1785345611.3371907320	results/experiments/toolchain-environment/20260729T171551Z-toolchain-formal01/boots/repetition-03/lower/python310/lib/python3.10/site-packages/pip/_vendor/rich/diagnose.py
f	644	1000	1000	972	64	35975583	1785345636.1392701090	results/experiments/toolchain-environment/20260729T171551Z-toolchain-formal01/boots/repetition-03/lower/python312/lib/python3.12/site-packages/pip/_vendor/rich/diagnose.py
f	644	1000	1000	9753	64	35976233	1785345642.8483163680	results/experiments/toolchain-environment/20260729T171551Z-toolchain-formal01/boots/repetition-03/lower/python312/lib/python3.12/site-packages/pip/_vendor/chardet/__pycache__/chardistribution.cpython-312.pyc
f	644	1000	1000	9766	64	35974761	1785345632.7002066490	results/experiments/toolchain-environment/20260729T171551Z-toolchain-formal01/boots/repetition-03/lower/python312/lib/python3.12/site-packages/pip/_internal/commands/configuration.py
f	644	1000	1000	9773	64	35972469	1785345607.7881048350	results/experiments/toolchain-environment/20260729T171551Z-toolchain-formal01/boots/repetition-03/lower/python310/lib/python3.10/site-packages/pip/_internal/metadata/pkg_resources.py
f	644	1000	1000	9778	64	35971985	1785345602.8586562510	results/experiments/toolchain-environment/20260729T171551Z-toolchain-formal01/boots/repetition-03/lower/python310/lib/python3.10/site-packages/setuptools/_vendor/wheel/cli/__pycache__/convert.cpython-310.pyc
f	644	1000	1000	97792	64	35972893	1785345609.8037843060	results/experiments/toolchain-environment/20260729T171551Z-toolchain-formal01/boots/repetition-03/lower/python310/lib/python3.10/site-packages/pip/_vendor/distlib/t32.exe
f	644	1000	1000	9784	64	35972539	1785345608.0461360050	results/experiments/toolchain-environment/20260729T171551Z-toolchain-formal01/boots/repetition-03/lower/python310/lib/python3.10/site-packages/pip/_internal/operations/freeze.py
f	644	1000	1000	9787	64	35974063	1785345620.2178327570	results/experiments/toolchain-environment/20260729T171551Z-toolchain-formal01/boots/repetition-03/lower/python310/lib/python3.10/site-packages/pip/_vendor/idna/__pycache__/core.cpython-310.pyc
f	644	1000	1000	9787	64	35976479	1785345646.1634551170	results/experiments/toolchain-environment/20260729T171551Z-toolchain-formal01/boots/repetition-03/lower/python312/lib/python3.12/site-packages/pip/_vendor/platformdirs/__pycache__/api.cpython-312.pyc
f	644	1000	1000	979	64	35972305	1785345606.8739998920	results/experiments/toolchain-environment/20260729T171551Z-toolchain-formal01/boots/repetition-03/lower/python310/lib/python3.10/site-packages/setuptools/tests/__pycache__/test_shutil_wrapper.cpython-310.pyc
f	644	1000	1000	97992	64	35973241	1785345611.2918117470	results/experiments/toolchain-environment/20260729T171551Z-toolchain-formal01/boots/repetition-03/lower/python310/lib/python3.10/site-packages/pip/_vendor/rich/console.py
f	644	1000	1000	98	64	35971173	1785345594.7933373880	results/experiments/toolchain-environment/20260729T171551Z-toolchain-formal01/boots/repetition-03/lower/python310/lib/python3.10/site-packages/setuptools/tests/textwrap.py
f	644	1000	1000	981	64	35972917	1785345609.9055071460	results/experiments/toolchain-environment/20260729T171551Z-toolchain-formal01/boots/repetition-03/lower/python310/lib/python3.10/site-packages/pip/_vendor/distro/__init__.py
f	644	1000	1000	981	64	35975253	1785345634.5956259160	results/experiments/toolchain-environment/20260729T171551Z-toolchain-formal01/boots/repetition-03/lower/python312/lib/python3.12/site-packages/pip/_vendor/distro/__init__.py
f	644	1000	1000	981	64	35976705	1785345649.5555177330	results/experiments/toolchain-environment/20260729T171551Z-toolchain-formal01/boots/repetition-03/lower/python312/lib/python3.12/site-packages/pip/_vendor/rich/__pycache__/_timer.cpython-312.pyc
f	644	1000	1000	9815	64	35972401	1785345607.4911421750	results/experiments/toolchain-environment/20260729T171551Z-toolchain-formal01/boots/repetition-03/lower/python310/lib/python3.10/site-packages/pip/_internal/commands/configuration.py
f	644	1000	1000	9816	64	35974915	1785345633.2661898470	results/experiments/toolchain-environment/20260729T171551Z-toolchain-formal01/boots/repetition-03/lower/python312/lib/python3.12/site-packages/pip/_internal/operations/freeze.py
f	644	1000	1000	9817	64	35974261	1785345623.0116540480	results/experiments/toolchain-environment/20260729T171551Z-toolchain-formal01/boots/repetition-03/lower/python310/lib/python3.10/site-packages/pip/_vendor/pyproject_hooks/_in_process/__pycache__/_in_process.cpython-310.pyc
f	644	1000	1000	98196	64	35972793	1785345609.1877729470	results/experiments/toolchain-environment/20260729T171551Z-toolchain-formal01/boots/repetition-03/lower/python310/lib/python3.10/site-packages/pip/_vendor/chardet/langhebrewmodel.py
f	644	1000	1000	98196	64	35975151	1785345634.1532334610	results/experiments/toolchain-environment/20260729T171551Z-toolchain-formal01/boots/repetition-03/lower/python312/lib/python3.12/site-packages/pip/_vendor/chardet/langhebrewmodel.py
f	644	1000	1000	9821	64	35973493	1785345612.4659280330	results/experiments/toolchain-environment/20260729T171551Z-toolchain-formal01/boots/repetition-03/lower/python310/lib/python3.10/site-packages/pip/_internal/__pycache__/build_env.cpython-310.pyc
f	644	1000	1000	9824	64	35974967	1785345633.4512205070	results/experiments/toolchain-environment/20260729T171551Z-toolchain-formal01/boots/repetition-03/lower/python312/lib/python3.12/site-packages/pip/_internal/resolution/resolvelib/provider.py
f	644	1000	1000	9825	64	35975873	1785345637.8902966610	results/experiments/toolchain-environment/20260729T171551Z-toolchain-formal01/boots/repetition-03/lower/python312/lib/python3.12/site-packages/pip/_internal/commands/__pycache__/cache.cpython-312.pyc
f	644	1000	1000	9827	64	35973807	1785345616.4633133000	results/experiments/toolchain-environment/20260729T171551Z-toolchain-formal01/boots/repetition-03/lower/python310/lib/python3.10/site-packages/pip/_internal/utils/__pycache__/logging.cpython-310.pyc
f	644	1000	1000	9842	64	35973231	1785345611.2463258440	results/experiments/toolchain-environment/20260729T171551Z-toolchain-formal01/boots/repetition-03/lower/python310/lib/python3.10/site-packages/pip/_vendor/rich/box.py
f	644	1000	1000	9842	64	35975563	1785345636.0242679860	results/experiments/toolchain-environment/20260729T171551Z-toolchain-formal01/boots/repetition-03/lower/python312/lib/python3.12/site-packages/pip/_vendor/rich/box.py
f	644	1000	1000	9842	64	35975901	1785345638.3502800110	results/experiments/toolchain-environment/20260729T171551Z-toolchain-formal01/boots/repetition-03/lower/python312/lib/python3.12/site-packages/pip/_internal/commands/__pycache__/show.cpython-312.pyc
f	644	1000	1000	98484	64	35972791	1785345609.1717726520	results/experiments/toolchain-environment/20260729T171551Z-toolchain-formal01/boots/repetition-03/lower/python310/lib/python3.10/site-packages/pip/_vendor/chardet/langgreekmodel.py
f	644	1000	1000	98484	64	35975149	1785345634.1432332760	results/experiments/toolchain-environment/20260729T171551Z-toolchain-formal01/boots/repetition-03/lower/python312/lib/python3.12/site-packages/pip/_vendor/chardet/langgreekmodel.py
f	644	1000	1000	9857	64	35974615	1785345628.1214157240	results/experiments/toolchain-environment/20260729T171551Z-toolchain-formal01/boots/repetition-03/lower/python310/lib/python3.10/site-packages/pip/_vendor/webencodings/__pycache__/__init__.cpython-310.pyc
f	644	1000	1000	986	64	35973019	1785345610.3195760620	results/experiments/toolchain-environment/20260729T171551Z-toolchain-formal01/boots/repetition-03/lower/python310/lib/python3.10/site-packages/pip/_vendor/pygments/modeline.py
f	644	1000	1000	986	64	35975391	1785345635.1762523380	results/experiments/toolchain-environment/20260729T171551Z-toolchain-formal01/boots/repetition-03/lower/python312/lib/python3.12/site-packages/pip/_vendor/pygments/modeline.py
f	644	1000	1000	9870	64	35976331	1785345644.0160873390	results/experiments/toolchain-environment/20260729T171551Z-toolchain-formal01/boots/repetition-03/lower/python312/lib/python3.12/site-packages/pip/_vendor/chardet/metadata/__pycache__/languages.cpython-312.pyc
f	644	1000	1000	988	64	35971819	1785345600.5474112400	results/experiments/toolchain-environment/20260729T171551Z-toolchain-formal01/boots/repetition-03/lower/python310/lib/python3.10/site-packages/setuptools/_vendor/importlib_metadata/__pycache__/diagnose.cpython-310.pyc
f	644	1000	1000	9893	64	35975709	1785345636.7422971630	results/experiments/toolchain-environment/20260729T171551Z-toolchain-formal01/boots/repetition-03/lower/python312/lib/python3.12/site-packages/pip/_vendor/truststore/_api.py
f	644	1000	1000	990	64	35972485	1785345607.8541667950	results/experiments/toolchain-environment/20260729T171551Z-toolchain-formal01/boots/repetition-03/lower/python310/lib/python3.10/site-packages/pip/_internal/models/candidate.py
f	644	1000	1000	9914	64	35972609	1785345608.3357452290	results/experiments/toolchain-environment/20260729T171551Z-toolchain-formal01/boots/repetition-03/lower/python310/lib/python3.10/site-packages/pip/_internal/resolution/resolvelib/provider.py
f	644	1000	1000	99218	64	35975573	1785345636.0832690750	results/experiments/toolchain-environment/20260729T171551Z-toolchain-formal01/boots/repetition-03/lower/python312/lib/python3.12/site-packages/pip/_vendor/rich/console.py
f	644	1000	1000	996	64	35976417	1785345645.2034373970	results/experiments/toolchain-environment/20260729T171551Z-toolchain-formal01/boots/repetition-03/lower/python312/lib/python3.12/site-packages/pip/_vendor/idna/__pycache__/__init__.cpython-312.pyc
f	644	1000	1000	99612	64	35976425	1785345645.3294397220	results/experiments/toolchain-environment/20260729T171551Z-toolchain-formal01/boots/repetition-03/lower/python312/lib/python3.12/site-packages/pip/_vendor/idna/__pycache__/idnadata.cpython-312.pyc
f	644	1000	1000	999	64	35971407	1785345595.6326729240	results/experiments/toolchain-environment/20260729T171551Z-toolchain-formal01/boots/repetition-03/lower/python310/lib/python3.10/site-packages/setuptools/_vendor/tomli-2.0.1.dist-info/RECORD
f	644	1000	1000	99987	64	35974109	1785345620.8959888770	results/experiments/toolchain-environment/20260729T171551Z-toolchain-formal01/boots/repetition-03/lower/python310/lib/python3.10/site-packages/pip/_vendor/pkg_resources/__pycache__/__init__.cpython-310.pyc
f	755	1000	1000	401	64	35974625	1785345628.2491999280	results/experiments/toolchain-environment/20260729T171551Z-toolchain-formal01/boots/repetition-03/lower/python310/bin/pip
f	755	1000	1000	401	64	35974627	1785345628.2511245610	results/experiments/toolchain-environment/20260729T171551Z-toolchain-formal01/boots/repetition-03/lower/python310/bin/pip3
f	755	1000	1000	401	64	35974629	1785345628.2541994990	results/experiments/toolchain-environment/20260729T171551Z-toolchain-formal01/boots/repetition-03/lower/python310/bin/pip3.10
f	755	1000	1000	401	64	35976983	1785345653.5275910640	results/experiments/toolchain-environment/20260729T171551Z-toolchain-formal01/boots/repetition-03/lower/python312/bin/pip
f	755	1000	1000	401	64	35976985	1785345653.5295911010	results/experiments/toolchain-environment/20260729T171551Z-toolchain-formal01/boots/repetition-03/lower/python312/bin/pip3
f	755	1000	1000	401	64	35976987	1785345653.5315911380	results/experiments/toolchain-environment/20260729T171551Z-toolchain-formal01/boots/repetition-03/lower/python312/bin/pip3.12
f	755	1000	1000	5232024	64	35970251	1785345588.1023842700	results/experiments/toolchain-environment/20260729T171551Z-toolchain-formal01/boots/repetition-03/lower/python310/bin/python3.10
f	755	1000	1000	5232024	64	35970253	1785345588.4003897620	results/experiments/toolchain-environment/20260729T171551Z-toolchain-formal01/boots/repetition-03/lower/python310/bin/python
f	755	1000	1000	5232024	64	35970255	1785345588.6483943320	results/experiments/toolchain-environment/20260729T171551Z-toolchain-formal01/boots/repetition-03/lower/python310/bin/python3
f	755	1000	1000	8020928	64	35974677	1785345629.1191405750	results/experiments/toolchain-environment/20260729T171551Z-toolchain-formal01/boots/repetition-03/lower/python312/bin/python3.12
f	755	1000	1000	8020928	64	35974679	1785345629.4861473470	results/experiments/toolchain-environment/20260729T171551Z-toolchain-formal01/boots/repetition-03/lower/python312/bin/python
f	755	1000	1000	8020928	64	35974681	1785345629.8521541000	results/experiments/toolchain-environment/20260729T171551Z-toolchain-formal01/boots/repetition-03/lower/python312/bin/python3
l	777	1000	1000	3	64	35970245	1785345587.7883784840	results/experiments/toolchain-environment/20260729T171551Z-toolchain-formal01/boots/repetition-03/lower/python310/lib64
l	777	1000	1000	3	64	35974671	1785345628.7371335270	results/experiments/toolchain-environment/20260729T171551Z-toolchain-formal01/boots/repetition-03/lower/python312/lib64
